anomaly_score_iso,is_anomaly_iso,anomaly_score_lof,is_anomaly_lof,is_anomaly_consensus
0.026208889578926087,False,-1.0611094160981112,False,False
0.10702328207681339,False,-0.9970193723510379,False,False
-0.005396820536896718,True,-1.2386923437141466,False,True
0.1361540192120469,False,-1.0910362458023088,False,False
0.11019727310830779,False,-0.9858675687478637,False,False
0.11162788807779533,False,-0.9769099917961069,False,False
0.0286126573620486,False,-1.0228472858964033,False,False
0.0865293481266301,False,-1.2128171000563743,False,False
0.13031156471057298,False,-1.0717596704514456,False,False
-0.005689837292737865,True,-0.9773305663415849,False,True
0.04817972462105308,False,-1.2749516638916882,False,False
0.1466636301165184,False,-1.0928129673307312,False,False
0.10722631816835299,False,-0.965100229434678,False,False
0.07892389037493552,False,-0.9985207268882335,False,False
0.14462965755398977,False,-1.0954298713007238,False,False
0.04228889742824943,False,-1.3237365202563438,False,False
0.13994120557153866,False,-1.0356761015185563,False,False
0.1444108312567986,False,-1.0078262537390577,False,False
0.04986813290930203,False,-1.0057478623674263,False,False
0.03218425807640035,False,-1.310273395141997,False,False
0.1542330757784416,False,-0.9949802167074855,False,False
0.08447364414202801,False,-0.9582488197558587,False,False
0.129121442175462,False,-1.4093667756898962,False,False
0.06729103372658024,False,-1.1418305785435263,False,False
0.06936753711914662,False,-1.0008758605089485,False,False
0.017234792375778962,False,-1.4366143985060216,False,False
0.07643242801546984,False,-1.0548887882425633,False,False
0.0865877320830391,False,-1.068307360033329,False,False
0.07992870350195425,False,-1.017220719142745,False,False
0.009373672269177624,False,-0.9836533590734307,False,False
0.0491653548953816,False,-0.9946819650830339,False,False
0.03845813348534327,False,-1.3215368907317604,False,False
0.02165218705150329,False,-3.556516918514569,True,True
0.08307326174231372,False,-0.9787220537046762,False,False
0.053007749322886155,False,-1.3662055567057847,False,False
0.030171627674410173,False,-1.0120292378979152,False,False
0.07907283532293691,False,-0.9610688981616239,False,False
0.1538443469536851,False,-0.9727490249975709,False,False
0.07623756523359893,False,-0.9745485793296812,False,False
0.07601418555894618,False,-1.0602031089468658,False,False
0.06277917585493992,False,-1.259215550679215,False,False
0.08690596329056366,False,-0.9600577369559538,False,False
0.02790100898182113,False,-1.1099570166936323,False,False
0.042164521414704115,False,-1.384693225887339,False,False
0.06453470015223806,False,-0.9601585480790306,False,False
0.07970422815574102,False,-1.4688224677876103,True,True
-0.010012220738839117,True,-1.6104955112795047,True,True
0.1474042044270914,False,-1.0440450769105327,False,False
0.07572875405295987,False,-1.1086662644431216,False,False
0.14525340021936517,False,-1.0157778337382322,False,False
0.04842919677094071,False,-1.0011483098204503,False,False
0.04330901670827664,False,-0.9727379853828252,False,False
0.056852447153341534,False,-1.1260822029530413,False,False
0.15443641498002342,False,-1.0207627991379213,False,False
0.11135337108069066,False,-0.9808345010769788,False,False
0.028037433603503248,False,-1.2965639521148145,False,False
0.14534796255678306,False,-1.1045821809682759,False,False
0.1428533181801398,False,-0.9948179974208902,False,False
0.03161895747462257,False,-0.986096175063742,False,False
0.057710446744584754,False,-1.082198505980125,False,False
-0.0001302390852210289,True,-0.9972985718173673,False,True
0.013526244409499566,False,-1.0762629575439506,False,False
0.08470003049696795,False,-0.9830851734079487,False,False
0.05865345558970608,False,-0.9922029864659727,False,False
0.06412480152214273,False,-1.000393839526846,False,False
0.011609602736915359,False,-1.0788695266813149,False,False
0.07665335442732019,False,-1.0102177840325202,False,False
0.07945736301603051,False,-1.0008330236791545,False,False
0.023160702817183576,False,-1.0250093881875542,False,False
0.07837216768407601,False,-0.9892466751958369,False,False
0.15424406036144228,False,-1.015311738078346,False,False
0.1496466451010237,False,-0.9685457328708251,False,False
0.08062747425935501,False,-1.3078467921165344,False,False
0.06213839385380787,False,-0.9764068514281707,False,False
0.0842702341799994,False,-0.9530666168057176,False,False
0.08250323210322474,False,-1.0081885503244101,False,False
0.027634871033931918,False,-0.9966985097419292,False,False
0.031017746362906162,False,-0.9895505793945004,False,False
0.14704367512211763,False,-1.0109674160554944,False,False
0.020417724083531485,False,-1.0769016073757656,False,False
0.13065688187111119,False,-0.9899348214203755,False,False
0.06179851126598834,False,-1.0009675116242047,False,False
0.14775457542586778,False,-1.0169052340888756,False,False
0.04863277071265376,False,-1.3588640125066997,False,False
0.1425494724584821,False,-0.9941243245872033,False,False
0.14520876988190468,False,-1.1337178613536048,False,False
0.029286045343355382,False,-0.9688027067170344,False,False
0.10983851908171594,False,-0.99263804787907,False,False
0.1471785706721614,False,-0.9955213340349756,False,False
0.1473846838033146,False,-1.025999815371493,False,False
0.046125062596810484,False,-1.1506654106430272,False,False
0.0855798570113398,False,-1.322867458272828,False,False
0.030578646746825255,False,-0.9623927131848002,False,False
0.07163073087622557,False,-1.058355816331003,False,False
0.06494691997513441,False,-0.9561343052354913,False,False
0.05341507888921532,False,-0.9603062996247014,False,False
0.032265759659236726,False,-1.0262030471722539,False,False
0.13836146429548835,False,-0.9962409500154656,False,False
0.09955586120101811,False,-1.0221075973298437,False,False
0.1276422589209258,False,-1.2005569384822563,False,False
0.09778858761096992,False,-1.0418585677038323,False,False
0.055993398213464884,False,-1.005023000532555,False,False
0.15110306511939853,False,-0.9782568385426842,False,False
-0.0732732819975711,True,-1.3235629885301043,False,True
0.04691319538046995,False,-1.0159154309442713,False,False
0.08242186018117009,False,-0.9962409655526739,False,False
0.031679911991469356,False,-1.0647953681445896,False,False
0.07757613613484565,False,-0.9906571969377553,False,False
0.006610131831371269,False,-0.9831281782660944,False,False
0.1558995679922371,False,-1.0164033647987456,False,False
0.08368828723021604,False,-1.010244299916216,False,False
0.15189677496271758,False,-1.0293792936853416,False,False
0.026353205225828347,False,-1.0633383838006898,False,False
0.08641730683695659,False,-1.0709212816958371,False,False
0.05917829126751484,False,-1.03632434482127,False,False
0.03326343539095217,False,-1.001716083991914,False,False
0.015978660725820992,False,-1.0687881873957337,False,False
0.1469814823165943,False,-0.9841181439619022,False,False
0.05877691306999061,False,-1.129975022788428,False,False
0.081454260954131,False,-1.0196082269109623,False,False
0.1056056961082471,False,-0.9917485758571019,False,False
0.1433749036336996,False,-1.0071442016860988,False,False
0.06155862796972639,False,-1.0486099541216702,False,False
0.14594684410709052,False,-1.015038231777253,False,False
0.054480258869242015,False,-1.1707780879726164,False,False
0.0841255650511315,False,-0.9497745712533059,False,False
0.14353153621252057,False,-1.103777598903506,False,False
0.1363549785670588,False,-1.0942296374520135,False,False
0.027389032137011216,False,-0.9763625972633223,False,False
0.07203268606299351,False,-1.062373568029856,False,False
0.0342515824889385,False,-1.0764749446186364,False,False
0.1334789007795632,False,-1.0853803853258954,False,False
0.13385288134028223,False,-1.0031791907022178,False,False
0.08410434260221766,False,-0.9937675651482867,False,False
0.07835992066148634,False,-0.9820015542815048,False,False
0.08113680453878713,False,-0.9727943395398333,False,False
0.05773927575615484,False,-1.105754449406825,False,False
0.10472041284105293,False,-1.0221857484261503,False,False
0.1526102697594935,False,-1.0506463237518981,False,False
0.0681394904287903,False,-1.2483453022856101,False,False
0.14572377930386998,False,-1.0570074913799241,False,False
0.06216698465239284,False,-1.0638457582046752,False,False
0.08867931791372946,False,-1.0130976992766265,False,False
0.05651729644031739,False,-1.018761294456972,False,False
0.03188718829139059,False,-1.0113710070869746,False,False
0.06437186688215263,False,-0.9749401283751089,False,False
0.14224486817344933,False,-1.050489361491389,False,False
0.14304091122220725,False,-1.0231156355155446,False,False
0.14154745859367346,False,-1.1171200946495123,False,False
0.03194253487120641,False,-1.1149414159127364,False,False
0.0010383477264652718,False,-1.2365641930489004,False,False
0.13938829269977376,False,-1.001453047826928,False,False
0.07979481659729992,False,-1.0061000444635468,False,False
0.06693448412437514,False,-0.9831673209235848,False,False
0.06987837530490415,False,-1.1025453057996637,False,False
0.08087984771771384,False,-0.9896036801678022,False,False
0.15743151106634723,False,-0.9918362267172519,False,False
0.06788934915167139,False,-1.0568925056389251,False,False
0.07274338261278335,False,-0.9794498875817919,False,False
0.0534706004534552,False,-1.4026417645605584,False,False
0.10855425915413203,False,-0.985099475445622,False,False
0.01771830113667283,False,-1.1947603106373894,False,False
0.07859906701077912,False,-1.119735359264273,False,False
0.0595353691262972,False,-1.0843574699699667,False,False
-0.007438438487016419,True,-1.2024430318373867,False,True
0.08458873010956591,False,-0.9688187690586687,False,False
0.08950556166796264,False,-1.0243867699933065,False,False
0.07735664246136781,False,-0.9753933638946835,False,False
0.037352235556433244,False,-0.9965964522868299,False,False
0.08153955796991369,False,-0.9688212285185089,False,False
0.062354883903481484,False,-1.0528377844541803,False,False
0.15204390166336457,False,-1.0623890843108816,False,False
0.1498499129380388,False,-0.996098638520961,False,False
-0.0338042121022436,True,-1.3511696972516358,False,True
0.12481784232052151,False,-1.298698006259825,False,False
0.1528073862279254,False,-1.0013680860348122,False,False
0.033965617403793114,False,-1.0003587364342965,False,False
0.02276938590071842,False,-1.5631316618879256,True,True
0.06759182652245055,False,-1.0278123459323967,False,False
0.01566982447387666,False,-1.7116391311361148,True,True
0.06837454234168605,False,-1.0400437725447795,False,False
0.0840939755731282,False,-1.0147943602623206,False,False
-0.04272300308447585,True,-1.0640743078113954,False,True
0.02639917971324518,False,-1.0946874098931871,False,False
0.0790666808224666,False,-1.166103233283125,False,False
0.10669083527176138,False,-0.9568755022238383,False,False
0.15140056937085833,False,-1.002059905094565,False,False
0.13897966974791592,False,-1.0944186981643058,False,False
0.008168897791974605,False,-0.9943660167205307,False,False
0.10768707913360859,False,-0.9850911308272421,False,False
0.08386176116444627,False,-0.9942767364809997,False,False
0.06880343539236161,False,-1.0302058403058942,False,False
0.08391216180749383,False,-1.205212497796698,False,False
0.032901449584840425,False,-1.0904058366995497,False,False
0.01887046331920328,False,-1.0089234983818112,False,False
0.012037061872458121,False,-0.9893552930561554,False,False
0.06128824363655355,False,-1.0745876770455975,False,False
0.07080517048785501,False,-1.0467398573178397,False,False
0.012429124106070888,False,-1.0908258392848296,False,False
0.12392928087121041,False,-1.301182155267818,False,False
0.14813795460132084,False,-1.0084651300460896,False,False
0.1431282667823216,False,-1.0141089980429254,False,False
0.10523608127040263,False,-0.9782104536669998,False,False
0.14842851281542113,False,-0.9868882114846403,False,False
0.14358158465683835,False,-1.007488392886094,False,False
0.11401109159536948,False,-1.0328383532464247,False,False
0.1450403214587786,False,-1.004442454404692,False,False
0.07194699861699277,False,-1.1469478936490454,False,False
0.04955348116747199,False,-1.0626466252588587,False,False
0.05452570814770541,False,-1.1005368425164452,False,False
0.031021459401087137,False,-1.0567608929451102,False,False
0.004050868156464493,False,-1.0654225627087655,False,False
0.14038363672309073,False,-1.0355731117828912,False,False
0.05124365849363077,False,-1.126388100221573,False,False
0.1442427114802522,False,-1.0968041881254478,False,False
0.06264092796503568,False,-0.9998620591563215,False,False
0.07885455114838646,False,-0.9885278845498228,False,False
0.046515202726071014,False,-1.0384260001880938,False,False
0.05068944134626019,False,-1.093415568416948,False,False
0.05838239439495713,False,-1.0538719160208065,False,False
0.07107883855046343,False,-0.9563812915689145,False,False
0.0819194041108946,False,-0.9613130569988263,False,False
0.13396998601209686,False,-1.0815220750889676,False,False
0.03168263454153608,False,-1.5399117442222892,True,True
0.09780227746223275,False,-1.1727774396297184,False,False
0.06466656615769295,False,-1.1466341518056913,False,False
0.13663238882603834,False,-1.045865899103912,False,False
0.13642971477263938,False,-1.056862898296199,False,False
0.033099611106148785,False,-1.0897070584087856,False,False
0.01829678438498894,False,-0.9930841073209082,False,False
0.13915241141501777,False,-1.0349446680343992,False,False
0.08811767847009988,False,-1.1117718060722306,False,False
0.09804426979391428,False,-1.12989797859203,False,False
0.05640547574308119,False,-1.0668222226989337,False,False
-0.04674316193345074,True,-1.6738863972116973,True,True
0.1515494556086614,False,-1.0389698259027804,False,False
0.08079447373589377,False,-0.9827126310206837,False,False
0.019391743610216117,False,-1.4202429374372578,False,False
0.13321823066625765,False,-1.0431094572205943,False,False
-0.0021229252633707674,True,-1.2564469665205293,False,True
0.08233333664832426,False,-0.9512084404410734,False,False
0.07296491736537397,False,-1.1484280524217119,False,False
0.08081387355221581,False,-1.0908406906610995,False,False
0.08054943072521897,False,-1.0421264224069393,False,False
0.04443100534716948,False,-1.0452881269609846,False,False
0.0794378408549688,False,-1.0344160937172944,False,False
0.014794668459782279,False,-1.079479843331077,False,False
0.05863849464285259,False,-1.0240363311798153,False,False
0.06650018097147647,False,-1.0690067071195641,False,False
-0.004999334864478455,True,-1.0836832117616368,False,True
0.05816579817608375,False,-1.0529746718981579,False,False
0.054238224873332186,False,-1.083394554459436,False,False
0.06948563789255108,False,-0.998351115582574,False,False
0.0049758795479698525,False,-1.476150010378135,True,True
0.06702520568967724,False,-1.0072927875023496,False,False
0.08149715144760283,False,-1.0763129767417705,False,False
0.0817441400242172,False,-0.9976038482894298,False,False
0.13148760515497326,False,-1.1429761354921317,False,False
0.07582333259767088,False,-1.1006178535225182,False,False
0.07781158364331403,False,-1.1756800597744397,False,False
0.02083833683905939,False,-1.0276957123110877,False,False
0.0882684533691338,False,-0.972802113240846,False,False
0.10323698887545651,False,-1.000307788901159,False,False
0.07779597575829034,False,-1.0293044828279057,False,False
0.13850399071409486,False,-1.0738085206892647,False,False
0.15048150775993796,False,-1.0163914193995391,False,False
0.0005570085134847247,False,-1.0090529770505792,False,False
0.06186425359443548,False,-1.1112431384040768,False,False
0.06374251472927939,False,-1.1878461234893993,False,False
0.05215567736743515,False,-1.3778393140416507,False,False
0.0716136431608938,False,-0.960323898166598,False,False
0.026792608739471147,False,-0.9908674703419413,False,False
0.020472742964064983,False,-1.221002268641373,False,False
-0.02683588758592592,True,-1.0238802151635735,False,True
0.1431180205448369,False,-1.0027856510750657,False,False
0.08101117084904108,False,-1.010049513105361,False,False
0.13117572305685937,False,-1.0211567017824599,False,False
0.024626335043728242,False,-1.0693813189370416,False,False
0.044543143759422144,False,-1.1332900421890604,False,False
0.07167302768021011,False,-0.9980960478340197,False,False
-0.00986467336486796,True,-2.554814053418265,True,True
0.05990143050458774,False,-1.0264332097093567,False,False
0.08309902767326643,False,-0.9704374711096337,False,False
0.06770839171124271,False,-1.0216871301836232,False,False
0.14130666705739642,False,-1.0270798810639552,False,False
0.0795601633357994,False,-1.125294072847174,False,False
0.017566208029243247,False,-1.0320092391496252,False,False
0.1458814025533643,False,-1.0278377345093708,False,False
0.0761021102562981,False,-1.0121728819523377,False,False
0.0445017270953022,False,-1.2811626692978566,False,False
0.06937596625260323,False,-0.9909153007243118,False,False
0.03714363194395076,False,-0.9767584151805219,False,False
0.14906232968190086,False,-0.9794882755089184,False,False
0.0786583490731918,False,-1.122426838623213,False,False
0.06918574099210839,False,-1.0063405584431293,False,False
0.00892187866002625,False,-1.3034286327175915,False,False
0.06822286952486689,False,-1.029954820008368,False,False
0.14308408869550532,False,-1.0216954604733217,False,False
0.06832714752591562,False,-1.1992291603294276,False,False
0.09715948869885199,False,-1.0972414184059887,False,False
0.14494926442777523,False,-0.9825711460631836,False,False
0.1375146786401647,False,-0.9991637871393808,False,False
-0.007040984165242348,True,-1.0641944661743712,False,True
0.06241338465158636,False,-1.0985129910755345,False,False
0.11332434952127812,False,-1.0067932147059606,False,False
0.08808660438582877,False,-1.0503710750331685,False,False
0.019077141402719988,False,-1.2283304588567,False,False
0.0874623565624576,False,-1.1375271639964342,False,False
0.135669331272657,False,-1.2183730849595833,False,False
0.0692460032925189,False,-1.0772677965806368,False,False
0.157104739614361,False,-0.9868140540696657,False,False
0.1459971363000191,False,-0.9970985325733647,False,False
0.13744716467978524,False,-1.1407794461621101,False,False
0.06657774635273211,False,-1.0162493328766689,False,False
0.13752826283290115,False,-1.027067428352977,False,False
0.05591589367120464,False,-1.2442581506865424,False,False
0.062260116408993926,False,-1.2360791955854424,False,False
0.08407315050470471,False,-1.0236809410960452,False,False
0.030395004065178588,False,-1.029358449165878,False,False
-0.002945568243030161,True,-0.9799796324515115,False,True
0.03006400997332992,False,-0.99788880997865,False,False
0.07934253810721487,False,-1.0058245821642466,False,False
0.07867409975925804,False,-0.9725635166955277,False,False
0.15321128003888862,False,-1.1222186776502423,False,False
0.09762470708735305,False,-1.0621087363028747,False,False
0.020532502721280432,False,-1.0864713008314415,False,False
0.09407775748089625,False,-1.219239836005107,False,False
0.04298447277474349,False,-0.9956349812943041,False,False
0.08840693631293584,False,-1.1055683247946622,False,False
0.1523126063733244,False,-0.9929371730625313,False,False
0.06961391126863681,False,-1.1045579912625871,False,False
0.07231743099370325,False,-1.019068697712544,False,False
0.1454657316932647,False,-1.0745917560602425,False,False
0.03452591181447201,False,-4.016388271642772,True,True
0.02678188634935319,False,-0.9997031612831041,False,False
0.1362342354981566,False,-1.2771883893205391,False,False
0.14662509591475315,False,-0.9727618420968211,False,False
0.14655522787286962,False,-0.9760955792765138,False,False
0.05071070485466972,False,-1.1637221484746205,False,False
0.08610627431896245,False,-0.9494848105130982,False,False
0.14081682811685142,False,-1.0836356186106642,False,False
0.14228284263504182,False,-1.0357059700879565,False,False
0.05132170126523644,False,-1.1958785880716678,False,False
0.14744054354956942,False,-1.0251855489652155,False,False
0.08031651301333403,False,-0.9606758992076591,False,False
0.06520007233204428,False,-1.0545077077136509,False,False
0.02832948123180634,False,-1.1406198208658775,False,False
0.050710068746496584,False,-1.3024957467134293,False,False
0.03129427150986047,False,-2.0827979802738166,True,True
0.05334077486882688,False,-0.9823732628885115,False,False
0.008647772184201319,False,-0.9540282270989797,False,False
0.06822773618934597,False,-1.179612259080582,False,False
-0.013355570087549173,True,-1.4016777232408812,False,True
0.040072639845114055,False,-1.2062916698901327,False,False
0.06873851711019491,False,-0.9531974677526526,False,False
0.035728800705494945,False,-0.9636843205624428,False,False
0.08519928631310997,False,-1.2599251844672439,False,False
0.1513492198924306,False,-0.9926660467696216,False,False
0.14908241640769582,False,-0.9760835409676011,False,False
-0.0017115086787428124,True,-0.9970599533808191,False,True
0.10645600547143108,False,-0.9991610044696564,False,False
0.042069728628947145,False,-1.5335363752109343,True,True
0.07897483696244584,False,-1.0029295956250703,False,False
0.06853223943986675,False,-1.458783194580261,True,True
0.035773565792338036,False,-0.9616666279700586,False,False
0.039716470448501795,False,-1.0149937203391342,False,False
-0.016595599209118794,True,-1.331252275169851,False,True
0.14070598239748167,False,-1.2010747572283513,False,False
0.06627565509663008,False,-1.3246480800647196,False,False
0.07703710450639423,False,-1.0549944776284859,False,False
0.0023501277968197565,False,-1.2284204445323486,False,False
0.08768751935519548,False,-0.9987621284884545,False,False
0.0531731927426658,False,-1.0002196508858119,False,False
0.11728835258811776,False,-1.9176968355407058,True,True
0.10534535422729024,False,-1.1143375123319297,False,False
-0.058808892493365184,True,-2.0515112370520874,True,True
0.04718491277866177,False,-1.0014871792684708,False,False
0.06141911622261437,False,-1.052713937490605,False,False
0.0166034353293234,False,-1.016045941664082,False,False
0.14906232968190086,False,-0.9794882755089184,False,False
0.132172314737374,False,-1.0081370518425226,False,False
0.05995254734592814,False,-1.0024577112607749,False,False
0.08283415448224096,False,-0.984306789711837,False,False
0.06618151098003766,False,-1.091077610993576,False,False
0.09120416756465954,False,-0.9578219647672865,False,False
0.13586561687790394,False,-1.028204204540534,False,False
0.057916265992697946,False,-0.9951945787562497,False,False
0.1251152703458947,False,-1.0398232950747932,False,False
0.1358642412567918,False,-1.0054447274359333,False,False
0.07104511933679236,False,-1.0150935307702549,False,False
0.09152686973392055,False,-1.0460728423512542,False,False
0.13526857452048108,False,-1.0981739117353162,False,False
0.08012320968638609,False,-0.9979592257501991,False,False
0.08699690230636592,False,-1.1357745253761018,False,False
0.031474134838152035,False,-1.0207511751290332,False,False
0.05328539558422213,False,-1.230494897260692,False,False
0.07885455114838646,False,-0.9885278845498228,False,False
0.11137117368041327,False,-0.9516830564915398,False,False
0.09444911234987846,False,-1.0392367688707107,False,False
0.1392288809405443,False,-0.9890203552381873,False,False
0.15762070601259287,False,-0.9895196516251131,False,False
0.14649791838754672,False,-1.0656618540945124,False,False
-0.010307180674284155,True,-1.182027789627691,False,True
0.04772868759957777,False,-1.1484237688644734,False,False
0.14550468645403447,False,-1.0064233751850196,False,False
0.09062161764726051,False,-1.0196886243785461,False,False
0.08374838180056848,False,-0.9666744751703347,False,False
-0.01940615221011943,True,-1.4491691725436389,True,True
0.06743446958353749,False,-1.1830292227991503,False,False
0.08650314022425293,False,-1.0348752519147353,False,False
0.13553745345270285,False,-1.0942340442286789,False,False
0.13736644052485464,False,-1.1685656732834662,False,False
0.07733351162780211,False,-1.2976338851042848,False,False
0.05912216963863931,False,-1.0624658866179941,False,False
0.030524871457691283,False,-0.9665556065588312,False,False
0.1032182043754763,False,-1.0996335125179708,False,False
0.06254264191783432,False,-1.0361436828719932,False,False
0.0595353691262972,False,-1.0843574699699667,False,False
0.08038553890823924,False,-1.0140629648726003,False,False
0.058488746666820135,False,-1.140345365780505,False,False
0.01631036001946351,False,-1.3077769214797015,False,False
0.14960143210908017,False,-1.0098819652467994,False,False
0.13937210608994904,False,-1.1988971168255995,False,False
0.025825538163429862,False,-0.9768189699951811,False,False
0.07505179873354195,False,-0.9868887702955449,False,False
0.1462338180460382,False,-1.146412352854473,False,False
0.12429836761425428,False,-1.2945885579563308,False,False
-0.017048073595533175,True,-0.987100917329327,False,True
0.07964353435386029,False,-1.0281733373817867,False,False
0.14763688079360515,False,-1.0371148078222385,False,False
0.08181270239556493,False,-0.9717813532795763,False,False
0.08784662201797838,False,-1.2168563483882044,False,False
0.05737531439910415,False,-1.0341764095862702,False,False
0.014542564838147864,False,-0.9622039785579796,False,False
0.05219498537219036,False,-1.202288674491148,False,False
0.04028561798250696,False,-0.9600838147932522,False,False
0.13322406272269682,False,-0.976772546168877,False,False
0.12927481754867393,False,-1.0720124870239125,False,False
0.056719106207303305,False,-1.0635860096105563,False,False
0.13768392658615936,False,-1.0171293779250312,False,False
0.04562291712423083,False,-1.010790307020939,False,False
0.07015298801420744,False,-1.1179480195770555,False,False
0.051668716542730586,False,-1.1197531084801606,False,False
0.026126036621174187,False,-0.963167546487466,False,False
-0.002938969296652938,True,-1.7078363810324597,True,True
0.020135227360083552,False,-1.0489011952457936,False,False
0.09500784813248891,False,-0.96774558156277,False,False
0.007685357074185828,False,-1.1028290957359124,False,False
0.07811661004855391,False,-0.9561842459604684,False,False
0.025000973715152475,False,-1.0448716707278574,False,False
0.032838011441162385,False,-1.0061462342974297,False,False
0.05936047088105695,False,-1.090154837634604,False,False
0.15714892539621067,False,-1.0172146356970775,False,False
0.026729396525455307,False,-0.977561667161108,False,False
0.06328094468665485,False,-1.0050049279904416,False,False
0.13958225939888552,False,-1.0035499114360358,False,False
0.1453015686231101,False,-0.9991861231882238,False,False
0.012815364901964443,False,-0.972641210011508,False,False
0.02850201196541724,False,-1.015275208765832,False,False
0.14653909594551223,False,-1.0284901228610646,False,False
0.0798506729892417,False,-1.0053557914878997,False,False
0.02874577907018888,False,-0.980827214055201,False,False
0.07365668969908001,False,-1.0332663532278734,False,False
0.1512152431814196,False,-1.1094463357516786,False,False
0.04375479625101608,False,-1.007986440419953,False,False
0.0850503469691073,False,-1.215676653695147,False,False
0.003893590048767215,False,-0.9623930724642875,False,False
0.05237340952522834,False,-1.1657153594162994,False,False
0.10964282967225597,False,-1.0194911962760385,False,False
0.031191651558746647,False,-1.0251830396953516,False,False
0.01890421645547513,False,-1.0616421642312666,False,False
0.11289325117861715,False,-0.9862887884703628,False,False
0.0626406324370612,False,-1.8012049953658764,True,True
0.04258733386140473,False,-0.9704787803119796,False,False
0.06781156434092966,False,-1.2103974009193645,False,False
0.13469621150153765,False,-1.053732503213015,False,False
-0.006391135620936628,True,-1.1910219663421147,False,True
0.03622273138106724,False,-0.9900292713862395,False,False
0.03897656790608839,False,-0.9997159467922536,False,False
0.050016123043482685,False,-1.182112609475962,False,False
0.129864450342694,False,-1.2162397943777656,False,False
0.10351958842029668,False,-0.9868797889409826,False,False
0.05642710198725248,False,-1.0657916834223364,False,False
0.02383457692383545,False,-1.0635353958431466,False,False
-0.0016706945631498327,True,-1.0950338249846028,False,True
0.05346255784772014,False,-1.08352522236948,False,False
0.08256341422964963,False,-1.019691233026769,False,False
0.07838360932821703,False,-0.9915075655836946,False,False
0.09883325425550521,False,-1.0481543889388458,False,False
0.02766136528124813,False,-2.5061294170875725,True,True
0.14906232968190086,False,-0.9794882755089184,False,False
0.08314174656816226,False,-1.0704496266881873,False,False
0.058244860346251925,False,-1.2016666088598627,False,False
0.08449138869467054,False,-1.0223577994633377,False,False
0.1297458023203203,False,-1.0724179683559403,False,False
-0.0003015146856970574,True,-1.155091504996735,False,True
0.06769078207880008,False,-1.1248398555412709,False,False
0.1323830518093032,False,-0.9789515680928421,False,False
0.11077072109965996,False,-0.9474502040260531,False,False
0.08009157593309285,False,-0.974773036757077,False,False
0.14650498116560906,False,-0.9966090202289658,False,False
0.09647719053955806,False,-1.0762126268423375,False,False
0.061542580305813166,False,-1.0857683845554384,False,False
0.033512780635064354,False,-0.9729065854517481,False,False
-0.00880031429465844,True,-1.1402463234363087,False,True
0.029590308760442885,False,-3.8114881874314177,True,True
0.14472959481349262,False,-1.2076537016935127,False,False
0.14793129521791237,False,-1.0191825266819368,False,False
0.055879591421469865,False,-1.0333702945810188,False,False
0.0697007033947798,False,-1.1676824982324687,False,False
0.13261361798169702,False,-1.0642348040433292,False,False
0.016112167900303898,False,-1.024653090624317,False,False
0.14645975821502177,False,-1.0456659883023947,False,False
0.09854046645059522,False,-1.0492577794703757,False,False
0.13252935416410644,False,-1.0604698865007065,False,False
0.1512137880070492,False,-1.0064949642673227,False,False
0.14503673871086514,False,-1.0103928215113587,False,False
0.020590754176922133,False,-1.177187907286387,False,False
0.06207711564146168,False,-1.1355217836073097,False,False
0.06674149468166318,False,-0.956812417503069,False,False
0.027317936240506213,False,-0.9489780440848138,False,False
0.04980351620881701,False,-1.244429780647889,False,False
0.08726353156722699,False,-1.0209597265430097,False,False
-0.001992360468878407,True,-1.0753242399939515,False,True
-0.03282335171829842,True,-1.0612414516418678,False,True
0.11333865247083907,False,-0.9704714354558982,False,False
0.08483200715894973,False,-1.023797754651969,False,False
0.14518375361887975,False,-1.0302593291514148,False,False
0.049806826662752934,False,-1.0812128260837952,False,False
-0.02721697088058228,True,-1.2190641385352265,False,True
0.06386386357255058,False,-1.0697013784747196,False,False
0.07567601890927417,False,-0.9838519016760265,False,False
0.09438028159661266,False,-0.9996904349399257,False,False
-0.013982470524856128,True,-1.1393103311535504,False,True
0.0461911918402898,False,-1.2576853963393124,False,False
-0.006402427303422997,True,-1.0240819512656953,False,True
0.07658605668556334,False,-1.0167149450190576,False,False
-0.01962359873687536,True,-1.0049465292815503,False,True
0.011296413269865302,False,-1.0101241322523484,False,False
0.009494663843587436,False,-1.1388786901129502,False,False
0.10509717141580249,False,-0.979189312898178,False,False
0.14229130840341653,False,-0.9890259122201034,False,False
0.08380665425633427,False,-1.194481670303262,False,False
0.08014779633512092,False,-1.0623008540816832,False,False
0.15422320778027887,False,-1.0007676353299497,False,False
0.0816132680446987,False,-1.377827542861102,False,False
-0.021028297162621112,True,-1.0414392572508606,False,True
0.10525359776341703,False,-0.9773014986585791,False,False
0.08785550054261232,False,-1.017369637298173,False,False
0.0576698484326259,False,-1.2449491146307543,False,False
0.1449728566266949,False,-1.0030692823929594,False,False
0.036501270764260185,False,-0.9833366750815113,False,False
0.08504364764931455,False,-1.0452746218299773,False,False
0.13570322119129402,False,-0.9976554989774291,False,False
0.01708957946953915,False,-1.0385487912678015,False,False
0.0325402121685926,False,-0.9992915071262771,False,False
0.05304147354459876,False,-1.0150095693539989,False,False
0.054049910113217636,False,-1.1917479603241778,False,False
0.038902583443575445,False,-1.2135890849052124,False,False
0.14242549807342708,False,-1.0088035653361203,False,False
0.08200691702653906,False,-1.115618964398776,False,False
0.08034903781508551,False,-0.9992327606037932,False,False
0.05866238550713104,False,-1.369114113254478,False,False
0.06395630262919305,False,-1.097365698182505,False,False
0.0840701496321632,False,-0.9780991012269474,False,False
0.07035621128176173,False,-1.0535163576950213,False,False
0.09934877721940538,False,-1.1018532966217327,False,False
0.1460652233702054,False,-1.050547680842177,False,False
0.07626384318858731,False,-1.0707421331231641,False,False
0.07991731710391453,False,-0.9714474925755798,False,False
0.030907048737154774,False,-0.9644902608943389,False,False
0.07711324609164738,False,-1.0132430409775117,False,False
0.07948751402025844,False,-1.0501539969952767,False,False
0.05745172661383974,False,-0.972511082367237,False,False
0.04323113522288852,False,-1.8413253039834239,True,True
0.05313414050682297,False,-1.0119539075599684,False,False
0.1421530630929017,False,-1.0114409654690866,False,False
0.1453556795626929,False,-0.9939630986368837,False,False
-0.061979519812876416,True,-1.7016069849747875,True,True
0.14497915592568772,False,-1.0282360812126106,False,False
0.05371352948839209,False,-1.0721704278661153,False,False
0.0700596317552376,False,-1.0036633756689928,False,False
0.13948395064786867,False,-0.9794984729514361,False,False
0.012767409049559308,False,-1.0888678061853674,False,False
0.028193090024028034,False,-1.0124690152561793,False,False
0.1427475594845828,False,-1.1175936500185744,False,False
0.0012071779954144768,False,-1.3976075511813717,False,False
0.11441973770309072,False,-0.9983363158164555,False,False
0.13509461254871002,False,-1.451412112500167,True,True
0.1414740012124982,False,-1.3492363920917896,False,False
0.06562581305966825,False,-1.1015939099513727,False,False
0.011212464173346426,False,-1.0062610137958876,False,False
0.10620638388247838,False,-1.06490759958981,False,False
0.07238908490956342,False,-1.0818949063266659,False,False
-0.0018256362144402072,True,-1.2109966227903262,False,True
0.15085640766445457,False,-1.0357294444669076,False,False
0.06512121052760811,False,-1.0488892653080053,False,False
0.018870963115295236,False,-0.9669133599754005,False,False
0.05639117621831202,False,-1.294566048083173,False,False
0.1384279290467711,False,-1.1747477135786684,False,False
0.05362616118090602,False,-1.2957785799860653,False,False
0.13553640317645899,False,-1.3882220411128126,False,False
0.03596844926746634,False,-1.0021665771677994,False,False
0.08279006467382355,False,-0.9544414974269708,False,False
-0.05982627471294344,True,-1.1398747896267176,False,True
0.06530241432411743,False,-1.1252018073257242,False,False
0.14173519442763183,False,-1.0793014656619866,False,False
0.018407980690559822,False,-1.022963131007665,False,False
0.06250721832991835,False,-1.5120788393912619,True,True
0.09541791336202421,False,-0.9992538897760952,False,False
0.09186495826738555,False,-0.9908989946730828,False,False
0.005767538469158784,False,-1.701654386088816,True,True
0.0735643103112944,False,-1.0096719193383534,False,False
0.12976082695019575,False,-1.02113731359925,False,False
0.15885527838534047,False,-0.9961652208451627,False,False
0.142120522747186,False,-1.150371082493441,False,False
0.09362629540569317,False,-1.0761011213279992,False,False
0.1521736932172138,False,-1.0461525044870474,False,False
0.06487453994331899,False,-1.0267410919210849,False,False
0.010365438213941425,False,-0.9808226666842292,False,False
0.08256341422964963,False,-1.019691233026769,False,False
0.08566141176731218,False,-1.0236000824440754,False,False
0.07917242634373478,False,-1.029120936321506,False,False
0.1405638238753123,False,-0.9933274528365157,False,False
0.07495273422443616,False,-0.999350456902107,False,False
0.07739327422261238,False,-0.9879554141723224,False,False
0.14263107689444038,False,-1.005659890706445,False,False
0.06811350684534817,False,-1.0315922942088889,False,False
0.06136120890360769,False,-1.0280065274341414,False,False
0.09945862926260512,False,-0.9993103363457813,False,False
0.1360687978158745,False,-1.0541783784277072,False,False
0.14652415001651276,False,-1.00584978348691,False,False
0.08439035070936912,False,-1.1597437253475809,False,False
0.08104635321466502,False,-1.0023234405345491,False,False
0.049539428085418225,False,-1.0669521081573443,False,False
0.04423925869774836,False,-1.1939346739526293,False,False
0.015465221239305382,False,-0.9621222314080724,False,False
0.10526214902413783,False,-1.0655490272269923,False,False
0.07272693322975227,False,-1.0063144010570952,False,False
0.06664429628265756,False,-0.9976880642843939,False,False
0.10971619887924455,False,-1.0333883998013285,False,False
0.04004952147713059,False,-0.9883993609842887,False,False
0.08072535803786685,False,-1.007450226938496,False,False
0.08168716615439536,False,-1.4886908346026877,True,True
0.039376496505875214,False,-1.0057624983107227,False,False
0.11411969047223164,False,-1.1107798689548807,False,False
-0.0048936287332826955,True,-1.7177190108640672,True,True
0.14354331067432818,False,-1.1085976937642994,False,False
0.07210430653927802,False,-1.0340038355408987,False,False
0.0380831140880733,False,-1.0819653277996282,False,False
0.07491503835074187,False,-1.5895392133580395,True,True
0.14252415045991385,False,-1.0126816294464454,False,False
0.1534665025632112,False,-1.0227787963484387,False,False
0.06336385395393934,False,-1.1662084567791782,False,False
0.07375619063244704,False,-1.3735508318468648,False,False
0.07969617766525422,False,-0.9866483130402385,False,False
0.06662221513231553,False,-1.0008753604818232,False,False
0.03335595561309801,False,-3.1319326662950853,True,True
0.14883878603785977,False,-1.017778876709971,False,False
0.08941054564667733,False,-1.0909761414970158,False,False
0.0282950304238338,False,-1.0006398206524774,False,False
0.07651853313433926,False,-1.0349929067913133,False,False
0.07694047248444841,False,-0.9721323884471023,False,False
0.063613469956524,False,-1.0635543491435693,False,False
0.0021143187087914184,False,-0.9641009289891006,False,False
0.06668670224633555,False,-1.0179319008654124,False,False
0.10237827018042978,False,-1.0227858508882481,False,False
0.08560061575182298,False,-1.1940947045057126,False,False
0.09783857759324055,False,-1.117431524244961,False,False
0.14254926442026994,False,-1.0032646032616879,False,False
0.03304189356489373,False,-1.33216452033162,False,False
0.07659488638318318,False,-1.0800831168445253,False,False
0.05843427744361224,False,-1.0107058476648645,False,False
0.03978218452233567,False,-1.3495183978075027,False,False
0.06393753802046692,False,-1.0444917473524584,False,False
0.0571917665321231,False,-1.1469445246468957,False,False
0.0926118468520204,False,-0.9926699308459976,False,False
0.06437903008491613,False,-1.0318106859766565,False,False
0.16025113431367677,False,-0.9952271458285085,False,False
0.06487010885078381,False,-0.9824428257456844,False,False
0.07859341378584872,False,-1.1523743420003183,False,False
-0.02272840986998992,True,-1.1700085373319549,False,True
0.06767292333011982,False,-0.9982772923911639,False,False
0.02996232813177918,False,-1.0025448897089337,False,False
0.061116644466232384,False,-1.1682122659546685,False,False
0.025682698677246596,False,-1.1899254908578194,False,False
0.10091409525819967,False,-1.0275572311884882,False,False
0.09490996781977007,False,-1.0440722708307573,False,False
0.08436350854625835,False,-0.9890596346139866,False,False
0.06380319965358888,False,-1.0137827574968266,False,False
0.0778676027295499,False,-1.153668408269108,False,False
0.061647725921906815,False,-1.0051842936063957,False,False
0.13207162498017644,False,-1.091544247671091,False,False
0.10714467583561199,False,-1.0352154652767114,False,False
0.06977356130890366,False,-1.2716569396558899,False,False
0.14675486920295722,False,-1.051078495978015,False,False
-0.023609921005107726,True,-1.6123317596358582,True,True
0.03229765617924463,False,-0.9477463892142006,False,False
0.06168268296475371,False,-1.0500267701278292,False,False
0.07617972508656506,False,-1.1028399192986225,False,False
0.08029241351326427,False,-1.0795613748701212,False,False
0.06332914444423093,False,-0.9672808556098174,False,False
0.05498178479053234,False,-0.976084520636794,False,False
0.07680014921634865,False,-1.2307878746520253,False,False
0.01903368444336695,False,-1.075365097326182,False,False
0.060604250242843716,False,-1.5184185647433774,True,True
0.05241586722418873,False,-1.0463757350257976,False,False
0.0405480571049226,False,-0.9947993700113444,False,False
0.02584235890449893,False,-1.2592075561954115,False,False
0.06396861908773754,False,-1.237409123444691,False,False
0.082340712668588,False,-0.9833231599578008,False,False
0.025433175424780352,False,-0.9852762825915958,False,False
0.0841409353638356,False,-0.9627253669362024,False,False
-0.001277991094210229,True,-1.143880266818575,False,True
0.06445695370341009,False,-0.9851612285970586,False,False
0.032589530261387945,False,-1.5239048834671514,True,True
0.14106793636234738,False,-1.1172089772756428,False,False
0.03329138637293516,False,-1.0196769610115128,False,False
0.04336662069990532,False,-1.0171123735414507,False,False
0.09514452001250229,False,-0.9723716753564531,False,False
0.0171026185567702,False,-1.3185469761508206,False,False
0.044340185950224154,False,-1.3938062374948532,False,False
0.025476877399232267,False,-0.998307938928971,False,False
0.07144178959148961,False,-1.1223647914497277,False,False
0.0785913545181971,False,-1.0027489189508134,False,False
0.055992419098319424,False,-1.2373933207660002,False,False
0.14587384648242385,False,-1.0061292975341005,False,False
0.08074469086238495,False,-0.9785905465069442,False,False
0.009932174057546095,False,-1.0259109863549731,False,False
0.03220910840485258,False,-1.0047961995125487,False,False
0.14512171265347712,False,-1.0334038340749987,False,False
0.0144144499911667,False,-1.0359863619523355,False,False
0.08311028627755862,False,-1.0697583836639768,False,False
0.03248242530658929,False,-1.0253005479488961,False,False
0.09232042026434412,False,-1.0637832920797174,False,False
0.10251651018333563,False,-0.9859962328516774,False,False
0.08957606102452931,False,-1.0909438117423438,False,False
0.15856253252445018,False,-0.9997854093599541,False,False
-0.011514009091910249,True,-1.1639613964428948,False,True
0.15163873583472987,False,-0.9813108098994986,False,False
0.06374228659729803,False,-0.9794898840843878,False,False
0.030667783835296614,False,-1.0086461060114886,False,False
0.06953364662675943,False,-1.0085367313949454,False,False
0.06372520914486995,False,-1.3498845568589857,False,False
0.03732638410229072,False,-1.0713256445543586,False,False
0.07951923529698451,False,-1.0483492595321848,False,False
0.06246882906090556,False,-1.0305655418517343,False,False
0.07614976247256372,False,-0.9777943502237179,False,False
0.1507586469390168,False,-0.999391140859722,False,False
0.054777637243261235,False,-1.1223952049942212,False,False
0.07677872569328975,False,-0.992869989445038,False,False
0.035436898565259056,False,-0.962020289132953,False,False
0.046864907929693944,False,-1.2343961503944332,False,False
-0.00647761456809437,True,-0.9808743575627205,False,True
0.07502384709140975,False,-1.0426682156813345,False,False
0.08512395519100674,False,-1.46296040830247,True,True
0.02819029723856875,False,-1.2139363731190405,False,False
0.1058722621143976,False,-0.9832896185072636,False,False
0.05206975533913527,False,-1.4394004486923735,False,False
0.03642129679849054,False,-0.965153434417895,False,False
0.037502562117627924,False,-1.0611951025205602,False,False
0.07039164560751426,False,-1.0313257717201318,False,False
0.10607600695929503,False,-1.0302950035946874,False,False
0.03766481597294835,False,-0.9764463662207306,False,False
0.06485083045112683,False,-0.9947738272471396,False,False
0.028980759135103562,False,-1.067163502142968,False,False
0.08372618739550747,False,-0.9637166340985754,False,False
0.1276761231348108,False,-1.0710384715870616,False,False
0.0641590577246256,False,-0.9725566949595914,False,False
0.05903637355069846,False,-1.2084969168710042,False,False
0.028051622548133537,False,-0.9888180659726707,False,False
0.13846891248457438,False,-1.0620205904408324,False,False
0.05305548188292836,False,-1.1182807116923963,False,False
0.08040971175088985,False,-1.1852182665414748,False,False
0.15038670712672686,False,-1.0339098475765593,False,False
0.1532318930399918,False,-1.0358927951981995,False,False
0.04360251378332025,False,-1.2180119065662585,False,False
0.14297081554576885,False,-1.0008163755564372,False,False
-0.03186779134326734,True,-1.1633618806870236,False,True
0.06341663372527201,False,-1.154425661597538,False,False
-0.003630774277240123,True,-2.123931421508422,True,True
0.12335091312596813,False,-1.0435590314779726,False,False
0.13940189605040465,False,-1.0247449642123285,False,False
0.1448584051082648,False,-1.1074195584689268,False,False
0.06190711565522122,False,-1.1350765066731707,False,False
0.029658551525712562,False,-1.0443790135047892,False,False
0.008661168254256446,False,-1.1086144440631132,False,False
0.055639186841586086,False,-1.1986140772401215,False,False
0.09123225055404982,False,-1.0246628861959952,False,False
0.14750983352692965,False,-1.0340594025637553,False,False
0.052776135632805254,False,-1.2975303942492964,False,False
0.13413295314959628,False,-1.0569033531306449,False,False
0.08717489416565327,False,-1.0195911634325632,False,False
0.03399031638011951,False,-0.9867917911030315,False,False
0.14275813866990406,False,-1.0349877729588073,False,False
0.1280272467523934,False,-1.0722957061161997,False,False
0.014095828809555178,False,-1.1066470524493135,False,False
0.0697605612255156,False,-0.9849381813914497,False,False
0.08271057811034493,False,-0.9654825065158168,False,False
0.007250229404873076,False,-0.9704707156139938,False,False
0.00503522256332789,False,-0.9733608553376684,False,False
0.012695567240889494,False,-1.2938487843162463,False,False
0.07359103568208986,False,-1.1305424864918157,False,False
0.004561915953271489,False,-1.1079219565293426,False,False
0.04044249149742385,False,-1.1181655203260572,False,False
0.09330636586655816,False,-1.00370877786979,False,False
0.02463645872437803,False,-0.9960937420029854,False,False
0.05334112773655808,False,-1.0001247227563546,False,False
0.13989458098830054,False,-1.2657698656976812,False,False
0.055714661285571176,False,-0.9996347592277454,False,False
0.0574900688722893,False,-1.3369564547292965,False,False
0.05936555416166772,False,-1.6445418750925413,True,True
-0.010462114656444421,True,-1.0295928015111353,False,True
0.06473874651418926,False,-1.0948303046898205,False,False
0.08564543645428824,False,-1.0603930667952655,False,False
0.13903072893475493,False,-1.1686276263914892,False,False
0.01409027787899797,False,-1.116358255496899,False,False
0.14770956775203525,False,-1.0774085255395134,False,False
0.0004458688048128989,False,-1.3644221287259288,False,False
0.14396626202916596,False,-1.0532832425697656,False,False
0.05451607359081895,False,-0.9603423815515664,False,False
0.06296631867969582,False,-0.9961427658982528,False,False
0.14229130840341653,False,-0.9890259122201034,False,False
-0.0196003819989079,True,-1.3358300773009848,False,True
0.07627887668306732,False,-0.9952751608821975,False,False
0.06467548260494932,False,-1.0397262122104372,False,False
0.08731321188898972,False,-1.000319038447905,False,False
0.022844256152964704,False,-0.9642097903257284,False,False
0.13840269286822132,False,-0.9979047019895976,False,False
0.07011552279858357,False,-0.9846862347548735,False,False
0.09326792563372016,False,-1.0277661953161874,False,False
0.1562587108671049,False,-0.9864266911608022,False,False
0.08250593424894204,False,-0.9834917925984967,False,False
0.06395125826534281,False,-1.0950363400087544,False,False
0.035181764167181995,False,-0.9488456912798597,False,False
0.13922918812175644,False,-1.0166712280932342,False,False
0.07132050385078853,False,-1.0344190319766444,False,False
0.07268190128423141,False,-0.9770429858727672,False,False
0.13108932839100484,False,-1.0696813508286156,False,False
0.14906232968190086,False,-0.9794882755089184,False,False
0.06387312635943115,False,-1.0361095459528373,False,False
0.05935214000170469,False,-1.0481449058059864,False,False
0.016908682502389305,False,-1.1632543226318912,False,False
0.05816294429739777,False,-1.0589342699568836,False,False
0.05819115991859042,False,-1.047945623312068,False,False
0.14111894263525415,False,-1.0117282025389414,False,False
0.14758125950093526,False,-1.15979951633421,False,False
0.06009899211880626,False,-1.0936815117866705,False,False
0.052336110615892106,False,-1.2252444285134534,False,False
0.14978021103966133,False,-1.0260001218268882,False,False
0.07410416646133955,False,-0.9820733347409292,False,False
0.0789118488162106,False,-1.1144881156894273,False,False
0.14182336312052618,False,-1.0779457688778298,False,False
-0.05995884358635617,True,-1.3153393878265642,False,True
0.03162990758957751,False,-1.0022537155614402,False,False
0.141417547066452,False,-1.1001098064880008,False,False
0.08938971114800204,False,-1.0643246604030387,False,False
0.018057926273181923,False,-1.1655970100228237,False,False
0.08184125182205437,False,-1.1185853385948443,False,False
0.028371069697414597,False,-0.9675096999877532,False,False
0.1507586469390168,False,-0.999391140859722,False,False
0.043754051577417075,False,-1.0015865193454498,False,False
0.0128864612754509,False,-1.088711867135228,False,False
0.1569957957029796,False,-1.0242814345416797,False,False
0.14307642903988443,False,-1.0265445204575214,False,False
0.1405182180280617,False,-1.025706995409336,False,False
0.06364293188242798,False,-1.065063981359287,False,False
0.14084283294705863,False,-1.1096940533389135,False,False
0.13554894391498512,False,-1.071344226913753,False,False
0.1468147495872003,False,-1.026756356039577,False,False
0.02854801456150996,False,-1.2108435194454377,False,False
0.1471264850604922,False,-0.9900692119375425,False,False
0.04186916382385841,False,-1.0893819442713186,False,False
0.07526987843274846,False,-1.097927829989344,False,False
0.1493649995388388,False,-0.9825550491987871,False,False
0.08356673454834918,False,-1.13543669885411,False,False
0.06172304555322283,False,-0.9801900459282203,False,False
0.006633117316557247,False,-1.0042235203523746,False,False
0.07611707560948328,False,-1.0604024067018898,False,False
0.10145776882891477,False,-0.9982862596443601,False,False
0.09599298651265292,False,-1.1082749221454207,False,False
0.04969740365088354,False,-1.105316505559306,False,False
0.053340572378421824,False,-1.2702033604718503,False,False
0.012231708174431088,False,-1.5882600069996489,True,True
0.14476534122797902,False,-0.9938883491257583,False,False
0.03285730093702072,False,-1.007315383739651,False,False
0.14060051674341634,False,-0.9846467567089784,False,False
0.07481080445497884,False,-1.0471875462532512,False,False
0.06493527240170316,False,-1.1071357622161855,False,False
0.02511906002514691,False,-1.3324673251518244,False,False
0.08350282190667496,False,-1.4602033857550147,True,True
0.07880307443003559,False,-1.0793502276775295,False,False
0.09735801406832884,False,-1.0105921217303317,False,False
0.08619822526996834,False,-0.9845151437647605,False,False
0.038300536561789,False,-2.442710847481816,True,True
0.010700190803667908,False,-0.9896537867780205,False,False
0.1554046999633717,False,-1.0148362155340993,False,False
0.08865743758591837,False,-0.985805349043669,False,False
0.06593044436541251,False,-2.7977289401919734,True,True
0.08739305260219898,False,-1.1518946934877938,False,False
0.06668931383788546,False,-1.0065349467927507,False,False
0.09030733813939879,False,-1.006421992501057,False,False
0.07897172082038323,False,-1.0085080886603524,False,False
0.02226228031644928,False,-1.0084067824463727,False,False
0.08785006028944398,False,-1.285920269211863,False,False
0.14418429274338374,False,-1.0623952220502264,False,False
0.1407225748879934,False,-0.9888721307983273,False,False
0.06493269420105874,False,-1.013220837833658,False,False
0.08024387312394021,False,-1.1178482318686596,False,False
0.018150443118221116,False,-1.0107043575655055,False,False
0.0694449522044272,False,-1.0812910850367548,False,False
0.07885223899072852,False,-0.9964789215824645,False,False
0.08835411967559803,False,-1.1460143969080065,False,False
0.06310652336934303,False,-1.0997946193977213,False,False
0.07966852983320993,False,-0.9514593322653793,False,False
-0.045142209847997106,True,-1.5658560588276784,True,True
0.0883549232642678,False,-1.0323009499359295,False,False
0.06974498832347398,False,-1.0058886032885226,False,False
0.05855485434424412,False,-1.0276794814902142,False,False
0.06297206140916706,False,-1.075600968924176,False,False
0.13254102643134497,False,-1.1239097343517566,False,False
0.0677369446674162,False,-1.0027721896049875,False,False
0.06789470204405523,False,-1.076027972336034,False,False
0.14236938508485403,False,-1.071719321795222,False,False
0.06458034919833233,False,-1.0606593332778353,False,False
0.06409792339512616,False,-1.070613137328326,False,False
0.009737892408216986,False,-1.0812564017169877,False,False
0.08443984222987005,False,-1.1034770772600728,False,False
0.140653455136525,False,-1.0212070907916575,False,False
0.09621615925265853,False,-1.0186255459748983,False,False
0.07193698692766415,False,-1.0260905427366434,False,False
0.15483714590038905,False,-0.9686340897415253,False,False
0.06211530311724195,False,-1.098530418054015,False,False
0.0626433801692457,False,-0.9686656859256993,False,False
0.02559351327702769,False,-1.0424984986730115,False,False
0.1394237981492732,False,-1.0646547310521997,False,False
0.07007951649665328,False,-0.9903540351993406,False,False
0.13685311841012698,False,-1.0817902826920496,False,False
0.0463944351807104,False,-1.0865438469253799,False,False
0.08512266500895826,False,-1.127333451580648,False,False
0.14693875965941172,False,-1.038556901296662,False,False
0.09173092714472081,False,-0.9900902360813794,False,False
0.04111360231727834,False,-0.993933697938673,False,False
0.0739559334299485,False,-1.1679664334474418,False,False
0.07602760995458785,False,-1.0040622464375724,False,False
0.0319146263309959,False,-0.9978133410462758,False,False
0.12911920375593933,False,-1.0070127770046318,False,False
0.004662412138315197,False,-0.9690585524286632,False,False
0.14708885504119767,False,-1.0370459651458845,False,False
0.0880702514825435,False,-0.9704541435903973,False,False
0.1337490786372338,False,-1.0475978016244452,False,False
0.06614071955771211,False,-1.3889194386985628,False,False
0.06743635199178194,False,-0.9694347323820744,False,False
0.04413059748403958,False,-0.97851100033885,False,False
0.13077801342354095,False,-1.0551231972247481,False,False
0.04708470876079618,False,-1.0269502966331123,False,False
0.07248118548014709,False,-1.2180288843774307,False,False
0.1457127678884108,False,-1.044357601518894,False,False
0.049435233728317485,False,-1.1095112623262093,False,False
0.07604997534120689,False,-0.9717701183464552,False,False
0.14637989214930835,False,-0.9936399032628472,False,False
0.13256431265788726,False,-1.082526107473475,False,False
0.021625963119158986,False,-0.9307574920633114,False,False
0.09341310201575831,False,-1.1449355625621656,False,False
0.1012111465976937,False,-0.9794987779661257,False,False
0.09736895453302463,False,-1.2773266064541144,False,False
0.044517830677525794,False,-1.616172389935258,True,True
0.07663913499565489,False,-1.5202587816753574,True,True
0.029848961338327262,False,-1.5455329052157913,True,True
0.026593268055125907,False,-0.9763254770630011,False,False
0.1429589544594722,False,-1.103908569970671,False,False
0.1323830518093032,False,-0.9750474695853224,False,False
0.10361298556605508,False,-0.971592282127234,False,False
0.127966186789356,False,-1.093609691550244,False,False
0.014526817792355207,False,-1.275942522292246,False,False
0.1201003189130509,False,-1.2821181533164423,False,False
0.08852256088917215,False,-0.9793419953742525,False,False
0.08239961265716883,False,-1.0833975452608124,False,False
0.08270192588858788,False,-0.9818843220344631,False,False
-0.01901733277303863,True,-1.6123314002270768,True,True
0.06303798245610165,False,-1.2159676117550304,False,False
0.035884182548918175,False,-1.585230034617597,True,True
0.14819427799745594,False,-1.430816967775219,False,False
0.08780465598010956,False,-1.067910607189702,False,False
0.026124570234943134,False,-0.9801613244997892,False,False
0.10495750381603774,False,-0.9699722213305677,False,False
0.05386526145038539,False,-1.0548310351210168,False,False
0.08037721226467553,False,-1.0201925268920125,False,False
0.0071221151905267455,False,-1.0020637463530426,False,False
0.033004429642154,False,-0.986749291767399,False,False
0.0735898179082165,False,-1.060017328338041,False,False
0.027590437302409565,False,-0.9877037358064025,False,False
0.06374959415068476,False,-1.0493562947956168,False,False
0.0860207158927978,False,-0.9712559240828496,False,False
0.02772684284284299,False,-1.0486236215839253,False,False
0.08118286128244367,False,-1.0993373025206357,False,False
0.059136128147431855,False,-1.0160302669992032,False,False
0.14436287294449696,False,-1.3037169398775084,False,False
0.10013084615201606,False,-0.979897086048223,False,False
0.07031090315325916,False,-1.8929092112424553,True,True
0.06401658490775158,False,-1.3467351741692588,False,False
0.08388711056921888,False,-1.0292093315396587,False,False
0.08799510426391527,False,-0.9967015865988209,False,False
0.07034335527025182,False,-0.9947984036094297,False,False
0.09396705755863904,False,-1.0297297720019152,False,False
0.0749310117190577,False,-0.9868309878453341,False,False
0.054991004839549495,False,-1.2543363494775879,False,False
0.15367709956844616,False,-1.0215715759128725,False,False
0.06051427032434298,False,-1.1566194930922855,False,False
0.0643197062709947,False,-1.0906121488217213,False,False
0.05692878967598042,False,-1.2363630534040948,False,False
-0.013916993603773742,True,-1.0763714978889698,False,True
0.06354248180903194,False,-1.1626896192888605,False,False
0.08438093022061283,False,-0.9852349892031033,False,False
-0.01960481199470987,True,-1.0173818130760262,False,True
0.0839085127403037,False,-0.983774040493089,False,False
0.0917531664272297,False,-1.2291052000794074,False,False
0.09673185606707468,False,-1.0492186362064653,False,False
0.03669882563594129,False,-0.9850551305912953,False,False
0.03510920676803281,False,-1.6521547537693215,True,True
0.0006143464036597601,False,-1.3329223160041224,False,False
-0.022278410013699013,True,-1.3476879257312402,False,True
0.05433861397097256,False,-0.9661709668704225,False,False
0.1035791615586259,False,-0.9715371222361826,False,False
0.07929711854835686,False,-1.005406411591853,False,False
0.05649451454772336,False,-1.0581348334816416,False,False
-0.07717031654961304,True,-1.589002455023539,True,True
0.06035045066040323,False,-1.6719744865262633,True,True
0.06168846070926809,False,-1.065705846712102,False,False
0.12958032827654475,False,-1.342245067218735,False,False
0.04264387026174765,False,-1.0457989941767716,False,False
0.14712661036220437,False,-1.0079716658160318,False,False
0.13968974898915743,False,-1.0194044526080703,False,False
0.08576640248899314,False,-1.1375821881094512,False,False
0.013788342569877932,False,-0.9743650484734404,False,False
0.06828373633572393,False,-0.9734701835610424,False,False
0.06190613810097256,False,-1.128959362810896,False,False
-0.0044221346011246165,True,-1.3190234704220636,False,True
0.13634899467040917,False,-1.04679116932366,False,False
0.13428022579912308,False,-1.0054965399285858,False,False
0.15023038568197794,False,-0.9958547509384518,False,False
0.00630582974767524,False,-1.1916976437809346,False,False
-0.001249850219402493,True,-2.5650579011004493,True,True
0.105604575636702,False,-1.0291354866921139,False,False
0.07699161397448939,False,-1.0558503504726855,False,False
0.07094736336828211,False,-1.0025256467256887,False,False
0.048589151858567325,False,-1.003914355540817,False,False
0.07494409442441108,False,-1.037851640321525,False,False
0.041029986905535,False,-0.94618593937296,False,False
0.10232905685115906,False,-1.0146293666792308,False,False
0.08754686323427013,False,-1.0341565542031517,False,False
0.09055296601039214,False,-1.017135943452431,False,False
0.01840305441686174,False,-0.9747775159845691,False,False
0.13725647012889874,False,-1.0877607973319363,False,False
0.006342967456595905,False,-0.9967019812035712,False,False
0.026725111399718227,False,-0.9510773370093158,False,False
0.009318118467725567,False,-1.6879869214801098,True,True
0.06525798920944359,False,-0.9593707223122866,False,False
0.09136043771351232,False,-1.0625371595880493,False,False
0.1282488372683434,False,-0.9941582612993324,False,False
0.025764106456050484,False,-0.9844630605568945,False,False
0.091513960460259,False,-1.1414842289046292,False,False
0.14320318366995372,False,-0.9761963952729241,False,False
0.07207168318522433,False,-1.0352561198585892,False,False
0.14464902033252353,False,-1.0099834118819686,False,False
0.14117645909741283,False,-1.0107153997947629,False,False
0.06270097753030246,False,-0.9817904844825233,False,False
0.1530406328472797,False,-1.0791839024072476,False,False
0.0694393550695247,False,-1.0375430554249738,False,False
0.056290098408473876,False,-1.213738730050261,False,False
0.03745803939805953,False,-0.9914677743948548,False,False
0.1551023679196757,False,-1.0931119496294317,False,False
-0.004973187090555609,True,-1.347515803018229,False,True
0.07476843777749409,False,-1.0076073938960834,False,False
0.08440945762919222,False,-1.0793146370100346,False,False
0.0626657536263513,False,-0.9731544151844442,False,False
0.0695047984206183,False,-1.0724130743637033,False,False
0.05028271984099375,False,-1.9141422823384127,True,True
0.0362596269711824,False,-1.009706671361411,False,False
0.07199283545458657,False,-1.0526410924836933,False,False
0.07110528382759351,False,-1.046549408014601,False,False
0.07342112005527979,False,-1.0219739416154319,False,False
0.12763984735994705,False,-1.321295111169469,False,False
0.04392756360773942,False,-1.0132687802430709,False,False
0.050019223545632596,False,-1.3652942496445988,False,False
0.10467065217120469,False,-0.9759295756296181,False,False
0.1467003486413619,False,-1.0684863321867868,False,False
-0.017707222914096543,True,-1.0966786142988258,False,True
0.0658008293514235,False,-1.3192638689974447,False,False
0.06146350965884051,False,-0.9971942845742401,False,False
0.04203437623967682,False,-1.0150587385457637,False,False
0.03960000884175163,False,-1.0440061728246302,False,False
0.06476308719590046,False,-1.2448841544621376,False,False
0.10517834429790751,False,-1.0503718395342638,False,False
0.04861203154273552,False,-1.0409556650399912,False,False
0.15620369788820088,False,-1.0576454874222398,False,False
0.08578860616247713,False,-0.9927582834488815,False,False
0.008214508612572224,False,-1.431352443148317,False,False
0.06553013999097379,False,-1.3309328885799154,False,False
0.017773632462393274,False,-1.1271872165075567,False,False
0.05727765703058302,False,-1.0331672878946734,False,False
0.14709018564015053,False,-1.0308571632326275,False,False
0.08707888489681292,False,-1.4499056563513517,True,True
0.08227172461363796,False,-0.9807355393538909,False,False
0.13774013800305274,False,-1.1504106541004242,False,False
0.009715159923291194,False,-1.1876346670647804,False,False
0.05128540743975035,False,-1.005042626763436,False,False
-0.014800379004640707,True,-1.4513326819245715,True,True
0.149924434576804,False,-0.9680754149838817,False,False
0.13726628626545473,False,-1.2235320929174434,False,False
0.05254244123850704,False,-1.2537705522267084,False,False
0.030181746113668084,False,-1.127128031503217,False,False
0.09659620819228143,False,-1.1114181781397103,False,False
0.03688588388628794,False,-1.357069559483348,False,False
0.10445415722897616,False,-0.990992683790679,False,False
0.14534965013468648,False,-1.0068833129054888,False,False
0.1350468507348489,False,-1.0510983484735985,False,False
0.0995488882318778,False,-1.11494195693596,False,False
0.01834735614582239,False,-1.1122918172492384,False,False
0.1127963544269786,False,-1.1004754700953105,False,False
0.09528532909424281,False,-1.1507170084940963,False,False
0.06233473115360694,False,-1.051879874547224,False,False
0.14310216352733135,False,-1.0278552234543512,False,False
0.14567654397262614,False,-1.0273420410488912,False,False
0.15167569145928805,False,-1.0204227569514048,False,False
0.03662664662084353,False,-1.0078205387874688,False,False
0.12878066211394146,False,-1.0527311762261207,False,False
0.14969757709240528,False,-0.9768214466697558,False,False
0.02175904463036521,False,-1.0231107900035217,False,False
0.14618641114622832,False,-1.0064268765978057,False,False
0.06459069531712397,False,-1.0699228105334748,False,False
0.07304201533858762,False,-1.0165879864535572,False,False
0.02182119671279764,False,-1.028064424315121,False,False
0.13694260043092377,False,-1.0412995066461839,False,False
0.15468834420424737,False,-1.0536320226240554,False,False
0.0022744702879883283,False,-1.0405285875906982,False,False
-0.03865530184636723,True,-1.0323540593211589,False,True
0.06744541909464419,False,-0.953562473828858,False,False
0.14685468174544392,False,-1.1699993350442097,False,False
-0.008802994516729057,True,-1.237575808216366,False,True
0.07127614883356753,False,-1.0552006426774427,False,False
0.019607277066580275,False,-1.0491097258203834,False,False
0.08622594175827702,False,-0.9745523884159422,False,False
0.14960589518593653,False,-1.0912339486062512,False,False
0.04315953213117285,False,-1.0536597216482642,False,False
0.050150052025562,False,-1.0681700344048044,False,False
0.07338502661786511,False,-1.0726661698958893,False,False
0.14127455814708723,False,-0.9915080341368645,False,False
0.08998602972419228,False,-1.0407254864855013,False,False
0.08154835630059293,False,-1.0133860035901159,False,False
0.08284762008588159,False,-1.0490196459778742,False,False
0.0562160240581851,False,-1.0919551684403344,False,False
0.06631768418693473,False,-0.9975403337651961,False,False
0.04141537957475466,False,-0.9620635860537907,False,False
0.12400870806845826,False,-1.0583382064731541,False,False
0.07417120061514443,False,-1.0711551279486031,False,False
0.08045522930135746,False,-0.9653249546729988,False,False
0.1485048711959715,False,-0.9916790971091498,False,False
0.14799467954381523,False,-0.9672927856307213,False,False
0.03243904799567454,False,-0.9561597395894296,False,False
0.08316787879056259,False,-0.9668496020003804,False,False
0.027618080079356955,False,-0.9833786415284582,False,False
0.138170735546632,False,-1.042372035297173,False,False
0.08082907883107793,False,-1.0147479805607058,False,False
0.05757975831205325,False,-1.1392743834656693,False,False
0.11801704879292524,False,-1.1475476384104912,False,False
0.11485572048076842,False,-0.9976254459736371,False,False
0.12160854040732738,False,-1.3283610428898902,False,False
0.09416623632756554,False,-0.9924812212166323,False,False
0.10777742344905833,False,-1.0246443511255803,False,False
0.038737455739483895,False,-0.9821838491912992,False,False
0.1529312722354827,False,-1.0044351374192868,False,False
0.1520733629662055,False,-0.9985692098146934,False,False
0.13836832623212952,False,-1.0082454929602984,False,False
0.15259105053283983,False,-1.0004238033524329,False,False
0.07791824995699304,False,-1.0089912397912255,False,False
0.07555861152697002,False,-0.9659518537375874,False,False
0.11581519108089372,False,-1.0672933830029476,False,False
0.03121830114581714,False,-1.0049993289862935,False,False
0.14927664075350272,False,-1.0506678909467584,False,False
0.028252302772799276,False,-1.0261579009185646,False,False
-0.00907542514973747,True,-1.2191988398079705,False,True
0.05385600332827217,False,-1.0367510503521278,False,False
-0.01016947320924011,True,-1.2026678933292052,False,True
0.09635980312840559,False,-1.017120043981382,False,False
0.06693041145346756,False,-0.963860501482886,False,False
0.0868080909611244,False,-0.9679986012664784,False,False
0.08373634954727727,False,-1.0649590716230513,False,False
-0.061198597585638836,True,-3.8924376191384207,True,True
0.017644093863110055,False,-0.9769296589252455,False,False
0.08247248775169363,False,-1.0168522091558927,False,False
0.0634303784089486,False,-1.0609972541762587,False,False
0.022379412512078034,False,-1.2117355539637218,False,False
0.15074329429800254,False,-0.969234375235831,False,False
-0.00660461682466118,True,-1.216458676540507,False,True
0.019576278519837564,False,-0.9955201319575661,False,False
0.07160097177808505,False,-0.9991334830869795,False,False
0.07349613250731452,False,-0.9861830360476805,False,False
0.03953491091456335,False,-1.8750410800347925,True,True
0.031587585722215816,False,-1.053479205115035,False,False
0.07449085208768247,False,-1.013882350873418,False,False
0.14807556962015206,False,-1.0067519424100144,False,False
0.06779434269789031,False,-1.2901869979258582,False,False
0.144202316923832,False,-1.0388255297522266,False,False
0.08952391393219894,False,-0.9929754544835566,False,False
0.14345730563813797,False,-0.9812810054441325,False,False
0.13185628217163642,False,-1.0465418643492306,False,False
0.04655507530102654,False,-0.9876233419686693,False,False
0.10902815294568258,False,-0.9718308742009553,False,False
0.06704014464173852,False,-1.0463402698508537,False,False
0.06894455031203472,False,-1.013334877290367,False,False
0.13988105565929998,False,-1.5636264338413037,True,True
0.09240424392984936,False,-1.0154422042862719,False,False
0.13833123144975823,False,-1.1730947269914027,False,False
0.016693947848981705,False,-1.0363021521846227,False,False
0.1284376653057518,False,-1.2371798584904314,False,False
0.054053460601538095,False,-0.9645639996048507,False,False
0.06626974232235833,False,-1.2192103685245683,False,False
0.09429775046939093,False,-1.0634556351903393,False,False
0.08381041186067228,False,-1.1643183890775326,False,False
0.05124799465409563,False,-1.1419914754858436,False,False
0.08105567622837873,False,-1.1759573672914765,False,False
0.09126326927776268,False,-1.009056094872337,False,False
0.11364137071208802,False,-1.0531975656716857,False,False
0.14499818552755955,False,-0.9865884645198617,False,False
0.1531498786036295,False,-0.988418686735345,False,False
0.10479432796562704,False,-1.0132620673232742,False,False
0.020543178654835847,False,-1.1387988669399443,False,False
0.14053379641502645,False,-1.111475339536469,False,False
0.049252148767014114,False,-1.453796007009489,True,True
0.03885281288193959,False,-0.9752163603617039,False,False
0.07923913209451233,False,-0.9600363862849959,False,False
0.06199364221033865,False,-0.989355877367983,False,False
0.05790325349138842,False,-1.0471077758332326,False,False
0.1273121086053518,False,-1.2069662908808272,False,False
0.07832446457239128,False,-0.950863271004628,False,False
0.07451641538155623,False,-1.0657198051059256,False,False
0.08364056443482593,False,-1.0014632730837867,False,False
0.07307483494794625,False,-0.9858852394976646,False,False
0.04128352362848842,False,-0.9766579664595827,False,False
0.02468565832955677,False,-0.9964013421381503,False,False
0.08555720208763196,False,-0.9553199775857056,False,False
0.0822527542638608,False,-0.9686694772533713,False,False
0.12736347313670093,False,-1.3836272410326322,False,False
0.06803961925771845,False,-1.0565017076646601,False,False
0.06807276913091725,False,-0.9953210552532091,False,False
-0.003085714130368733,True,-1.0301083062662675,False,True
0.07793941464854304,False,-1.1344748125830408,False,False
0.07814650418310098,False,-1.0390911006685115,False,False
0.08701927609070681,False,-0.9952002637319373,False,False
0.07573156636143485,False,-1.0634645447551625,False,False
0.1459470506354395,False,-0.9843333899287726,False,False
0.1285877464089455,False,-1.2391361291516216,False,False
0.13588114214012376,False,-1.1909050719483265,False,False
0.05200727880508865,False,-1.0114272620798634,False,False
0.0417492019032536,False,-1.0330872632141572,False,False
0.02632269013555849,False,-0.996573202155304,False,False
0.11298748480406068,False,-1.0207908404956316,False,False
0.02545735854889758,False,-0.9963502998184565,False,False
0.04024367623803382,False,-1.1066492803534662,False,False
0.06714064567394573,False,-1.099101266591766,False,False
0.06960217016087633,False,-1.019461963113267,False,False
0.04300595245036537,False,-0.9692163184966281,False,False
0.054071786884469675,False,-0.9973780585582874,False,False
0.136159555053456,False,-1.0086244171451932,False,False
0.15772558207849374,False,-1.0095530950711296,False,False
0.07821004876442023,False,-0.9909501212912233,False,False
-0.0051449065846862485,True,-1.047422208988803,False,True
0.14909612709736836,False,-0.9975588837725775,False,False
0.10956028251370836,False,-1.009436898461239,False,False
0.09018091837868109,False,-1.0390791812387328,False,False
0.010365675632915905,False,-1.0032099781923314,False,False
0.1062730330178015,False,-1.0159655606347544,False,False
0.0838116887114096,False,-1.1567545044693914,False,False
0.05903637355069846,False,-1.2084969168710042,False,False
0.09663432272963346,False,-1.1997386632744091,False,False
0.12689168930875155,False,-1.0309675135196872,False,False
0.0803263616769489,False,-0.9910276977598146,False,False
0.08224170391935975,False,-1.0644841512581085,False,False
0.15414700910557072,False,-0.9962785365083567,False,False
0.005360507429730377,False,-1.0402887080173682,False,False
0.09917556550861456,False,-1.1283710865721417,False,False
0.08330557658624604,False,-1.042372132026912,False,False
0.13791308381643452,False,-1.0903354733675557,False,False
0.082324778849856,False,-0.9953326851643313,False,False
0.043733690284302906,False,-1.0470751548077375,False,False
0.043589082040326854,False,-1.0967808343493395,False,False
0.07333426191254949,False,-0.9864023490341985,False,False
0.08257035739922503,False,-0.980564446786838,False,False
0.1209833421879084,False,-1.7447355466583896,True,True
0.03282862282924276,False,-1.0262354998308294,False,False
0.06387469192866296,False,-1.0068955894540959,False,False
0.09517419894849583,False,-1.324302025845845,False,False
0.1353955715483257,False,-1.2022436317162821,False,False
0.13038558425255048,False,-1.0283992676836395,False,False
0.039744787034377005,False,-1.051217726432688,False,False
-0.003351972767824396,True,-1.1161244460133781,False,True
0.012815592681717392,False,-1.0894237658995416,False,False
-0.006288455925762548,True,-1.405893137097084,False,True
0.020663008347507228,False,-1.763209400669226,True,True
-0.027417071935424753,True,-1.0639114678154544,False,True
0.07787210025934027,False,-0.999905646596473,False,False
0.1051916147150262,False,-0.9714574767789805,False,False
0.07216874656375077,False,-1.000733456831258,False,False
0.08034063373709821,False,-1.004040742835955,False,False
0.1396798448700533,False,-1.1937945313731966,False,False
0.07268068661496363,False,-1.0791982292976128,False,False
0.14517785788795606,False,-1.000262805201913,False,False
0.0763994919929199,False,-0.9900181284417824,False,False
0.10933796970396437,False,-1.0181448680477356,False,False
0.07563159725033841,False,-0.9783108904289545,False,False
-0.007013806481648066,True,-0.9774626125532893,False,True
0.14899132410759597,False,-1.0225244288788367,False,False
0.0033769828354632825,False,-0.9902548342460978,False,False
0.07719528654736996,False,-0.9807150793834529,False,False
0.14618568726113967,False,-1.1785111762957068,False,False
0.14727462648350298,False,-1.0239606262712677,False,False
0.10011646970289173,False,-0.9651077454949787,False,False
0.021549512003547544,False,-1.0412510224967366,False,False
0.06620990502672869,False,-1.0815240179199708,False,False
0.07792175929717388,False,-1.4627235047302534,True,True
0.1395444698240515,False,-1.0196981789293411,False,False
0.13447947316400982,False,-1.0199765466862194,False,False
0.07798233769553164,False,-0.9822565974921554,False,False
0.07857252196344544,False,-1.0343782418942653,False,False
0.14811885309809125,False,-0.9720396686304108,False,False
0.06620600368689988,False,-1.0137635777774543,False,False
0.07596751051085954,False,-1.0236279562738362,False,False
0.0738450185431822,False,-1.038123813253303,False,False
0.09807638590601342,False,-1.0667437589693034,False,False
0.04785532066550907,False,-1.0912536470779512,False,False
0.08472785424603324,False,-1.1636827036252229,False,False
0.1412988455969441,False,-1.068535210440229,False,False
0.08845998124043442,False,-1.0017770205978844,False,False
0.08964937138498791,False,-1.289686728005321,False,False
0.15346584659579632,False,-1.0201415041400135,False,False
0.08140400006762766,False,-0.9598439237422662,False,False
0.09028519443838945,False,-1.1733462472125797,False,False
0.10537147466411495,False,-1.2477712317973593,False,False
0.1219204718407148,False,-1.037992253068771,False,False
0.05450240891590402,False,-1.7150187959131231,True,True
0.12971692704079452,False,-1.0228516165786066,False,False
0.0820024685405295,False,-0.9982165311266475,False,False
0.08299432980587557,False,-1.3264602807420933,False,False
0.04135256135294857,False,-1.254332143536074,False,False
0.0760561544756313,False,-1.0328538917824726,False,False
0.08224793325466379,False,-1.0523463282542211,False,False
0.1392361982204517,False,-0.9918391623768569,False,False
0.11116249758707386,False,-0.9593653239507848,False,False
-0.04345451942955636,True,-1.129113790824397,False,True
0.05884673626324999,False,-1.0745769901296618,False,False
0.12700763859595443,False,-1.7599806772769893,True,True
0.13838130089037354,False,-1.0781377855563887,False,False
0.08918173946179503,False,-1.0308195499403916,False,False
0.09136043771351232,False,-1.0627197641101616,False,False
0.12001180683030832,False,-1.1871842004802122,False,False
0.13887591171414948,False,-1.1474800953301394,False,False
0.0801256819492166,False,-0.9655893432509652,False,False
0.05968961913303156,False,-1.31177747130519,False,False
0.031616721425186456,False,-1.0602518272379517,False,False
0.01681791207507477,False,-1.1558856443821508,False,False
0.1535566001677992,False,-0.9995985450187043,False,False
0.04855632344871308,False,-0.9867903274622906,False,False
0.05696806234741725,False,-1.1301707949728037,False,False
0.06147286596967272,False,-1.009501559499413,False,False
0.03543103168082884,False,-1.0330871469269365,False,False
0.06760958900370817,False,-1.7832452481025158,True,True
0.14521862437655264,False,-0.9925231208214578,False,False
0.036219891020397965,False,-0.9718131323002763,False,False
-0.033476049015131126,True,-1.0986951679310788,False,True
0.06061469680721554,False,-0.9698172364490596,False,False
0.14546109307201033,False,-1.1254633607305742,False,False
0.05864556431208107,False,-1.0561497287468211,False,False
0.06716173869254816,False,-0.9998838534239335,False,False
0.054897428520523706,False,-1.0771584030107322,False,False
0.14558699258143915,False,-1.001199991155091,False,False
0.09453877308825842,False,-0.9998160902311449,False,False
0.12972234697492696,False,-1.0309930807704002,False,False
0.05961384523119079,False,-1.2140866319977688,False,False
0.013363038964378404,False,-1.3020727187342263,False,False
0.10659717413865683,False,-1.044587104381272,False,False
0.04039512147137675,False,-1.056803065212597,False,False
0.03992417140081206,False,-1.0299157213110692,False,False
0.04341836764630169,False,-1.7471728117663883,True,True
0.09193460294656947,False,-1.0083863152295325,False,False
0.04944832159833801,False,-1.0890322867580353,False,False
0.020464066119007807,False,-1.1720406676860258,False,False
0.08166236741814642,False,-0.9968149379915484,False,False
0.07934728093749371,False,-0.9718208313300141,False,False
0.03482781306942728,False,-1.0099906668330316,False,False
0.12401757155852777,False,-1.0888866440893916,False,False
0.05414630228995093,False,-1.2303417017577478,False,False
0.07932735800372831,False,-0.9893320868901727,False,False
0.06226110547070385,False,-1.2501776423531796,False,False
0.05875676998598384,False,-1.0605699108603734,False,False
0.15596637180162926,False,-1.0400980416335102,False,False
0.11985850236495443,False,-1.068513645844483,False,False
0.08202770381292851,False,-1.0051230177537809,False,False
0.0058405466074238355,False,-1.4652980870851873,True,True
0.07428084027177378,False,-1.0754653801855942,False,False
0.0572632062794301,False,-1.0375953723149829,False,False
0.07233206461144476,False,-0.998232034734014,False,False
0.01683338339764129,False,-1.0262765546511783,False,False
0.0796839193080518,False,-0.9745519083809837,False,False
0.09255566383934771,False,-1.142097673219293,False,False
0.045804391872544925,False,-1.184386083805588,False,False
0.0389177044389869,False,-1.016018870540314,False,False
0.033798205989821195,False,-1.0125632932970383,False,False
0.029333983564918453,False,-0.9591759847035254,False,False
0.08323777278120759,False,-0.9755571346474909,False,False
0.013133624559164558,False,-0.9820027078619595,False,False
0.09645769989967312,False,-1.0285683219254733,False,False
0.09692705539975394,False,-0.9870593338101046,False,False
0.1468750008808134,False,-1.0034923854952535,False,False
0.02563788560930208,False,-1.0415576204806096,False,False
-0.01830696105717533,True,-1.1622127869435297,False,True
0.07567614864610861,False,-1.079203297738991,False,False
0.14121992753955753,False,-0.9997028024788177,False,False
0.06298298064520075,False,-1.2748640798092765,False,False
0.07551125154800548,False,-1.0823272283334429,False,False
0.14669035635992123,False,-0.9942609557394718,False,False
0.06155862796972639,False,-1.0486099541216702,False,False
0.12423622931417583,False,-1.0621511620348996,False,False
0.02496105712011082,False,-1.039800296768185,False,False
0.10444926708343422,False,-1.1919311827208363,False,False
0.0005514659278469392,False,-1.1071438062968337,False,False
0.05383535858514177,False,-1.0419006183721553,False,False
0.06297421171080725,False,-1.0417434624939328,False,False
0.0890580531079011,False,-1.0522985911318192,False,False
0.12472421017091911,False,-1.0022311199095375,False,False
0.05290585416564114,False,-1.0497353706206758,False,False
0.05893296818071653,False,-1.126891281991437,False,False
0.06414336912565716,False,-1.074683182559021,False,False
0.0660261400158973,False,-1.0012525940382682,False,False
0.15248834730910898,False,-1.0266471111770963,False,False
0.11037316097610522,False,-1.2893563923462668,False,False
0.07976353799414276,False,-1.055455280054848,False,False
0.07616700515957503,False,-1.0709957196719153,False,False
0.07555477717255443,False,-1.0788228029256088,False,False
0.08997355667544465,False,-0.9961558339481824,False,False
0.15683445014289182,False,-0.985930350236589,False,False
0.05315045749363251,False,-2.1298985316715107,True,True
0.028990433047057895,False,-1.0587015819231018,False,False
0.08297874281777257,False,-1.2218242295902058,False,False
0.040354851484337984,False,-0.9769855340616088,False,False
0.1467480850060809,False,-0.9857938966371526,False,False
0.12971692704079452,False,-1.0228516165786066,False,False
0.05724786117312758,False,-0.9571735775139549,False,False
0.14977320018061813,False,-0.975378529936988,False,False
0.15041207125598938,False,-0.9882727583733238,False,False
0.0322994617863816,False,-0.9889387163258683,False,False
0.13821775470098752,False,-1.3880464353881465,False,False
0.04911420266001737,False,-1.4165626209461175,False,False
0.06829252131924202,False,-1.223485817225015,False,False
0.004363193831707579,False,-0.9829836772593847,False,False
0.033004429642154,False,-0.986749291767399,False,False
0.08853786082588022,False,-0.9888558211055851,False,False
0.0837726474694408,False,-1.057800744209199,False,False
0.030985210721130918,False,-0.9868488061366018,False,False
0.031254419010449064,False,-1.0106315561282828,False,False
0.06562581305966825,False,-1.1015939099513727,False,False
0.15459954669189108,False,-1.0181381031804677,False,False
0.13882242187739796,False,-1.1217643379851474,False,False
0.004154779440860068,False,-1.0742037894139833,False,False
-0.013801632670953023,True,-1.057824677749021,False,True
-0.0034718734953524955,True,-1.0720526812319546,False,True
0.14337221704107878,False,-1.2457136146659384,False,False
0.041139323149315565,False,-1.0393492890680907,False,False
0.016939880533307083,False,-0.9816042748394901,False,False
0.10298597522237607,False,-1.0327412170324797,False,False
0.0814302056895706,False,-0.9661570610526748,False,False
-0.02007050875394123,True,-1.0704613368205882,False,True
0.0631568385454393,False,-1.0351945818476833,False,False
0.08142902101133154,False,-1.0328484844727697,False,False
0.1476603258055048,False,-1.0262448014681982,False,False
0.09641904461355544,False,-1.0857780189370267,False,False
0.10305674310345092,False,-1.133028219703808,False,False
-0.04443096630520538,True,-1.5386367991438414,True,True
0.14895047414710283,False,-1.008860170298273,False,False
0.09920127706004761,False,-0.9905264802701671,False,False
0.05871525618328527,False,-0.9747623236231912,False,False
0.02783716353746074,False,-0.9926072099882838,False,False
0.10480233684327184,False,-1.042811507937755,False,False
0.055335933633583245,False,-1.0098590564388803,False,False
0.009858170998709781,False,-1.6479866417865103,True,True
0.05500849701035937,False,-2.2811901839997786,True,True
0.026989614941427043,False,-0.9903273050526604,False,False
0.01693879882210414,False,-1.013990305026525,False,False
0.017490330179336655,False,-1.143404940095329,False,False
0.14369408558254793,False,-1.0794615532232896,False,False
0.05268272830860693,False,-1.1288634816916612,False,False
0.04357542411822529,False,-1.0470499227283283,False,False
0.03391900725326452,False,-0.9742322484506787,False,False
0.07056378053169154,False,-0.9891792088949571,False,False
0.10735613220068252,False,-0.9946104518550245,False,False
0.07764075949945998,False,-1.0419625528813647,False,False
0.013088963274181187,False,-1.3072930247256576,False,False
0.0594253815092563,False,-1.2332724136223203,False,False
0.09067304217944844,False,-0.970070005874746,False,False
0.06383125334335532,False,-1.036824494431516,False,False
0.13928518231828574,False,-0.9933281441331347,False,False
0.0292313396034663,False,-0.9751616220969881,False,False
0.023755397156957903,False,-0.9818254998566645,False,False
0.036665916465988435,False,-0.976410700567395,False,False
0.06687651360987268,False,-1.126219607895887,False,False
0.13413518204587255,False,-1.0236809125777353,False,False
0.07329958035352224,False,-1.050034972759935,False,False
0.07442476280303906,False,-1.088284303970617,False,False
0.10147366344414588,False,-0.9738873224181106,False,False
0.15500299792011263,False,-1.0707249474276332,False,False
-0.010756901124029272,True,-1.0439615467629395,False,True
0.08768091972461245,False,-1.361042370349012,False,False
0.06601866222317393,False,-1.0505188938621268,False,False
0.006880116120569935,False,-1.1421421292131129,False,False
0.00832547459125077,False,-1.1946564411038807,False,False
0.1397720369643688,False,-0.9865981501664678,False,False
-0.021338794194747046,True,-1.0064851271852069,False,True
0.14527094122687106,False,-1.0684794322028468,False,False
0.12764955978419906,False,-2.0416925771754597,True,True
0.1523138105471809,False,-1.0594757790522322,False,False
0.08373552692455222,False,-1.0202089004399069,False,False
0.1338618566583386,False,-1.185078175473293,False,False
0.1421570115711771,False,-1.1331070665050695,False,False
0.06438157596285521,False,-1.1017297276352123,False,False
0.15051686641673573,False,-1.0161433631843746,False,False
0.10637915405777343,False,-0.9860358364134167,False,False
0.1394597698448905,False,-1.0047111388343173,False,False
0.055600952008379,False,-1.1144589084231074,False,False
0.14974065430118333,False,-1.0060441604606076,False,False
0.047923716431108376,False,-1.2615501965464437,False,False
0.0995165094749706,False,-1.0030772429677146,False,False
0.07411105101524812,False,-0.9922087476123064,False,False
-0.0010924470252499097,True,-0.9978654300573186,False,True
-0.01215937836707326,True,-1.365250667373148,False,True
-0.012493003437104133,True,-1.0635175818352929,False,True
0.03446801366766322,False,-1.0049438723422974,False,False
0.13727579087181646,False,-1.1390096316132357,False,False
0.12414708375088546,False,-1.0205461419290915,False,False
0.01611511435334545,False,-2.1441998819041026,True,True
0.028980759135103562,False,-1.067163502142968,False,False
0.07747154958904717,False,-1.030628700928642,False,False
0.15318465977719425,False,-1.0528304297492803,False,False
0.14284294406471842,False,-0.9891821401606741,False,False
0.06176603020650595,False,-0.9887883673189751,False,False
0.11985850236495443,False,-1.068513645844483,False,False
0.05026506497451905,False,-1.2652160750011041,False,False
0.07061947552809156,False,-1.0174440369754718,False,False
0.03219359691013468,False,-0.9624042365612017,False,False
0.10790103583157146,False,-0.9765274732632807,False,False
0.07173629451132729,False,-1.005972669879019,False,False
0.027411384434947672,False,-0.9805926665951776,False,False
0.07002684733143627,False,-0.9843178553782973,False,False
-0.009754520729553295,True,-0.9971812664703746,False,True
0.06309047083851194,False,-1.043407310330961,False,False
0.08402504762449048,False,-0.9791619145478412,False,False
0.04629960484576118,False,-0.9612531634912808,False,False
-0.008557012034858369,True,-1.2481437990966027,False,True
0.1484342542977296,False,-1.0398083992772684,False,False
-0.015164531143858295,True,-1.3678828602434512,False,True
0.13824085528150198,False,-1.0743441747192604,False,False
0.09181050925464601,False,-1.0478666556093095,False,False
0.08891263201074212,False,-1.1557357248001774,False,False
0.06545376282975518,False,-0.9721844136386926,False,False
0.060078585274308094,False,-1.0189054351543345,False,False
0.08699193788514759,False,-1.0321703813096061,False,False
0.06228734051045648,False,-1.5101100768629139,True,True
0.027939993968249255,False,-1.0312956017101533,False,False
0.08036756246957572,False,-0.9814483651564458,False,False
0.0653127931644259,False,-1.1694349739395682,False,False
0.09498039754815085,False,-1.1992340064437472,False,False
0.14304118750174677,False,-1.0305218678503894,False,False
0.03595969527137877,False,-1.0450862699208296,False,False
0.1498409518604204,False,-1.1377514990707267,False,False
0.03730636011398808,False,-1.1433855635483101,False,False
0.0316864442046042,False,-1.0298388296230168,False,False
0.06545061711328021,False,-0.9921095039219491,False,False
0.09879694511176795,False,-1.0205995076919148,False,False
0.0004007429459295109,False,-1.1145400288318486,False,False
-0.0024531788760785433,True,-0.9679178004567301,False,True
0.15281155742718638,False,-1.0776500756044451,False,False
0.14346397895300456,False,-1.0493934879392868,False,False
0.145210376724547,False,-1.0519355784809776,False,False
0.06671213228200296,False,-1.0651436145561817,False,False
0.0825807837490995,False,-0.9666035341989023,False,False
0.1385778286547465,False,-0.9992058403677657,False,False
0.07289837081209133,False,-1.0408845921897965,False,False
0.07653850373359028,False,-0.9769290304846481,False,False
-0.0010318045862458547,True,-1.1176524323810169,False,True
0.08442221491768026,False,-0.992014537823424,False,False
0.10236575337157872,False,-1.170896245179744,False,False
0.07771983796893916,False,-0.9790440466697448,False,False
0.07390633853784823,False,-1.0971781665688218,False,False
0.14523645514520883,False,-1.0458826611068435,False,False
0.052934800920967806,False,-1.0712160596417108,False,False
0.06864845605072922,False,-0.9998707311492812,False,False
-0.02568305873547838,True,-1.0354227960586289,False,True
0.07001298557507663,False,-0.991968712517471,False,False
0.023568072198556056,False,-1.178044350968511,False,False
0.06202467428405961,False,-1.095932471684688,False,False
0.04408214100501495,False,-0.9871511134483238,False,False
0.07901673849246627,False,-1.0438400693215526,False,False
0.07309530668022207,False,-0.9996935700312463,False,False
0.0832135981160525,False,-1.2412134852403764,False,False
0.030058599711808354,False,-0.950083671723233,False,False
-0.02021277364754226,True,-1.8925360985743525,True,True
0.08899512718819469,False,-0.9518907045631562,False,False
0.10784345813269847,False,-1.0554051208815793,False,False
0.15331601322042382,False,-1.0478341127550626,False,False
0.030631863041830742,False,-0.9925224659349384,False,False
0.15031665912208064,False,-0.9889160836319398,False,False
0.011930612971009946,False,-0.994329071371234,False,False
0.14528313859307307,False,-1.0624526294590901,False,False
0.033732395124780434,False,-1.7170601999257404,True,True
0.14811885309809125,False,-0.9720396686304108,False,False
0.009243745486228971,False,-0.9980450828751002,False,False
0.08767261489681283,False,-1.013994177675069,False,False
0.14834311818707424,False,-1.0077480187460226,False,False
-0.013652727620515948,True,-0.9980489604872446,False,True
0.06271842138624473,False,-1.0313581645312833,False,False
0.0673066808815897,False,-1.10419786198052,False,False
0.1486160190815995,False,-1.0380030877708244,False,False
0.13788826661860676,False,-0.9767698878009021,False,False
0.029865550938601992,False,-2.7065462626474885,True,True
0.08415056579817265,False,-1.0295779844422224,False,False
0.09766229948884131,False,-1.016891702461709,False,False
0.11387586374519804,False,-0.9818303066021492,False,False
0.11482185693401464,False,-0.9865256274116441,False,False
0.042902441794930135,False,-1.2065444909062961,False,False
0.13871979393511008,False,-1.0141926946870614,False,False
0.14294750112566357,False,-1.02135724233545,False,False
0.06917094559731046,False,-1.1003816204603865,False,False
0.0015189718727914858,False,-0.9978654300573184,False,False
0.021004255860739007,False,-0.9860003071183536,False,False
0.07990473168244072,False,-1.2231213132309162,False,False
0.011490275084362955,False,-1.240221838209092,False,False
0.10608256358862334,False,-1.006221460758854,False,False
0.03211401966636235,False,-0.9764183236577046,False,False
0.12243102765427777,False,-1.0811339643630262,False,False
0.06585293304797607,False,-1.1432751376053933,False,False
0.004419930846215392,False,-1.1026606449119734,False,False
0.06152703301376511,False,-1.0539795423091558,False,False
0.07215028613100627,False,-1.1572625781608459,False,False
0.06644532621471072,False,-0.9969591490479752,False,False
0.07084774211469413,False,-0.9911314889151323,False,False
0.08294614747599904,False,-1.012772954355547,False,False
0.14824743829888032,False,-0.9838217561525809,False,False
0.010761308770854572,False,-0.992998157601653,False,False
0.03193573651141629,False,-1.140081778489715,False,False
0.13333716080032892,False,-1.0371359895157932,False,False
0.060096120589181845,False,-1.0518113338002237,False,False
0.07629559645841333,False,-1.8453077303162306,True,True
0.11322467096091843,False,-0.9697710252788958,False,False
0.05676286326311991,False,-1.0596827574794363,False,False
0.06106172382019748,False,-1.1197880111561913,False,False
0.1269139285143343,False,-1.0381820905471388,False,False
0.09522733429533403,False,-1.1885333520758383,False,False
0.09509677017474022,False,-1.4404603701993524,True,True
-0.0007004690051695128,True,-0.9544706869874622,False,True
-0.014319489022837417,True,-1.0448131617500398,False,True
0.08162162053877214,False,-1.062940419054167,False,False
-0.008460064469674733,True,-0.9946492350347652,False,True
0.10233650077420237,False,-1.0912722443292253,False,False
0.14362514388116698,False,-1.0488322092736089,False,False
0.08535801162368367,False,-1.2092091278838033,False,False
0.09235148581332892,False,-1.0369738193382094,False,False
0.07754591799655375,False,-0.9911106068211307,False,False
0.14906232968190086,False,-0.9794882755089184,False,False
0.15265729366592445,False,-0.9994726288325371,False,False
0.05858100575071151,False,-1.0146532248700502,False,False
0.1541498600647651,False,-0.9956579167981854,False,False
0.09313267975562001,False,-1.0881995108165383,False,False
0.10762195646908496,False,-1.019621961097056,False,False
0.031401306268130535,False,-1.0190631501181675,False,False
0.14545646638462545,False,-0.9898777042551714,False,False
-0.07144919407791916,True,-1.4518047396510942,True,True
0.010230835449631548,False,-0.9862740188970696,False,False
0.07592767913970772,False,-0.9890660071745131,False,False
0.08003953724259005,False,-1.0773209981797396,False,False
0.059432004084746526,False,-1.1280784472389487,False,False
0.027707037374360977,False,-0.999931462016173,False,False
0.14351374150556567,False,-1.1212585253559166,False,False
0.03540559151426531,False,-0.9683661055670001,False,False
0.07440974632434072,False,-0.9946124741605594,False,False
0.03426601081496461,False,-1.690027317955496,True,True
0.05787625812278552,False,-1.037659376126827,False,False
0.06758685270101111,False,-1.0262255596315022,False,False
0.07845200293603116,False,-1.1242137300619681,False,False
0.1428046086844033,False,-1.190204500265795,False,False
0.018198940263026264,False,-1.0942117471187154,False,False
0.04319780325297329,False,-0.9878880041516854,False,False
0.025940569692107618,False,-1.1081349402348566,False,False
0.08583931336495276,False,-0.9805864003358833,False,False
0.13696090825702784,False,-1.2338924652265573,False,False
0.0704356271600785,False,-1.0065861086215888,False,False
0.09858319563109308,False,-1.029289426538753,False,False
0.08660277125580573,False,-1.10436283050293,False,False
0.08042321661016577,False,-1.109688559408433,False,False
0.06131380408175818,False,-1.1936669048110982,False,False
0.09455590597284991,False,-1.0420524140068113,False,False
0.15310911547686817,False,-0.996383946474519,False,False
0.1506993021931735,False,-1.0004363969517218,False,False
0.12921122645038574,False,-1.0589370539063008,False,False
0.1400560707788,False,-0.9772317269950864,False,False
0.062396113011262744,False,-1.2180702448498435,False,False
0.13718340170556353,False,-1.087357817108972,False,False
0.13594996266726278,False,-1.035373311391452,False,False
0.08883839713342262,False,-0.9759083302854167,False,False
0.012762730243981113,False,-1.1450076850401767,False,False
0.14337745438363464,False,-0.9676884939592432,False,False
0.07046150146223396,False,-1.0010691152976816,False,False
0.07582882199162422,False,-1.23150736272485,False,False
0.012444331602139203,False,-1.8307864388169581,True,True
0.06903217776506793,False,-1.048612791398918,False,False
0.08506919537945823,False,-1.2040489119459292,False,False
0.10259512595994358,False,-1.0904652503747259,False,False
0.13447368719341257,False,-1.2138163185272757,False,False
0.05810160860369845,False,-1.0599231833441665,False,False
-0.009193903341631282,True,-1.0035374069687448,False,True
0.09036176074601554,False,-0.9853630396266592,False,False
0.02938454167013771,False,-1.0144348915976356,False,False
0.04680152259963799,False,-1.262037311238585,False,False
0.11104888095017396,False,-0.9730471184671137,False,False
0.08612370568950783,False,-0.9866847408980132,False,False
-0.014806030412404692,True,-0.9851560079150591,False,True
0.08114618122852085,False,-1.0303415326497585,False,False
-0.01826629740693353,True,-1.0007338657574205,False,True
0.13597767982990927,False,-1.1910088088822373,False,False
0.05430530430568076,False,-1.132736234801889,False,False
0.034965952329843675,False,-1.036279148072253,False,False
0.05261766930467682,False,-1.074580039579131,False,False
0.05933150388085234,False,-1.0281631069612502,False,False
0.1133097774975812,False,-1.2424887989579845,False,False
0.06306626764156514,False,-1.0704998108549213,False,False
0.09429195691041325,False,-1.0976127188235816,False,False
0.06043949676833121,False,-1.0541146335807174,False,False
0.09176253759417236,False,-1.0736808542685197,False,False
0.137364285568421,False,-1.0532683156533715,False,False
0.07147856869842306,False,-1.3718813201020177,False,False
0.016485812818858858,False,-1.8387758544871808,True,True
0.14782123877709347,False,-1.1576070724367629,False,False
0.15394850484419587,False,-1.027030510702216,False,False
0.15146831095382873,False,-1.1836426242414446,False,False
0.077641190375421,False,-0.9967233291835205,False,False
0.06046736021804805,False,-0.9766202185301409,False,False
0.032188587321290596,False,-0.9860798791151437,False,False
0.02814646367522694,False,-1.0091747797617117,False,False
0.09449837506210612,False,-1.126261077325135,False,False
0.06054063637667606,False,-1.011909278697511,False,False
0.14804204063284482,False,-1.0017222690612055,False,False
0.0012532830512609339,False,-1.2346209128197612,False,False
0.1455212382230392,False,-1.0137949986912485,False,False
0.012767409049559308,False,-1.0888678061853674,False,False
0.045871335961198745,False,-1.5569507021864983,True,True
0.1452308586525356,False,-1.2249579046324346,False,False
0.10545140090721022,False,-1.016240769201708,False,False
0.06786633885339133,False,-1.057100617459676,False,False
0.09272661583496167,False,-1.2635681473535572,False,False
0.09138070504690726,False,-0.991847135883007,False,False
0.02234073456774799,False,-1.4894536522956192,True,True
0.024132318436788536,False,-1.1188088340801081,False,False
0.08906899248863359,False,-1.0736857392197874,False,False
-0.032749827401651777,True,-1.0326511590894365,False,True
0.14018736217214584,False,-1.0491612041985063,False,False
0.029409774903366548,False,-1.4396048712672664,False,False
0.14780816638249533,False,-0.9906337945551884,False,False
0.1024435083769214,False,-1.0580628607539118,False,False
0.151091303641881,False,-1.169949526934704,False,False
0.08519357157354046,False,-1.0132023945007025,False,False
0.15323597212069157,False,-1.0849587166502714,False,False
0.1371099568691994,False,-1.0366509629822231,False,False
0.07893899109760066,False,-0.9623653387782637,False,False
0.07203696584850633,False,-1.150146539130881,False,False
0.08516951562389624,False,-1.1009872385441484,False,False
0.11130419846456807,False,-1.255925161960254,False,False
0.054349276263878976,False,-0.9763056124903569,False,False
0.027833867895613984,False,-0.9855304846880841,False,False
0.02344555277966287,False,-0.9604621245483426,False,False
0.05196010003745671,False,-1.0801585072043078,False,False
0.06773208936639563,False,-1.0003674740195752,False,False
-0.03261961796771029,True,-1.2735740158665285,False,True
0.07484278084541335,False,-1.2419218539111339,False,False
0.1355150364611848,False,-0.979146691979602,False,False
0.1067713849421702,False,-1.0152275154504533,False,False
0.07143248261530749,False,-1.0315099884179681,False,False
0.1300546023218836,False,-0.9751768695253794,False,False
0.1448822910574571,False,-0.9752086379711431,False,False
0.01823166192959602,False,-1.004880463066608,False,False
0.06831585435176124,False,-0.9646070805930199,False,False
0.07714265530620656,False,-1.0459383623127072,False,False
0.08075940175495938,False,-1.1861317551483117,False,False
0.07356397614207016,False,-0.9771898984914765,False,False
0.08891263201074212,False,-1.1557357248001774,False,False
0.08153955796991369,False,-0.9688212285185089,False,False
0.04303391893478936,False,-1.062870011835364,False,False
0.1062730330178015,False,-1.0159655606347544,False,False
0.07837974446462659,False,-1.1874847856579627,False,False
0.07883418544680937,False,-0.9850470524547067,False,False
0.08380708167512402,False,-0.9698761998695682,False,False
0.10068573378128992,False,-1.0443916411807883,False,False
0.08299076834440361,False,-1.0254810632508702,False,False
0.08304107097926328,False,-1.0809626376296055,False,False
0.06683597235402994,False,-1.0385114576682892,False,False
0.14912844306115824,False,-0.9983438316797569,False,False
0.03543103168082884,False,-1.0330871469269365,False,False
0.06270097753030246,False,-0.9935067996473803,False,False
0.05991696342584907,False,-1.126862887578135,False,False
0.1389990928831919,False,-1.0203656785768531,False,False
0.07640993405756291,False,-1.0054806719497313,False,False
0.10936770487337427,False,-1.314400143384866,False,False
0.09238379300719868,False,-1.0242171605103543,False,False
0.07057498956535158,False,-1.1630934276902205,False,False
0.13537000092532425,False,-1.1066396915975514,False,False
0.1428513582399764,False,-0.9609051630890564,False,False
0.0560267973350112,False,-1.7114401079107906,True,True
0.08372302636685391,False,-0.9829341604214712,False,False
0.005593006202111117,False,-1.0187706351154224,False,False
0.028626793584101973,False,-1.0252535531791074,False,False
0.08087413919727393,False,-1.2308574926199403,False,False
0.07537411231983043,False,-0.9856064155996483,False,False
0.06538898734200738,False,-1.0324650316850004,False,False
-0.05215476681666076,True,-1.9207913249202881,True,True
0.1419620747133814,False,-0.9902828047977973,False,False
0.06069322383188297,False,-1.021036929375368,False,False
0.15066741500330671,False,-0.966128758595984,False,False
0.048995891051271334,False,-1.1648757975431427,False,False
0.07204246045969137,False,-0.9535368220476956,False,False
0.029166425581272803,False,-1.4126448330310997,False,False
0.12800114537883533,False,-1.0832412664223354,False,False
0.07496681722110682,False,-0.9674620700784212,False,False
0.052620697970983454,False,-1.056381695604358,False,False
0.03952611241075593,False,-0.9720554143227316,False,False
-0.0031696609993313585,True,-1.2553965240246558,False,True
0.06818771008926677,False,-1.1280649430252034,False,False
0.13842657771304284,False,-0.9934910163163494,False,False
0.15217140421632175,False,-1.0057952586297945,False,False
0.10891597624809857,False,-1.0443474725502262,False,False
0.06575457488289577,False,-1.1624619293239822,False,False
0.04851509477820626,False,-1.686348845574555,True,True
0.05737382588985385,False,-1.0073183215415757,False,False
0.14925470807206043,False,-1.0040922568312387,False,False
0.06789275068064438,False,-1.0044858662937568,False,False
0.0598723325869302,False,-0.9788988923003095,False,False
0.0624327089471477,False,-1.1358987924905721,False,False
0.015637913995398045,False,-1.157604948038474,False,False
0.01545758383578777,False,-1.0232508554577753,False,False
0.09497012225270712,False,-0.9715666014853618,False,False
0.10278751232128541,False,-1.049415071938703,False,False
0.008760787824355076,False,-2.5023139955571096,True,True
0.07242500745930192,False,-1.13280163655414,False,False
0.07060829508706568,False,-1.0396917999557367,False,False
0.05009504273698301,False,-1.428678531096168,False,False
0.14177573933982857,False,-1.0244314951559077,False,False
0.028746554220273002,False,-1.0027281115867692,False,False
0.15357654564635037,False,-1.0064346206621606,False,False
0.05487172886298619,False,-0.9814306699032291,False,False
0.07670844543943861,False,-0.9619629628386098,False,False
0.07617386192307124,False,-1.062876046622329,False,False
0.02918231815401251,False,-1.041685882919911,False,False
0.14164269724976253,False,-1.0190773527583588,False,False
0.025816086784743397,False,-1.189537306314675,False,False
0.054053460601538095,False,-0.9645639996048507,False,False
0.13462034174970472,False,-1.177035906750478,False,False
0.08000658079813949,False,-1.0295458826319595,False,False
0.03335752034143924,False,-1.0183556538382441,False,False
0.05594994030436845,False,-1.044504070824531,False,False
0.02624111406092755,False,-1.0203894644495501,False,False
0.06489405286802341,False,-0.9681712392558186,False,False
0.041054190208277275,False,-0.9802618794559075,False,False
0.07947677319924784,False,-0.9469094771479606,False,False
0.06834067218734391,False,-1.0241527636749035,False,False
0.03987910487850521,False,-1.022606237739177,False,False
0.06279984897749707,False,-0.9878013963248866,False,False
0.08513448701716536,False,-1.0990525602506407,False,False
0.07670629770053017,False,-0.9839744749242179,False,False
0.09362684349467831,False,-1.2587173457110095,False,False
0.07414855075470733,False,-1.0456425056757346,False,False
0.06432318991895625,False,-0.9612993045312075,False,False
0.028951277923261964,False,-0.9942967080816777,False,False
0.12715056891251608,False,-1.138356813131721,False,False
0.08273130164089376,False,-0.9626753721754591,False,False
0.1544792798054005,False,-0.9848629585300624,False,False
0.03665973970704489,False,-1.3965332112640536,False,False
0.025340034983874715,False,-1.0415026817593342,False,False
0.044574272587591945,False,-0.9534795750617112,False,False
0.10923893027750375,False,-1.0164933946823596,False,False
0.09155824944058483,False,-1.0092434573474454,False,False
0.10082604374392296,False,-1.0232014477623026,False,False
0.04464793051416127,False,-0.9377542486189554,False,False
0.14650931797488176,False,-1.0240521958013606,False,False
0.12664545816107292,False,-1.2667607582393647,False,False
0.07875468886672948,False,-1.0850125928305259,False,False
0.027160658428548257,False,-0.9957755253868223,False,False
0.07682265246958858,False,-1.050128095303249,False,False
0.055054881872590666,False,-1.3888382921673066,False,False
0.035290649385348594,False,-1.387101579688547,False,False
0.13828491652692987,False,-1.0033951780013424,False,False
0.10527463671394155,False,-1.0071962841997335,False,False
0.045436641024240276,False,-3.9670280748971627,True,True
0.0591166254334774,False,-1.2765064754978181,False,False
0.09449181408221186,False,-1.3595496581011675,False,False
0.10186026814801297,False,-1.0535420672995668,False,False
0.10734144421619485,False,-1.0331434301961557,False,False
0.02747295455180715,False,-1.154423080505907,False,False
0.04120798494271938,False,-0.9823580930574389,False,False
0.05670743817679774,False,-1.2721424701040116,False,False
0.09131878702622198,False,-0.9393242240601312,False,False
0.0583097986685045,False,-1.0156839142256917,False,False
-0.015387687296121166,True,-1.388709529578728,False,True
0.07340761939393436,False,-1.1639377843596148,False,False
0.15023038568197794,False,-0.9958547509384518,False,False
0.04259603322647254,False,-1.0119815593846349,False,False
0.006818837110061593,False,-1.0137434476915483,False,False
0.07676336547675638,False,-1.0267254034359985,False,False
0.030879925447546974,False,-1.0045580429997156,False,False
0.07075720939093871,False,-1.0518223369499649,False,False
-0.024371334792950283,True,-1.3055200434584224,False,True
0.03688939292471416,False,-1.078647940586674,False,False
0.006711783837819785,False,-1.121322480925516,False,False
0.08325572650623159,False,-1.1801082498332611,False,False
0.03557950522965975,False,-2.303098051714981,True,True
0.08164092931777783,False,-0.9596694677923578,False,False
0.14483080969532558,False,-1.0046380532881456,False,False
0.07759701527664337,False,-1.0217747183767933,False,False
0.03751528552071609,False,-0.9620287405749716,False,False
-0.022765849537459082,True,-2.1261187673912216,True,True
0.14571770117272614,False,-0.9895193068014342,False,False
0.0339327217507992,False,-1.0060903112984696,False,False
0.04336356332064306,False,-1.2340780404167047,False,False
0.06442036250868899,False,-1.0928652012450166,False,False
0.06185335443172724,False,-0.9901855586017965,False,False
-0.03486032333425804,True,-2.535265395424527,True,True
0.14666802290644854,False,-1.0015716754899404,False,False
0.09148047356568434,False,-0.979414725328056,False,False
0.055118789879725516,False,-1.2033407319947882,False,False
0.1254899956844086,False,-1.0798412719349277,False,False
0.06097576691107576,False,-0.9930379112820855,False,False
0.06678848181715796,False,-0.9509938329361919,False,False
0.11241779416239617,False,-0.9946179864931297,False,False
0.11709079099293257,False,-1.1578867717405632,False,False
0.11696317705215359,False,-1.1574249643252639,False,False
0.10511428421638358,False,-1.0431800455708728,False,False
0.04779268313037999,False,-1.1032733931672065,False,False
-0.01865561371623292,True,-1.0213490007709685,False,True
0.14029200473902864,False,-0.9996647691325091,False,False
0.04236310882690336,False,-1.5092786532980793,True,True
0.059584119058898766,False,-1.0192800920547802,False,False
-0.019753015807255747,True,-1.3135676628351771,False,True
0.014300708513048321,False,-1.126473084345759,False,False
0.03454659430687512,False,-1.3398549978616239,False,False
0.006610131831371269,False,-0.9661429668265535,False,False
0.07973121942096184,False,-0.9855265516987821,False,False
0.13119587236643826,False,-1.1047429125155268,False,False
0.06459130984517902,False,-1.117526880309494,False,False
0.13874110364580816,False,-1.0122912193033913,False,False
0.041794431264176646,False,-1.806739877189198,True,True
0.08580471486071145,False,-1.029108777177843,False,False
0.003916757165112084,False,-1.0269604417816618,False,False
0.0651192847598886,False,-1.0137509758919196,False,False
0.10980544656484098,False,-1.0159258332459384,False,False
0.06983659949668852,False,-1.0263703034876839,False,False
0.0643939996765508,False,-1.016825510581119,False,False
0.07330728592441804,False,-0.9830900076252114,False,False
0.01720757806430795,False,-1.1807760343780447,False,False
0.06051545040543288,False,-1.0641761740245748,False,False
0.015276983175890768,False,-1.1675494249014875,False,False
0.1448257248100297,False,-1.0484189286679548,False,False
0.10078099823960524,False,-1.053646743695774,False,False
0.019576278519837564,False,-0.9955201319575661,False,False
0.05657197432714295,False,-1.2199865933541572,False,False
-0.0026914863778418896,True,-1.1892221898517474,False,True
0.10477629602122374,False,-1.1256772936001356,False,False
0.08659435058243942,False,-1.1511456672579032,False,False
0.04449829801789712,False,-1.0779348852901298,False,False
0.05509249096275037,False,-1.3288279221478558,False,False
0.15090180417296944,False,-1.005360035239272,False,False
0.005030401410705543,False,-1.1293167706155205,False,False
0.07645155086694394,False,-0.9796013011126897,False,False
0.028090591728445857,False,-0.9800437809341312,False,False
0.025590762644449594,False,-1.0050017641569933,False,False
0.1413173442398461,False,-1.1356964523977813,False,False
0.012025881806170924,False,-1.4218102267593533,False,False
-0.01545888956082897,True,-1.0609554087878474,False,True
0.05551296133848027,False,-0.9787183333247164,False,False
0.08779529792980534,False,-1.1352604638168564,False,False
0.1510310424588725,False,-1.053800777733888,False,False
0.05711865377894926,False,-1.1257199399995053,False,False
0.0703097239417037,False,-0.9539062169609902,False,False
0.09390840089481461,False,-1.0269912575874438,False,False
0.056363248359326656,False,-1.0625486300265443,False,False
0.10737124859976321,False,-0.964702664800004,False,False
0.0476479500845291,False,-0.9564948010677418,False,False
0.10090903482059099,False,-1.365712557608574,False,False
0.0485458976598907,False,-1.2524002642936731,False,False
0.0106815871664514,False,-1.1035490281372928,False,False
0.09266541055843863,False,-1.1098244886251263,False,False
0.02990572428055921,False,-1.0473657038610906,False,False
-0.0020984958084309113,True,-1.8778609513694278,True,True
-0.002621955886493499,True,-1.197013097736235,False,True
0.08652667229861782,False,-1.1243575295841535,False,False
0.04410202197384322,False,-1.0133225285697434,False,False
0.01814680976265748,False,-1.9244482624637615,True,True
0.06723695476156022,False,-0.964624326602568,False,False
0.13004562130306396,False,-1.010903016982269,False,False
0.08158596990302591,False,-0.9583515065435032,False,False
0.13048802960553857,False,-1.0708433123040124,False,False
0.015753547220201503,False,-0.9686456967234719,False,False
0.07589916771879757,False,-1.0216507132935384,False,False
0.009546861509941773,False,-0.9884335023688771,False,False
0.05890784994956866,False,-1.0243463697739115,False,False
0.08616864974270955,False,-0.9798780937098661,False,False
0.15683690562919705,False,-0.9816741281282809,False,False
0.07956192173627363,False,-1.0148983207688214,False,False
0.0833950098063031,False,-1.0495755242744451,False,False
0.13581582128013603,False,-1.0864942988967876,False,False
0.009998226536911736,False,-1.513165497288868,True,True
0.0246531566144631,False,-1.042128470155085,False,False
0.04443100534716948,False,-1.0452881269609846,False,False
0.1544313468253667,False,-1.0238041061445464,False,False
0.05732073084851502,False,-1.0552287412802699,False,False
0.039492232220669776,False,-0.9757330905175973,False,False
0.07902642121479742,False,-1.1112187736674672,False,False
0.09279768712615016,False,-1.0240958726590192,False,False
0.05737531439910415,False,-1.0341764095862702,False,False
0.0840369388477411,False,-0.999595805085332,False,False
0.0800110861352692,False,-1.4785438548061667,True,True
0.0924257361824195,False,-0.9505537396859232,False,False
0.1441061228414416,False,-0.9993689257159064,False,False
0.1400479460909001,False,-1.0120191909744956,False,False
0.023812658965450983,False,-1.0679872202417697,False,False
-0.05944159650603531,True,-1.2560730999292629,False,True
0.13233076832808932,False,-1.257204997314192,False,False
0.06577731967294159,False,-1.3043161987638814,False,False
0.030787915074758032,False,-0.9946573147736268,False,False
0.06593795603270963,False,-1.2587145240007598,False,False
0.017908030072265158,False,-3.3617314667671456,True,True
0.10808953462231596,False,-1.0195756236740126,False,False
0.14764197087093567,False,-1.0948261229266207,False,False
0.15627653151023202,False,-1.0507241397679559,False,False
0.04853526126600444,False,-1.086595755491462,False,False
0.129689669514437,False,-1.1215867759418852,False,False
0.022936545621094262,False,-1.058401142163959,False,False
0.05175526690761262,False,-0.9968038934477356,False,False
0.013277137681253492,False,-0.9752291325691406,False,False
0.06891824514095873,False,-0.9757698488595155,False,False
0.05450623322940901,False,-1.0551756473135403,False,False
0.03250246870462142,False,-0.9952984388889263,False,False
0.14489895880096332,False,-1.1375827221213755,False,False
0.003159269669119502,False,-1.810838425900665,True,True
0.1503135666877241,False,-1.0582084604528346,False,False
0.061989845354869844,False,-1.0027398687861921,False,False
-0.012169971490852971,True,-1.1966230960979014,False,True
0.06859101562904085,False,-1.0260082875719627,False,False
0.14839039236343532,False,-1.0206310034856427,False,False
0.0020913641829471974,False,-1.0358430161230312,False,False
0.023725377627257405,False,-1.0136783952323332,False,False
0.03076222153879654,False,-1.0293524049711535,False,False
0.07864363271885233,False,-0.9989364908430346,False,False
0.02387660453130286,False,-1.1672331397932025,False,False
0.017189952639237283,False,-1.0390820701212513,False,False
0.03745803939805953,False,-0.9914677743948548,False,False
0.07165365465410223,False,-0.9924329276560204,False,False
0.073775181046556,False,-1.1137710348239938,False,False
0.09344768235637302,False,-1.0415428886386824,False,False
0.07625634129235659,False,-1.078405362177853,False,False
0.07130065373336941,False,-1.1716396232064386,False,False
0.029337258673798494,False,-0.971631926581054,False,False
0.0740469814905268,False,-1.0409097751545697,False,False
0.11747712473147781,False,-1.147778749442569,False,False
0.004335745202218244,False,-0.9704550189772739,False,False
0.026497956383725596,False,-1.0294351958607684,False,False
0.07327475094440267,False,-0.9877363977259023,False,False
0.04290060472620366,False,-1.005990559187126,False,False
0.026197919007121817,False,-0.9778916636742402,False,False
0.03577825945083113,False,-0.9877043897575772,False,False
0.13065658189104024,False,-1.0241329943173485,False,False
0.08060513220639681,False,-1.0520023479396994,False,False
0.0840868290762875,False,-1.0470669960109735,False,False
0.09183818681991229,False,-1.012938227813259,False,False
0.1342794513907144,False,-1.0637500063406513,False,False
0.1439748102628703,False,-0.9792882715905271,False,False
0.07395894067279041,False,-1.0750880535196885,False,False
0.14463184921133004,False,-0.9772468384281737,False,False
0.051327461654557927,False,-1.112973771405862,False,False
0.03625942979745955,False,-1.0011377127408307,False,False
0.0675906230232004,False,-1.0124171509204536,False,False
0.05361932930345281,False,-0.9892072413825577,False,False
0.07708861332749761,False,-1.1797137233470556,False,False
0.02518831589951248,False,-1.130840144358318,False,False
0.0567807969490115,False,-1.4548801292763995,True,True
0.07114286276124471,False,-1.073287956306696,False,False
0.1519833611969567,False,-1.0044510801372026,False,False
0.0689649382793549,False,-0.9647874098282788,False,False
0.07617727256313511,False,-1.0155184825589265,False,False
0.026983366509143014,False,-0.995688435043087,False,False
0.1396652360585363,False,-0.9682900614811016,False,False
0.08173782735705482,False,-1.0095932587150473,False,False
0.07456226543770866,False,-0.9924449575530062,False,False
0.02386110526013424,False,-1.0115786152223578,False,False
0.022125473593369138,False,-1.00965549643483,False,False
0.09544442703474015,False,-1.2458701949842288,False,False
0.07675888485424381,False,-0.9556027175036237,False,False
0.048219826989145786,False,-2.536693424779943,True,True
0.13768392658615936,False,-1.0171293779250312,False,False
0.1521254193841664,False,-1.0219273840606484,False,False
0.1423103483299873,False,-1.000225691914149,False,False
0.08386846865813474,False,-1.501398260987935,True,True
0.06978954019040134,False,-0.988718989836098,False,False
0.06965313332254691,False,-1.2052756748766766,False,False
0.11030046089013196,False,-0.9685678200745859,False,False
0.15167684946635634,False,-1.0293409538601268,False,False
0.02910389975454597,False,-0.9554228631669994,False,False
0.09425439547170728,False,-1.0255703194334684,False,False
0.1150292923341718,False,-0.9749094671164118,False,False
0.05376964766459408,False,-1.0248565267606824,False,False
0.14058629934280947,False,-0.9809532594407798,False,False
0.12834215791774084,False,-1.1927775252742034,False,False
0.0921008897374333,False,-1.0295187769116645,False,False
0.07536282877285777,False,-1.0430196957652427,False,False
0.10892575829857021,False,-1.0039374010920932,False,False
0.07178894330282443,False,-0.9808222919189793,False,False
0.08547383617421234,False,-1.0177103707290556,False,False
0.044548409577950365,False,-1.422271847974101,False,False
0.08020840801303297,False,-0.9855668762077048,False,False
0.05776039504171465,False,-1.3299247952680253,False,False
0.005093625774291288,False,-0.981496232359101,False,False
0.07842023783870739,False,-0.9805560727940957,False,False
0.07531093386037507,False,-1.2968468260099966,False,False
0.15318361497719507,False,-1.023556467045328,False,False
0.025780694914489477,False,-1.1380929283611043,False,False
0.06562759751170216,False,-1.117228104988037,False,False
0.034907960395126725,False,-1.5142762305491018,True,True
4.379661903186616e-05,False,-1.5154003558398894,True,True
0.10822427842007243,False,-0.9777618133341047,False,False
0.06740219564783095,False,-0.9654956987592325,False,False
0.05936047088105695,False,-1.090154837634604,False,False
0.10963598853409057,False,-1.020545821925354,False,False
0.05637156838295232,False,-1.0855141651016942,False,False
0.0785366727528673,False,-1.056939096557382,False,False
0.06348423493074684,False,-1.118759231213762,False,False
0.13519836450215622,False,-1.0884523788173073,False,False
0.08494109013827195,False,-1.1189131753696184,False,False
0.05582193626482762,False,-1.0492242035230956,False,False
0.0674052305784234,False,-1.0252100797228814,False,False
0.0316794350036147,False,-1.020876127461067,False,False
-0.01879121463260569,True,-1.107745953534198,False,True
-0.002089739229371834,True,-1.2625832625310376,False,True
0.03677959048391061,False,-1.118842431173818,False,False
0.1233328088561561,False,-1.0822202108324002,False,False
0.06204396823391761,False,-1.6108095468401575,True,True
0.07519962320469148,False,-1.0089172369212016,False,False
0.11367723369028643,False,-1.0225022550656893,False,False
0.055864647949024904,False,-0.9674907602805357,False,False
0.11879985249853658,False,-1.5312070724270552,True,True
0.02508839877748248,False,-1.0116682873193372,False,False
0.07503852189433968,False,-0.9837934933539068,False,False
0.04797064669337753,False,-1.0688515767477937,False,False
0.00029579889140618487,False,-0.9858734578031709,False,False
0.08793771332893208,False,-0.9855284876332275,False,False
0.056539213511434205,False,-1.0157472889644377,False,False
0.12468872508490175,False,-1.0235976057075087,False,False
0.01332460565569471,False,-0.9756340476693733,False,False
0.05517687125134313,False,-1.117672701076313,False,False
0.01407529140557462,False,-0.998134524911006,False,False
0.13631068617713976,False,-1.1658064957680074,False,False
-0.03152842318763027,True,-1.0959303414721766,False,True
0.14779879993905365,False,-1.053517242404554,False,False
0.017212834845332536,False,-0.9836521797791435,False,False
0.07258420973767887,False,-0.9743578221954234,False,False
0.057133560729724586,False,-1.0006078115655117,False,False
-0.017527188530167326,True,-1.958006682594434,True,True
0.07552577406136712,False,-1.1421071395710576,False,False
0.1430912279578384,False,-1.0889384949821115,False,False
0.0881883916603689,False,-1.0577230154046557,False,False
0.08132175140711795,False,-0.9788449991494387,False,False
0.09418882265552586,False,-1.0256694192501021,False,False
0.07078811927587436,False,-1.044038573402612,False,False
0.007466268133513698,False,-0.9949120854522626,False,False
0.06770348197862608,False,-0.9683584345239227,False,False
0.06463051447760182,False,-1.5851573895471034,True,True
0.0523751486149287,False,-1.1068953619649995,False,False
0.07563195759780528,False,-1.0437220389949562,False,False
-0.01739460003269122,True,-1.321355311128293,False,True
-0.008531190724245019,True,-0.9954335168452232,False,True
0.07756461421766786,False,-0.9729566138061658,False,False
0.08532895978858968,False,-0.9788675484547152,False,False
0.02855899851718624,False,-0.975711503590818,False,False
0.028597996965724848,False,-1.0168285192699031,False,False
0.011676075368832861,False,-1.0619248922487192,False,False
-0.05858026821414386,True,-1.6569758383391093,True,True
0.14934600887522675,False,-0.9836953362992595,False,False
0.15041207125598938,False,-0.9882727583733238,False,False
0.07281386145513713,False,-0.9880408193928035,False,False
0.04035357352376212,False,-1.0596768851269647,False,False
0.07826550820827771,False,-1.1751689869233641,False,False
0.13051232259176387,False,-1.0780713379414057,False,False
0.035945561510033586,False,-1.0010186813150346,False,False
0.007385945308149178,False,-1.0730469961029117,False,False
0.06738551382334551,False,-1.0164065225794583,False,False
0.15277997356012457,False,-1.0190020242001174,False,False
0.0647108252616298,False,-1.4215555848006316,False,False
0.137343799924515,False,-0.9961060977023195,False,False
0.041003098048762954,False,-1.2201293222788565,False,False
0.07288207165884919,False,-1.002730810594016,False,False
0.07126328033787277,False,-1.1275748342450453,False,False
0.1506234719877701,False,-1.0208452909532908,False,False
0.09186382299623325,False,-1.0497550079723263,False,False
0.0796617887609194,False,-0.9910689519966909,False,False
0.04168742409841669,False,-1.102516924990976,False,False
0.15262499519890854,False,-0.9615137804948699,False,False
0.02388957103489997,False,-1.0142391649819245,False,False
0.01952557346922046,False,-1.0638043371774888,False,False
4.6090152308275734e-05,False,-1.0626102408354794,False,False
0.06134050354179371,False,-1.0051674061160074,False,False
0.07186674024088047,False,-1.028060428554409,False,False
0.06965354958697045,False,-0.9834772739351015,False,False
0.04585078705595491,False,-1.3602447495680514,False,False
0.06340712756554173,False,-1.0781611817216696,False,False
0.02987195572236151,False,-1.5000997912123228,True,True
0.1149450770884049,False,-1.0063951096394315,False,False
0.08906217796118299,False,-1.0260411581920812,False,False
0.06270097753030246,False,-0.9817904844825233,False,False
0.07162297853020677,False,-1.2016389682809385,False,False
0.1383689856087978,False,-1.1125380199872787,False,False
0.06033250700888698,False,-1.353484142859405,False,False
0.0803762356839437,False,-1.4269659382499198,False,False
0.137307536793092,False,-1.067239515061438,False,False
0.00312310670877336,False,-1.0448379485162742,False,False
0.03888913199995753,False,-1.3949680257513866,False,False
0.07201536264538955,False,-1.0122425984152787,False,False
0.03117330882544289,False,-1.0502853230960034,False,False
0.1512300711915322,False,-0.9633720357269564,False,False
0.08456212212508862,False,-1.0800638401647569,False,False
0.1511641931160715,False,-1.001333481422089,False,False
0.06210935102988124,False,-1.0023756223011335,False,False
0.07575478692949966,False,-1.000979635763402,False,False
0.14088833531414136,False,-1.02558264609717,False,False
0.07757693132066862,False,-1.0001633453557464,False,False
0.08341853124801335,False,-1.0072556526206178,False,False
0.03405599270324805,False,-1.0106747888689562,False,False
0.06888593893866107,False,-0.9590936167147148,False,False
-0.005733921720117552,True,-1.0526121252228184,False,True
0.09673185606707468,False,-1.0492186362064653,False,False
0.0717938838882482,False,-1.2991643904504693,False,False
0.0015035692581673032,False,-0.9840947219392733,False,False
0.08116243322469407,False,-1.0781315216578518,False,False
0.10207970911231279,False,-0.9778354517213588,False,False
0.08048620186392275,False,-1.006476782003944,False,False
0.1308068991614093,False,-1.0129605854508197,False,False
0.14240184204965495,False,-1.0472571091938598,False,False
0.14163286687351317,False,-1.0017861234403134,False,False
0.15098752417093564,False,-0.9930141278438611,False,False
0.09213034408180248,False,-0.9727783001106765,False,False
0.12608583685142016,False,-1.182530843465973,False,False
0.004452260152261633,False,-1.02268604012488,False,False
0.04821968189923587,False,-1.1061587086320084,False,False
0.0654448780667421,False,-1.107780236299796,False,False
0.07746172251176336,False,-1.1038072361272235,False,False
0.10854047671294503,False,-0.9902233954526322,False,False
0.1405820404875493,False,-0.9767683770993025,False,False
0.11068244577537412,False,-1.0084419941418294,False,False
0.06771467342382853,False,-1.59450539658638,True,True
0.06798832916352654,False,-0.9797716808180359,False,False
0.08810690821635225,False,-1.043399782055028,False,False
0.07883890308153496,False,-0.9681066731449801,False,False
0.14312865809992348,False,-1.024790751331157,False,False
0.1546562414735858,False,-0.9854066011962855,False,False
0.05767457331784642,False,-1.121969707623424,False,False
0.13650665493881825,False,-1.0178971546513216,False,False
0.09205732040254838,False,-1.0578809316441973,False,False
-0.0005705593392633102,True,-1.0971238831033028,False,True
0.07183775208360266,False,-1.1399098896105295,False,False
0.057210996950056325,False,-0.9694608439777804,False,False
0.15109599380036265,False,-0.9979467674093163,False,False
0.07197977961385255,False,-1.1880960289405684,False,False
0.10688823092008765,False,-1.0690899504108953,False,False
0.06537843665794152,False,-1.4106606298941549,False,False
0.03820873393691693,False,-0.9945973597215089,False,False
0.07039650445348022,False,-0.9823360909125972,False,False
0.14744272554334842,False,-1.0309654699000723,False,False
0.08137214357290973,False,-1.158500995204595,False,False
0.006293951588215441,False,-1.008065121997447,False,False
0.06674514332885578,False,-1.0255284032948766,False,False
0.06711857282096856,False,-1.0293193961926506,False,False
0.023774907851426663,False,-1.0240081359027347,False,False
0.1435344230166492,False,-0.9845830076354934,False,False
0.08512372896024095,False,-0.9812060363218382,False,False
-0.012142980511602786,True,-1.0419892024270239,False,True
-0.06352831938818804,True,-1.3593704262733979,False,True
0.06721082519618632,False,-0.9861122769145952,False,False
0.003317424520460799,False,-1.1569410135841154,False,False
0.05633823171509866,False,-1.0041493327262525,False,False
0.1460564963757378,False,-1.0203565652793976,False,False
0.07948849632772892,False,-1.048913972733328,False,False
0.0667965818892422,False,-1.0504366547402824,False,False
-0.004220246089804425,True,-1.1187132658571903,False,True
0.07736520792426854,False,-1.143533982261538,False,False
0.14999223971701064,False,-0.9799662001460512,False,False
0.002480341140889575,False,-1.0265045059324251,False,False
0.08736562596142267,False,-1.0637336029986495,False,False
0.013320415405006392,False,-0.9957833132167468,False,False
0.08287286972173352,False,-1.0182117265424977,False,False
0.026415143372589378,False,-0.9890531079045205,False,False
0.15008708078427374,False,-1.148831842316145,False,False
-0.003647267045922775,True,-1.047854072386958,False,True
0.14626163721582197,False,-1.046405835991753,False,False
0.062336538135286945,False,-1.0684269353769211,False,False
0.08277906847039673,False,-1.1409225489136807,False,False
0.06215434874337644,False,-0.9960624888257072,False,False
0.06245082195012769,False,-0.9737618613348195,False,False
0.14302678110802458,False,-1.0356200483005296,False,False
0.14381863334740813,False,-1.0193544646536348,False,False
0.14811954701447239,False,-0.9969948866299395,False,False
0.13898345582215765,False,-0.9905677634189329,False,False
0.019765861341075275,False,-0.9658250675104061,False,False
0.12182555466371953,False,-1.2978901732898063,False,False
0.12324610634071242,False,-1.3194157048381805,False,False
0.08082262113783989,False,-0.9803472179710644,False,False
0.09781389550221575,False,-0.9998612920499983,False,False
0.12463871373235946,False,-1.0892992632065273,False,False
0.06930909411827701,False,-1.043157846714351,False,False
0.13340900382977366,False,-1.0688085237127272,False,False
0.020219746840469177,False,-1.0296762524568175,False,False
0.037967011660707484,False,-0.9823686046196796,False,False
0.02962166873321731,False,-1.1523746760121267,False,False
0.14118466495433551,False,-1.0215772068346582,False,False
0.1522626910642591,False,-1.0388511385334989,False,False
0.06294435986899777,False,-1.2303656608352136,False,False
0.06942938872387311,False,-1.047115995943146,False,False
0.09088576781031543,False,-1.0949052030099045,False,False
0.14081682811685142,False,-1.0836356186106642,False,False
0.15320003937913962,False,-0.9942921361935326,False,False
0.1512137880070492,False,-1.0064949642673227,False,False
0.1486689710077016,False,-0.9964397756027749,False,False
0.0035193353563638397,False,-1.1224904992980567,False,False
0.02178909046289318,False,-1.0216315620361844,False,False
0.05207660627917193,False,-1.0642699453327127,False,False
0.14223510815755463,False,-1.0993296115074644,False,False
0.013123081010808058,False,-1.2220157309688118,False,False
0.1467281269292498,False,-1.024622100624875,False,False
0.06787050145845169,False,-1.145184251373863,False,False
0.14470798623339065,False,-1.0749106434963542,False,False
0.042922321341634095,False,-1.3001925900908875,False,False
0.05595711116028146,False,-1.012795898441628,False,False
0.03650164499057629,False,-1.0707044563585644,False,False
0.10678871068389106,False,-1.0037743863901025,False,False
0.1294323603708154,False,-1.1759447435141492,False,False
0.1413786277302424,False,-0.9935855057614917,False,False
0.031873117404714324,False,-1.0151251706702191,False,False
0.07870778305969361,False,-0.9827185981749457,False,False
0.04441267110216024,False,-1.1671386966343216,False,False
0.06936159340620213,False,-1.1819142628417776,False,False
-0.024585406430366552,True,-1.0758160269686885,False,True
0.14187598328250728,False,-1.1071408721311433,False,False
0.044548409577950365,False,-1.422271847974101,False,False
0.07035256870118273,False,-1.3252389497758439,False,False
0.0023129158215718926,False,-1.0692821282512184,False,False
0.08067825499858777,False,-1.0163294584876386,False,False
0.010744271039912379,False,-0.9935181660540879,False,False
0.07540657439538329,False,-0.9940239018081772,False,False
0.08620987643724393,False,-0.9828713488118698,False,False
0.051991974122649165,False,-1.1959685700639355,False,False
-0.015125185282684694,True,-3.286854461005016,True,True
0.0033707988691367152,False,-0.9844053285316207,False,False
-0.0440999530679238,True,-1.0609771371535728,False,True
0.14836780150406748,False,-1.0815916474064826,False,False
0.011373217250891021,False,-1.0299042416114796,False,False
0.11127276437471839,False,-1.0042182853136623,False,False
0.07843540669760263,False,-1.01070802573706,False,False
0.01770405224735272,False,-1.6544112322063067,True,True
0.07523893169684803,False,-1.0877361664993734,False,False
0.07620629833482334,False,-0.9561071804076438,False,False
0.08294451712348566,False,-0.9911124094698467,False,False
0.07082106246694031,False,-1.1200311622448975,False,False
0.06560491786323935,False,-1.072062755435611,False,False
0.07631557333992317,False,-1.0068150967861802,False,False
0.014938142440496738,False,-0.9857536385970278,False,False
0.14574750832364364,False,-1.0015146707855298,False,False
0.07930437307019478,False,-1.0187350664204264,False,False
0.06903563679336766,False,-1.081032210701166,False,False
-0.07606623506230947,True,-1.5935909907536483,True,True
0.06910082208838958,False,-1.0165036472730606,False,False
0.07845366314900443,False,-0.9697494337737906,False,False
0.13822659888282507,False,-1.130345780436857,False,False
0.09636726272921492,False,-1.0578972506023216,False,False
0.10509104402254082,False,-1.0002446671815375,False,False
0.07038400211408657,False,-1.158053605908385,False,False
0.14852373031726135,False,-1.0377348428300395,False,False
0.06429261802969721,False,-1.1479162553337023,False,False
0.00858154093832142,False,-0.9863130531804563,False,False
0.13779762371619053,False,-1.0131078642668592,False,False
0.14788754263085074,False,-1.0309733399368786,False,False
0.0768526997181081,False,-1.2419691370763817,False,False
0.06779543119475379,False,-1.0425816287499348,False,False
0.14004996276801251,False,-1.0646527901661058,False,False
0.07997643597667242,False,-0.9612326542265432,False,False
0.05657863714410605,False,-1.0411006386563268,False,False
-0.011363950496398267,True,-1.130890423280466,False,True
0.05871525618328527,False,-0.9747623236231912,False,False
0.1435808111161644,False,-1.0351029442985757,False,False
0.12134325782097127,False,-1.1256889138884578,False,False
-0.009667396174730003,True,-1.252025235898253,False,True
0.03321546797213848,False,-0.9991270714690053,False,False
0.08237420712676796,False,-1.1024953485778053,False,False
0.07651097317354316,False,-1.1911513757289574,False,False
0.07752933580251259,False,-1.0641897872425865,False,False
0.15860561030434284,False,-1.0400814043524844,False,False
0.11479984892741629,False,-0.9797996676300039,False,False
0.07492646135556602,False,-0.9971605871005007,False,False
0.03528635603527802,False,-1.3281712824979173,False,False
0.06410784496597266,False,-1.021543240802113,False,False
0.0713046885494606,False,-0.9951511567088952,False,False
0.07736593442554696,False,-1.0029087718899807,False,False
0.050461497454109494,False,-1.177767186405808,False,False
0.07593779359784664,False,-1.113991756122981,False,False
0.03198323660802921,False,-1.0861259976831958,False,False
0.025724755068317118,False,-1.1448147040694248,False,False
0.14179152142472734,False,-0.9842509623905691,False,False
0.05005119754145032,False,-1.0428810726221927,False,False
0.030066464357765665,False,-0.9665062680087972,False,False
0.07184303977546003,False,-1.0368807993555345,False,False
0.07625717317124181,False,-0.9753800454665911,False,False
0.06389217721236157,False,-1.0044975819390969,False,False
0.07658832175848129,False,-1.5647967181349893,True,True
0.07286546250061865,False,-0.9935854101489466,False,False
0.14631691835731891,False,-0.9870626114974435,False,False
0.13380067514509014,False,-1.1315173609583637,False,False
0.08212300338962181,False,-1.1556979203944409,False,False
0.039695678073305596,False,-0.9965168640422876,False,False
0.07867095717698136,False,-1.0110960655347385,False,False
0.0988087397340755,False,-1.029157678509359,False,False
0.13769666906646677,False,-1.0197533926426146,False,False
0.08201566423837986,False,-1.1864338773519831,False,False
0.10328613253071661,False,-1.5200101291213715,True,True
0.1011443557703593,False,-1.0672887594696885,False,False
0.03192389612518043,False,-1.7168585241005367,True,True
0.06502395053853388,False,-1.4546640885206061,True,True
0.145530723337511,False,-0.9684691766796518,False,False
0.0611708665746834,False,-1.137090765600178,False,False
0.06875857515073042,False,-1.0463254162900508,False,False
0.09133471626547718,False,-1.002189163627959,False,False
0.06588125114050292,False,-1.05718014351866,False,False
0.0993873240499859,False,-1.0602605327092447,False,False
0.04953549609798491,False,-1.2700632898165511,False,False
0.01748132384579182,False,-1.9067681614839855,True,True
0.13883399450685835,False,-1.0326568315618754,False,False
0.0755495344469736,False,-1.025122121175118,False,False
-0.01919022436430151,True,-0.9810164524876503,False,True
0.1462028078157892,False,-1.0319678061200264,False,False
0.08109430496514197,False,-0.9509699778724542,False,False
0.042943541707329,False,-1.0569250625953566,False,False
0.08051996171813897,False,-1.0306047962415592,False,False
0.1519637698060573,False,-1.0138225699255212,False,False
0.028069032330384325,False,-0.9421724245920814,False,False
0.13029903572317553,False,-1.2611238726954184,False,False
0.07087817874467639,False,-0.9950745138339171,False,False
-0.012193771789054564,True,-1.0983050693607634,False,True
0.07813019747696293,False,-1.031696388061996,False,False
0.022662902939456386,False,-1.0075398308086763,False,False
0.06164721109584642,False,-1.113306505905307,False,False
0.07765683410294344,False,-0.9524129264557496,False,False
0.08127937705165672,False,-1.0020236548388524,False,False
0.00977217272496389,False,-2.9128781824523267,True,True
0.07815768590072908,False,-1.0637505820273088,False,False
0.14501972392167395,False,-0.9874832073116625,False,False
0.03729832352239293,False,-1.1808658880468763,False,False
0.09968936465886036,False,-1.0605170821298342,False,False
0.02704324869824265,False,-1.0096524136069418,False,False
0.15087853984433136,False,-0.9637574071575997,False,False
0.06562208826568883,False,-1.1238052941802927,False,False
0.13533791311821275,False,-1.0178824815629568,False,False
0.07475933341275698,False,-1.1731024970292998,False,False
0.053290151976234545,False,-1.0002164922138688,False,False
0.06806990941349828,False,-0.9842606261916395,False,False
-0.0073292524611305865,True,-1.02162592747807,False,True
0.06894664448162419,False,-0.9884651555454411,False,False
0.0672017430468741,False,-1.0567820948499702,False,False
0.09693997993846432,False,-1.0180867341972741,False,False
0.04974772183148707,False,-1.073074696756481,False,False
0.03317015530260431,False,-1.5708204012527118,True,True
0.0889615382097611,False,-1.098082394107253,False,False
0.14541543265719975,False,-1.0229583651029668,False,False
0.033557922537019114,False,-1.0643344444877099,False,False
0.05845694617202468,False,-1.0110900211113283,False,False
0.07315435663739184,False,-1.0029475873377096,False,False
0.08414559905075986,False,-1.5223294019390243,True,True
0.08346304206667676,False,-1.072108890357954,False,False
0.1452615604618983,False,-1.1567682723886161,False,False
0.023864287942491624,False,-0.9816909793106954,False,False
0.006441339508068911,False,-1.0622733276959175,False,False
0.10034841420677909,False,-1.0278361537668375,False,False
0.05634209709529253,False,-1.162976337090271,False,False
0.13625804746758452,False,-1.1461114157237517,False,False
0.0977199647122532,False,-1.084158899314828,False,False
0.08212864864744762,False,-1.6497937628099428,True,True
0.06838537370145503,False,-1.1481982567182905,False,False
0.07702215433482568,False,-1.1859281720088166,False,False
0.08245134664225195,False,-1.0126126367682264,False,False
0.1327240931195966,False,-0.9591903417523856,False,False
0.05918423309120513,False,-1.0170313867953484,False,False
0.04701937701643055,False,-1.122343640039653,False,False
0.05114579742579756,False,-2.1044138989951553,True,True
0.07499740909703867,False,-0.9881212844762288,False,False
0.13253061870191207,False,-1.2590940234559571,False,False
0.05848798989344983,False,-1.0548776160307394,False,False
0.0553054809694527,False,-1.1129933660738338,False,False
0.12595633147002294,False,-1.0862811277765718,False,False
0.10783366357241336,False,-1.0702889455998987,False,False
-0.022618288349176896,True,-2.0851281772826713,True,True
0.07204347285374535,False,-1.023507696426896,False,False
0.09665934150772826,False,-1.6749889798971727,True,True
0.10590545590294859,False,-0.9592220230884768,False,False
0.08268801083812682,False,-1.0179107660108297,False,False
0.10168511952548648,False,-1.0209301958757908,False,False
0.08504559728011563,False,-0.9507316898695001,False,False
0.02186917636566804,False,-1.0022104930487927,False,False
0.0758980259189802,False,-1.000120914448115,False,False
0.1133968099081401,False,-1.219888307369775,False,False
0.08260456038178537,False,-0.9589652636642002,False,False
0.07022228886815018,False,-1.1750360812047684,False,False
0.07887886295824958,False,-0.970011704827922,False,False
0.07543194025352312,False,-0.9962873022234774,False,False
0.08284674828736449,False,-0.9765422014171886,False,False
0.06654738885289091,False,-1.0609361867224116,False,False
0.028223190756335614,False,-0.9827206097325287,False,False
0.14394401663588946,False,-1.0636551412943223,False,False
0.085136641237605,False,-0.9696944796935008,False,False
0.02302847063185315,False,-1.0139792461900714,False,False
0.07276860031328308,False,-1.0172653159004814,False,False
0.11061715239477726,False,-1.0069343565359443,False,False
-0.013707333365610253,True,-1.109628598316441,False,True
0.1499758798000529,False,-1.0366022577406528,False,False
0.03465261211633325,False,-1.0647899334816935,False,False
0.05124799465409563,False,-1.1419914754858436,False,False
0.08943860704473561,False,-1.2753226999684222,False,False
0.06957771723584222,False,-1.0164107487964427,False,False
0.14692055171725854,False,-1.0125937165507746,False,False
0.027156701841820508,False,-1.0162537788890058,False,False
0.08521858919374908,False,-1.0495902251036537,False,False
0.04634467014306193,False,-1.6140877405961453,True,True
0.05688728721926167,False,-1.0516220161747023,False,False
0.07900147094018728,False,-1.002857580860245,False,False
0.016277632862227165,False,-1.1917122513336342,False,False
0.07895545430598594,False,-1.0578142229584482,False,False
0.025311822799057526,False,-1.051890217976506,False,False
-0.01935011329901659,True,-1.1604491050268906,False,True
0.025614641691106166,False,-0.9563126124283399,False,False
0.03698172120976112,False,-1.1435289513924043,False,False
0.07945973995839012,False,-1.040822924072529,False,False
0.05727320512998957,False,-1.009452428863411,False,False
0.07168770174767292,False,-0.9918247379297945,False,False
0.05881388422421008,False,-1.1819728873217994,False,False
0.06635344278046557,False,-1.0154372722121399,False,False
0.1166632758015026,False,-1.0623224381949157,False,False
-0.006304280284060604,True,-1.2998142340636938,False,True
0.04710174387225824,False,-1.5811034423329748,True,True
0.07599119200475285,False,-1.0014863151934996,False,False
0.08047727336414168,False,-1.1576535504177379,False,False
0.07917704076886956,False,-1.0118172652486719,False,False
-0.00042113321304459994,True,-0.9713619427972284,False,True
0.0845323206667083,False,-0.9964186450638346,False,False
0.015292331533229175,False,-0.9583287993201305,False,False
0.07290200392489288,False,-1.028300142271712,False,False
0.007491079291805036,False,-1.0937180266660091,False,False
0.06816745858999418,False,-1.003794885497991,False,False
0.06586480646598347,False,-1.0670039917728673,False,False
0.07941184818595765,False,-0.9689520293202474,False,False
0.07152901831726843,False,-1.44444840640055,True,True
0.07310060796754753,False,-1.0641846120047724,False,False
0.06494408789130418,False,-0.9809129927065194,False,False
0.10260066515595567,False,-0.9644942339752234,False,False
0.0732515905527581,False,-0.9585563570260052,False,False
0.08638305161958931,False,-0.9706891867175216,False,False
0.09998170242273141,False,-1.0471077332303387,False,False
0.08306905641615236,False,-1.0446613641333045,False,False
0.01077855789416926,False,-0.9910388099181373,False,False
0.041283038606632905,False,-0.9922832080234892,False,False
0.0625413005218175,False,-1.1569714681530472,False,False
0.07083899451543824,False,-1.0857705138046898,False,False
0.1013519787421967,False,-1.1870956163482753,False,False
0.14087936196623108,False,-1.0260013700620272,False,False
0.03602014359776173,False,-0.9652281151820408,False,False
-0.014251192955971548,True,-1.1023376739655437,False,True
0.09324675942257837,False,-1.1266881210300967,False,False
0.08213776638136727,False,-1.1106091759726837,False,False
0.026912736988247865,False,-1.221520568487226,False,False
0.038076619580408144,False,-0.9864158843224422,False,False
0.031998242087970974,False,-1.0042706202605585,False,False
0.07195704548861953,False,-1.611024054606532,True,True
-0.00522820168301652,True,-1.0821213652529762,False,True
0.06589041685907587,False,-1.668744946069845,True,True
0.0763015023955626,False,-1.0187585419043295,False,False
0.08778017501468321,False,-1.1066254712593344,False,False
-0.007950855160941073,True,-1.358101470767713,False,True
0.10260066515595567,False,-0.9644942339752234,False,False
0.14737684821406383,False,-1.000243197364283,False,False
0.0840310385137451,False,-0.9429686846534961,False,False
0.009879342679250391,False,-1.0099591971405124,False,False
-0.015436913735609181,True,-1.4586382687852233,True,True
0.05446322503248324,False,-1.1387939438309351,False,False
0.08054355421924081,False,-1.063808284933053,False,False
0.023415611870765296,False,-1.0254787491114894,False,False
0.06154589594154475,False,-1.5007185476375269,True,True
0.14519376374573184,False,-1.0713441553494722,False,False
0.07189888782697779,False,-1.0358530767488365,False,False
0.14721339343255468,False,-1.0974350586630153,False,False
0.07092943537625862,False,-1.2249291332558498,False,False
0.09097381007439714,False,-1.0053427486306477,False,False
0.13203110308955174,False,-1.1783027814682696,False,False
0.0627225017424633,False,-1.078163681513503,False,False
0.0722546589987702,False,-1.0008482305365374,False,False
0.07687633171736469,False,-1.0190265766055453,False,False
0.10405336675415033,False,-0.9758685116195579,False,False
0.14621796185203595,False,-0.9945743089971273,False,False
0.09760557245381635,False,-1.0119232697531177,False,False
0.0860568242557937,False,-1.0930195788593275,False,False
0.07860130770450724,False,-1.0288725829378005,False,False
0.15062766575584835,False,-1.0139016149579991,False,False
0.000416465239858943,False,-1.0057035445210327,False,False
0.06070993785846962,False,-1.0045480829214548,False,False
0.06628506912687832,False,-0.9837097826402148,False,False
0.08015258388429125,False,-1.105490544228768,False,False
0.016409371586480703,False,-1.0281106871431631,False,False
0.1475062277644107,False,-1.0329064852211598,False,False
0.08158170493509226,False,-1.001123717799863,False,False
0.07339340133591438,False,-0.9862755142914347,False,False
0.10922564361314274,False,-1.032080209402437,False,False
0.0459586943167104,False,-1.0461463811301221,False,False
0.1296788418603229,False,-1.0557912001046712,False,False
0.0634642050137803,False,-1.042867465106721,False,False
-0.058870538049338395,True,-1.6627996893654324,True,True
0.0654258032671104,False,-1.1793068525555597,False,False
0.10469119567972851,False,-1.1093259729260525,False,False
0.15187367326824058,False,-1.003418457373757,False,False
0.13287313852395682,False,-1.0399742100756213,False,False
0.131385903619276,False,-1.040224664886886,False,False
0.07062730163982595,False,-0.9431090727730973,False,False
-0.0008627028731196251,True,-1.7237566848411876,True,True
0.15068803903966416,False,-0.9661459226023983,False,False
0.07440964786398052,False,-0.9894024220078093,False,False
0.02225868158277855,False,-1.0169375212291185,False,False
0.06625874988466374,False,-1.026527008188394,False,False
0.10661509744429054,False,-0.9851524334587959,False,False
0.14175545053947547,False,-1.040494229157079,False,False
0.039061279698850926,False,-1.0043349885810353,False,False
0.017828372577130103,False,-1.0367859662462897,False,False
0.03941446789420189,False,-0.9790772955918738,False,False
0.0018396103527743568,False,-1.1791440642397861,False,False
0.09267458597777273,False,-0.9567777473969009,False,False
0.09019937806760808,False,-0.9772724689328884,False,False
0.14132377758180475,False,-1.1592839213887225,False,False
0.06508584514536753,False,-1.0584874354074987,False,False
0.07653453904839685,False,-1.1142357453664393,False,False
0.07326988272505086,False,-1.0501209380460903,False,False
0.07342935595443056,False,-0.9870406623969913,False,False
-0.0034816534453721015,True,-0.9916978775519478,False,True
0.046175959798955446,False,-0.9872755723411034,False,False
0.0371081240287372,False,-1.1110498022007278,False,False
0.0431899909980597,False,-0.9812779968726391,False,False
0.07940659241519804,False,-1.0020226017693685,False,False
0.08901773619913883,False,-1.032047841333131,False,False
0.0923876455424038,False,-1.0112466262016753,False,False
0.12838871487127257,False,-1.1246986351967687,False,False
0.0893204713809615,False,-1.0528380605088226,False,False
0.07422146030228655,False,-1.026345705518006,False,False
0.11117639141995883,False,-0.972865590999902,False,False
0.010363525746290625,False,-1.067198666685774,False,False
0.01982254468187339,False,-1.0859101864995269,False,False
0.1425820711959922,False,-0.9957100856228426,False,False
0.10921008763620521,False,-1.0178275469611817,False,False
0.15331601322042382,False,-1.0481094148868073,False,False
0.07280617364451514,False,-1.022251866994861,False,False
0.06967827104226149,False,-1.0022023795415174,False,False
0.0687655840169637,False,-0.9783369586489912,False,False
0.08229416672034046,False,-0.9907376393856694,False,False
0.045471543292479155,False,-1.254431328313213,False,False
0.06319011342737568,False,-1.018231464894296,False,False
0.1368132386263698,False,-1.0910690653400208,False,False
0.019296343584797038,False,-0.9800000485713435,False,False
0.07625494261522286,False,-1.0995286749209967,False,False
0.019366039818695224,False,-1.1420018077656362,False,False
0.03923039407142953,False,-1.1727346363739604,False,False
0.06365071051142995,False,-1.3688551244207103,False,False
0.04477040027740553,False,-1.17028136842148,False,False
0.08840728589020802,False,-1.1710213065416444,False,False
0.06107773964224367,False,-1.0427803699613594,False,False
0.06177953003443043,False,-1.0219808156561716,False,False
0.08053876325083509,False,-1.0014706946536691,False,False
0.0983213228287168,False,-1.005472872190737,False,False
0.05457672687202775,False,-0.9956234638658387,False,False
0.11365299851964794,False,-1.0017902558579659,False,False
0.042345609408046436,False,-1.5543959856393976,True,True
0.06700875440766318,False,-1.0283867694925397,False,False
0.08707963153288556,False,-0.9933796982519765,False,False
0.03366042925737278,False,-0.9574329980087171,False,False
0.09007699595717833,False,-1.0837087711307998,False,False
0.03500081167242558,False,-1.0850019566558482,False,False
-0.0009817094473094645,True,-1.12411475366906,False,True
0.06339688147760153,False,-1.0903716726105164,False,False
0.051763252868505194,False,-1.8224307358919838,True,True
0.07587109813586607,False,-1.3774933383921362,False,False
0.014977825111104792,False,-0.977427082763944,False,False
0.12565706375046493,False,-1.2994232079024215,False,False
0.07592239050747684,False,-1.0517954250922208,False,False
0.13292985017473846,False,-1.107945799865285,False,False
0.07443815273703419,False,-0.9851831852984331,False,False
0.08011898072608886,False,-1.0019672025336401,False,False
0.07593812309489295,False,-1.011927285981246,False,False
0.05437952695288423,False,-1.0767080328317493,False,False
0.0792091744930088,False,-1.4518111374151652,True,True
0.09850884433676987,False,-1.1840763832166323,False,False
0.03548329914268983,False,-1.3066420146325544,False,False
0.10596070933933288,False,-0.9989263034978549,False,False
0.14523645514520883,False,-1.0458826611068435,False,False
0.004070162628145413,False,-0.9911650996711755,False,False
0.08414397254378503,False,-0.9663262947717545,False,False
-0.0036498005144953716,True,-0.961883307038234,False,True
-0.05542111326417154,True,-1.4559660668396825,True,True
0.01471145603005064,False,-0.9636976950661167,False,False
0.015156689320653838,False,-1.5901845847182474,True,True
0.007309783096061562,False,-0.9661575847373622,False,False
0.14140450056326132,False,-1.1205385548815365,False,False
0.08266175834014294,False,-1.2386370827244233,False,False
0.072250312701165,False,-1.0675602533329773,False,False
0.05039236365249394,False,-1.3855340420004625,False,False
0.14091713769474062,False,-1.1435856002589695,False,False
0.07163333337338723,False,-1.0572937445120458,False,False
0.14422535342081072,False,-0.9772574610893365,False,False
0.0440628507252433,False,-1.1741472322961284,False,False
0.12819760179118583,False,-1.020248796059505,False,False
-0.015282982571945714,True,-1.0329214326349077,False,True
0.07175627465806877,False,-1.2104484588192226,False,False
0.040251657652315254,False,-0.9803941588916038,False,False
0.06404318023397382,False,-1.1508092547758155,False,False
-0.01081157077712902,True,-1.706702888737447,True,True
0.07030362066486723,False,-1.1757740454120695,False,False
0.10414670637729567,False,-1.0757466134632174,False,False
0.024524900190617205,False,-0.9589132574876101,False,False
0.05685532579848296,False,-1.0243451799610512,False,False
-0.004523129314297658,True,-1.0100573838286766,False,True
0.023481229705052953,False,-1.0141383683677392,False,False
0.0005062603892298512,False,-1.0089681967323592,False,False
0.06383136469071993,False,-1.0626212427533253,False,False
0.014931568155642894,False,-0.9454440103798156,False,False
0.08839575475536404,False,-1.1756011144467051,False,False
0.0682343547309247,False,-1.1413429399039612,False,False
0.1420974289364611,False,-1.009337072308679,False,False
0.09195101952219714,False,-0.9879972013748992,False,False
0.007353670969770798,False,-1.1211539784250666,False,False
0.08943913981113244,False,-1.0125304942956717,False,False
0.08068984898912485,False,-1.2226143960550944,False,False
0.06693249971798315,False,-1.0256012560716792,False,False
0.03875563532912202,False,-0.9877377379411664,False,False
0.1334789007795632,False,-1.0852601477107093,False,False
0.10281741862376714,False,-0.9933489336649013,False,False
0.14373207352283324,False,-1.2584996267197994,False,False
-0.0017754397695076696,True,-0.9971649146887129,False,True
0.1300879374109174,False,-1.0311576461210663,False,False
0.11219051837102184,False,-1.1889774343760717,False,False
-0.06309134280698236,True,-1.5799885732571435,True,True
0.07556057495144669,False,-1.0813152540774351,False,False
0.05776102901351082,False,-1.0284810072576172,False,False
0.0680363047182111,False,-1.2254578062572805,False,False
0.13988258231100104,False,-1.5857818384103461,True,True
0.1259569446607332,False,-1.0317146713294838,False,False
0.08062781934340085,False,-0.9442239871667478,False,False
0.05616744723622147,False,-1.086110315804731,False,False
0.1513378057808495,False,-0.9735685712336961,False,False
0.13162972949822233,False,-1.0714629064914782,False,False
0.0760144654190586,False,-0.9621867096982225,False,False
0.024845356284572684,False,-1.025277447934417,False,False
0.10530607244912954,False,-0.9767886977268422,False,False
0.08128711129286298,False,-0.9594871934965188,False,False
0.04975271324084657,False,-1.0343600479680828,False,False
0.09208363456413704,False,-1.009439240094959,False,False
0.07537046068201875,False,-1.0365014024393875,False,False
0.061814550548779434,False,-1.2120193387489082,False,False
0.13385369800845637,False,-0.9921692363237776,False,False
0.0733618717684722,False,-1.0172302487378568,False,False
0.13650840548664267,False,-1.0237023473657767,False,False
0.048755691773754994,False,-1.0169568089105323,False,False
0.0808501494272692,False,-1.018270833324343,False,False
0.06766084197134209,False,-0.9684311225571507,False,False
0.07619682610868456,False,-1.0025073380202705,False,False
0.010980333087114102,False,-1.1658692128199029,False,False
0.05509924779967201,False,-1.085579175758153,False,False
0.1357472230016688,False,-1.2966161479671174,False,False
0.037755816251692886,False,-2.9135120171358255,True,True
0.13279601316614947,False,-1.3326117068956034,False,False
0.12138972823226923,False,-1.0303981658424057,False,False
0.10254580731636359,False,-0.9852570605019304,False,False
-0.0017671313661160593,True,-0.995058447782123,False,True
0.05329556034274696,False,-1.390893916602962,False,False
-0.0007111638895841432,True,-0.9999821604875428,False,True
0.09301942616435321,False,-1.0027062051083286,False,False
0.15317126386006802,False,-1.061481071218767,False,False
0.1094478485890848,False,-1.076817711629228,False,False
0.05698522109348364,False,-1.0574989702486055,False,False
0.02106273032803413,False,-0.9869616754614885,False,False
0.023526555496795276,False,-1.0147484912994904,False,False
0.06030615720425442,False,-1.0103909916356821,False,False
0.08057140630198567,False,-1.0098320734868154,False,False
0.15658909394357112,False,-0.9937650667294609,False,False
0.0308370895087966,False,-0.9769042756225741,False,False
0.07575856758558974,False,-0.9759266331274882,False,False
0.1255550654091499,False,-1.1716357794800234,False,False
0.13416705051337013,False,-0.989219937538719,False,False
-0.0211969440423192,True,-1.2934399223856925,False,True
0.019355860531845237,False,-1.2601011036582475,False,False
-0.062200067565571504,True,-1.1349698341231618,False,True
0.09748968944874742,False,-1.0134975583818875,False,False
0.07567100051792108,False,-0.9921072240902348,False,False
0.10326919170740212,False,-0.9978524841325109,False,False
0.14950112642564556,False,-1.0343515466169872,False,False
0.07054806697044813,False,-1.041762775256701,False,False
0.143911558774363,False,-1.0837700257423732,False,False
0.15463689497581,False,-0.987910824109884,False,False
0.09070704974696853,False,-1.0125603544434336,False,False
0.031296471635776424,False,-0.9530147116432577,False,False
0.13858355695309754,False,-1.0743812571004816,False,False
0.0557804668683049,False,-0.9724694668351518,False,False
0.08084399716132706,False,-1.118906655461464,False,False
-0.006013618268128629,True,-0.9741670896265022,False,True
0.15377037269218835,False,-1.0204877379529218,False,False
0.08260967497820121,False,-1.07741558887031,False,False
0.10257428259716783,False,-1.0194987875326889,False,False
0.11372058644200467,False,-0.970666268076295,False,False
0.06264894951120575,False,-1.0652467348353905,False,False
0.038071559097689,False,-1.3153908001300423,False,False
0.0879550850329413,False,-0.9856373416712326,False,False
0.15277609690212846,False,-1.4369341895350716,False,False
0.03031483047041711,False,-1.0068036478051057,False,False
-0.048292140021318875,True,-1.1274593260265446,False,True
0.051011879394294746,False,-1.0380200133244408,False,False
0.11541803316777399,False,-1.1861671193708274,False,False
0.02852206078467423,False,-0.9934396507751515,False,False
0.01208770336561038,False,-1.1550226419913754,False,False
0.04941235875121841,False,-1.0517286929149468,False,False
0.077933170305366,False,-0.9711308788273213,False,False
0.058724944807452106,False,-1.583099335460624,True,True
-0.02902058518663997,True,-2.1118541986519763,True,True
0.14358286751338523,False,-1.0434111734183298,False,False
0.09048727831235165,False,-1.0061554026882358,False,False
0.14821009517370765,False,-0.9993527721037031,False,False
0.14607969810237503,False,-1.0166708699776223,False,False
0.10671573032822917,False,-1.1375433342629626,False,False
0.07609109221965837,False,-1.0178233452507377,False,False
0.07242974080789694,False,-0.9766269790349809,False,False
0.07025651673802308,False,-1.0382796667499317,False,False
0.0900190553778385,False,-1.1187241479432677,False,False
0.015810267640581133,False,-1.0044978109108067,False,False
0.09486180136680156,False,-0.9711639780618919,False,False
0.1096839438079209,False,-0.9986390090630245,False,False
0.08830122251617162,False,-1.0199386098858167,False,False
0.15194721799082272,False,-0.9691716874360908,False,False
0.08637459652633317,False,-0.9996430683350527,False,False
0.07837216768407601,False,-0.9888661035934019,False,False
0.030244375088478437,False,-1.5716860945222737,True,True
0.0753573441955287,False,-1.0161270451923534,False,False
0.07372568919287326,False,-1.0552360592644134,False,False
0.1565910947515105,False,-0.995898380606333,False,False
0.005825596682260126,False,-1.3395080292562613,False,False
0.08087413919727393,False,-1.2308574926199403,False,False
0.05755757211231116,False,-1.0577764569427477,False,False
0.06626076943374282,False,-1.0579836360804595,False,False
0.07527761073652184,False,-1.003265022538241,False,False
0.03326775277077054,False,-0.9897488253788149,False,False
0.14268048182951304,False,-1.0865172394001326,False,False
0.0273578092840433,False,-1.0036914094769993,False,False
0.07838639410101522,False,-0.9727253568307168,False,False
0.1527606430305325,False,-0.9914132440892095,False,False
0.08859219402501434,False,-1.1141023500797427,False,False
0.07106405601544469,False,-1.0147685527634598,False,False
0.11657771182773807,False,-0.9995030736113802,False,False
0.10363433845100545,False,-1.0003449298192615,False,False
-0.011324477729335758,True,-1.1577824888137247,False,True
0.13747771433021005,False,-1.1069821210184563,False,False
0.05607367687285081,False,-1.9104899081478806,True,True
0.14715545630175397,False,-1.3233398137167092,False,False
0.06737708387098823,False,-1.2247393858453859,False,False
0.15600008092954204,False,-0.9968114107374948,False,False
0.016271845291263243,False,-0.9598469556432484,False,False
0.07572505239509697,False,-1.0077753369749156,False,False
0.08872377449074353,False,-1.0999142059871023,False,False
0.14719437168149963,False,-1.0190662510278374,False,False
0.08641084786852654,False,-1.142071183907372,False,False
0.07211025508465085,False,-1.036528577716859,False,False
0.06381193476292585,False,-1.0367612351498117,False,False
0.07765598602594176,False,-0.9735737230675274,False,False
0.06414336912565716,False,-1.074683182559021,False,False
0.07679028101707813,False,-1.114029559306452,False,False
0.12413065592207634,False,-1.0616132736901727,False,False
0.14871957320288254,False,-1.0569291600694073,False,False
0.07413279840258319,False,-1.0104904649592004,False,False
0.0746019427059183,False,-0.9912403677036071,False,False
0.05587387192253929,False,-1.1001759776690212,False,False
0.0762636596737834,False,-1.0591822203948402,False,False
0.07093985076501769,False,-0.9579250773414781,False,False
0.048699121729910755,False,-1.1993311965440683,False,False
0.07867020954810094,False,-0.9803326886470497,False,False
0.15155292119186586,False,-1.0367869948561586,False,False
0.10235509520216896,False,-0.9962604613006096,False,False
0.07840417873067562,False,-1.0060292129642332,False,False
0.08201226293428959,False,-0.9612670420839494,False,False
0.0839528848810947,False,-0.9767631275441075,False,False
0.033798205989821195,False,-1.0125632932970383,False,False
0.14875211153831353,False,-1.1302523924681118,False,False
0.05997330726165723,False,-1.3895787870175265,False,False
0.027602460452374245,False,-1.0337704514342614,False,False
0.04070971125130418,False,-1.0524358951911952,False,False
0.01909719835912216,False,-0.9687179726255083,False,False
0.019202172087765756,False,-1.0192118725996178,False,False
0.06252415255734278,False,-0.9917418066080584,False,False
0.08788895418599879,False,-1.0316355683578906,False,False
0.1425019607479187,False,-1.071186980690098,False,False
-0.012497945314422498,True,-1.2408690459690168,False,True
0.025402106010546488,False,-0.9606456068286718,False,False
0.06993763207299686,False,-0.9888527596945963,False,False
0.08323092588770653,False,-1.004769154809218,False,False
0.06989108931945165,False,-1.3121162814421754,False,False
0.08413643956140521,False,-1.0786044860412336,False,False
-0.06159329236722266,True,-1.3063844038438541,False,True
-0.011970006585283022,True,-1.089101581001048,False,True
-0.010251631405904238,True,-1.0042259085829133,False,True
0.007515697319885439,False,-0.9915584112975907,False,False
0.019754277798815667,False,-1.4776511874941454,True,True
0.1466001709351532,False,-1.1071835650832829,False,False
0.009405132632074431,False,-1.3344396872082966,False,False
0.06472847037435275,False,-1.1345085330812394,False,False
0.012063140995236643,False,-1.163935127650143,False,False
0.08210174283598498,False,-0.9928045557163774,False,False
0.11534659589767382,False,-1.3729777061611226,False,False
0.07410416646133955,False,-0.9820733347409292,False,False
0.013600635331356581,False,-1.1621420336420951,False,False
0.016368222599782767,False,-0.9915443270900113,False,False
0.1364150062790988,False,-1.137006742785438,False,False
0.13801876169755195,False,-1.0403519399552572,False,False
0.027289386842651753,False,-0.9501743329102869,False,False
0.14344174227177448,False,-0.9850809319053019,False,False
0.13185628217163642,False,-1.0465418643492306,False,False
0.1507720177139441,False,-0.987620301973364,False,False
0.11252193369743202,False,-1.0226899767829418,False,False
0.009258206189281193,False,-1.3496610562896967,False,False
0.07497691415275654,False,-1.0895617545735585,False,False
0.0650028629549882,False,-1.0304563904948334,False,False
0.0731411963951556,False,-0.9729632734784222,False,False
0.07531879943356595,False,-1.0248004820649608,False,False
0.14113385237130793,False,-1.022570448998769,False,False
0.05442989940020121,False,-1.3534278908444917,False,False
0.1428106693139624,False,-1.0174974628907407,False,False
0.15103159096914204,False,-0.9755914291087215,False,False
0.05663250117045843,False,-1.1997366368222786,False,False
0.09735461952662983,False,-0.9832116237811255,False,False
0.07936314012422802,False,-1.097891700819544,False,False
0.09169007129195417,False,-1.3682045491101884,False,False
0.08360140175937353,False,-1.0314793732008956,False,False
0.1173645039259934,False,-1.477837226388591,True,True
0.11280714931394525,False,-0.9973783786496222,False,False
0.06485607596686316,False,-1.0317845002920067,False,False
0.14669451719339915,False,-1.0070666464276414,False,False
0.09046871189832284,False,-0.9656864769908069,False,False
0.00896662825713912,False,-0.9958009514203671,False,False
0.05970375398052197,False,-1.0789358789785546,False,False
0.14810618883165505,False,-0.9906924321966123,False,False
0.025164481660194526,False,-1.379145667898209,False,False
0.08152248190744216,False,-0.9721254822737448,False,False
0.13385277799930956,False,-1.136492866693218,False,False
0.14139543256109044,False,-0.9947577147023703,False,False
0.060236429534838876,False,-0.9816722255008001,False,False
0.011265218997008719,False,-1.4842451219484611,True,True
0.06413009798286151,False,-1.152033929872053,False,False
0.14162760455323936,False,-1.0990384063789704,False,False
0.10433229617839213,False,-1.0373126652613827,False,False
0.005969417521966114,False,-1.144831071494967,False,False
0.10481058536173421,False,-1.2317548999339913,False,False
0.07549782519177867,False,-0.9961280566222115,False,False
0.06122365049889267,False,-1.129717774887818,False,False
0.13248828922606454,False,-1.1074144671143946,False,False
0.12515156016864476,False,-1.0980890409323092,False,False
0.11639700390381091,False,-1.6790440496413876,True,True
0.14837731047910419,False,-1.0105278144458072,False,False
0.0877536297965763,False,-1.4614153959676894,True,True
0.10172901259089717,False,-1.07302931605594,False,False
0.008653900884654564,False,-1.5601096264544336,True,True
0.15913390684830175,False,-1.0124506723530777,False,False
0.08324479521874428,False,-1.0667752437738367,False,False
0.03911810814400868,False,-0.9770257971553727,False,False
0.08332742370893892,False,-1.00301072863996,False,False
0.07388906702959602,False,-1.066988502085353,False,False
0.14891221035573587,False,-1.0616766531847541,False,False
0.15288042629696508,False,-0.958795497208107,False,False
0.05435751011978035,False,-1.8686150440494518,True,True
0.06603251633585883,False,-1.0854456144075697,False,False
0.14139404819567924,False,-1.0369493817324895,False,False
0.07104751725624797,False,-1.2567409791578643,False,False
0.14486898672309817,False,-1.0424072026066393,False,False
0.13503538589088016,False,-1.033226599854785,False,False
0.03073660613817586,False,-1.048025880554821,False,False
0.1376975425343941,False,-1.1253348476669782,False,False
0.14743080034789552,False,-0.9991227503741014,False,False
0.14724018595528904,False,-0.9980334469869685,False,False
0.10551862325312694,False,-1.364127762716896,False,False
0.12343622381347485,False,-1.3087042535465554,False,False
-0.013442334959525515,True,-1.1923169802554532,False,True
0.0804831270353909,False,-1.0413284960487696,False,False
0.07788604592093284,False,-1.0437730497607103,False,False
0.0615899743698588,False,-1.1044503341940457,False,False
-0.002564476464323895,True,-0.9674178868491001,False,True
0.12959110964275955,False,-0.9980449260700915,False,False
0.010770600489257043,False,-1.1546123824743864,False,False
0.1554998250675374,False,-1.010046909196023,False,False
0.06603502118234633,False,-1.0700389416931941,False,False
0.05723433791304089,False,-1.1397251141607745,False,False
0.007685357074185828,False,-1.1028290957359124,False,False
0.04467877875741949,False,-1.1888294988531982,False,False
0.10164358233053383,False,-0.9863549788288772,False,False
0.07041947937251747,False,-1.084720949960809,False,False
0.10815946712093921,False,-1.2231670803732606,False,False
0.09770300988321001,False,-1.0264127322366492,False,False
-0.05713752523606397,True,-1.4911888217861795,True,True
0.009821709504752363,False,-0.9984181228639027,False,False
0.06895251788117401,False,-1.0150747381309773,False,False
0.07142270117616017,False,-1.0210089438596746,False,False
-0.04070143150448857,True,-1.273044656791592,False,True
0.02035649979918136,False,-1.0581306090089664,False,False
0.14127018493392668,False,-1.1723554661201638,False,False
0.030047451088792865,False,-1.1398102662983782,False,False
0.0015167490639773629,False,-1.0924036185846577,False,False
0.06455055593184356,False,-1.1875279403580525,False,False
-0.01581928702132307,True,-1.2397353041927082,False,True
0.004871897262493152,False,-1.0651596249432091,False,False
-0.028483118403450747,True,-1.1137217320907806,False,True
0.05785434729130445,False,-1.1109550512942685,False,False
0.004749833481657806,False,-1.0913493994695391,False,False
0.14961806183029935,False,-0.9701446852681908,False,False
0.07916391407036544,False,-0.9669763470721296,False,False
-0.0023543881230294605,True,-1.038165719652263,False,True
0.12439154552138176,False,-1.0790569892906743,False,False
0.14813597823055796,False,-1.0494035999184252,False,False
0.012631542657560724,False,-0.9816528010787258,False,False
0.08389358816754872,False,-0.999078020861556,False,False
0.04452919154434326,False,-0.9907220009365082,False,False
0.14669029274735573,False,-0.9962261788450343,False,False
0.023637126594688973,False,-1.0935956047108595,False,False
0.0487597805126746,False,-1.4013347159499534,False,False
0.0802884859533971,False,-1.0996377461573856,False,False
0.159496957557541,False,-0.9978445906386382,False,False
0.04985163527230313,False,-1.2822633637734704,False,False
0.07934780270008135,False,-1.03349387847931,False,False
0.07912632363025035,False,-0.9854549105399691,False,False
0.14264995675640657,False,-1.0846697084901549,False,False
-0.02010686376134796,True,-1.3756764409466196,False,True
0.022963198475767166,False,-0.9624233555186958,False,False
0.13627085342967737,False,-1.0378296312416315,False,False
-0.018077369415915312,True,-1.348647845968595,False,True
0.08583218483931432,False,-1.1552128486045792,False,False
0.05681552314763577,False,-1.158845419458758,False,False
0.06625874988466374,False,-1.026527008188394,False,False
0.06340054866210898,False,-1.2033816575434764,False,False
0.056501210446532446,False,-1.2147242586629123,False,False
0.04947237444044389,False,-1.6348915659667924,True,True
0.06649546348116542,False,-0.996784154229603,False,False
0.06543153095760551,False,-1.1113755935897232,False,False
0.02752154418500391,False,-1.0854358316489363,False,False
0.0069400659067589965,False,-1.1429389929814966,False,False
0.057849999835319244,False,-1.0877011278901718,False,False
0.06392985712408078,False,-1.0069304808823945,False,False
0.13409733606306928,False,-1.045038794407068,False,False
0.09058684716973298,False,-0.9826128653739007,False,False
0.0691742622987605,False,-1.0069373190990356,False,False
0.06793329123750824,False,-1.3189248138922964,False,False
0.08127937705165672,False,-1.0020236548388524,False,False
0.07215923341957359,False,-0.989344848328118,False,False
0.08300979553447718,False,-1.0042336448808915,False,False
0.09093764076156646,False,-1.0260193500643378,False,False
0.13660922201142722,False,-1.1853312744777214,False,False
0.08366644166721632,False,-1.294520626605831,False,False
0.06048202417979803,False,-1.2322893820940108,False,False
0.08573865843481426,False,-0.9749256280586446,False,False
0.07533059966412414,False,-1.0081396393699995,False,False
0.028053632137495677,False,-1.274904823106416,False,False
0.021661078634579556,False,-1.0031178371247433,False,False
-0.01421881800613023,True,-1.105535034506122,False,True
0.06629780950270081,False,-1.128137869351716,False,False
0.14526275883937234,False,-1.1282322650760008,False,False
0.08156182810632256,False,-1.0507336529997895,False,False
0.15243019164472077,False,-1.0178902434110055,False,False
0.08090040189496778,False,-0.951104204084851,False,False
-0.019523218840362122,True,-1.4226744342624984,False,True
0.13767756772331746,False,-1.0303077231922981,False,False
0.09898046658733572,False,-0.9642069334001555,False,False
0.03954102680871868,False,-0.9953033922511985,False,False
0.13266478869585657,False,-1.210381874329113,False,False
0.07576777361829706,False,-1.00509582242865,False,False
0.021659667949509298,False,-1.0330597858847752,False,False
0.14968644519578123,False,-1.0296592699682399,False,False
-0.013746857427184511,True,-1.4757230427430643,True,True
-0.05505168937173288,True,-1.5345250254678888,True,True
0.14337933485338739,False,-0.991902127423072,False,False
0.017522548733587384,False,-0.9966072095580975,False,False
0.07624469631373432,False,-1.034466880083283,False,False
0.08905031389556084,False,-1.261217935562158,False,False
0.09458401105535308,False,-1.0381921928669837,False,False
0.010697336413042824,False,-0.995368548068728,False,False
0.10603133026067602,False,-1.018721139531463,False,False
0.14999312187959296,False,-0.9847203915584772,False,False
0.06569586583081677,False,-1.0188845479247393,False,False
0.07616537144499286,False,-0.963529177194592,False,False
0.0648974834710151,False,-0.9761683932123162,False,False
0.14667874016798055,False,-1.0607988856198132,False,False
0.08412156159303708,False,-0.9419981715439059,False,False
0.05501683729136331,False,-0.978850041840644,False,False
0.06083131381996276,False,-1.0535369379095534,False,False
0.07136143651943933,False,-1.4165279096451262,False,False
0.1323035094361556,False,-1.1744274749062846,False,False
0.15098294351536634,False,-1.000627003653359,False,False
0.016306295677189664,False,-0.9956554281556913,False,False
0.07456371462081979,False,-1.0475205505870377,False,False
0.07503299124988178,False,-1.1235475544853941,False,False
0.10748368952295662,False,-1.022322495336893,False,False
0.054457304534022866,False,-1.1542621906611903,False,False
0.0341151518330397,False,-1.1926146719233104,False,False
0.0375800179878355,False,-1.0201189520751968,False,False
0.06736541335534268,False,-1.0293872594175064,False,False
0.008201075934518243,False,-1.0439690003078228,False,False
0.0699818779185814,False,-1.1449306385348839,False,False
0.10549183673481588,False,-1.0639546976144638,False,False
0.15003434264370158,False,-1.0059669897700905,False,False
0.06362031493675574,False,-1.0542721917732365,False,False
0.021955651430059786,False,-0.9785475763142889,False,False
0.07820620589374572,False,-1.022243459716409,False,False
0.07221995188166602,False,-1.189370651037404,False,False
0.1002973966548017,False,-1.1381533746220354,False,False
0.1512061095670465,False,-1.0006776122234822,False,False
0.07541803298943511,False,-1.1658682754738516,False,False
0.09609006368248041,False,-1.1214810742009036,False,False
0.10904406466683919,False,-1.0035686851263752,False,False
0.14178392844408494,False,-1.0679732663561379,False,False
0.07773517168667399,False,-1.0191632657726073,False,False
0.07457987715109787,False,-1.0596538634173818,False,False
0.05998016376432613,False,-1.0000524159401678,False,False
0.08441607679247948,False,-1.259620226527149,False,False
0.14661365243614144,False,-1.075170599664021,False,False
0.04441176888683057,False,-1.0353012150318894,False,False
0.11335377406177233,False,-1.0522587243898256,False,False
0.06878995584209158,False,-0.9738089969925643,False,False
0.04921872003409533,False,-1.0803601500380164,False,False
0.038353438469855616,False,-0.9692639152279968,False,False
0.004314383513836395,False,-1.0005908767828242,False,False
-0.08156507762294007,True,-2.2245628936724198,True,True
0.008827944332859716,False,-0.9953685480687277,False,False
0.07056484729600732,False,-0.9846215839237485,False,False
0.017813952435991265,False,-1.4527050751162975,True,True
0.07374360926210283,False,-1.0723062052351606,False,False
0.03539756490701024,False,-0.9659075316648827,False,False
0.042956103674888724,False,-0.9742115693490951,False,False
0.06004105900769091,False,-1.456898768642605,True,True
0.052468362252712064,False,-0.9567059493393382,False,False
0.03584057957604847,False,-0.9940561547749155,False,False
0.06755185955368914,False,-1.014163289756358,False,False
0.07881155126784911,False,-1.0141294884969185,False,False
0.1302696846180521,False,-1.236026035628805,False,False
0.05543711326119366,False,-1.0740465717862961,False,False
0.06463657580371446,False,-1.0625851010651552,False,False
0.008463293877083777,False,-1.6642763144799217,True,True
0.09319621160346808,False,-0.982995828511618,False,False
-0.03421450935173054,True,-1.2908578557094033,False,True
0.07938217260272001,False,-1.0177371337846366,False,False
0.08558637328092095,False,-1.8438582430829022,True,True
0.07531797595504541,False,-1.0864790730985336,False,False
0.09110054668137524,False,-1.0202212987372437,False,False
-0.005540130499645857,True,-0.9708386900838256,False,True
0.084539243143396,False,-1.0563376647575315,False,False
0.15672646743227903,False,-1.0132219364018173,False,False
0.043120757861006664,False,-1.5863175808337622,True,True
0.11853803414514469,False,-1.295479141830791,False,False
0.022686236510515434,False,-1.016791775308891,False,False
0.07533094098060816,False,-0.9936130156988472,False,False
0.055703408949382416,False,-1.1140323983128693,False,False
0.04567726536726058,False,-1.3062857528813665,False,False
0.06693511825749898,False,-0.9749583522981207,False,False
0.07657402659133744,False,-1.1339877096378936,False,False
0.05405550911515555,False,-1.0514616360764875,False,False
0.08141363875599206,False,-1.0396818945992357,False,False
0.10250914292644642,False,-1.3532738282922465,False,False
0.0031842986509679205,False,-0.9989901037180082,False,False
0.06713873878361426,False,-0.9846423783389209,False,False
0.08457449780140952,False,-1.0297355081973658,False,False
0.09564184588263824,False,-1.02666359179684,False,False
0.023526555496795276,False,-1.0156290303917272,False,False
0.0722308367798849,False,-1.0175253834118025,False,False
0.14621009750163289,False,-1.0802214374203083,False,False
0.0862541555487607,False,-1.0604150143060873,False,False
0.1001494393007461,False,-0.994568750340974,False,False
0.13840269286822132,False,-0.9979047019895976,False,False
0.06163518550753949,False,-1.026439898945301,False,False
0.07523669747096556,False,-1.3324428492602407,False,False
0.15263812318034697,False,-0.9845935491096321,False,False
0.10066083545285376,False,-0.9760070160502382,False,False
0.062298862320163184,False,-0.9685469986565198,False,False
0.01730967367889258,False,-1.0105871347749038,False,False
0.13185628217163642,False,-1.0465418643492306,False,False
0.1167400569848942,False,-1.1291623042949717,False,False
0.048341721014885874,False,-1.0282407630603818,False,False
0.01870859896744037,False,-0.9900336265134536,False,False
0.04102935754316411,False,-1.1091991181854606,False,False
0.14049608782940826,False,-1.0165533326279488,False,False
0.04062664503217123,False,-1.274348275002734,False,False
0.07906939085156822,False,-0.9936874207546553,False,False
0.029434161267822112,False,-0.9843893243115257,False,False
0.07537395012967091,False,-1.0548076395356925,False,False
0.031411200749623225,False,-0.9996000986448681,False,False
-0.03446106493278123,True,-1.31494834298716,False,True
0.14147918077522964,False,-1.2864070409656614,False,False
0.08377346594822943,False,-0.9948505282867753,False,False
0.08244434139791523,False,-1.0549061536581004,False,False
0.08307403923473361,False,-1.05518872506268,False,False
0.09560520425856522,False,-1.1484516111776597,False,False
0.0053194304171299,False,-1.008376588597632,False,False
0.07872682635485628,False,-1.1242087924682642,False,False
-0.008531190724245019,True,-0.9954335168452232,False,True
-0.021794859187032056,True,-1.2371196426928068,False,True
0.010714902307801921,False,-1.3410240441022372,False,False
0.12942756575591613,False,-1.3525961243978446,False,False
0.06228598593745438,False,-0.9730555333215645,False,False
0.1399334860788659,False,-0.9776037890808498,False,False
0.030551919959360574,False,-0.9875367126046877,False,False
0.0712060679444429,False,-1.0231190231217133,False,False
0.03387947430979288,False,-0.9908585080964839,False,False
0.03956251372009956,False,-1.0067790048562633,False,False
0.07077473767132836,False,-1.033691726440059,False,False
0.07068417400544252,False,-0.9923074571631971,False,False
0.03462498852891982,False,-0.9436523073522187,False,False
0.13140497402655665,False,-1.0829431634305926,False,False
0.059968526904821406,False,-1.0055222571049516,False,False
0.06869172730445544,False,-1.0297952732833178,False,False
0.06940758665898372,False,-1.0549030009071783,False,False
0.057133560729724586,False,-1.000554716496425,False,False
0.023412955472383423,False,-0.9837714497156741,False,False
0.13105938701232234,False,-1.029957264768141,False,False
0.05189009297152014,False,-1.312334044735207,False,False
0.11374143285311844,False,-1.144910440835599,False,False
0.07030343704781655,False,-1.1810564036786924,False,False
0.07873290327101373,False,-0.9921686858483776,False,False
0.15347790276351453,False,-0.9649935003826753,False,False
0.09001459039345189,False,-0.9733705124604034,False,False
0.06497690334200651,False,-1.0450304257098824,False,False
0.08190023333608754,False,-1.1631406740835417,False,False
0.08262745424760903,False,-0.9953758300521768,False,False
0.1340526823398437,False,-1.0159051868895044,False,False
0.01411234665688732,False,-1.0692477836867798,False,False
0.02931058203801845,False,-0.9956930009071547,False,False
0.14803802009114386,False,-1.021876141943813,False,False
0.03445049352156171,False,-1.0156511339292862,False,False
0.14643359571079284,False,-1.0154197189098748,False,False
0.07013536821579086,False,-0.9645869872014717,False,False
0.14597547217493173,False,-1.0313388564857946,False,False
0.014546543300462011,False,-1.1135689867227803,False,False
0.017597851833046962,False,-0.9656466486861616,False,False
0.027838498361234865,False,-1.0026250767707396,False,False
0.06657772310031562,False,-1.1696360567009443,False,False
0.008233293444184442,False,-0.9915438060482205,False,False
0.07083224987452608,False,-1.1323341759543364,False,False
0.084664894331474,False,-0.9812918459029376,False,False
0.054244048696080405,False,-1.0464246431249955,False,False
0.07789053393928003,False,-0.9976359409150051,False,False
0.14764763593163494,False,-0.9555704751526178,False,False
0.07658399491108592,False,-1.001040668442477,False,False
0.04436307576386345,False,-1.2513109188548281,False,False
0.06062029358843962,False,-1.44949322992574,True,True
0.06809758126533977,False,-1.0174786574914187,False,False
0.04526462492896005,False,-1.2011216207748239,False,False
0.08911085722216927,False,-0.9869024524420025,False,False
0.053926842691077226,False,-0.9905113168256074,False,False
0.05282126319078817,False,-0.9660846687211,False,False
0.13465239918226646,False,-1.044626975755839,False,False
0.06991386565888119,False,-1.1439266873394822,False,False
0.13534306227115744,False,-1.010935986729943,False,False
0.13919233518626328,False,-1.1103282646940276,False,False
0.06633494608976825,False,-1.061146552832798,False,False
0.04816420290165474,False,-1.4658344725959827,True,True
0.02248514593261397,False,-0.9606048242711983,False,False
0.07404119851147206,False,-1.2536453633158016,False,False
0.05345731042840868,False,-1.202663964038474,False,False
0.0764760124238596,False,-0.9871747114873791,False,False
0.0396838571202322,False,-1.0288041020946397,False,False
0.022686236510515434,False,-1.016791775308891,False,False
0.014047233839393658,False,-1.4322560561856978,False,False
0.12095875875460738,False,-1.1803564237362976,False,False
0.1152443416572122,False,-1.217656056615056,False,False
0.05287849178323367,False,-1.1159560360483367,False,False
0.06766492235697186,False,-1.0131684733355084,False,False
0.04966951118463081,False,-1.0033509043106779,False,False
0.07409931339804798,False,-1.0658270065726678,False,False
0.041520353710932434,False,-1.534352114839288,True,True
0.1394015016428229,False,-1.0217233704481496,False,False
0.06703117892383148,False,-1.2271937315481662,False,False
0.04093888977344373,False,-1.759777249271331,True,True
0.01378855541536339,False,-1.2985737925605068,False,False
0.08439106952147263,False,-0.9728849599593762,False,False
0.13926190491924523,False,-0.9819703583637385,False,False
0.07889570300010945,False,-1.0333501625829986,False,False
0.07968928959412469,False,-1.0460740378559792,False,False
0.07356397414011101,False,-1.0257458491694866,False,False
0.13084031212728114,False,-1.280825377489686,False,False
0.08778813200454061,False,-0.9994013096184359,False,False
0.077946062439252,False,-0.9428854694817058,False,False
0.05401669190987973,False,-0.9953350384740942,False,False
0.06412856022004848,False,-1.374127939151844,False,False
0.006315825796733288,False,-0.9876046103196906,False,False
0.12623915148933856,False,-1.0597293426896481,False,False
0.09616157153806432,False,-1.027024435842128,False,False
0.03131473368078619,False,-0.9419834329400383,False,False
0.026534678515453658,False,-1.7809596092393924,True,True
0.0779320401977972,False,-1.1517997864527016,False,False
0.07343883930731432,False,-0.9848943930261577,False,False
-0.004167252456535042,True,-1.2166818317954686,False,True
0.07027983876012839,False,-0.9603001463351581,False,False
0.07783641568436062,False,-1.0702234951156544,False,False
0.07587251298459591,False,-1.0586787026002638,False,False
-0.027671726410032127,True,-1.449303881935775,True,True
0.030011920166989947,False,-1.028115850641369,False,False
0.055656451562852594,False,-0.9770358120834828,False,False
0.05128956539974722,False,-1.1947766274202078,False,False
0.08445368340668397,False,-0.9883014693460662,False,False
0.07228608480971754,False,-1.0053881273586251,False,False
0.017680540986846238,False,-1.145012120653956,False,False
0.02876164573251705,False,-1.079168412079691,False,False
0.06689364343776472,False,-1.1126950840583434,False,False
0.05945329712299818,False,-1.319860425630122,False,False
0.011524097844500703,False,-1.046487526494977,False,False
0.08375749889021761,False,-1.005459438801614,False,False
0.014197744609167118,False,-1.4135873608967768,False,False
0.15247238507964922,False,-1.0081115518928876,False,False
0.061298639832142066,False,-0.9848569435152325,False,False
-0.01169239433424163,True,-1.3773586406181055,False,True
0.04664953958506224,False,-1.1185916259418243,False,False
0.14273402927572576,False,-0.9957964191408799,False,False
0.07529919254727074,False,-0.9746692974569475,False,False
0.08398281979165284,False,-1.000714363255211,False,False
0.07212907332106483,False,-1.079266420511237,False,False
0.06600757215035447,False,-1.0458941475730015,False,False
0.13653870708695587,False,-1.018371517817095,False,False
0.07932100510757684,False,-1.0069958849254665,False,False
0.033798205989821195,False,-1.0125632932970383,False,False
0.013219446870529117,False,-0.9737630929956612,False,False
0.014021808476786357,False,-1.0263495669485734,False,False
0.03366192064141521,False,-0.9471907511221233,False,False
0.06252128844274402,False,-0.9867096641297458,False,False
0.02430181394197445,False,-1.4656633931942011,True,True
0.07771983796893916,False,-0.9790440466697448,False,False
0.0725297600028525,False,-1.0248008144786787,False,False
0.012214368387368002,False,-1.1491883818414494,False,False
0.14851195472852435,False,-0.9984886035037104,False,False
0.06831454542863685,False,-1.0697151046351598,False,False
0.05322569856654974,False,-1.067638660166856,False,False
0.07713086324863772,False,-1.2674819282589278,False,False
0.0679855699244653,False,-1.0442427379717163,False,False
0.08499019521581397,False,-0.9874601894406988,False,False
0.02789373674509621,False,-1.0152188882343922,False,False
0.0802315256981811,False,-1.0046279452316067,False,False
0.1443582842451071,False,-1.038295138374938,False,False
0.09968630127483818,False,-1.0107821626425797,False,False
0.13836223647659907,False,-0.9726236278107324,False,False
0.021479279604040113,False,-1.0038275636222547,False,False
0.06261709398223747,False,-1.0480002995617046,False,False
0.14733170752601404,False,-1.019705783537327,False,False
0.021876387754721116,False,-1.0330057915787916,False,False
0.14316059419419097,False,-1.1289147021801167,False,False
0.07970341093898597,False,-1.2460218326328896,False,False
0.1494415754792937,False,-1.0988324398341647,False,False
0.08136782664064635,False,-1.0497198648546957,False,False
0.15274319873864306,False,-1.0724136563479567,False,False
0.07828168704763455,False,-0.9916878119112559,False,False
0.09810709526984174,False,-1.1493751470178968,False,False
0.02893415713905495,False,-0.979801566035807,False,False
0.0829080121202036,False,-0.9748987533506204,False,False
0.1490227224849589,False,-0.9959252311397053,False,False
0.04711816741650943,False,-2.0004715658417487,True,True
0.146663261403844,False,-1.0074198943986532,False,False
0.06489335787928768,False,-1.2685286084909138,False,False
-0.019300929838787728,True,-1.1148363186594024,False,True
0.11043820487229122,False,-1.0094383884727491,False,False
0.06432521364593574,False,-0.9944886451835776,False,False
0.01921726332725282,False,-0.9621289174564313,False,False
0.0917025467685576,False,-1.0366418855549135,False,False
0.02719837208755216,False,-1.033325679522899,False,False
0.07287721992706114,False,-0.9546623003992416,False,False
0.07696904253335524,False,-1.0042949119119542,False,False
0.07324643139793374,False,-0.9985106199368049,False,False
0.09545630612427031,False,-1.228809106060032,False,False
0.05149898767961114,False,-1.0073632198945583,False,False
0.1096481217342995,False,-1.5401225487066657,True,True
-0.017734307970619145,True,-0.9945254422525208,False,True
0.1077200159080739,False,-1.0228682845167352,False,False
0.059778030604460186,False,-1.0022394291770913,False,False
0.09263495728208415,False,-1.2066282635015633,False,False
-0.0018563400632485294,True,-1.0306760151655963,False,True
0.06638502975404859,False,-1.1821376888338238,False,False
0.0641371236660353,False,-1.0826601465160228,False,False
0.08622821014387155,False,-1.1334773790796473,False,False
0.08037122945249114,False,-0.9966084956358733,False,False
0.1503681925030566,False,-1.0583398362003917,False,False
0.08113285438264017,False,-1.1494115762718893,False,False
0.0009706002189044938,False,-1.1463716908772048,False,False
0.032476968356778435,False,-0.983450156199346,False,False
0.13400789324392431,False,-1.1978947615883961,False,False
0.14520499350932153,False,-1.0389220565987805,False,False
0.10554288904228765,False,-1.0068100044941155,False,False
0.02146341363754012,False,-1.4945549825405435,True,True
0.15822300123494404,False,-0.9997857837125744,False,False
-0.017992446714575006,True,-1.1121384333908622,False,True
0.03066393736214318,False,-1.0517527987324526,False,False
0.08130920730127611,False,-1.3304300074609599,False,False
0.08797056444136486,False,-0.9851529444176528,False,False
0.09241380407820327,False,-1.046492688481238,False,False
0.004529842282844365,False,-0.9829200330030845,False,False
0.06470200279285931,False,-1.1617251129530837,False,False
0.04446414011254102,False,-1.3259414555881155,False,False
0.05724786117312758,False,-0.9570354047231401,False,False
0.0014784125901818879,False,-1.0384465340009554,False,False
0.14387132022872984,False,-1.1702002241417033,False,False
0.07753806377557365,False,-0.9740036903078575,False,False
0.02214045791079078,False,-1.0305790394295231,False,False
0.022032934580892616,False,-1.7918755880286994,True,True
0.028529296674988436,False,-1.2813925007554197,False,False
0.113455994099462,False,-0.9556267239501185,False,False
-0.02819467615114768,True,-1.2649844522774893,False,True
0.146700494561801,False,-1.024063098139844,False,False
0.07570106617894173,False,-0.9702890253386641,False,False
0.052906279026256164,False,-1.031645667221676,False,False
0.14417776977998076,False,-0.9912856449232302,False,False
0.011825333891258394,False,-1.051234485490058,False,False
-0.005759533873831324,True,-0.9797937360428364,False,True
0.05335629316629403,False,-1.1749078622496671,False,False
0.07715647211611981,False,-1.0521704277851265,False,False
0.0824410849934154,False,-1.0940154680304253,False,False
0.0720380357346328,False,-1.027313554951065,False,False
-0.02664633358379731,True,-1.0030747182038549,False,True
0.12378633963601532,False,-1.0592238389973763,False,False
0.1418844900842065,False,-1.0085888270074947,False,False
0.08078550732219641,False,-1.0128136103224723,False,False
0.03217182774961308,False,-1.6815163658143106,True,True
0.037817944602930864,False,-1.035020236076731,False,False
0.13384531454307697,False,-1.0526897779141096,False,False
0.08075242459551407,False,-1.02448965069141,False,False
0.09464178183555749,False,-1.0751981625737264,False,False
0.05927907541434119,False,-1.1612027895139039,False,False
0.0421645693260001,False,-0.9963238948020301,False,False
0.060931321640012415,False,-1.1860550430585832,False,False
0.05710850749809049,False,-0.9720205811888347,False,False
0.11246707367757425,False,-0.9730260043705027,False,False
0.022513670476034142,False,-0.9853975908707338,False,False
0.15045901115491345,False,-1.0123096037818171,False,False
-0.01989698443818122,True,-1.0927649191417295,False,True
0.08045034186842631,False,-0.9873367232506283,False,False
0.06061357077400176,False,-1.1518334469639666,False,False
-0.026934623881779363,True,-1.1021631332972543,False,True
0.09778526401486448,False,-1.0989174873303091,False,False
0.036234752434222084,False,-1.066733748277149,False,False
0.0884113090374587,False,-1.0037822821349214,False,False
0.14757665627930683,False,-1.1054070108895975,False,False
0.07844896251481309,False,-1.3058772402585899,False,False
-0.005946869770484087,True,-0.9738410077579001,False,True
0.15353007194471324,False,-1.0489895535007376,False,False
0.05612543649357338,False,-0.993105653944788,False,False
0.07770298648347157,False,-1.004180683242205,False,False
0.06739195137007387,False,-0.9798774123570133,False,False
-0.005001594476283788,True,-1.0998472856145536,False,True
0.07613365603826233,False,-0.9605602061778941,False,False
0.14042488606490838,False,-0.9918748987558968,False,False
0.057779981751059806,False,-1.0005748868761308,False,False
0.03906101105538773,False,-0.9755128385850973,False,False
0.06431195965873876,False,-1.0899777711859937,False,False
0.08106883991150016,False,-1.0464029846884833,False,False
0.14966684545150805,False,-1.0716606048950081,False,False
0.0822698444709995,False,-1.0388084585588193,False,False
0.07460397588337114,False,-0.9861150531766898,False,False
0.04746354676626047,False,-1.1718921946231802,False,False
0.12279468453044967,False,-1.0735137791607243,False,False
0.0710829497764951,False,-1.0069765183632446,False,False
0.044734678204833456,False,-1.1399677319104038,False,False
0.07844442314692984,False,-0.9870334846272316,False,False
0.07738539625928981,False,-0.9701717276100725,False,False
0.06825947473079341,False,-1.2026747677721947,False,False
0.06689136939288381,False,-0.9933893062481483,False,False
0.060612099672954056,False,-0.9936921515814119,False,False
0.15214793896327944,False,-1.0396559510560854,False,False
0.14972290522360876,False,-0.9712964818363039,False,False
0.13200368948595093,False,-1.0084391502538668,False,False
0.12910427871483598,False,-1.0232733043284366,False,False
0.071635903062096,False,-1.0137254708416779,False,False
0.149703725461029,False,-0.9843957503230338,False,False
0.07103957752376372,False,-1.139551448836036,False,False
0.1223454080129403,False,-0.99159939980496,False,False
0.07843641122069656,False,-0.9682090775395737,False,False
0.06352415297489283,False,-1.1373242497176514,False,False
0.06594886404660066,False,-0.9994624440864612,False,False
0.08774825239338163,False,-1.0268253827619014,False,False
0.15177337370605887,False,-0.9955073520097505,False,False
0.011565446955020708,False,-1.0711672310013143,False,False
0.06610293235473824,False,-1.0083004254433114,False,False
0.09205502442226221,False,-1.01742101967233,False,False
0.1397980329460889,False,-1.0454240132622832,False,False
0.15244397758653422,False,-1.001966699945094,False,False
0.08644683312440032,False,-0.9614632857463787,False,False
0.1502526065728158,False,-1.0075115125281833,False,False
0.0979465032149287,False,-0.9873610559773363,False,False
0.048755691773754994,False,-1.0160740102621904,False,False
0.14495121786123794,False,-1.0833006884401852,False,False
-0.013386092855063203,True,-1.3784998312720051,False,True
0.06574075314386202,False,-1.097230181237919,False,False
0.03584057957604847,False,-0.9940561547749155,False,False
0.10349369740772468,False,-1.2175921250089368,False,False
0.0050374190598510005,False,-1.195052614034936,False,False
0.04744089616871722,False,-1.1205627248022547,False,False
0.013678608975063122,False,-1.0391362341261545,False,False
0.0207534158728368,False,-1.0125029668835457,False,False
0.046988062215056414,False,-2.2211001682797558,True,True
0.14960243692098601,False,-0.9878930109347251,False,False
0.04423037467088686,False,-1.7548380359714542,True,True
0.07043808236019655,False,-1.105649074456826,False,False
0.03565878203312739,False,-1.0083277118557163,False,False
0.14099603153912738,False,-1.0441668532646895,False,False
0.02429119799487256,False,-1.1201953282425996,False,False
0.08448351123228676,False,-0.9693271224210112,False,False
0.14007831262737774,False,-1.082612002431713,False,False
-0.007643563144834831,True,-1.0817958064605289,False,True
0.07290634014455155,False,-1.0643316792855397,False,False
0.05037622460430635,False,-1.5191449882971997,True,True
-0.03267185174367204,True,-1.2838534110539344,False,True
0.018027016844568977,False,-1.0708097462902582,False,False
0.02040034718423822,False,-1.078975546846015,False,False
0.0029034636485205656,False,-1.2894268850948727,False,False
0.014493056772076574,False,-0.9683335878866209,False,False
0.1433968262807852,False,-1.0368225785027798,False,False
0.05109811624651189,False,-1.1200293897178564,False,False
0.038184988126537756,False,-1.037232893071617,False,False
0.1323802777548032,False,-1.0925395605075308,False,False
-0.02581981720797344,True,-1.459251621753678,True,True
0.0630186647300644,False,-0.978039208938249,False,False
0.05235672022357307,False,-1.4935024303368207,True,True
0.017015301307334307,False,-1.2373708814664395,False,False
0.01773777076142291,False,-1.0825299858118624,False,False
0.10315187381611762,False,-1.0722895657687164,False,False
0.09206425754300518,False,-1.6545558577117236,True,True
0.014248798612309543,False,-1.0295975753955744,False,False
0.05430372508506309,False,-1.0163427866853552,False,False
0.05911642442767734,False,-1.037556402950439,False,False
-0.008665323831874683,True,-1.3315364079673873,False,True
0.037908093486715144,False,-0.9704832733711036,False,False
0.07434620434490885,False,-1.0199731032255825,False,False
0.14974611345274103,False,-0.9811675068222808,False,False
0.057963189115343206,False,-1.0503881403031197,False,False
0.01742518258443637,False,-1.0858673703210648,False,False
0.09783567461290182,False,-1.0582244344228269,False,False
0.1450710475289777,False,-1.0663583109699468,False,False
-0.025142709231829707,True,-1.0926732840571158,False,True
0.012107718744679086,False,-1.359362881987689,False,False
0.008134289522542804,False,-1.060963995031646,False,False
0.07588379308729953,False,-1.3703734652882402,False,False
0.010286619567852262,False,-0.9861919914615797,False,False
0.027757925974902453,False,-1.0030720328626141,False,False
0.07072519453935722,False,-1.0254765607712548,False,False
0.034305425322665895,False,-2.5110915720732603,True,True
0.14437127305758068,False,-1.0570497164544228,False,False
0.08005748754137465,False,-0.9714520765514653,False,False
0.10360827413266926,False,-1.0521134686511882,False,False
0.059030243960443984,False,-1.2259241621385342,False,False
0.04111911532834028,False,-1.1319245969899143,False,False
0.07899502322372343,False,-0.9747761942000063,False,False
0.04518979772341464,False,-1.0364975053697454,False,False
0.0013234777809288945,False,-1.6483206141384308,True,True
0.009338787860361575,False,-0.9897859180089311,False,False
0.0898389874178484,False,-0.9551226799010305,False,False
0.043597050008677474,False,-1.0103947521791405,False,False
0.0952970382675351,False,-0.9723423835373156,False,False
0.08734952364210785,False,-1.1020762846143684,False,False
0.018678925863470308,False,-1.2449458648937326,False,False
0.151049471905085,False,-1.0763524805440583,False,False
0.07640422972294703,False,-1.3334879446617809,False,False
0.059341512067061675,False,-0.9938697589443335,False,False
0.06141911622261437,False,-1.052713937490605,False,False
0.0554391882095312,False,-1.392690612292707,False,False
0.05773205269826337,False,-1.0107056324376855,False,False
0.14436679160153926,False,-0.9916225287893639,False,False
0.15319843911807635,False,-1.0107140427695642,False,False
0.07698830869820855,False,-1.0151720805411886,False,False
0.08398934567512478,False,-0.9563323882468475,False,False
0.06371751136383286,False,-1.2129229418157652,False,False
0.06490213196955558,False,-1.0429076873562975,False,False
0.07119624224551874,False,-0.9605698651959569,False,False
0.07050996882530342,False,-0.9691911809517189,False,False
0.050305681855497775,False,-1.0531166028294503,False,False
0.08546647805076235,False,-1.0128236059223295,False,False
0.05893719547698234,False,-1.2106422767115965,False,False
0.06773292352889776,False,-1.0165196653852264,False,False
0.1157400427260819,False,-1.1952621256468934,False,False
0.04407783373249685,False,-1.808903314305817,True,True
0.08960891263995974,False,-1.1090960105185368,False,False
0.06819077174058369,False,-0.9858374667294676,False,False
0.15705684342313087,False,-1.012564822223705,False,False
0.07425991208544797,False,-1.0116273101554372,False,False
0.04286117029251513,False,-1.0288503147894397,False,False
0.04866902677457374,False,-1.0643642025945117,False,False
0.034862155063492384,False,-1.1055281190919048,False,False
0.08411773672941325,False,-0.965932848347175,False,False
0.02321554013778232,False,-1.007660368215932,False,False
0.07462839154326639,False,-0.983029413958298,False,False
0.09308381357782358,False,-1.2228030437666202,False,False
0.11886975244347908,False,-1.0843858647544895,False,False
0.059534898467764163,False,-1.0598713096004986,False,False
0.14193976280276865,False,-1.1677538124874303,False,False
0.11626366099626662,False,-1.2017154778095702,False,False
0.14467389097821387,False,-1.0601868252797062,False,False
0.00923234976275944,False,-1.026766166867462,False,False
0.08073889259560113,False,-1.5152558940982295,True,True
0.1112988160668682,False,-0.9610673976960682,False,False
0.12327377242096127,False,-1.3371973739347431,False,False
0.07274564818088108,False,-1.1485773045436976,False,False
0.03130746184672595,False,-1.0027361901060547,False,False
0.11372058644200467,False,-0.9706920523183685,False,False
0.07640862643047991,False,-0.9787493794276994,False,False
0.0931108457631507,False,-1.011947504559918,False,False
0.07958644296294232,False,-0.9944541556497916,False,False
9.420192512821224e-05,False,-1.1787874584524,False,False
0.14944318462546796,False,-0.9865021658768957,False,False
0.10258553666924053,False,-1.040720321367758,False,False
0.06930101743850764,False,-1.023568198943423,False,False
0.1416768593448503,False,-1.0956989919652653,False,False
0.08593941400414701,False,-1.0180611385824956,False,False
0.0015905884356555156,False,-0.9788706145783113,False,False
0.07820826260155628,False,-1.0883638190960299,False,False
0.14322679799920057,False,-1.086379540879046,False,False
0.08889564495027291,False,-1.0944774464817637,False,False
0.010158305190236305,False,-1.053013423288088,False,False
0.13100771684893264,False,-1.1820402299256973,False,False
0.07259293448036708,False,-0.996013707582603,False,False
0.05645469366213124,False,-1.2198351449517664,False,False
0.07947583592790558,False,-0.9542957038492637,False,False
0.0789375541258509,False,-1.2250307452743467,False,False
0.1394121896086769,False,-1.0969578110983425,False,False
0.0049905014878116605,False,-1.0100265676494176,False,False
0.1487883215934374,False,-0.9966090521819148,False,False
-0.004232534465704152,True,-1.1036844762033862,False,True
0.07058398578206337,False,-1.023179551507572,False,False
0.04374273016853819,False,-1.520557635313517,True,True
0.09471721985563891,False,-1.0339871955066102,False,False
0.07120861136319867,False,-1.028762735668098,False,False
0.1308070636387888,False,-1.1094788333168364,False,False
0.1516731562564293,False,-1.0360072351349068,False,False
0.07919992307382928,False,-0.9862429646857025,False,False
0.03505584975799231,False,-2.145112197826615,True,True
0.04998599037401119,False,-1.0598533651906172,False,False
0.0739549651880827,False,-1.069292711906726,False,False
0.05615758258126541,False,-1.7665891159581235,True,True
0.14950572275341795,False,-1.0238062253641735,False,False
0.00903681699456238,False,-1.1392103317498157,False,False
-0.021922487985290506,True,-1.391337099950658,False,True
0.15437867648626846,False,-0.9995104991394722,False,False
0.05997266288176839,False,-1.879372463074073,True,True
0.14491807794172656,False,-0.9994408432506571,False,False
0.0035636641934757574,False,-0.9827953534808339,False,False
0.08934378183909386,False,-0.9797010675843192,False,False
0.08507848823466196,False,-0.9892546673395859,False,False
0.01474161399422802,False,-0.9760863219057854,False,False
0.08735229253164056,False,-1.0056238032005016,False,False
0.06074475112866562,False,-0.9532066897103532,False,False
-0.012686670082470042,True,-1.5094285450837996,True,True
0.037058188158250294,False,-0.9711304238354168,False,False
0.07832575979067025,False,-1.0585593037978034,False,False
0.07473868390776028,False,-1.164772727480688,False,False
0.08060704162956123,False,-1.137746782202875,False,False
0.1385374461740313,False,-1.1055381499717853,False,False
0.0518789785706274,False,-1.0364708183229534,False,False
0.029142376394002467,False,-0.9598151440248465,False,False
0.0809267285798842,False,-1.1403235326995844,False,False
0.06800233467170835,False,-0.9996766461929667,False,False
-0.021987731611518346,True,-1.4687634707229382,True,True
0.023133596335440598,False,-1.0334318417555002,False,False
0.05039475947406308,False,-1.411378283710262,False,False
0.13991271696066548,False,-1.020860787759273,False,False
0.027878769234076728,False,-0.9768164229614339,False,False
0.05708623171281768,False,-1.1378673664031005,False,False
0.04714975487742984,False,-1.3040590837242658,False,False
0.07950507964084647,False,-1.0183766505411735,False,False
0.07485858318030642,False,-1.11410993866151,False,False
-0.07851351216810276,True,-1.5907842869298148,True,True
-0.010216861936536703,True,-1.0469113091744042,False,True
0.08701927609070681,False,-0.9951078899979102,False,False
0.005253054268291368,False,-1.0755594098743795,False,False
0.09022996882385309,False,-0.9955364283442822,False,False
0.06573454271079887,False,-0.9869309687245551,False,False
0.10526214902413783,False,-1.0655490272269923,False,False
0.06057974335848687,False,-1.2455790185170605,False,False
0.07573544190289172,False,-0.9918327661053086,False,False
0.07581635931605607,False,-1.379468982577642,False,False
0.04515183958304386,False,-1.1787990037368863,False,False
0.031915937243089,False,-0.998508496337372,False,False
0.009001534788389498,False,-1.230042603525954,False,False
0.019125976666767408,False,-1.1750296255385526,False,False
0.11308922660734927,False,-0.9773756652684238,False,False
0.06213870990640824,False,-0.9910344200551575,False,False
0.14928326465323533,False,-0.9781587133069978,False,False
0.15235384757860515,False,-0.9816674314180366,False,False
0.006701135758885313,False,-0.9773594041460619,False,False
0.10961486298760581,False,-1.3539119863496978,False,False
0.06893916687169743,False,-0.9405363912379737,False,False
0.02232586782345486,False,-0.9911412654468374,False,False
0.08662465277981013,False,-1.018811675568946,False,False
0.07471732273700843,False,-0.9745152552504315,False,False
0.13384307956985825,False,-1.0217498664356524,False,False
0.0769502817540425,False,-0.9796031598989282,False,False
0.07177058105816497,False,-0.9601806012149359,False,False
0.12942756575591613,False,-1.3525961243978446,False,False
0.14337900063257397,False,-0.9810723176655172,False,False
0.08484134860377612,False,-0.9790644779438236,False,False
0.14447249287011876,False,-1.1365606263708916,False,False
0.0768895930293052,False,-0.9872671019395141,False,False
0.1401111528874332,False,-1.000558838110421,False,False
0.1413786277302424,False,-0.9935855057614917,False,False
-0.03232304252805407,True,-1.3114297580791798,False,True
0.1533745209699499,False,-1.030719116507091,False,False
0.07600399028755589,False,-1.0553866562070557,False,False
0.05758687244830829,False,-1.0380729582605805,False,False
0.042787051016158706,False,-0.9756963451088433,False,False
0.08295460017666334,False,-1.067990100406615,False,False
0.005109976839364538,False,-1.229045259882629,False,False
0.055639329312745345,False,-1.140766758274287,False,False
0.07363501143179213,False,-0.9963856161907888,False,False
0.07319426739395346,False,-1.0534963811752742,False,False
0.07597283189910714,False,-1.0105333012255115,False,False
0.0055113105749545754,False,-1.041368300697551,False,False
0.12759522137525997,False,-1.4686011095783464,True,True
0.07263199843113466,False,-1.0088717045563904,False,False
0.14022093934757546,False,-1.0166348330767485,False,False
0.055094108856611035,False,-1.1775663697787313,False,False
0.050150052025562,False,-1.0681700344048044,False,False
-0.014821351439088026,True,-1.1408416406860127,False,True
0.13668939274725472,False,-1.1991370955018066,False,False
0.015564016252391899,False,-1.4290831444399275,False,False
0.07671817539019454,False,-1.0272883892538303,False,False
0.05614133371231095,False,-1.1920898276509848,False,False
0.15521659265037963,False,-1.028573801554208,False,False
0.13004327858678721,False,-1.0102112207001288,False,False
0.1599473650288919,False,-0.9952554784430052,False,False
0.06147573800607986,False,-1.0655274971625364,False,False
0.008161261962441935,False,-1.0566534837176635,False,False
0.00469451710828328,False,-0.9764345210714078,False,False
0.14266093106732364,False,-1.0155603459499538,False,False
0.08057421394390762,False,-1.1346134868177051,False,False
0.033637021325393646,False,-0.998509860786284,False,False
0.13553577890076868,False,-0.9795576439055236,False,False
0.0553615968894971,False,-1.0794652551602453,False,False
0.07040242771452404,False,-1.0095228655739739,False,False
0.08834496514801415,False,-0.9655238128222516,False,False
0.04745619021856512,False,-1.051342109335146,False,False
0.08599715562179261,False,-1.0001286006355465,False,False
0.09641161954635308,False,-1.177296660714933,False,False
0.0781364864362869,False,-0.9862717958787179,False,False
0.008939253614053122,False,-1.0067062680320746,False,False
0.1448822910574571,False,-0.9752086379711431,False,False
0.06625592648081108,False,-1.100350789275244,False,False
0.06000773006368554,False,-1.7304485403558452,True,True
0.05261268642293254,False,-1.073486959703078,False,False
0.06479497192120953,False,-0.9972143270607923,False,False
-0.02942840435831484,True,-1.0675583588362105,False,True
0.04236343045786145,False,-0.9744309591207314,False,False
0.0847138199373953,False,-1.0377163133378202,False,False
0.06577118319474956,False,-1.0165634054564987,False,False
0.08582355621682769,False,-1.0184004993300677,False,False
0.06729007529195041,False,-0.9781561026367809,False,False
0.0830871680708643,False,-0.9788668230481535,False,False
0.027381625300263668,False,-0.9600356463142358,False,False
0.11229212686048062,False,-0.9671051920331661,False,False
0.07343460328748053,False,-1.1554477517051909,False,False
-0.01611334418922128,True,-1.18069012050783,False,True
0.1190886276328576,False,-1.183063321670643,False,False
0.07198100910513427,False,-1.0203922462438966,False,False
0.06644766669076912,False,-0.9939879359146129,False,False
0.015996690872026265,False,-1.0292238312210769,False,False
0.07677805677022054,False,-1.0096595929231165,False,False
0.08895443522798085,False,-0.9565068356932294,False,False
0.13666794901044277,False,-1.008639197878173,False,False
-0.059299693564606626,True,-1.0932645727447525,False,True
0.07169026260375433,False,-1.0373810469588272,False,False
-0.0022501072564011793,True,-1.092816115919305,False,True
0.044163907296518534,False,-0.9977790222938558,False,False
0.14947218885050606,False,-0.9742467026850002,False,False
0.06686411952935684,False,-0.9985780435894741,False,False
0.06441679403979289,False,-1.1159711981116878,False,False
0.15403010522285404,False,-1.0446339466194743,False,False
0.07154456034180667,False,-1.013328392932351,False,False
0.0772075701537347,False,-0.9714003472756291,False,False
0.07272726934142276,False,-1.0245020483094216,False,False
0.1435545135876583,False,-0.9952521178358609,False,False
0.06619744731499555,False,-0.9628166468012358,False,False
0.035857856835982804,False,-0.9919259685780084,False,False
0.13561680820848443,False,-1.4037440054467003,False,False
0.13963204975828714,False,-1.0803595933086831,False,False
0.06031570953232657,False,-1.0784462851065677,False,False
0.1526102697594935,False,-1.0496271884113493,False,False
0.08807956479862777,False,-0.9876518871358172,False,False
0.05506559095669872,False,-1.1515121171371105,False,False
0.14186229766479563,False,-1.017934255459602,False,False
0.03383644153435361,False,-1.03030753644811,False,False
-0.021368647766381033,True,-1.0379797591974909,False,True
0.1067080878790177,False,-1.005538327283157,False,False
0.1427795853732849,False,-1.0827886076860112,False,False
0.07757613613484565,False,-0.9906571969377553,False,False
0.07096902897451202,False,-1.0051150469219983,False,False
0.028932808361214257,False,-1.0261370163050925,False,False
0.05453103671121495,False,-0.9765887173646682,False,False
0.0004125949460138667,False,-0.9626755494457679,False,False
0.006320021908340023,False,-0.9939867422589478,False,False
0.06472847037435275,False,-1.140853920516219,False,False
0.0359562505508606,False,-1.8530700039903298,True,True
0.135463663787254,False,-1.0737154920389174,False,False
0.08137341561991324,False,-0.9717925983305493,False,False
0.04680200147392255,False,-1.1741510649879123,False,False
0.06997145291686907,False,-1.0128827901468738,False,False
0.13959469797818724,False,-1.0133642185087575,False,False
0.1405638238753123,False,-0.9928721318455386,False,False
0.06576681799094652,False,-1.053653190186242,False,False
0.006869198121219111,False,-1.0378928699575594,False,False
-0.020292466307566315,True,-0.9845464134916687,False,True
0.1401111528874332,False,-1.000558838110421,False,False
-0.0021997047773253398,True,-1.243951980064423,False,True
0.09380972757298478,False,-1.0476813519427812,False,False
0.0545163179103314,False,-1.0499892942499636,False,False
0.06354127414635902,False,-1.0240702339978678,False,False
0.14969914449293265,False,-1.0193931684234119,False,False
0.055200172410712955,False,-1.0756258968003112,False,False
0.07826486269978122,False,-0.9982291163685023,False,False
0.058085838625265174,False,-1.0330092117359801,False,False
0.02747568526454708,False,-1.003782134358592,False,False
-0.012498718182140989,True,-1.3461879421846368,False,True
0.06127136075182893,False,-1.038823737675675,False,False
0.07056139506259557,False,-0.9576281126806098,False,False
0.07805608481260051,False,-0.9608097664827284,False,False
0.08124871032631231,False,-0.971498416643988,False,False
0.0769694090187476,False,-1.1248960272741777,False,False
0.046957964123271356,False,-1.3120403995499763,False,False
0.0840751305612083,False,-0.9913518246164863,False,False
0.030762341963196604,False,-1.0619132147775314,False,False
0.07382008068978957,False,-1.0336734642192027,False,False
0.0599774233421706,False,-1.1251799988515354,False,False
0.057859969588887505,False,-1.0570684635523622,False,False
0.0764139943390359,False,-1.010228893029797,False,False
0.020173489705721137,False,-2.2251874509756435,True,True
0.09289650723301607,False,-1.0104625445309374,False,False
0.07664459380109145,False,-1.068022247684016,False,False
0.14687450263362167,False,-1.005243875072481,False,False
-0.01633323715887336,True,-1.0683105981306877,False,True
0.044811008749937764,False,-1.0383795411782453,False,False
0.14759100716585788,False,-1.0055531270752778,False,False
0.08554903035674366,False,-0.979148612645355,False,False
0.08588698034184777,False,-1.0059695149472865,False,False
0.14345730563813797,False,-0.9812810054441325,False,False
0.07269913064139388,False,-1.0510649824775753,False,False
0.1408311797428679,False,-1.0496929301790456,False,False
0.12087538365490774,False,-1.062424647911849,False,False
0.028752460680882608,False,-1.0119572047143264,False,False
0.13252858744423895,False,-1.0213024896571263,False,False
0.019754277798815667,False,-1.4776511874941454,True,True
0.07535725713729186,False,-0.9952478058880825,False,False
-0.07225404239403743,True,-1.6403757600312077,True,True
0.07386052170474622,False,-1.0416210893276119,False,False
0.15085554701765702,False,-1.064443001971529,False,False
0.13538451040681043,False,-1.158838224876921,False,False
0.08763032539404741,False,-1.0694703230662153,False,False
0.07686354409063484,False,-1.031072767549523,False,False
0.06379271184871127,False,-1.0299137586464167,False,False
0.08036448718539274,False,-1.1920047669769063,False,False
0.0673493783900222,False,-1.190510201222817,False,False
0.07736520792426854,False,-1.143533982261538,False,False
0.09683383787408734,False,-1.0143425331251819,False,False
0.048302979302426,False,-0.9686256812367121,False,False
0.09707353214011105,False,-1.095662241407376,False,False
0.08041904754383611,False,-0.9926906053022206,False,False
0.0653263333245227,False,-1.3566343421573896,False,False
0.05564133920323322,False,-1.3646980972366864,False,False
0.057006599058414986,False,-1.0742788637211986,False,False
0.005707669162010043,False,-1.0232710370839635,False,False
0.013602990225043854,False,-1.343274035853591,False,False
0.15700229075273908,False,-0.9924859206305887,False,False
0.1323701715564704,False,-1.0576016332282312,False,False
0.0935679203904658,False,-0.9962823038058024,False,False
0.09151802072478626,False,-1.0483971154983642,False,False
0.054709340612226376,False,-1.421258513229596,False,False
0.03360151560498298,False,-0.9837085464791648,False,False
0.14152407943944884,False,-1.0330382435936647,False,False
0.05279832217113212,False,-2.4747853342384585,True,True
0.04241964306572693,False,-1.2044502287023167,False,False
0.15018384771348026,False,-0.9702927917420322,False,False
0.0010594970047305141,False,-1.1749147464742626,False,False
0.08125955354792064,False,-1.0666159290537338,False,False
0.07538149228484636,False,-1.0166543719738548,False,False
0.0347956318433148,False,-0.9763377884624344,False,False
0.06349875524762383,False,-1.1728613625989213,False,False
0.14403958824228402,False,-0.9944393789271613,False,False
-0.00875544444281029,True,-1.3900185387453647,False,True
0.014756116033786237,False,-0.9717213500797601,False,False
0.049806826662752934,False,-1.0812128260837952,False,False
0.016743400157431365,False,-1.0289267301771479,False,False
0.11270871364185447,False,-1.0719445749556196,False,False
0.06707483949299886,False,-1.1215198747643558,False,False
0.045938983298811686,False,-1.1405273667554385,False,False
0.1474275397421302,False,-1.0209071818324893,False,False
0.013119557603545884,False,-1.081110939899066,False,False
0.081309879934238,False,-0.9819633254783116,False,False
0.1389705862505865,False,-0.974308593145494,False,False
0.08655773688710056,False,-1.0732298438531134,False,False
0.04731807627748369,False,-1.3118451098046973,False,False
0.07761858501706032,False,-1.070200688453218,False,False
0.03774079276546366,False,-0.9937559510053766,False,False
0.12819096452868706,False,-1.0732616812575644,False,False
0.1096611963894531,False,-0.9774275157111816,False,False
0.1398561114130395,False,-1.0404308616749496,False,False
0.050348391027851935,False,-1.212227009003027,False,False
0.07930502926547894,False,-1.0507228988717767,False,False
0.07019697020689292,False,-1.1325685363758846,False,False
0.04014166277433179,False,-1.0887887476085973,False,False
0.12608583685142016,False,-1.182530843465973,False,False
0.05013225329905774,False,-1.00650387913151,False,False
0.03553726015209996,False,-1.6466946571314278,True,True
0.13190755768063644,False,-1.0890690010184059,False,False
0.1484192151010157,False,-0.97654001464888,False,False
0.06351327763751746,False,-0.9908533933347776,False,False
0.157104739614361,False,-0.9868140540696657,False,False
0.05895232683183832,False,-1.3993527634681602,False,False
0.1518815361300092,False,-0.9998264424092437,False,False
0.09486180136680156,False,-0.973243133243729,False,False
0.048571401890936894,False,-1.0563295317137822,False,False
0.10363141355078087,False,-1.108588337089171,False,False
0.07796482000929011,False,-0.9696335555217017,False,False
0.06339134709014788,False,-0.9699597454038982,False,False
0.13490504141097204,False,-1.289137545480521,False,False
0.10887121609685946,False,-0.9691531438103768,False,False
0.019296343584797038,False,-0.9800000485713435,False,False
0.1364090836101321,False,-0.9724198110297315,False,False
0.13085895724471186,False,-1.0384549899426578,False,False
0.07055593255803033,False,-1.0885795018295445,False,False
0.08755040115915674,False,-0.9695734714899562,False,False
0.0604700206015068,False,-1.0573245174521362,False,False
0.1202074318854433,False,-1.1107931942736384,False,False
0.1432668559687883,False,-1.0099188221750268,False,False
0.08138023063371441,False,-1.0468996187779003,False,False
0.06623264876737861,False,-1.0127089278523254,False,False
0.08900329972934395,False,-0.9885833111276788,False,False
0.1339007228665285,False,-1.1240018592077756,False,False
0.1403060849936057,False,-1.107724588842307,False,False
0.14439664688074,False,-1.1551468449218645,False,False
0.08352915223551455,False,-0.9525862889998825,False,False
0.053652284456352006,False,-1.1163363274568536,False,False
0.14759882904096067,False,-1.0101480002250285,False,False
0.05901939329316441,False,-0.989343182885805,False,False
0.08475724750316355,False,-1.223131546531056,False,False
0.06142416532115641,False,-1.1574862946284155,False,False
0.07003876012572624,False,-1.0209363147982367,False,False
0.013830938345652855,False,-1.4472417053142637,True,True
0.10170152096101026,False,-1.1399620374919563,False,False
0.04152441111614141,False,-0.9994629169055054,False,False
0.018654284056242698,False,-1.6600837839452338,True,True
0.14229130840341653,False,-0.9890259122201034,False,False
0.07690599994768754,False,-1.012925716969983,False,False
0.06799975563873134,False,-1.058579430539356,False,False
0.07849635372867908,False,-0.9935241309871395,False,False
0.14470855107364422,False,-1.068950746784915,False,False
0.06745234680905066,False,-1.0544873116312825,False,False
0.11027875649642543,False,-1.081614695699947,False,False
0.1487883215934374,False,-0.9785020588324678,False,False
0.0798122816352747,False,-0.9888364668377913,False,False
0.10637922775133746,False,-1.2067818224798796,False,False
0.15090071664278037,False,-1.007606523521116,False,False
0.07847102905506742,False,-0.9696579426724865,False,False
0.058493320602659715,False,-1.2782836517782945,False,False
0.09658744401006109,False,-1.071946696842482,False,False
0.01830542728455109,False,-0.9916968819560511,False,False
-0.01996723728857963,True,-1.832258476264896,True,True
0.12669120816370755,False,-1.0190180136855225,False,False
0.058991610938316785,False,-1.093477386228626,False,False
0.14756733079524903,False,-0.9748539431045768,False,False
0.06364454653724644,False,-1.021055901243399,False,False
0.05834322299752304,False,-1.1002828829088478,False,False
0.08536303599109096,False,-0.9662633275572979,False,False
0.019244240383201938,False,-1.1527814030483357,False,False
0.08315509076315214,False,-1.021794520287896,False,False
0.0142870439811007,False,-1.1654850906821368,False,False
0.076006707583894,False,-0.9947729448186846,False,False
0.12880548704929007,False,-1.1230729587058461,False,False
0.12909259339849527,False,-0.9986185432024431,False,False
0.017462979220902786,False,-1.092328139554244,False,False
0.1439929054427041,False,-1.0020813015983316,False,False
0.024928398900045723,False,-1.017461183044598,False,False
0.03713610826124658,False,-0.9597254749448212,False,False
0.1515316542607429,False,-1.0232945416076344,False,False
0.06722931749235195,False,-1.034376262978948,False,False
0.04959167419682081,False,-0.9983147975294259,False,False
0.08714330594527342,False,-1.0174537304407414,False,False
0.13864847663802338,False,-1.0520074313203978,False,False
0.09151145682924378,False,-1.026346326030144,False,False
0.048895706688484364,False,-1.5770613279076773,True,True
0.14717226678645196,False,-0.9961617445986176,False,False
0.07286188331068538,False,-0.9925711148878404,False,False
0.052195169736874825,False,-1.4772462012731544,True,True
0.05172685685119732,False,-1.1925582386960067,False,False
0.15386318419488254,False,-0.9875224374358197,False,False
0.07657628214189849,False,-1.007671125327056,False,False
0.01542293606905143,False,-1.1335050693150657,False,False
0.04099677307448968,False,-1.0204902168287349,False,False
0.07574525427688167,False,-0.9776254574289741,False,False
0.14501541920313143,False,-1.0640086585767268,False,False
0.04463827427825334,False,-1.4782570832506194,True,True
0.040587988619355475,False,-0.9623729278495711,False,False
0.06288543482976833,False,-1.135888495139095,False,False
0.05453516538292813,False,-1.0553305843006984,False,False
0.12853145347096556,False,-1.123660827312695,False,False
-0.0472766344379536,True,-1.1157089737813215,False,True
0.060850718867340337,False,-1.1005029725970144,False,False
0.09486165730588259,False,-1.0128470621297283,False,False
0.08706472182048469,False,-1.0191051283145702,False,False
0.1456588110989357,False,-1.0002059746449468,False,False
0.13541503443559572,False,-0.9821001309814494,False,False
0.14111954948910388,False,-1.0081731872274677,False,False
0.07184016050422387,False,-0.9397054546277666,False,False
0.0746911338031192,False,-1.0146849053852518,False,False
0.08723782115938994,False,-1.1570549238018537,False,False
0.08616618217776062,False,-0.9634765166742515,False,False
0.08546647805076235,False,-1.0128236059223295,False,False
0.0905765364415741,False,-1.166304334551557,False,False
0.07367925740788278,False,-1.149853626699003,False,False
0.011675895319456675,False,-1.0342960944710407,False,False
0.06685602833633048,False,-0.9523872947323666,False,False
0.025696854433216454,False,-0.9748864376308735,False,False
0.0721905272276811,False,-1.0827148669563162,False,False
0.029120952822034196,False,-1.138944475566636,False,False
0.06787793948993198,False,-1.046720925961886,False,False
0.146780391149955,False,-1.0160211621294868,False,False
0.030186792961690856,False,-1.0991951362937473,False,False
0.13588114214012376,False,-1.1909050719483265,False,False
0.06112160683007667,False,-0.996308910924097,False,False
0.017751230741846258,False,-0.9957918886802574,False,False
0.05091564411450772,False,-1.4896543189965856,True,True
0.1078192991644093,False,-1.0017511114821802,False,False
-0.016540202493314005,True,-1.512089572294633,True,True
0.08628592279434982,False,-1.007063523108374,False,False
0.05755260387615513,False,-1.018669313793147,False,False
0.06113096437075133,False,-1.2583108088470623,False,False
0.07374740853768336,False,-1.4434686904533143,True,True
-0.011259707047804102,True,-1.0277728130789314,False,True
0.0609071553859612,False,-1.0119511983163696,False,False
0.06600289285322586,False,-0.9605162289552697,False,False
0.10353339120362443,False,-1.225280134280601,False,False
0.13517903788353286,False,-1.1298062551398556,False,False
0.07915007344774616,False,-1.0585091442677095,False,False
0.05601167755988645,False,-1.037029856910436,False,False
0.1451929053247531,False,-1.0065723503375064,False,False
0.1423900875696757,False,-1.0279353286746233,False,False
0.10019205541801807,False,-1.3049448057868656,False,False
0.09440313201259809,False,-1.0450279264780247,False,False
0.06588650999684764,False,-0.9890225391255434,False,False
0.016419820767487492,False,-1.091924805130257,False,False
0.14783856621147745,False,-1.0147558664656557,False,False
0.07687802658703896,False,-0.9756764769362046,False,False
0.005859339088008619,False,-1.171856657905586,False,False
0.04472512586940158,False,-0.9695051729353729,False,False
-0.017907515868979318,True,-1.5145726887503934,True,True
0.09583365259179194,False,-0.9825389390290177,False,False
0.06695430387200169,False,-1.0232924649953739,False,False
0.08477166199525987,False,-1.0010129440745248,False,False
0.005602851235051887,False,-1.1739281540450102,False,False
0.07733260560952304,False,-1.0599575179958292,False,False
0.14920234196941085,False,-0.965103730753699,False,False
0.08731321188898972,False,-1.000319038447905,False,False
0.14555591275685276,False,-0.9643346300242108,False,False
0.05161776052410805,False,-0.9692892190725451,False,False
0.07528784429703567,False,-1.2311517096595321,False,False
0.08412816615332541,False,-1.0211742256858627,False,False
0.0699173325513825,False,-1.2440005975229358,False,False
0.08665066989052911,False,-1.0545854180356966,False,False
0.034163042001757904,False,-0.9931425410467959,False,False
-0.0105075343537252,True,-1.0653910236761557,False,True
0.14532837497139184,False,-1.0506945339464022,False,False
-0.0015968225529472413,True,-1.2564638829377506,False,True
0.06524994426170982,False,-1.0015261995323383,False,False
-0.028954582017337582,True,-1.0700400944440702,False,True
0.06817056147349004,False,-1.0563018228049652,False,False
0.03484642233535301,False,-0.9874794410378709,False,False
0.050482668614868775,False,-1.84846954762818,True,True
0.051992895073856904,False,-1.0797852479846801,False,False
0.0038661974296136936,False,-0.9812654970239733,False,False
0.06458274178289586,False,-1.1003414600842187,False,False
0.07670244925531478,False,-1.5450920323461004,True,True
0.14291955220392055,False,-0.9794355628655286,False,False
-0.023324466476015826,True,-1.1488014999976008,False,True
0.13401997001601845,False,-1.1496852797464316,False,False
0.07909769434590297,False,-1.036676781010324,False,False
0.13109458423900672,False,-1.021491712805265,False,False
0.05876411304075757,False,-1.0979534690807502,False,False
0.09907038327862916,False,-0.9826293168371892,False,False
0.06325502596515653,False,-1.0959377838548894,False,False
0.09309147199575529,False,-0.9580736134806698,False,False
0.07690984150872587,False,-0.9915167469627899,False,False
0.08085743683640573,False,-0.978490404289488,False,False
0.09742192059112953,False,-1.2201376879294907,False,False
0.07242437535112495,False,-1.021113890250707,False,False
0.09939254683418375,False,-1.1981801545624367,False,False
0.021279816521169004,False,-0.9561766065733697,False,False
0.032888723979533796,False,-0.9773416211650442,False,False
0.03518516531555532,False,-1.072822406144032,False,False
-0.00825705797065912,True,-0.987567703959032,False,True
0.15819651625100184,False,-1.0002958366753176,False,False
0.032589530261387945,False,-1.5239048834671514,True,True
0.01340334840919799,False,-1.0472285680326858,False,False
0.013253058513346905,False,-1.0726848488574903,False,False
0.07382218401131269,False,-1.0130364658887874,False,False
0.13787944530506296,False,-1.2232256806431754,False,False
-0.013913429931888932,True,-0.9807506613331324,False,True
0.0009707050630908265,False,-1.9286881650894276,True,True
0.06600566321054002,False,-1.0622996367848667,False,False
0.04755857134727637,False,-1.21399676635389,False,False
0.09736832012187657,False,-0.9940099182282323,False,False
0.05288078176454186,False,-1.1006489819620975,False,False
0.03127905072761428,False,-0.9652845888881808,False,False
0.1442122181377004,False,-1.0152458881709763,False,False
0.10624670384603652,False,-1.1546931301180714,False,False
0.1450717518357033,False,-0.9834076482902934,False,False
0.04583532090388881,False,-2.388280705999403,True,True
0.03434800743268429,False,-1.009452594329513,False,False
0.08964887277233663,False,-1.0728239412502572,False,False
0.10219867601214178,False,-1.1155697606715786,False,False
0.05839169330965627,False,-1.101151720603576,False,False
0.07058080866313438,False,-1.1758002692986387,False,False
0.060340727285625395,False,-1.0598543748870033,False,False
0.07564096746720783,False,-1.0109093641663038,False,False
0.07806832757638171,False,-1.1125731545720423,False,False
0.07858487819281995,False,-1.0810197798613577,False,False
0.13125339180970108,False,-1.1613522506185743,False,False
0.07655864129934759,False,-1.258446996008954,False,False
0.07279725944038673,False,-1.162953893316944,False,False
0.0698355712146948,False,-1.4465359206335455,True,True
0.0026598933060842933,False,-1.1029503322361693,False,False
0.06813543403665417,False,-1.0169557738701842,False,False
0.07895592706258026,False,-1.0091712869144729,False,False
0.1404719565729689,False,-1.0273818141630247,False,False
0.1519303519076256,False,-0.9787094947628556,False,False
0.0193401888549547,False,-1.1195772404871465,False,False
0.15793536309770156,False,-0.9736729128459476,False,False
0.0872892626378255,False,-1.00981194262948,False,False
0.14701182727001616,False,-0.9906255235598946,False,False
-0.001148604389436203,True,-1.0999581733439343,False,True
0.05145138372743452,False,-1.5378210424190724,True,True
0.04390844330890464,False,-0.9809515617607889,False,False
0.045471543292479155,False,-1.254431328313213,False,False
0.13350897861829836,False,-1.0593267693556394,False,False
0.04016339592707996,False,-0.9460461012414667,False,False
0.06911511877587034,False,-0.9912856107968505,False,False
-0.020116259582743212,True,-0.991495735446469,False,True
0.04381987075541299,False,-1.154519521559267,False,False
-0.010799243679522563,True,-0.997408668417966,False,True
0.0639179999941964,False,-0.9903507324419254,False,False
0.15824005704929134,False,-1.149356229439899,False,False
0.05686914117856162,False,-1.0998005910738524,False,False
0.06578508221695589,False,-1.0335173805165545,False,False
0.08782629765239741,False,-0.9982959975074899,False,False
0.05904070765621744,False,-1.0301158647526534,False,False
-0.00828813352156843,True,-1.1182710484869547,False,True
0.08682089461476811,False,-1.0673262892323179,False,False
0.010031503239325223,False,-1.3461392957361948,False,False
0.14889087118380206,False,-1.0211707515476287,False,False
0.15116236466031607,False,-0.9811163941185452,False,False
0.07696545972313096,False,-0.9834198334834504,False,False
0.12620347053529074,False,-1.17184640290805,False,False
0.02700162590519606,False,-1.0215316648525703,False,False
0.06409422863596259,False,-1.0408952197460035,False,False
0.0779274717716999,False,-1.0151891544133966,False,False
0.10970761644905469,False,-1.0458290517584796,False,False
0.039755393770887215,False,-1.0178957609096642,False,False
0.08271235044426195,False,-1.0214811114811595,False,False
0.1407902007340599,False,-1.0776053746563825,False,False
0.11039789491770102,False,-0.964412617899497,False,False
0.08195175410605032,False,-0.9822278665362243,False,False
0.05823687992054172,False,-1.493353166736782,True,True
0.13362379663637858,False,-1.1260908679365438,False,False
0.05502854589171802,False,-1.114997945963824,False,False
0.15403717655775878,False,-1.0372016739402137,False,False
0.05537679204185503,False,-1.048918824619045,False,False
0.044932210236595826,False,-1.1789386537406248,False,False
0.15166361384497606,False,-1.021529984012691,False,False
0.0816360303240794,False,-1.0312113783124013,False,False
0.11361885997680832,False,-0.9844187991261233,False,False
0.15200304047349023,False,-1.0277068692412343,False,False
0.1297276302751727,False,-1.0068281298775614,False,False
0.07658935751566304,False,-1.1905465722640423,False,False
0.15257895842054486,False,-1.0125005436530239,False,False
0.026950602330373108,False,-1.0061034319893278,False,False
0.038503988180286886,False,-1.045181274719643,False,False
0.02398059281166426,False,-1.3025301335400177,False,False
0.09476823622417291,False,-0.9891641330218167,False,False
0.02749494451285267,False,-1.0661075709503085,False,False
0.1284007443218772,False,-1.0428592046955265,False,False
0.098320548558954,False,-1.0510453012811103,False,False
0.045378564375464336,False,-1.209160202456728,False,False
0.09417738148165389,False,-1.207815509539759,False,False
0.08271404177598263,False,-0.9817549883412336,False,False
0.032553631865493426,False,-1.0374112947346568,False,False
0.09555997225830354,False,-1.1412255251511492,False,False
0.14580728970060491,False,-0.9994563180096543,False,False
0.017387985792885252,False,-1.1383338299133423,False,False
0.07785744138752754,False,-1.0274012696786639,False,False
0.14184754832221952,False,-1.0057701806183874,False,False
0.14160807322420282,False,-0.9819515570412396,False,False
0.11151469791279245,False,-1.001916925733059,False,False
0.045781665025631635,False,-1.2079654550535563,False,False
0.08044619993579544,False,-0.9783679916679656,False,False
0.01458785944965646,False,-1.2363650669587676,False,False
0.06809111044373661,False,-0.997886308948352,False,False
0.06664520664614271,False,-0.9959956589558395,False,False
0.038847174659005335,False,-0.9878077883346604,False,False
0.1370607567857831,False,-1.2607765431452786,False,False
0.08060871598543468,False,-0.985612979094571,False,False
0.05430372508506309,False,-1.0163427866853552,False,False
0.08869640784085281,False,-1.0195688379125678,False,False
0.08876232399866318,False,-1.0068835134189278,False,False
0.03294963057111272,False,-0.991330117675268,False,False
0.018684308192105537,False,-1.0647841294032336,False,False
0.08130147845719099,False,-0.9830910297937308,False,False
0.021666508609838098,False,-1.0358737860845095,False,False
0.0632354441446833,False,-1.0369662994943736,False,False
0.06070432745357918,False,-1.0136284331006995,False,False
0.08702638983868582,False,-0.9846377761773374,False,False
0.08925762507368123,False,-0.9791179692853025,False,False
0.14129559025987376,False,-1.0170656693702094,False,False
0.07321483287203795,False,-1.4796935552890393,True,True
0.07453141148535003,False,-0.9714552363372764,False,False
0.14161906509509892,False,-1.0591490750268586,False,False
0.04685834816402018,False,-1.2028578482552894,False,False
0.023029378733666728,False,-1.2871122237012023,False,False
0.0685841784753447,False,-1.126335033281266,False,False
0.14374186832779656,False,-1.0108738204357306,False,False
0.01654800188375527,False,-1.2392042000019658,False,False
0.06693009456386634,False,-1.100843971550799,False,False
0.059914226960787464,False,-1.2494976659711141,False,False
0.10328000269398624,False,-1.022912971217163,False,False
0.06986667836770039,False,-1.0161778474737555,False,False
0.09083620658549896,False,-3.521129157738725,True,True
0.034188602657782896,False,-1.4548791947082738,True,True
0.09311094516801033,False,-1.0281092943589862,False,False
0.03139523364581537,False,-1.0956189649352357,False,False
0.023879913173445233,False,-1.0417166899231627,False,False
0.020658076020516503,False,-1.0192614987692443,False,False
0.1258919476918196,False,-1.1226650259880848,False,False
0.12500635584912945,False,-1.303869135094671,False,False
0.07945894894533406,False,-1.0041259886513754,False,False
0.02692160491238288,False,-1.128694563956306,False,False
0.025285693339653803,False,-1.0467096577378734,False,False
0.046786974056809705,False,-1.0093865471185512,False,False
0.14913160157937255,False,-0.9862548143148715,False,False
0.05412826646643537,False,-1.2616316867544826,False,False
0.062484150321584386,False,-1.0020207810950847,False,False
0.14006413616916258,False,-1.2059230117766164,False,False
0.01888399553350195,False,-1.1307794922940362,False,False
0.06725001264508484,False,-1.2720102066855419,False,False
0.06857612831239857,False,-1.008556417491218,False,False
0.07788918704808656,False,-1.027001089528786,False,False
0.021909388413955067,False,-0.9844996744522934,False,False
0.06910250974918236,False,-0.990667228195339,False,False
0.11326598835350665,False,-0.9940647531222245,False,False
0.06800447301244389,False,-1.013066933272038,False,False
0.06869479935469214,False,-1.0862066858182453,False,False
0.08976481058030927,False,-1.1458335791246474,False,False
0.06821785870570174,False,-1.015889074648133,False,False
0.09388427755381668,False,-1.0239957281721679,False,False
0.09018821225494861,False,-0.9643028809924372,False,False
0.04939711400139046,False,-1.2423819655457977,False,False
0.14206652652396168,False,-1.0520039928460643,False,False
0.09561475908890854,False,-1.3587516753827102,False,False
0.05454668645216726,False,-1.0434159430001873,False,False
-0.0020912949676675785,True,-1.063075293515166,False,True
0.1465637257228367,False,-1.072042491165734,False,False
0.07824776597319621,False,-0.9549281771853974,False,False
0.15336403796776538,False,-1.0029981988902095,False,False
0.15193787266901154,False,-0.9785946200906308,False,False
0.07375112841858988,False,-1.0309126854196118,False,False
0.08531556230972831,False,-0.9535780144087367,False,False
0.08984164517591198,False,-1.057832345914182,False,False
0.1378164897227061,False,-1.032074009586529,False,False
0.0808501494272692,False,-1.018270833324343,False,False
0.07403135910437764,False,-1.3361155980034425,False,False
0.05825055668432755,False,-1.0524710829479882,False,False
0.07002782390236961,False,-0.9544350713937328,False,False
0.0742674826658738,False,-0.9954716348303909,False,False
0.05868794841111413,False,-0.9632096973235583,False,False
0.0022653716716126704,False,-0.9775357583065473,False,False
0.06027425694453997,False,-1.0244383087961748,False,False
0.07993542242015511,False,-1.0060208912527338,False,False
0.09889974981436617,False,-1.3923852189239936,False,False
0.06847142564369096,False,-1.0166002286242928,False,False
0.07406927290531401,False,-0.9958307177775729,False,False
0.08161497384457544,False,-1.1752632435870929,False,False
0.030613220110573935,False,-0.985912618141761,False,False
0.13961630946288045,False,-1.1473459880399548,False,False
0.005392243290858523,False,-1.0302306668180718,False,False
0.06427751986255564,False,-1.8069276519793107,True,True
0.07828553878121891,False,-1.0056028126883363,False,False
0.06733810477928026,False,-1.0515966718235799,False,False
0.02962317735413722,False,-1.066447215652682,False,False
0.07615022979688618,False,-0.9778802849482556,False,False
0.14066301393232805,False,-1.1769251129484832,False,False
0.022290193348080134,False,-1.1259282512274824,False,False
-0.005193766421640489,True,-1.063483295778942,False,True
0.02880375163864002,False,-0.9659064934903562,False,False
-0.006652525295911538,True,-1.092190618923486,False,True
0.10777497578853479,False,-1.3588601508250988,False,False
0.15269502057127082,False,-0.9588058645575224,False,False
0.13422444272645134,False,-1.225343151877588,False,False
0.07014327301194401,False,-1.0394278731580273,False,False
0.07422034521590315,False,-0.9888775123120161,False,False
0.08398934567512478,False,-0.9563323882468475,False,False
0.06658860593540727,False,-1.5690434733796321,True,True
-0.055185043647190346,True,-1.5859200141713248,True,True
0.051253884011621786,False,-0.9657374900039649,False,False
0.0523263521276634,False,-1.0461380004632808,False,False
0.09637521403235433,False,-1.0038898897342947,False,False
0.13222309091662143,False,-1.0130883915600952,False,False
0.0813924520590153,False,-1.0279679041651026,False,False
0.13161460288802035,False,-1.0134145404691803,False,False
0.046108547218234874,False,-1.004684003151156,False,False
0.022269295364457542,False,-0.9929448337635476,False,False
0.03228009232079315,False,-0.9935062691034913,False,False
0.06717334179982021,False,-1.5049367374128164,True,True
0.15136960109219233,False,-1.0154470866067011,False,False
0.05734099626171618,False,-1.1347586461181778,False,False
0.07939036275948852,False,-0.9711395487591339,False,False
0.07303666461565889,False,-1.0568032673126295,False,False
0.02503685674522682,False,-1.031889534315964,False,False
0.003904078526556054,False,-0.9823147665571833,False,False
0.14503822813064882,False,-1.0228985144078935,False,False
0.14696338135726206,False,-1.0183701493113986,False,False
0.15001893004514716,False,-0.9781379084316407,False,False
0.14894836556335433,False,-0.9998667311719925,False,False
-0.07106912809397337,True,-1.404601144517863,False,True
0.14732108495089913,False,-1.102535202397228,False,False
0.09991889788687874,False,-1.0166145658098424,False,False
0.13445638460832415,False,-1.1720995750809025,False,False
0.13968974898915743,False,-1.0191438233125374,False,False
0.1527820495556112,False,-0.966518874756709,False,False
0.12088606754307846,False,-1.220664665373633,False,False
0.1234974114455118,False,-1.0797021002742277,False,False
0.12673125983146444,False,-1.0472640386699539,False,False
0.07555581907533487,False,-1.0193004450950418,False,False
0.1409422330517463,False,-0.9792049976676402,False,False
0.04160753210442092,False,-1.380189099546374,False,False
0.15025636411043497,False,-0.9755978262815171,False,False
0.07056388944484965,False,-0.9614742124173536,False,False
-0.00485331113972709,True,-0.9773305663415843,False,True
0.13825934146813978,False,-1.0615655505777333,False,False
0.1007878703014104,False,-1.0081513435546268,False,False
0.04406277882797094,False,-1.036055645224224,False,False
0.07590098729972428,False,-0.9758197366747184,False,False
0.046347697359077455,False,-1.7013859378762048,True,True
0.1420907161022315,False,-0.9930528253187978,False,False
0.14804130457102826,False,-0.992685706164884,False,False
0.08996634229723022,False,-1.273797636711161,False,False
0.050871784680447285,False,-1.3466487529604865,False,False
0.1482402149123992,False,-0.9642198516282872,False,False
0.07966852983320993,False,-0.9514593322653793,False,False
-0.0009925361139992983,True,-1.1290145578425441,False,True
0.07183915992214462,False,-1.014737903822632,False,False
0.01927879541338462,False,-1.1455268652614843,False,False
0.06519040575802154,False,-1.1576058518280141,False,False
0.09230240449713178,False,-0.9994156622751322,False,False
0.031130342205491712,False,-1.244241065315659,False,False
0.0422472437904976,False,-1.6531206621103842,True,True
0.09733333134414646,False,-1.0918798677061157,False,False
0.052805084249408274,False,-0.9691844402409437,False,False
0.07145541614215917,False,-1.2303470637421718,False,False
-0.028830350863358944,True,-1.3292957705974504,False,True
0.1439906945915454,False,-1.025528004571145,False,False
0.06358866604606017,False,-1.051417514714862,False,False
0.12331343491671148,False,-1.1428143810180589,False,False
0.10989868236365741,False,-1.0230866810310661,False,False
0.1384340283562595,False,-1.009438045536573,False,False
0.008652819649744958,False,-0.995491085939511,False,False
0.09854046645059522,False,-1.0492577794703757,False,False
0.021061798304316592,False,-1.0491177146410888,False,False
0.08673447223878489,False,-1.0315089500694183,False,False
0.10172684435371826,False,-0.9939882683744413,False,False
0.06658881881717937,False,-1.0150660427713902,False,False
0.02747154383582312,False,-1.0058083639812314,False,False
-0.0038963314900251067,True,-2.4775778577295564,True,True
0.02108315034161956,False,-0.9661924441323697,False,False
0.03570569302875898,False,-0.9854481924828302,False,False
0.06609088853816053,False,-1.2813292042236968,False,False
0.12879682879503473,False,-1.1874372444855017,False,False
0.12509900432609866,False,-1.0820155588912672,False,False
0.08803062137178186,False,-1.071279184905412,False,False
0.0850609208809377,False,-0.9590315468508448,False,False
0.10526214902413783,False,-1.0655490272269923,False,False
0.10812168052457971,False,-0.9915467848804065,False,False
0.09225175578611822,False,-1.064902015882034,False,False
0.06044701083635112,False,-1.1382100338178514,False,False
0.04933245190494617,False,-1.0730748009455913,False,False
0.1475690934445732,False,-0.9839482456404948,False,False
0.1503896623791371,False,-1.025205760772475,False,False
0.07833329268174194,False,-1.3037686389167789,False,False
0.02000501595589088,False,-0.9582345508745614,False,False
0.0011788080812373813,False,-1.1074371050556466,False,False
0.03454233461476619,False,-2.497404169779869,True,True
0.14916642276574227,False,-1.0489582414268426,False,False
0.15087905689453207,False,-1.0199056562529762,False,False
0.08327847576537267,False,-0.958100358050444,False,False
0.07244496417177271,False,-1.0877242951465724,False,False
0.08320872973825949,False,-1.1612992117996703,False,False
0.07251237556192341,False,-1.0015185570974885,False,False
0.07038651476009222,False,-1.4534633428435866,True,True
0.14337442800964045,False,-1.1212573684701677,False,False
0.02382351234265545,False,-0.961708388275242,False,False
0.0307963337500064,False,-1.1080347366321626,False,False
0.017337602929756613,False,-1.1387601122294415,False,False
0.1381777112998545,False,-1.0002454247580301,False,False
0.04090913855446793,False,-1.0089695671871888,False,False
0.06826308856890817,False,-0.9775021114324506,False,False
0.08068151538309892,False,-0.988152843375652,False,False
0.13208466683803421,False,-1.3000173986945225,False,False
0.14940431971860546,False,-0.9801729268232817,False,False
0.09976745818559024,False,-1.0943838788455866,False,False
0.07556132172103092,False,-1.1457234508081016,False,False
0.1495097344653763,False,-1.115699308912596,False,False
0.05496776540085041,False,-1.2328824281188369,False,False
0.08698178097876802,False,-1.0464057343920268,False,False
0.1448554851522817,False,-1.0277735737955955,False,False
0.013874208565380464,False,-0.9912822250862676,False,False
0.07583535774175704,False,-1.057153415290508,False,False
0.062411397782612454,False,-1.0294851834236038,False,False
0.0016674868799997355,False,-1.1564623562596754,False,False
0.13371129732987908,False,-1.2322847969992254,False,False
0.06582617426965187,False,-1.0583604929014894,False,False
0.029102243872433875,False,-1.1172695488349347,False,False
0.03564022010390039,False,-0.9615628740441575,False,False
0.09366974894221491,False,-0.992278016365967,False,False
0.0406476258986207,False,-1.0460682458625883,False,False
0.15147508439975177,False,-1.0020930448921437,False,False
0.07599656081182687,False,-1.0183896346807408,False,False
0.15047953940419156,False,-1.0415074422474344,False,False
0.15045296764119126,False,-0.9862834482845344,False,False
0.003632396763156187,False,-1.4037144604359397,False,False
0.0225885345753713,False,-0.9768035894674565,False,False
0.14415359842883746,False,-0.9925292780919701,False,False
0.022523061545195067,False,-1.02159978840448,False,False
0.06021750220665417,False,-1.139675668422517,False,False
0.14831651603538165,False,-1.0295515548774268,False,False
0.0005735324765885341,False,-1.0776003691970375,False,False
0.15435593417775034,False,-0.9717560216153085,False,False
0.06315716276898592,False,-1.0438684310934927,False,False
0.15683445014289182,False,-0.985930350236589,False,False
0.1480470328012355,False,-0.989929627545455,False,False
0.05927552990471319,False,-1.0627768703328389,False,False
0.07488319304116298,False,-0.9700738553041178,False,False
0.10760579403895143,False,-0.9929496033132423,False,False
-0.0004489304816202022,True,-1.1126976895963847,False,True
-0.001857275596668373,True,-1.2072350963903866,False,True
0.06634446895493873,False,-1.017685143511347,False,False
-0.020116259582743212,True,-0.991495735446469,False,True
0.0816107496128815,False,-1.086805475533621,False,False
0.15272807385325715,False,-0.9987183204009197,False,False
0.03185215415192344,False,-0.9666709459755541,False,False
0.028550013874754865,False,-0.9765975517322902,False,False
0.1271036349255142,False,-1.1793782899260954,False,False
0.0635918740856562,False,-1.004006671145526,False,False
0.07968971400706237,False,-0.9544142219744772,False,False
0.07926037033498495,False,-1.080368880126045,False,False
0.07428370312943022,False,-1.0549247782847062,False,False
0.07344839645404955,False,-1.14632636030394,False,False
0.029341882945101205,False,-1.1117285888055037,False,False
0.06013261000957293,False,-1.1646522077480348,False,False
0.05202680313774738,False,-1.077709874126838,False,False
0.06859357323282639,False,-1.2368188567102982,False,False
0.03662664662084353,False,-1.0078205387874688,False,False
0.09866603846513483,False,-1.0714511598073164,False,False
0.03745803939805953,False,-0.9914677743948548,False,False
0.024800695587342547,False,-1.0283355862590366,False,False
0.14472123218283212,False,-1.0256790697142317,False,False
0.01910950454699334,False,-1.011217542313282,False,False
0.06298459192274891,False,-1.0293112455303066,False,False
0.051453870908479304,False,-1.0317263793701064,False,False
0.01940764059871236,False,-1.008169770338372,False,False
-0.013371297437543284,True,-0.987041260692396,False,True
0.09927295472808617,False,-1.0485306715438525,False,False
0.04193169087240156,False,-1.353842330130264,False,False
0.07078982922531574,False,-1.0261427967064507,False,False
0.07231251401950489,False,-1.0553830320872482,False,False
0.07555861152697002,False,-0.9659518537375874,False,False
0.1362803280318381,False,-1.0998129705369724,False,False
0.025898568797907584,False,-1.017584481940913,False,False
0.0696698282611955,False,-0.9999051240668806,False,False
0.06650023249069942,False,-0.9945602828351909,False,False
0.06753378710588415,False,-1.3713863176344936,False,False
0.06302933165207364,False,-1.836764559236067,True,True
0.055749743030217125,False,-1.675589488261132,True,True
0.08768361815019354,False,-1.0029200916594474,False,False
0.1434678712524839,False,-1.2578114087064134,False,False
0.05941904276101523,False,-1.0643600528890853,False,False
0.06173487399166239,False,-1.0082030563291813,False,False
0.060794476519879626,False,-1.0394474821147692,False,False
0.07563063263833691,False,-0.9965842883130808,False,False
0.13731757629559072,False,-1.0063362440081554,False,False
0.04017334245587878,False,-1.4405536121098854,True,True
0.05625977775543323,False,-1.0898576163520188,False,False
0.048695507604288424,False,-1.1964547541160262,False,False
0.014985584950675257,False,-1.278364022844122,False,False
0.07215567482792251,False,-0.9487615856673444,False,False
0.02003404572516021,False,-1.0892278329609295,False,False
0.030163778949316267,False,-1.061435550824005,False,False
0.0739269179323151,False,-0.9616114009259398,False,False
0.07495501484949751,False,-1.0472395113896447,False,False
0.07756943190707627,False,-0.9982672446902028,False,False
0.14272343806102317,False,-0.9826466426017614,False,False
0.03477538357095006,False,-0.94634740032301,False,False
0.1328764109971341,False,-1.2519870455214182,False,False
0.09057410273419714,False,-1.0029538199119066,False,False
0.05922508478939231,False,-1.2515363547106075,False,False
0.055873342793785696,False,-1.1528415318150582,False,False
0.07949205057635983,False,-1.1115612164207855,False,False
0.14665556879105152,False,-0.9939377216757747,False,False
0.07600587902478118,False,-0.9927594424263899,False,False
0.011465316196474395,False,-3.820459876428284,True,True
0.013247700201501234,False,-0.9625795441546412,False,False
0.005975955324518667,False,-2.0010851782872368,True,True
0.012230981646873973,False,-1.424752880776798,False,False
0.07505269905611384,False,-1.0301911602811267,False,False
0.04339586389724337,False,-1.0333057983869032,False,False
0.08382916498751608,False,-1.070322245689432,False,False
0.05883185437738142,False,-1.0110450333095509,False,False
0.13589690891659495,False,-1.0915879944269993,False,False
0.07759566635771209,False,-0.984894370863563,False,False
0.055202206327274184,False,-1.4628725219807295,True,True
-0.013273657766206037,True,-1.1306585254984607,False,True
0.12554959970072543,False,-1.321804162683066,False,False
0.02097059392157885,False,-1.0039269980289833,False,False
0.15112525827276135,False,-0.9953865364978555,False,False
0.09310322073520372,False,-0.9839576884540817,False,False
0.06364962319228401,False,-1.019802040634286,False,False
0.0712510811944721,False,-1.0470906309862156,False,False
0.07065394941815889,False,-0.9902754727151537,False,False
0.0734631157280054,False,-0.9949020284246265,False,False
0.08297405163661897,False,-0.9846115247638177,False,False
0.047048010357033376,False,-1.2443746430717184,False,False
0.14765195710815165,False,-1.0008818894099105,False,False
0.08658328885242106,False,-1.013587589959854,False,False
0.13401738616341852,False,-1.3245457776469665,False,False
0.052280102654528204,False,-1.036735216834552,False,False
0.14597869070198177,False,-1.2029419055582589,False,False
0.07390882315907199,False,-1.078197156553668,False,False
-0.02683588758592592,True,-1.0238802151635735,False,True
0.07954208159685183,False,-1.004362904057503,False,False
0.06144943273329817,False,-1.0192423856567636,False,False
0.07713900240643501,False,-0.9719999389945972,False,False
0.0632850761139302,False,-1.0133094957700242,False,False
0.051817568261672,False,-1.2030155887091782,False,False
0.09261456441784982,False,-1.0661230056300517,False,False
0.08925104012541091,False,-1.015293766919805,False,False
0.03346431136083955,False,-1.002773603057922,False,False
0.08374558425967144,False,-1.0063331414088332,False,False
0.095474805944678,False,-1.303038121093234,False,False
0.08499755811965815,False,-1.0065008161035407,False,False
-0.0013713351439652577,True,-0.9639878691976902,False,True
0.09184752346691366,False,-1.0040527433934114,False,False
0.13185628217163642,False,-1.0465418643492306,False,False
0.04006671342023388,False,-0.9850652195925795,False,False
0.02880273534016542,False,-1.0704285816406915,False,False
-0.02683588758592592,True,-1.0238802151635735,False,True
0.07886053444122904,False,-1.06755279081707,False,False
0.05405725117037524,False,-1.0352950945442783,False,False
0.004775603607614642,False,-1.1719796252600219,False,False
0.06657788069752657,False,-1.057043925369397,False,False
0.0698080767416489,False,-1.0884038872370134,False,False
0.07279282452268532,False,-1.3432188846564634,False,False
0.09247371987111858,False,-1.4013991124610692,False,False
0.015891335162806497,False,-0.9549195213150435,False,False
0.05294353827444653,False,-1.011559668865036,False,False
0.07583229432562522,False,-1.0489405933539495,False,False
0.006236148208113135,False,-1.1886372252678892,False,False
0.08359636625678057,False,-1.0043974918466798,False,False
0.059463592537850496,False,-0.9848668861371364,False,False
-0.04269591992483224,True,-1.4577378138084898,True,True
0.023060274667635494,False,-0.9891713363316283,False,False
0.07126615436190342,False,-1.2658593079679725,False,False
0.06543153095760551,False,-1.1113755935897232,False,False
0.05373125469504819,False,-1.0694965308688351,False,False
0.1460970532275953,False,-1.0976756872641669,False,False
0.07429983283774982,False,-0.985471881104151,False,False
0.0729595019978655,False,-1.0079067074312351,False,False
0.12361868405099169,False,-1.2649573497613713,False,False
0.060738534689571355,False,-1.1042352152345747,False,False
0.057965975813270676,False,-1.2305715950971667,False,False
0.07088104872189893,False,-0.9849389605051266,False,False
0.07188817108572199,False,-1.0426107235219988,False,False
0.0833779456731798,False,-1.3284801063902436,False,False
0.06457857011147455,False,-1.177407388018963,False,False
0.07020959663448617,False,-1.0082886492108258,False,False
0.06607252299171318,False,-0.9910481414706697,False,False
0.15171548058389916,False,-1.0533302175017585,False,False
0.05791141585155951,False,-1.2492038363120792,False,False
0.1107815862155046,False,-0.9850880118645726,False,False
0.10321331693107394,False,-1.022240033082295,False,False
0.1390383863605793,False,-1.4449877088467482,True,True
0.07187259106261024,False,-0.9914101470659498,False,False
0.044707453485284654,False,-0.9463690396583188,False,False
0.0942900991652294,False,-0.9921200972261109,False,False
0.05655193911025852,False,-1.0329941780775163,False,False
-0.03684426318152345,True,-1.1875954581231547,False,True
0.10921331374178261,False,-1.0503120359075124,False,False
-0.015854759480224634,True,-1.383825544655963,False,True
0.04394663509735397,False,-1.0285376280562466,False,False
0.05361870300112509,False,-1.13687913627333,False,False
0.033914233858745646,False,-1.3963053407739028,False,False
0.07348992965828754,False,-0.9656989402412248,False,False
0.1021120380279732,False,-1.0518815385381757,False,False
0.1545879768982073,False,-0.9933436131927987,False,False
0.08107986620417351,False,-0.9906900696693256,False,False
0.12492584555099756,False,-1.0320416466923983,False,False
0.04063768740865109,False,-1.404700909366539,False,False
0.1328812892252203,False,-1.1233311262136279,False,False
0.08702638983868582,False,-0.9846377761773374,False,False
0.04818524383040074,False,-1.0175868071297587,False,False
0.08103077108458595,False,-1.1603220566270835,False,False
0.09472866701102528,False,-1.1213088546866412,False,False
0.1409463682634723,False,-1.0050117284310647,False,False
0.10578322942673735,False,-0.995780274266927,False,False
0.15064920391044678,False,-0.9916172074777034,False,False
0.15165030388744266,False,-1.0993129052702384,False,False
0.02544798330073289,False,-1.094138519482227,False,False
0.14069521335142815,False,-1.4172605741348314,False,False
0.03720098784634246,False,-1.0017430051066014,False,False
0.02466259988274616,False,-0.9578340789622611,False,False
0.07243524043891153,False,-1.2475141108956378,False,False
0.021172007218402067,False,-1.153992163063096,False,False
0.05293511949113522,False,-2.612556920337099,True,True
0.011603744301304286,False,-1.1554525103073892,False,False
0.01311701473691318,False,-0.9933343951268349,False,False
0.04473699907672357,False,-1.0551876004810101,False,False
0.01799856283121193,False,-1.1884134553939745,False,False
0.016731815741141687,False,-0.9893123714948073,False,False
0.0243032127986732,False,-0.9837889424447747,False,False
-0.00875544444281029,True,-1.3900185387453647,False,True
0.07998680687614595,False,-1.008904971054346,False,False
0.03157243994952463,False,-0.9828695558972212,False,False
0.06686318093997212,False,-1.0225826533682583,False,False
0.14186229766479563,False,-1.017934255459602,False,False
0.014364369785520359,False,-1.0954180549792638,False,False
-0.002275047547613207,True,-1.205075345671713,False,True
0.06744860773244432,False,-0.9709129703823726,False,False
0.046924196710833366,False,-1.207469922017932,False,False
0.009813968566747877,False,-1.0118550657132128,False,False
0.07822198038397288,False,-1.0490791424353103,False,False
0.08342181817436428,False,-1.0581164668918948,False,False
0.017820427365193958,False,-1.0443544494850805,False,False
-0.015599233438776894,True,-1.0682432261653558,False,True
0.046938506566876925,False,-1.1438956146683255,False,False
0.14185616443766513,False,-1.1621146547656638,False,False
0.03035727846962144,False,-1.0707493946536624,False,False
0.056502861415227756,False,-1.2163466788774353,False,False
0.03597437490816652,False,-1.0976495304612521,False,False
0.14057192327566775,False,-1.0510417457568138,False,False
0.06503589827528916,False,-0.9802747702581851,False,False
0.07529917986630169,False,-1.2906521292820359,False,False
0.153274375928731,False,-1.0029030827423997,False,False
0.03529054296175216,False,-2.3664244284577096,True,True
0.08719929738691856,False,-1.0217151292787057,False,False
0.0698717409145348,False,-1.0803306296026172,False,False
0.018528338214910622,False,-1.1956527554817582,False,False
0.14222731264868893,False,-1.2087056962432934,False,False
0.07648193498037947,False,-1.244163920383683,False,False
0.12994919771796926,False,-1.1761579607903394,False,False
0.0711372552057759,False,-0.9833059840639267,False,False
0.05868783931180843,False,-1.0951149650525334,False,False
0.13510961918166753,False,-1.1233077739904904,False,False
0.06525109004956375,False,-1.1770171503470088,False,False
0.1567827108392989,False,-1.017015725535872,False,False
0.15066709407566398,False,-0.9973498173513254,False,False
0.14670393434575396,False,-1.133823071112627,False,False
0.057900388824619786,False,-1.2065267311905934,False,False
0.017666566103371695,False,-1.2763784921833916,False,False
0.13384482113746204,False,-1.0301280486768145,False,False
0.01545269804417837,False,-1.0674907688068012,False,False
0.08543867787569959,False,-0.9928257076748797,False,False
0.06843365082034047,False,-1.319848026513314,False,False
-0.0021159588985458777,True,-1.0286027582707722,False,True
0.03598885752198627,False,-1.2102330671627057,False,False
0.14309641459704137,False,-1.105533486340993,False,False
-0.003109511542086718,True,-1.0714852283526084,False,True
0.13687775418921372,False,-1.03075810332108,False,False
0.06796571812906416,False,-1.0091874038046023,False,False
0.15312034384032802,False,-0.996093299648012,False,False
0.0796461705539051,False,-1.0415716183642934,False,False
0.07079663007584541,False,-1.130936503764103,False,False
0.09619717874078754,False,-1.7962797429796384,True,True
0.07457577504674312,False,-1.0074739962908894,False,False
0.023168038111937683,False,-1.1516513998099294,False,False
0.08145057148346291,False,-1.0433891656914205,False,False
0.05131889264012279,False,-1.1140788971874476,False,False
0.11358667959948388,False,-0.9862791668215702,False,False
0.07202744743049933,False,-1.2708098489182247,False,False
0.07073448125655746,False,-0.9920491146860255,False,False
0.09578707718868534,False,-1.0772246952749436,False,False
0.06741314536352544,False,-1.001286295226266,False,False
0.14067455342467455,False,-1.0634006270923075,False,False
0.07514858068814517,False,-0.9984053906614742,False,False
0.10260287292904424,False,-0.9883716871632948,False,False
0.1283393940237697,False,-1.1216494498001763,False,False
0.14387389713735793,False,-1.071973280910155,False,False
0.14505001962307296,False,-1.0778973477950733,False,False
0.1027969371697724,False,-1.1799390268798207,False,False
0.03839697127305586,False,-0.9693606996427379,False,False
0.07187615021670107,False,-0.9475296741180891,False,False
0.08682594564198243,False,-0.9739511914180925,False,False
0.07392986693299142,False,-1.0243765907542717,False,False
0.07704874467586353,False,-1.133886167671049,False,False
0.07315774627790228,False,-0.9758832498238622,False,False
-0.02304511200001158,True,-1.3644009635495407,False,True
0.09488791899921184,False,-1.0233272970656722,False,False
0.10567927665025251,False,-1.080940387468242,False,False
0.1353094242740061,False,-1.2720471893813308,False,False
0.03601179658600817,False,-0.9670430153670001,False,False
0.017206914118717553,False,-0.9718939830959549,False,False
0.05115341673040752,False,-1.2667297571726979,False,False
0.10967026834037841,False,-0.9621709502831852,False,False
0.06501522044050273,False,-0.9919935706085262,False,False
0.14833516472996938,False,-1.0408695376875978,False,False
0.028963323137876917,False,-1.0792673776927815,False,False
0.07187584613727627,False,-1.1929700198529714,False,False
0.08175304622942281,False,-1.03499182697101,False,False
0.07091349139130038,False,-1.1346954860833118,False,False
0.0149351141583417,False,-1.1760882879312442,False,False
0.07453407038142734,False,-1.1440662726471733,False,False
0.15270406327851316,False,-1.037870640046255,False,False
0.1181128926308394,False,-1.440330340878145,True,True
0.06691852557224803,False,-1.012524806983674,False,False
0.10997936097528466,False,-1.0148205713136675,False,False
0.06558923128124466,False,-1.4891464545272284,True,True
0.1483339697891815,False,-1.0537977810146022,False,False
0.05639510856682861,False,-1.0204181854568835,False,False
0.04469240337096625,False,-1.0874507792189123,False,False
0.04744672616703283,False,-0.9627040482123516,False,False
0.02106993887030062,False,-1.474129603475141,True,True
0.08779970409436033,False,-1.1713237490987845,False,False
0.07410416646133955,False,-0.9820733347409292,False,False
0.04400687754841853,False,-1.091177368727982,False,False
0.14711257592949312,False,-1.0527734955383061,False,False
0.007382996008866605,False,-1.1814692616246238,False,False
0.09468812658295583,False,-1.1279539452967733,False,False
0.05561847897126898,False,-1.003761700956377,False,False
0.06616834357390228,False,-0.9921095039219487,False,False
0.12191448573272667,False,-1.2787931203136638,False,False
0.13230422180067397,False,-1.0355388825075735,False,False
0.0655012548402536,False,-1.0136456440169355,False,False
0.057494143781199325,False,-0.9820386680129742,False,False
0.13392788452965204,False,-1.0708478158486971,False,False
0.056539213511434205,False,-1.0157472889644377,False,False
0.13427214908229768,False,-1.039660023080513,False,False
0.15004662143399566,False,-0.9897245435834504,False,False
0.1456630256479201,False,-1.0901466136132953,False,False
0.06165990347404354,False,-0.9808788336624514,False,False
0.04688424787257334,False,-1.0481184907613945,False,False
0.05855694985722126,False,-0.9853391414311032,False,False
0.03352282843294563,False,-1.4828331991309234,True,True
0.0753788447359317,False,-0.9506615828503477,False,False
0.1529970499401026,False,-0.9929043354255432,False,False
0.03074111448471256,False,-1.2033498068955073,False,False
0.06996046918957533,False,-1.03944276005104,False,False
0.01099575798315433,False,-1.0278529050916467,False,False
0.07447296488895622,False,-1.1391398099537338,False,False
0.07698976872744107,False,-1.1637840488465527,False,False
0.0590618518052578,False,-1.5761051588383026,True,True
0.11760186712615495,False,-1.1225661581696373,False,False
0.07541605321927147,False,-1.0184560479656362,False,False
0.15074329429800254,False,-0.969234375235831,False,False
0.02275981186820869,False,-1.0122414071095853,False,False
0.06171496254788533,False,-0.9789728597871177,False,False
0.05478832657951249,False,-1.1590255664729991,False,False
0.021109709913422814,False,-0.9918957097893726,False,False
0.018076505983427804,False,-1.5133534085672717,True,True
0.024188106691320266,False,-1.0192528549970157,False,False
0.0791483131878925,False,-1.0465880672288728,False,False
0.04464979279746967,False,-1.425548051337052,False,False
0.06808632340712534,False,-1.2217804237016965,False,False
0.08748072453743017,False,-1.033336599559693,False,False
0.06658773873920487,False,-0.9781429994083609,False,False
0.07570280174637672,False,-0.9760572772985083,False,False
0.008692101886226933,False,-1.061230768816537,False,False
0.0854139673157257,False,-1.0780966431446495,False,False
-0.006013618268128629,True,-0.9741670896265022,False,True
0.14491590804358906,False,-1.066013511733641,False,False
0.1438578431298791,False,-1.1564833860750556,False,False
0.04102466358525636,False,-0.9963358494894521,False,False
0.1507685518403563,False,-0.9852018817037189,False,False
0.09958428956489468,False,-1.0728438730366876,False,False
0.06460967207466206,False,-1.2777466031285916,False,False
0.14998337932014816,False,-1.0374475523804934,False,False
0.010266941540387542,False,-1.0329771829729522,False,False
0.08060241440477034,False,-1.0912138612797093,False,False
0.02432928737131418,False,-0.9946960861785092,False,False
0.08670997849305517,False,-1.0898905508852867,False,False
-0.0023462727716125897,True,-1.0328092157354327,False,True
0.13306395416559802,False,-1.0402031413232744,False,False
0.07957860502305286,False,-1.0292446183544262,False,False
0.050150052025562,False,-1.0681700344048044,False,False
0.1421009366897677,False,-1.0075926577054255,False,False
0.051870790547949464,False,-1.4492606148452625,True,True
0.05430093560164201,False,-0.9800293727538161,False,False
0.07122510766924456,False,-1.0518835137046487,False,False
0.04873905299767406,False,-1.1574150741930445,False,False
0.06301021142720359,False,-0.9863916941424635,False,False
0.14922176025493716,False,-1.0099804182001169,False,False
0.08522234752067748,False,-1.0872618237427847,False,False
0.07708208166416142,False,-1.0109787069671774,False,False
0.05673155934969765,False,-1.0999895586011075,False,False
0.02618102985566223,False,-1.0052485808190714,False,False
0.1533071583963655,False,-1.015882372387916,False,False
0.07264196732377848,False,-0.972994772573297,False,False
0.008661168254256446,False,-1.1086144440631132,False,False
0.09324792782030444,False,-1.1026378809577804,False,False
0.14666877419733598,False,-1.0216553012483005,False,False
0.0756775396841074,False,-1.0221057934201716,False,False
-0.010905224233561217,True,-1.094676260481979,False,True
0.09023018261290117,False,-1.1102071906508975,False,False
0.07742745869026213,False,-0.9741829171816112,False,False
0.06326896433086238,False,-1.023794094927747,False,False
0.0072390639025834425,False,-0.961193488419277,False,False
0.09671823596677848,False,-1.0393160797579624,False,False
0.14906232968190086,False,-0.9794882755089184,False,False
0.03306347479290256,False,-1.1399564193125176,False,False
0.06270624047099288,False,-1.0458565292064013,False,False
0.07547371040998907,False,-1.001022543634502,False,False
0.14468746471818877,False,-1.0522169599021576,False,False
0.0755508822574184,False,-0.9826496894742546,False,False
0.12899031707293956,False,-1.0545175785093703,False,False
0.11790517321187821,False,-1.0008324679000586,False,False
0.05103357408808101,False,-1.2214758228069265,False,False
0.1373708211107112,False,-1.2225985306762148,False,False
0.03892520481099859,False,-0.9824429898592986,False,False
-0.013198994606818615,True,-2.102233271566524,True,True
0.0700775491060755,False,-1.147658958222593,False,False
0.02292487600628773,False,-1.0287260085432202,False,False
0.06792177523339177,False,-0.9885659450421054,False,False
0.017612882287826537,False,-0.9878127251923836,False,False
0.14731668029086786,False,-0.9805874566126075,False,False
0.14198872377129723,False,-0.9766112915625007,False,False
0.08049066758057227,False,-0.9628848302252919,False,False
-0.01593273464379763,True,-1.3681285194026649,False,True
0.08957653875386834,False,-1.0160669728931333,False,False
0.03245523791047994,False,-0.9496345080439049,False,False
0.04123943585776879,False,-1.0462834365157139,False,False
0.07454726054871502,False,-0.9873063982214685,False,False
0.07418755532087234,False,-1.6039175706123685,True,True
0.13683355691141696,False,-1.0928537296411365,False,False
0.15451707083109079,False,-0.9693211074603741,False,False
0.09267458597777273,False,-0.9567777473969009,False,False
0.060488909943394786,False,-1.355940951617832,False,False
0.025122364278337084,False,-0.9790151368352357,False,False
0.06679226752262807,False,-0.9905439089167951,False,False
0.04715767750865135,False,-1.039972285428177,False,False
0.07108025086445602,False,-0.9623713323634876,False,False
0.01921526066001511,False,-1.0062100302215966,False,False
0.039122552372766795,False,-2.1711105896894463,True,True
0.08995724638036501,False,-0.9972255347071709,False,False
0.029037583674876022,False,-1.535487823727587,True,True
0.0758042201872679,False,-0.9484230090975585,False,False
0.06510679761184185,False,-1.112369197669538,False,False
-0.004713797458947511,True,-1.0705667284965563,False,True
0.14905162729242855,False,-0.998082434681721,False,False
0.15287303845149675,False,-0.9823807199394375,False,False
0.13307764040233883,False,-1.0624139889462916,False,False
0.06770409548625583,False,-0.9669843121076138,False,False
0.07741270252997817,False,-0.9659045049464302,False,False
0.08832603825746532,False,-1.0095115945954392,False,False
0.10207936215080377,False,-1.2508363765924915,False,False
0.06178107880771638,False,-0.9860633799160681,False,False
0.0841354654305298,False,-1.0509181470173106,False,False
0.06317022310783704,False,-0.9807133215673515,False,False
0.01617034322107802,False,-1.0801854847770314,False,False
0.07317270571595519,False,-0.9997189976537653,False,False
0.007071581662082327,False,-0.9750881751945327,False,False
0.08917222122036478,False,-1.0546017520401132,False,False
0.14414502330838375,False,-1.0124893624344822,False,False
0.14472512380326508,False,-1.0481488458485821,False,False
0.04410085413738268,False,-1.849743113393649,True,True
0.016503145230301608,False,-1.0451008000611928,False,False
0.07468500067078948,False,-1.0871627762562948,False,False
0.057169852344086114,False,-1.256238318003755,False,False
0.006441339508068911,False,-1.0622733276959175,False,False
0.05920168640397705,False,-1.0675547982890887,False,False
0.1540299932498611,False,-1.1009986129871838,False,False
0.03705006447261339,False,-1.0024429028618629,False,False
0.14869339304844253,False,-0.962031892875124,False,False
0.05124799465409563,False,-1.1419914754858436,False,False
-0.010515034606911944,True,-1.245009595537164,False,True
0.07693770218267004,False,-0.9835080251779287,False,False
-0.003660252268569253,True,-1.0890206352872607,False,True
0.060516884332010745,False,-1.0891690860861822,False,False
-0.006213306819959907,True,-1.0397972638348243,False,True
0.02467318418761194,False,-0.9764025018760479,False,False
0.1513987182064347,False,-1.042073474582064,False,False
0.15699168356541288,False,-1.0029187902156682,False,False
0.13261848982085817,False,-1.0202011081578157,False,False
0.02287378915030014,False,-1.3044547522778984,False,False
0.0695178443923059,False,-0.9596755785333488,False,False
0.06176239724138349,False,-0.9858050867461003,False,False
0.11237758162369726,False,-0.9957302323008508,False,False
-0.052028108937754114,True,-1.1433480414770112,False,True
0.007313813987326778,False,-1.1651399088095862,False,False
0.004901375497653904,False,-1.0605083784910012,False,False
0.026274210696928424,False,-2.293256788953442,True,True
0.009445830713456504,False,-1.2756650034389616,False,False
0.0900886187545783,False,-1.1152415583869657,False,False
0.0895476468694546,False,-1.121267412441271,False,False
0.083042013063859,False,-0.9777997748570172,False,False
0.05575628616150874,False,-1.0651187402131739,False,False
0.10272555037295217,False,-1.054654110134146,False,False
0.0065399458214943085,False,-1.0330424638303468,False,False
0.1357596465784987,False,-1.0138299659178471,False,False
0.02507898759781252,False,-1.9320587286069064,True,True
0.056099721739165,False,-1.3373578227441416,False,False
0.14039824603486772,False,-1.0272270234519485,False,False
0.05906050484573949,False,-1.2427438521896768,False,False
0.13114336414442052,False,-1.0643212738958325,False,False
0.0820264405598703,False,-1.0852342882270378,False,False
0.0018706916285163855,False,-1.0885559229758055,False,False
0.03196621690178181,False,-1.1454145372618425,False,False
0.15213155719398158,False,-1.0374365020582794,False,False
0.06558903202196137,False,-1.0620433845848114,False,False
0.028567310859680062,False,-1.1498229514615577,False,False
0.010613917091223946,False,-1.122776767142444,False,False
0.07733647993830972,False,-1.0597892877192057,False,False
0.07060128522104903,False,-1.17566559593703,False,False
0.14545457179037147,False,-1.0083880414019297,False,False
0.14643657114483116,False,-0.99798047400221,False,False
0.057360633872352906,False,-0.9992153531103984,False,False
0.05355739676043403,False,-1.1623029796346658,False,False
0.12392012250860163,False,-1.1188722935538313,False,False
0.011771288942991065,False,-0.9604898675442595,False,False
0.08227694280470826,False,-0.991385548101625,False,False
0.07677309136092525,False,-1.1386179120902893,False,False
0.07591370325012681,False,-1.0145354391831318,False,False
0.06824630795017145,False,-0.9558029707846563,False,False
0.13892090599739498,False,-1.1786092749490604,False,False
-0.006658767540674404,True,-1.0140690235169763,False,True
0.05941234992895239,False,-1.315467223894294,False,False
0.06454670819925962,False,-1.0234476510297166,False,False
0.1509894214931275,False,-1.0044498636098147,False,False
0.010681604568337444,False,-1.263195000274373,False,False
0.07756101595213771,False,-1.0095430792176547,False,False
0.027308702726401513,False,-1.6106089603546163,True,True
0.0861567741430766,False,-0.9928813805908503,False,False
0.1357098664437723,False,-1.0575634195885937,False,False
0.12942756575591613,False,-1.3525961243978446,False,False
0.03044573626699787,False,-1.0715463559603844,False,False
0.0709402764647144,False,-1.0343536586863606,False,False
0.04310772869263263,False,-0.98949981179919,False,False
0.07137515787507276,False,-0.9452751555369977,False,False
0.1485240530939237,False,-1.0678732034841167,False,False
0.06160492124041872,False,-1.0727497576905425,False,False
0.07399598650408984,False,-1.2539377414023456,False,False
0.14483988284171723,False,-1.0033100299980666,False,False
0.15306567364672202,False,-1.0511219110547798,False,False
0.1076462698147127,False,-0.9561438067586971,False,False
0.08291002016989962,False,-1.0853932286761614,False,False
0.10131498308179426,False,-1.071208566502871,False,False
-0.0019511484085953379,True,-0.9953369238141855,False,True
0.0007566982876472395,False,-1.53197355206526,True,True
0.1323178940458944,False,-1.1445161593548543,False,False
0.14658910187227203,False,-1.0639916473535087,False,False
-0.0004362878978393381,True,-0.9932506800792563,False,True
0.1478546200966135,False,-0.9833925581617498,False,False
0.0953989819532789,False,-0.999546906686754,False,False
0.059100444569078536,False,-1.002390344828817,False,False
0.06855451493520304,False,-1.04544072151859,False,False
0.07615127562221136,False,-0.9788000950608282,False,False
0.004431519750651369,False,-0.9677191693119163,False,False
0.06305015145160148,False,-1.2181277335178309,False,False
0.09169007129195417,False,-1.3682045491101884,False,False
0.06299093160639063,False,-1.1854763416910088,False,False
0.07190329190327971,False,-0.9916103345440618,False,False
0.09658744401006109,False,-1.071946696842482,False,False
0.005873962640281616,False,-1.2675751439078575,False,False
0.07694453055328393,False,-1.0985569862017337,False,False
0.015994816192787087,False,-1.1153921954957953,False,False
0.14270902896418686,False,-1.0047645367997886,False,False
0.07082885071723571,False,-1.1092203606581816,False,False
0.06607289143952988,False,-1.1591772860874292,False,False
0.06902347530358532,False,-1.273448838054746,False,False
0.03447654759281149,False,-1.0693493591175374,False,False
0.0788238838811241,False,-0.9693398785884952,False,False
0.07350457144473055,False,-0.9906710968161361,False,False
0.13643963265405673,False,-1.0452103596396036,False,False
0.05214810998285552,False,-0.9901610382618727,False,False
-0.08127219320050905,True,-1.4587444637532887,True,True
0.08193259591393154,False,-1.0121339918498216,False,False
0.14627819338343256,False,-1.0864991273058897,False,False
0.08390765213497042,False,-1.0023994450358251,False,False
0.0354427980857262,False,-0.9483576277173233,False,False
0.06038904470596529,False,-1.0383895694300225,False,False
0.10477246924368733,False,-0.954538420963669,False,False
0.07079602071142593,False,-0.9985272951679238,False,False
0.15423033437312683,False,-1.1587469211906836,False,False
0.05345375013846021,False,-0.9860649519049524,False,False
0.13075674777033647,False,-1.0852640011134553,False,False
0.048672017662519995,False,-1.0173383280645412,False,False
0.10021802770475607,False,-0.9884457076673488,False,False
0.023738024573729533,False,-0.9974402586682514,False,False
0.06751562708881914,False,-1.0104258734584517,False,False
0.12614009121924857,False,-1.0400074912499027,False,False
0.15650906025844696,False,-0.9977825801890834,False,False
0.09253057384578073,False,-1.0788409072307379,False,False
0.06845204168803692,False,-0.9616906273620509,False,False
0.09228451957391193,False,-1.0006731882295532,False,False
0.14820539735848987,False,-1.0167579483008318,False,False
0.14899791174269927,False,-1.0735080611374148,False,False
0.018676649105310417,False,-1.277507214493202,False,False
0.08851844506260964,False,-1.2269671203511494,False,False
0.06652272167644913,False,-1.0555941928261554,False,False
0.1375281492664071,False,-1.163325716441681,False,False
0.1555092179819949,False,-1.017781279428656,False,False
-0.02840385491118602,True,-1.2815513111071266,False,True
0.13754737837259728,False,-1.0399607647858644,False,False
0.06806155892956406,False,-1.0185766809696137,False,False
0.06336495840361672,False,-1.165312756286018,False,False
0.10937438879820416,False,-0.9863754442402175,False,False
0.11813103207986175,False,-1.0091553299099245,False,False
0.06407710213831558,False,-0.964402287288747,False,False
0.05690226699721912,False,-1.005315258910414,False,False
0.14938753779212643,False,-0.9961889035764363,False,False
0.032717784402053474,False,-1.0297764341997984,False,False
0.05398427570314879,False,-1.0712741405019703,False,False
0.07738709826306683,False,-0.9859933969433486,False,False
0.07305308706329566,False,-1.0289075980647522,False,False
0.06069639215654771,False,-1.340431107281855,False,False
0.035122635290339266,False,-1.2438787738661827,False,False
0.0771960676483735,False,-1.0244700372218782,False,False
0.14146571923896323,False,-1.0277326164372995,False,False
0.14397007953078172,False,-1.1861707244920219,False,False
0.1456658032600056,False,-1.0444517352176956,False,False
0.030972656746048266,False,-1.1654128141235833,False,False
0.07577471953296361,False,-1.0469283271023424,False,False
0.06151383861374132,False,-1.0850596474972292,False,False
0.05844941373349166,False,-0.9833744858636406,False,False
0.08608752723870583,False,-1.0570712447965127,False,False
0.09220546771680521,False,-1.000865477807134,False,False
0.061770183118808664,False,-0.9754669927032703,False,False
0.07268450297987666,False,-0.9908961422717125,False,False
0.00048307473412523283,False,-1.0272812583222048,False,False
0.035634834491114764,False,-1.022237439385133,False,False
0.0773941077783174,False,-0.9830955130211624,False,False
0.06969551625642156,False,-1.1338908402647392,False,False
-0.012295744356917493,True,-1.40734320469219,False,True
0.06976250343953566,False,-1.0215739775514951,False,False
0.15463614242653023,False,-0.973635105615181,False,False
0.0935214556563908,False,-1.4348674818861589,False,False
0.02655836261335426,False,-2.124503894072669,True,True
0.07619752548472758,False,-1.183926437195059,False,False
0.04625644807948792,False,-0.974711556419491,False,False
0.029809511220605323,False,-0.9725017689730857,False,False
0.06018444319944105,False,-0.9805992620661244,False,False
0.084264562132845,False,-0.9907289475616018,False,False
0.08452795257537599,False,-0.9609143579519366,False,False
0.08511137491523374,False,-0.9945528430022715,False,False
0.0350090825767998,False,-0.9688648585472956,False,False
0.14639681346604577,False,-0.9622859306371543,False,False
0.14634732236302478,False,-1.064567379535982,False,False
0.05715270471256462,False,-1.0763594866291541,False,False
0.068461719837004,False,-0.9494227614008416,False,False
0.007491079291805036,False,-1.0937180266660091,False,False
0.0180014901837664,False,-1.003576528954779,False,False
0.07514374373537275,False,-1.0214315772593912,False,False
0.0665807202338819,False,-0.9615770665843757,False,False
0.03157306658091502,False,-0.972235993292279,False,False
0.09290371983079515,False,-1.2308625067624273,False,False
0.09204740585604099,False,-0.975831287565553,False,False
0.019934953040939396,False,-1.0038227168585394,False,False
0.09687727937511992,False,-1.019391303470503,False,False
0.06986426927444822,False,-1.0146232979410066,False,False
0.07328629624868055,False,-1.0204863365392938,False,False
0.06730422557099791,False,-1.0958326890760808,False,False
0.010651337718416864,False,-0.9846032436864789,False,False
0.026875896017864886,False,-1.0670502525099181,False,False
0.12400455259337007,False,-1.8498527037009924,True,True
0.0678007620033742,False,-1.1030453572943633,False,False
0.1491912226851877,False,-1.0611130967041347,False,False
0.07636017502278752,False,-0.9884735087162648,False,False
0.052398167360399595,False,-1.2506947366708554,False,False
-0.008043603778241648,True,-1.130628192967266,False,True
0.08530590397284443,False,-1.316515080996027,False,False
0.04663727015320801,False,-1.129201263366061,False,False
0.09118356071903488,False,-0.9837020485815525,False,False
0.029198762050348104,False,-1.2266047853042874,False,False
0.1421067468957185,False,-1.063085478226426,False,False
0.07560066413883249,False,-1.0462680423654733,False,False
0.07560716463308947,False,-0.9839824384930379,False,False
0.06582055213596377,False,-1.0517293798346534,False,False
0.014794668459782279,False,-1.079479843331077,False,False
0.06195209134640006,False,-1.0296224866192962,False,False
0.08178689608119749,False,-0.9595807324892082,False,False
0.02819677834082074,False,-1.0092514033442586,False,False
0.08473382675589636,False,-1.024936342239538,False,False
0.06784385359517464,False,-1.0041070164244776,False,False
0.1520864914480679,False,-1.001010161280313,False,False
0.07911211590512668,False,-0.9849348643639967,False,False
0.14256042334840685,False,-1.0137832659372754,False,False
0.05732241387506265,False,-1.058890504561329,False,False
0.08473531889946528,False,-0.9686704466356743,False,False
0.14968307618451587,False,-0.9908347075266317,False,False
0.052372844075354696,False,-1.0167590383141325,False,False
-0.0016331171404806444,True,-1.0683136687238644,False,True
0.08938649061522685,False,-1.0069467544937447,False,False
0.13972390132862672,False,-1.0177364209072022,False,False
0.07728049507049123,False,-0.9738229752325551,False,False
0.056439396891848626,False,-0.9868407483909236,False,False
-0.009088394134358802,True,-1.0779427976655618,False,True
0.08566528666984186,False,-0.9631656243174189,False,False
0.09388207838130241,False,-1.1508228298346497,False,False
0.08438926998391932,False,-0.9652034876464051,False,False
0.09095713377418718,False,-1.020960176544288,False,False
0.03047668895871114,False,-1.009860339272954,False,False
0.05706240312175387,False,-0.9836794908912602,False,False
0.057859969588887505,False,-1.0570684635523622,False,False
0.05183364696920001,False,-1.0186032206358058,False,False
0.10811344055125793,False,-1.051701459544817,False,False
0.006159719485128168,False,-1.4218922468277893,False,False
0.06573042837632864,False,-1.0689373532341335,False,False
0.13979409292022055,False,-1.3930593396293927,False,False
0.008476040417559672,False,-0.977791139307335,False,False
0.0256166188500489,False,-1.0669196435186024,False,False
0.0347956318433148,False,-0.9763377884624344,False,False
0.07038855233231345,False,-0.9858481619454948,False,False
0.0670848932177156,False,-1.2454358300078825,False,False
0.156240011777601,False,-1.007127943833737,False,False
0.10646055473463295,False,-1.0247114714904568,False,False
0.04409339870492701,False,-1.0146819535845064,False,False
0.06587739898015449,False,-1.8052521711532854,True,True
0.08492294087754065,False,-0.9531013575102213,False,False
0.07720087739033482,False,-1.044971373993137,False,False
0.0657371618147109,False,-0.9645317929876217,False,False
0.06357686223164488,False,-1.0514829615465322,False,False
0.07839490969087626,False,-1.0949612656705798,False,False
0.05058947805431102,False,-1.4024798343141167,False,False
0.0032968582545247482,False,-0.9637608330870627,False,False
0.0036503776125735854,False,-0.968843555412972,False,False
-0.0006909551866635111,True,-1.0548094744137446,False,True
0.036234752434222084,False,-1.066733748277149,False,False
0.0009656325896186813,False,-1.6509133736771662,True,True
0.05852295468245672,False,-0.9737680070577923,False,False
0.06629458379059289,False,-1.0564348609283525,False,False
0.13912122413846817,False,-1.0060401666723648,False,False
0.14269042630016426,False,-1.0302261589529862,False,False
0.07095454390101669,False,-0.9552095633215192,False,False
0.14468856258127882,False,-1.0507647665705693,False,False
0.07891559897863581,False,-1.0824288874312664,False,False
0.14825779391985988,False,-1.0205939610563917,False,False
-0.007792103438029829,True,-1.259947005444552,False,True
0.07710798670347513,False,-1.1264120497695147,False,False
0.007852252344760502,False,-1.191710503620281,False,False
0.15126862411637632,False,-1.0268849112015643,False,False
0.0046409433330673044,False,-0.9867517901142483,False,False
0.05395892513138917,False,-1.0909581070292913,False,False
0.06946029313885538,False,-1.0880606746062567,False,False
0.1490461981274283,False,-1.0126563550274434,False,False
0.13697722967079734,False,-1.001508562083349,False,False
0.1393026201934156,False,-1.0385137836033418,False,False
0.07941043607994952,False,-1.0336065522239635,False,False
0.09898408973779255,False,-0.9990400014898526,False,False
0.06250145936650486,False,-1.0686472515976149,False,False
0.15254920385259413,False,-1.0156146029847766,False,False
0.10416749861152047,False,-1.0146742471388595,False,False
0.07853727851460468,False,-1.0030655038379301,False,False
0.05078709129899711,False,-1.49016906324456,True,True
0.07225472996494187,False,-1.0822891803068981,False,False
0.04918520667971332,False,-1.1051041029963526,False,False
0.07310007232859578,False,-1.0370869100560927,False,False
0.07118705633484235,False,-1.226893453033615,False,False
0.08268375870244465,False,-1.0041282737659802,False,False
0.07166613874933919,False,-1.0649128583348333,False,False
0.1352688930918396,False,-1.0333567618681236,False,False
0.07725106057956,False,-0.9810530957919976,False,False
0.06619323843896024,False,-1.0120648895364632,False,False
0.06413002028215387,False,-1.0453197955001488,False,False
0.09911667771606858,False,-0.9936590377872578,False,False
0.023598449598302706,False,-0.9776129195565678,False,False
0.1369441874765871,False,-1.1416952390509714,False,False
0.09501081875355344,False,-1.023762738079846,False,False
0.03241860329661045,False,-1.0710166765459983,False,False
0.10603246893968565,False,-1.0478371938238356,False,False
0.13592495861124254,False,-1.1448440396894515,False,False
0.043773161052489185,False,-1.0493510438526412,False,False
0.0743618104859829,False,-1.0549489879508198,False,False
0.02783716353746074,False,-0.9926072099882838,False,False
0.08226273689033053,False,-1.0303810574586367,False,False
0.04039251802620547,False,-0.9501794705428761,False,False
0.07805608481260051,False,-0.9608097664827284,False,False
0.06927767045132888,False,-0.978022868709246,False,False
0.13803512883841346,False,-0.972148450322438,False,False
0.005051961317676157,False,-1.3725821982002524,False,False
0.06874370366928406,False,-1.0792996898985558,False,False
0.09599298651265292,False,-1.1082749221454207,False,False
0.030987354447465976,False,-1.0000057554212927,False,False
0.10520200583919892,False,-1.0176960116865035,False,False
0.13599178844758159,False,-1.0841829725323537,False,False
0.0712011174495164,False,-1.1042740129513215,False,False
0.07187215528411273,False,-0.9957191230927933,False,False
0.07157051641225709,False,-0.9973111256411373,False,False
0.04997736176221412,False,-1.3551558083926996,False,False
0.0688321709405541,False,-1.1033310702027543,False,False
0.1369568244755645,False,-1.0592137470674454,False,False
0.02859054749609896,False,-1.0867469150627707,False,False
0.1350149893530213,False,-1.028416349305426,False,False
0.14384328067831592,False,-1.0958833937484114,False,False
0.13963204975828714,False,-1.0860963756529558,False,False
0.08623480292260399,False,-0.9986471344828389,False,False
-0.03639467077167147,True,-1.046382217348381,False,True
0.040077708189049266,False,-1.2601419796242055,False,False
0.005201183305549528,False,-1.088831275237689,False,False
0.03124991513458475,False,-1.028549695144514,False,False
0.05215190744102455,False,-1.0068111678163174,False,False
0.07698057992166113,False,-1.0878118904015257,False,False
0.06412482105184336,False,-1.0211472512935482,False,False
0.1578913979027225,False,-0.9896559411777386,False,False
0.01224598345906236,False,-1.5873950978202942,True,True
0.14906232968190086,False,-0.9794882755089184,False,False
-0.004450285157458933,True,-1.3417419239757322,False,True
0.007057507918217021,False,-1.0330001556636312,False,False
0.06386063181352247,False,-1.1935483319214548,False,False
0.13553577890076868,False,-0.9794370730818448,False,False
0.015841230141905527,False,-1.1973165179844079,False,False
0.0074047269965065166,False,-1.0092464966922752,False,False
0.07822730793013671,False,-1.1278661080687504,False,False
0.1457757269996134,False,-1.023255032689035,False,False
0.10723340546558935,False,-1.0584165659643392,False,False
0.07640666201302065,False,-0.9874430200533624,False,False
0.00808680854549415,False,-1.1766750367228385,False,False
0.08128568849748447,False,-0.9847851632454709,False,False
0.018677312183515093,False,-1.113226140401747,False,False
0.02906049076685635,False,-0.9894203206923857,False,False
0.0424023538940993,False,-1.043256352146741,False,False
0.08725438876422031,False,-1.0288860635997576,False,False
0.062469558127872804,False,-1.0786200482527322,False,False
0.12740832546655156,False,-1.0659131547568543,False,False
0.0632850761139302,False,-1.0133094028837288,False,False
0.0679180302333563,False,-1.1095217192530646,False,False
0.07812999554091149,False,-1.0528230509174357,False,False
0.06496942718258525,False,-1.1562712950090277,False,False
0.15123443667290998,False,-1.0158142559764973,False,False
-0.015202192020859262,True,-1.109658351444395,False,True
0.01370196814924185,False,-0.9873350855488937,False,False
0.03943765247844261,False,-0.9977347170269549,False,False
0.07539917154130527,False,-1.0518013525663636,False,False
0.047027621400013875,False,-1.0177112062939284,False,False
0.035261123095925995,False,-1.131879045660058,False,False
0.07224908889553944,False,-1.0947616392405783,False,False
0.06157100357790407,False,-1.0292837843203706,False,False
0.07609280652350414,False,-1.0037856984717255,False,False
0.019452659717880905,False,-1.1539958341811984,False,False
0.1326260604319367,False,-1.049301005585527,False,False
0.15157381101425715,False,-1.014560644210913,False,False
0.003088534789460695,False,-1.1138257976572392,False,False
0.05793577218524265,False,-1.1190618794948084,False,False
0.08132823733790606,False,-1.029344390470404,False,False
-0.0053982340401089735,True,-1.1413017856310381,False,True
0.08151489654168126,False,-0.9635217176155629,False,False
0.05266729654369484,False,-1.1306121287068185,False,False
0.01979727623813743,False,-1.0269517616857367,False,False
0.06756558080083241,False,-1.0330203292959734,False,False
0.134384914967016,False,-1.1441710443978674,False,False
0.14645174434594765,False,-1.0314397228010614,False,False
0.07668060447422315,False,-0.9972330287662174,False,False
0.06618259419287104,False,-1.0883630540857125,False,False
0.06644595007702059,False,-1.2073890361414366,False,False
0.0615119314815033,False,-0.9563545846786446,False,False
0.006820249177444837,False,-0.989088820071071,False,False
0.040797762541968874,False,-1.0798168391497553,False,False
0.1174523433586736,False,-1.2207178337436086,False,False
0.03789527841446899,False,-0.9874894629105393,False,False
0.08588020089541903,False,-0.9975168786692897,False,False
0.018678925863470308,False,-1.2449458648937326,False,False
0.01730177404082378,False,-0.9804176344452454,False,False
0.03377618183911091,False,-1.0443373534315146,False,False
0.14824730142200243,False,-1.0022173873758087,False,False
0.08912782864803814,False,-1.0869058500170123,False,False
0.0609962858464288,False,-1.056633050924478,False,False
0.07119196086620666,False,-0.9537294229461081,False,False
0.0827465693207956,False,-1.031570674076079,False,False
0.14016701177109042,False,-0.9901654135028677,False,False
0.10777742344905833,False,-1.0246443511255803,False,False
0.06457857011147455,False,-1.177407388018963,False,False
0.019733836786974046,False,-1.0781235340601274,False,False
0.059490294245356345,False,-1.1292049581694255,False,False
0.14591745238205522,False,-1.0553341003408598,False,False
0.06960139706139035,False,-1.013367015431192,False,False
0.1335954835155983,False,-1.010437438154486,False,False
0.08336834932806275,False,-1.003522308016313,False,False
0.14704012494124324,False,-1.05042823563736,False,False
0.07767025948456818,False,-0.9621446823076308,False,False
0.10530607244912954,False,-0.9767886977268422,False,False
0.08249244025023361,False,-0.9766754912522673,False,False
0.13423050735302416,False,-1.0579823311314362,False,False
0.10461066330343127,False,-1.336192243886428,False,False
0.030653874570152506,False,-0.9804654040050302,False,False
0.10203087691082824,False,-0.996987183134957,False,False
0.14573280511454684,False,-1.09810928879282,False,False
0.13057252226607874,False,-1.1074903856179528,False,False
0.07303601523865239,False,-0.9682729572991002,False,False
0.06804542358882332,False,-0.9859041019622676,False,False
0.071153741832026,False,-1.0174507468119005,False,False
0.015411193440132531,False,-1.052892879141977,False,False
0.053906299906673616,False,-1.292650083518134,False,False
0.062256617491186994,False,-1.0454333815121075,False,False
0.1411194453182391,False,-1.0780181588467475,False,False
0.07198004169514216,False,-1.0183863202793888,False,False
0.020774036898144388,False,-1.3126201074493917,False,False
0.14390573131170964,False,-1.0383836819869388,False,False
0.06816745858999418,False,-1.0046576514387795,False,False
0.1388074261220265,False,-1.3575601091126477,False,False
0.029642077044022386,False,-1.0394263655710474,False,False
0.05519268418743717,False,-1.227760033937547,False,False
0.056033283825873303,False,-1.0365646786355787,False,False
0.05203369356259907,False,-1.1504057727525774,False,False
0.004664978818965437,False,-1.0168209084783357,False,False
0.07144418620875737,False,-1.0848120793839584,False,False
0.05959485011730298,False,-0.9938042135935202,False,False
0.1323830518093032,False,-0.9789515680928421,False,False
0.08486160014729244,False,-1.3795370534503575,False,False
0.07612328113926387,False,-1.3207631621348417,False,False
0.048524817255970965,False,-1.0445337298606705,False,False
0.06968094893466881,False,-1.0275141257729217,False,False
0.08170416728328866,False,-1.0410565342139246,False,False
0.07583170480981533,False,-0.9811621352077783,False,False
0.1506145254609913,False,-1.0137316038487185,False,False
0.08007296836135541,False,-1.0867097758327084,False,False
-0.0009677060815398431,True,-1.2526923081283763,False,True
0.06321253544604283,False,-0.9626886105247007,False,False
0.022696783857773573,False,-1.0818863731029646,False,False
0.13425425714991768,False,-1.1576511853021887,False,False
0.10256191791705882,False,-1.0746575665171902,False,False
0.07602750625985194,False,-1.025575080879465,False,False
0.08781683869479018,False,-1.1517831087034842,False,False
0.06707550984763005,False,-1.0461786679015286,False,False
0.039425792141359106,False,-1.0018300200985149,False,False
-0.004348027306526281,True,-1.147190213951585,False,True
0.1278452897176292,False,-1.1496182284195613,False,False
0.012444313027334952,False,-0.9822585907104621,False,False
0.029287672126641018,False,-0.9680862113075477,False,False
0.12897193111689753,False,-1.0295235676741747,False,False
0.13072371214129236,False,-0.9810864847051007,False,False
0.061109700338084494,False,-1.0441272861955881,False,False
0.14305684611430164,False,-1.0391578879411234,False,False
0.0285102724727595,False,-0.9849826046056295,False,False
0.10134612141489319,False,-1.026377762419545,False,False
0.15446615462894903,False,-0.9869066144405491,False,False
0.049957367731755964,False,-1.8611948693460385,True,True
0.09729084038121283,False,-0.9882840654291242,False,False
0.0640057500459491,False,-1.053449103524541,False,False
0.020336969163012364,False,-1.042423096769849,False,False
0.02675873347470048,False,-0.986108366176493,False,False
0.07038927360211861,False,-1.0030475493821513,False,False
0.006700630661993667,False,-1.1864867134862507,False,False
0.08231143085510756,False,-0.9636170755888974,False,False
0.0595432778456797,False,-0.9689135483344868,False,False
0.06414474935708259,False,-1.0841441801873422,False,False
0.06539255530459637,False,-0.9856299902562131,False,False
0.08126868933338599,False,-1.072388848883625,False,False
0.06438407134825447,False,-1.1196906206506312,False,False
-0.0012878254068154904,True,-0.995157283826851,False,True
0.11934001798974547,False,-1.0966462761619764,False,False
0.08289898035640547,False,-1.334736349182338,False,False
0.15587424090904023,False,-0.9971132566449125,False,False
0.08158058021130027,False,-1.1074965689110732,False,False
0.14887711788982044,False,-0.9999809871367011,False,False
0.08595067294779701,False,-1.0115222053901358,False,False
0.10567927665025251,False,-1.080940387468242,False,False
0.15139478704794695,False,-1.0129602841972307,False,False
0.00971812780767689,False,-1.1053946910070973,False,False
0.0683886809188004,False,-1.561476158427993,True,True
0.07167980439782745,False,-1.031194062137976,False,False
0.06854568977677994,False,-1.0096447076824173,False,False
0.06494568386868155,False,-1.2836563415289879,False,False
0.06899177349431845,False,-1.3348987236169338,False,False
0.0645678537633439,False,-1.0838902876409253,False,False
0.1507590551916832,False,-0.9607780464824227,False,False
0.14612786600322036,False,-1.1396328274213263,False,False
0.06698358626934164,False,-1.005625584733467,False,False
0.06983367527920903,False,-0.9888221080703362,False,False
0.11003472018298327,False,-1.0070993186313106,False,False
0.049806826662752934,False,-1.0812128260837952,False,False
0.04972236509527128,False,-1.092292485174662,False,False
0.036164528625566184,False,-1.2004308119125011,False,False
0.06097366323652642,False,-1.1318784952486887,False,False
0.07123985274324501,False,-1.0138636401609362,False,False
0.1452453422136935,False,-0.977091390167779,False,False
-0.0262050282064773,True,-1.07701470255421,False,True
-0.005947276516027222,True,-1.1013755455980168,False,True
0.0760642997070517,False,-0.986216315005942,False,False
0.08711787284276801,False,-0.9800128496973372,False,False
0.14368550587725254,False,-1.0812261241509031,False,False
0.1549848678389229,False,-0.9870368813908061,False,False
0.06212018517564394,False,-1.1017909661454792,False,False
-0.028656207784558796,True,-1.029950050111077,False,True
0.10740145423379982,False,-1.4109386326231699,False,False
0.1469160608893303,False,-1.0459234768010552,False,False
0.14385882921333082,False,-1.0309588613308798,False,False
0.023501687834046603,False,-1.0367822408307097,False,False
0.06447766116090403,False,-1.0477710130617623,False,False
-0.00522620958699882,True,-1.3951935981880499,False,True
0.054295606766997184,False,-1.0554117270931302,False,False
0.019707125001955483,False,-1.1866443558269064,False,False
0.14035400823048533,False,-1.0312378311444659,False,False
0.1419760499117752,False,-1.0043544739874775,False,False
0.024047416302106217,False,-1.0338823961871622,False,False
0.03390108249160301,False,-1.7587722901533334,True,True
0.0535544119386967,False,-1.1841388843914993,False,False
0.1519399745336718,False,-0.9661222607239806,False,False
0.15300992842827332,False,-0.9824813325851032,False,False
0.14456703941819715,False,-1.177079531211362,False,False
0.13218641283667948,False,-1.0157881971315137,False,False
0.07776924960572079,False,-1.0674074508313656,False,False
0.15600235177506394,False,-1.0087984874805476,False,False
0.07554474177023568,False,-1.055502965772265,False,False
0.14970397055071033,False,-1.0001206034726957,False,False
0.06843953005232717,False,-1.292040997882472,False,False
0.08353295941022448,False,-1.060635709755409,False,False
0.0741975044453635,False,-1.170772002541141,False,False
0.06967040834701976,False,-1.5456306673258295,True,True
0.07025051488850098,False,-1.2167016816764702,False,False
0.09794250818941302,False,-1.0766845703590564,False,False
0.10377352544565088,False,-0.957985813077995,False,False
0.1558840079322994,False,-0.9864507202056293,False,False
0.14076800763920394,False,-1.0251854989246358,False,False
0.0479071022713809,False,-0.9928453917359145,False,False
0.028193427507550495,False,-1.9862498996047049,True,True
0.02225868158277855,False,-1.0169375212291185,False,False
0.07526922766521033,False,-1.3757378964439115,False,False
0.0105707161486297,False,-1.296191756117455,False,False
0.06313157135303904,False,-1.0862554499044488,False,False
0.07425056250575329,False,-1.170789923369815,False,False
0.12421922991027895,False,-1.0677047484284263,False,False
0.15166237130704596,False,-1.0422879982218463,False,False
0.07099244428647528,False,-1.0407516936168435,False,False
-0.00043945851919224843,True,-1.1348916200680794,False,True
0.1302584833127794,False,-1.3738736906102895,False,False
0.10480233684327184,False,-1.042811507937755,False,False
0.06743984457682567,False,-1.3687117621438367,False,False
0.1512137880070492,False,-1.0064949642673227,False,False
0.0653607015699118,False,-1.0768356768754432,False,False
0.07417120061514443,False,-1.0711551279486031,False,False
0.11238347247813474,False,-0.9935244946820069,False,False
0.05637042781651874,False,-1.1185471952919035,False,False
0.14906232968190086,False,-0.9794882755089184,False,False
-0.026995635597494183,True,-1.2668783138111555,False,True
0.1395729874021916,False,-1.1452011613246256,False,False
0.05537679204185503,False,-1.044182998089717,False,False
0.1443609812398332,False,-1.0586941302701907,False,False
0.14795619430571338,False,-1.0377257986389754,False,False
0.0678042486049466,False,-1.2573631841026254,False,False
0.08732621882717084,False,-1.0275076442057094,False,False
0.11156829060227968,False,-1.1417621509690088,False,False
0.07824212619960502,False,-0.9932549104967439,False,False
0.03746683423702962,False,-0.9752486951896897,False,False
0.07011830251601392,False,-0.983576430002268,False,False
0.15637787515932072,False,-1.0708374622181083,False,False
0.07990542915050197,False,-0.9860847475925503,False,False
0.1410964254205032,False,-0.9928001307259755,False,False
0.1478446483562727,False,-1.0056350841260397,False,False
0.1390564201730234,False,-1.0612600314783058,False,False
0.054555839893735136,False,-0.9887327641694951,False,False
-0.006633707822782053,True,-0.9801891931478146,False,True
0.09418882265552586,False,-1.0256694192501021,False,False
0.07701321603238614,False,-1.0892183837943237,False,False
0.1095152823263923,False,-0.9796482494000467,False,False
0.04661103837359576,False,-1.549500961315209,True,True
0.04258503119300133,False,-1.5247973836766453,True,True
0.08007861569746494,False,-1.0430670137585323,False,False
0.06233974640844664,False,-1.0868397637584337,False,False
0.09259092971704402,False,-1.0634778746273235,False,False
0.07660784879656168,False,-0.991504212685489,False,False
0.07728857467116945,False,-0.9831293168121904,False,False
0.07107028325868087,False,-1.1953526859576216,False,False
0.060760197783215175,False,-1.020157107198885,False,False
0.07609280652350414,False,-1.0037856984717255,False,False
0.03676309908668096,False,-1.162679479892374,False,False
0.14206855895756176,False,-1.0474254148745759,False,False
0.06151090024782352,False,-1.0190024181517074,False,False
-0.02748897334646716,True,-1.4263545643699576,False,True
0.13374447855441995,False,-1.0245843292260943,False,False
0.0768473118588604,False,-1.1612673755397722,False,False
0.14709050207028695,False,-1.0760949702052336,False,False
0.08551999342708189,False,-1.0877725765302244,False,False
0.07858282542511091,False,-1.0166946189512007,False,False
0.1285551993276282,False,-1.0707201220001674,False,False
0.14407398435037255,False,-1.0648261528109095,False,False
-0.02745496577856965,True,-1.0670501089156317,False,True
0.01804488759429901,False,-1.0588660011536002,False,False
0.06858332463955391,False,-1.2752299908749891,False,False
0.08645165420540174,False,-1.0743138068559719,False,False
0.07428941286034835,False,-1.0563960487138453,False,False
0.03159932814724864,False,-0.9756307994399178,False,False
0.023750437763875032,False,-0.9675241881778621,False,False
0.14087340724606462,False,-1.190363271103389,False,False
0.14826621635927884,False,-0.9984248362050774,False,False
-0.03993437741907746,True,-1.6196623126579819,True,True
0.04228241409121375,False,-1.4233476048329177,False,False
0.15879082524273985,False,-0.9918656566167613,False,False
0.054710792185311274,False,-1.1252909123735633,False,False
0.019360183330041414,False,-1.060971493277255,False,False
0.13091237707447095,False,-1.014158794734745,False,False
0.07581063813430933,False,-0.9689659440718845,False,False
0.02982251034395994,False,-1.0064390956340907,False,False
0.020101308788267214,False,-1.793691605686084,True,True
0.0644337717610925,False,-0.9982459693477475,False,False
0.08058505065025318,False,-1.0001321281139286,False,False
0.1441875794402226,False,-1.0056914610177554,False,False
0.08232926644646299,False,-1.0607999908963224,False,False
0.023815062935081177,False,-0.9711799954965838,False,False
0.07568147462848546,False,-0.972223545209814,False,False
0.06961391126863681,False,-1.1045579912625871,False,False
0.1472921227405503,False,-0.985109019455518,False,False
0.09467523851087217,False,-1.0401360188578015,False,False
0.0015763397946503277,False,-0.9978654300573186,False,False
0.07773708753346698,False,-0.9899543507605255,False,False
0.025000885091959912,False,-0.9968335931700357,False,False
0.021575921636969753,False,-1.1113637649191925,False,False
0.05624655065291362,False,-1.0839917675921937,False,False
0.07744827361239781,False,-1.046420128903581,False,False
0.14578783082495106,False,-0.9835844575202275,False,False
0.06836293271529487,False,-0.9569233562353198,False,False
0.041328257914976796,False,-1.0098285594349097,False,False
0.10046009394141137,False,-1.063813589229862,False,False
0.06178107880771638,False,-0.9860633799160681,False,False
0.15393143054168745,False,-0.9917512885926726,False,False
0.038264265084233584,False,-0.990322746624949,False,False
0.07078781052160749,False,-0.9976939860044531,False,False
0.06767095769297932,False,-1.0627216745291936,False,False
0.14633162071812955,False,-1.0490110994406623,False,False
0.07266276053005671,False,-1.0159778999598468,False,False
0.09994420091314032,False,-0.9879403758584621,False,False
0.01450853980799749,False,-1.1612520737515097,False,False
0.08444787172677831,False,-1.0241810177118844,False,False
0.0739559334299485,False,-1.1679664334474418,False,False
0.1318458952105493,False,-1.069484418221661,False,False
0.07737893113446925,False,-1.1641005276721303,False,False
0.05605899422800997,False,-1.1667318368064985,False,False
0.11780376303181578,False,-1.4006205958516447,False,False
0.05513585521014597,False,-1.0362578556865676,False,False
0.07225220797165832,False,-1.0437134903053458,False,False
0.04664992488140435,False,-1.023715769047889,False,False
0.07054647131930836,False,-1.0110799302376274,False,False
0.013240110329685417,False,-1.4952316015052367,True,True
0.0883764868715734,False,-1.009103007004367,False,False
0.0064239843350505366,False,-1.5357504936659563,True,True
0.017120506940562108,False,-2.1969268932898776,True,True
0.016662664788399617,False,-0.9602431245140565,False,False
0.08337584077804494,False,-1.0128358153882595,False,False
0.0792639529184791,False,-0.9783726233315393,False,False
0.07837733507707623,False,-0.9768910553097184,False,False
0.08752878641718498,False,-1.0183626898135998,False,False
0.08193963758983946,False,-1.0115524075229878,False,False
0.019569771332050734,False,-1.1029798165580078,False,False
0.029451594102904433,False,-0.9684602999029897,False,False
0.08901385386224686,False,-1.0241760610558788,False,False
0.07597277067589803,False,-1.0272940154943684,False,False
0.09031334176306904,False,-1.2136033603722336,False,False
0.07596285035219513,False,-1.021065572364451,False,False
0.06601130920682013,False,-1.0136972530574084,False,False
0.13152745867281168,False,-1.0267681570159763,False,False
0.06456025281783412,False,-0.9912518047882581,False,False
0.06948844309723867,False,-1.1675879966497524,False,False
0.07581202661662323,False,-1.0101780335039314,False,False
0.13512048273710747,False,-1.0707318159467065,False,False
0.14860499227829782,False,-1.0207180941922025,False,False
0.13597767982990927,False,-1.1910088088822373,False,False
0.02197953507572664,False,-1.0328955645349098,False,False
0.06002513227091899,False,-1.0139132412112999,False,False
0.1538443469536851,False,-0.9727490249975709,False,False
0.08253525332774875,False,-0.972941322710604,False,False
0.12648097643669198,False,-1.221408496650592,False,False
0.07230569479388133,False,-1.000890053984866,False,False
0.08383543745840605,False,-1.0837932663042398,False,False
0.12795153730831466,False,-1.0945717371203432,False,False
0.13429675725357254,False,-1.1276742860045705,False,False
0.05991454938834179,False,-1.0679106707731525,False,False
0.1507586469390168,False,-0.999391140859722,False,False
0.0834192629102089,False,-0.983716155160295,False,False
0.010583860090572883,False,-1.1089768454188724,False,False
0.05802334743691606,False,-1.062489239405272,False,False
-0.023615575007099987,True,-1.1521543526828457,False,True
0.09927295472808617,False,-1.0485306715438525,False,False
0.07892389037493552,False,-0.9985207268882335,False,False
0.10410136335817705,False,-0.9871773478109217,False,False
0.05599241757707918,False,-1.028842553126738,False,False
0.14941109403405484,False,-1.0062342975447474,False,False
0.07844275470973161,False,-1.2266861216577776,False,False
0.0907867454234656,False,-1.0151329051770825,False,False
0.13891816354778852,False,-1.0303956980081443,False,False
0.050867236672669236,False,-0.9783326314367244,False,False
0.06488343081755821,False,-1.0167934859796335,False,False
0.07109920938645425,False,-1.0454577341436802,False,False
0.07595774019007251,False,-1.0115323470731468,False,False
0.07160860520603879,False,-1.0010852902363272,False,False
0.09954812870153379,False,-0.9836835454960638,False,False
0.0757450250286773,False,-0.9777487487416922,False,False
0.056072370273360816,False,-0.9932482439097218,False,False
0.14452203315801043,False,-1.0754013858094473,False,False
0.14320553338972586,False,-0.9748111411419209,False,False
0.1461195937557227,False,-1.0391380977480154,False,False
0.08278920737116552,False,-1.1007388942600878,False,False
-0.026287177264217143,True,-1.3132541306572152,False,True
0.05942360632234278,False,-1.9250854126029389,True,True
-0.014267951985076688,True,-1.0936696872174072,False,True
0.06636259743199135,False,-1.1305566055451375,False,False
0.1577934425780807,False,-1.0498662416695494,False,False
0.054954654859764696,False,-1.0235691091633223,False,False
0.03463803793693704,False,-1.2910029110633487,False,False
0.07500722765490586,False,-1.1749422587750922,False,False
0.011992677025445708,False,-0.9784474869965327,False,False
0.039519916659197796,False,-0.99006394254068,False,False
0.11725455822085584,False,-1.49478245793896,True,True
0.0038133073032503573,False,-1.020817490892075,False,False
0.08255338404165175,False,-1.0546126861785188,False,False
0.14435627280321095,False,-1.0135618288889554,False,False
0.1430912279578384,False,-1.0889384949821115,False,False
0.03850653518736358,False,-1.1695413841724727,False,False
0.13280400153201877,False,-1.0029697556830515,False,False
0.08219773537224867,False,-1.1156608290790262,False,False
0.15298949271525109,False,-1.0207469912797775,False,False
0.020343804655647002,False,-0.9877244149533603,False,False
0.053489244118608614,False,-1.0113169029248663,False,False
0.013106550316591359,False,-0.9740200305241373,False,False
0.01894433042492849,False,-1.058006631359193,False,False
0.12975929782502793,False,-1.1500874512994113,False,False
0.014891903177088328,False,-0.9871186137872799,False,False
0.1071799866460057,False,-0.960171887410349,False,False
0.043141105779075484,False,-1.0603079372045554,False,False
0.006329305449581213,False,-1.057635138951902,False,False
0.0671555698332677,False,-1.0073948512030941,False,False
0.027783473672075454,False,-1.0024942891577915,False,False
0.017266841077610562,False,-1.0486292083796838,False,False
0.14157169524958568,False,-1.069772316824826,False,False
0.03361724909099573,False,-0.9870249569461693,False,False
0.053360754627283236,False,-1.0303576612289649,False,False
0.08851296340786291,False,-0.9991173852511881,False,False
0.11116606048922234,False,-0.971711109759392,False,False
0.11766461923868443,False,-1.7520517186542406,True,True
0.15324502077353425,False,-1.005462091645673,False,False
0.15877120016451463,False,-0.9894276925762883,False,False
0.0495441881388915,False,-1.1198314240690888,False,False
0.05334112773655808,False,-1.0001247227563546,False,False
0.08626282109753447,False,-1.0171592747524023,False,False
0.0688806826581303,False,-0.999069703112907,False,False
0.06838976869417179,False,-1.0610944562735143,False,False
0.006090539695934649,False,-1.2210038073703608,False,False
0.035460866004183134,False,-0.992780103842432,False,False
0.038456081126992,False,-0.995683935232037,False,False
0.08534608394967846,False,-0.9780017454231318,False,False
0.07946020962687322,False,-1.0557487139830408,False,False
0.06862539544779173,False,-1.0825797854459227,False,False
0.09036988070224444,False,-1.2217190852337603,False,False
0.008338819863460967,False,-0.9690040710741334,False,False
0.10164878959985024,False,-1.381213591822355,False,False
0.08453572236937795,False,-0.9421296786571803,False,False
0.0656663162819433,False,-1.032206123496958,False,False
0.1504803204235063,False,-1.0416309709821416,False,False
0.15274269662955242,False,-1.0125993358879413,False,False
0.07823001837110288,False,-1.1046046407910846,False,False
0.03887929026347109,False,-1.3093034493008173,False,False
0.07923424215623426,False,-1.0780408867682971,False,False
0.04508874055888995,False,-0.9798173503690357,False,False
0.10002791633009878,False,-1.0379093621879305,False,False
0.07493510544789872,False,-0.9917748212725179,False,False
0.14042937754011642,False,-1.0009980990024063,False,False
0.04601117546343031,False,-1.2005859606648523,False,False
0.077676600717281,False,-1.1876970782930247,False,False
0.08269928314213026,False,-0.9946199459087774,False,False
0.14699360477160306,False,-1.0748317553010964,False,False
0.015889636904695248,False,-1.0882111936233458,False,False
0.14287355786383565,False,-1.0109348723914109,False,False
0.08975290211915499,False,-0.9731334618330385,False,False
0.0632117586044274,False,-0.9863910181654866,False,False
0.016398238206899562,False,-1.1157799509530342,False,False
0.08295434971354482,False,-1.3078223604224255,False,False
0.09795724716845683,False,-1.0995953025779046,False,False
0.026795079711696035,False,-1.6194705811199566,True,True
0.1432677290347001,False,-1.1221193081772938,False,False
0.1303318438615224,False,-1.2836306040960008,False,False
0.06994366958237824,False,-1.2033594003554642,False,False
0.030550003667143666,False,-1.0206042706196798,False,False
0.10923223042409264,False,-1.3663090898441355,False,False
0.09578915120089115,False,-1.0027160374890147,False,False
0.023901960087519658,False,-0.9995666143660727,False,False
0.04202608679953013,False,-1.017457319692099,False,False
0.052055839079043875,False,-1.365615888636195,False,False
0.13812756264556925,False,-1.0117561009821106,False,False
0.15434832309768348,False,-0.9877658129186541,False,False
0.077012907115668,False,-1.0389207180866404,False,False
0.04118992291124718,False,-0.9968769281770132,False,False
0.06885855633943105,False,-0.9967339508979471,False,False
0.07952707870041303,False,-1.0739376871009703,False,False
0.08421057667819754,False,-1.1181505657922846,False,False
0.14946476225181415,False,-1.0566240288406836,False,False
0.11018814030385232,False,-1.015150602522883,False,False
0.14748307935868665,False,-1.0027105927232913,False,False
0.08202476361456573,False,-0.9972259647096905,False,False
0.056059067390672845,False,-1.0436987058089113,False,False
0.1301008960705976,False,-1.3238188708115866,False,False
0.03175943439659107,False,-1.110808647292131,False,False
0.07035312738869981,False,-1.0129365374058048,False,False
0.05709409480427691,False,-1.0391012481038078,False,False
0.14405338781025884,False,-0.9911198324772418,False,False
0.145675714098423,False,-0.9686666942815713,False,False
0.15041224182313528,False,-1.023834196174234,False,False
0.08428995182009968,False,-1.1980916015632228,False,False
0.0250463475494892,False,-1.0220903848798177,False,False
0.08054710490099798,False,-0.9873528129353522,False,False
0.0028950437562834663,False,-1.1475392692638846,False,False
0.14846371162428645,False,-0.9827888423035713,False,False
0.14769446212741905,False,-1.071474565888613,False,False
0.09381904349170234,False,-1.3682808770201587,False,False
0.11046525151886816,False,-1.0070171943393702,False,False
0.07716063767230674,False,-1.1831970965564271,False,False
0.1296860756297623,False,-1.0258915412161547,False,False
0.0902594054066464,False,-1.0840939678938788,False,False
0.0214994642045524,False,-1.1595143419880993,False,False
0.1276230393295591,False,-1.2418970257924058,False,False
0.008491588311886233,False,-1.0887329196658206,False,False
0.09766474900442401,False,-1.1691522248987067,False,False
0.08000330716882481,False,-1.1574828612436094,False,False
0.10371589447562668,False,-1.1174024872318644,False,False
0.10706667660040492,False,-0.9748048137930103,False,False
0.0963001801137287,False,-0.9908839773812799,False,False
0.022715114320024155,False,-1.143078152492414,False,False
0.02102778201006239,False,-0.9655911656578926,False,False
0.06966757758873626,False,-1.019723030055102,False,False
0.03690699167031897,False,-0.9852816944256295,False,False
0.05581737497259148,False,-1.1956928322467266,False,False
0.06924477128770146,False,-1.066191362485111,False,False
0.07787871166613292,False,-0.9681232707756886,False,False
0.015516962387068012,False,-1.0372935183963747,False,False
0.0873500690454107,False,-1.0854999751687349,False,False
0.07324860951853901,False,-1.353675835716515,False,False
0.1029801933419498,False,-1.1973877301459666,False,False
0.0687922755410949,False,-1.0601479184233968,False,False
0.04956061085780267,False,-1.0457167850123203,False,False
0.07001011283334452,False,-1.0596910175518266,False,False
0.07071578596681655,False,-1.1712746888239862,False,False
0.021904940983510257,False,-1.0189774373065774,False,False
0.05325286261454826,False,-0.9881544769373882,False,False
0.05498329910018007,False,-0.9996762861649184,False,False
0.04203625418257101,False,-1.3643219038762973,False,False
0.060236429534838876,False,-0.9816722255008001,False,False
0.15560318204094242,False,-0.984683428090172,False,False
0.01424525704862789,False,-1.3534178497139004,False,False
0.07523989057494807,False,-0.9988964728798229,False,False
0.0967384978386211,False,-0.9938874155614075,False,False
0.01623332689130974,False,-1.0542427150469926,False,False
0.051411174576680596,False,-1.008794136104343,False,False
-0.017794677247377932,True,-1.0642721854066883,False,True
0.09669156877499596,False,-1.2664392607532142,False,False
0.026347218297539443,False,-0.9747266894433004,False,False
0.0059380431072939555,False,-1.3263923059056348,False,False
-0.048910102735676975,True,-1.0803835164057394,False,True
0.0777438819795051,False,-1.22043322351605,False,False
0.060190685252033416,False,-1.098643719465435,False,False
0.023996333476416998,False,-1.0698794446146285,False,False
0.11362880057082803,False,-1.0172718765228332,False,False
0.08575138798996895,False,-1.2979241367093806,False,False
0.07122832101790783,False,-0.99803843314364,False,False
0.04902991400552792,False,-1.0576967265219324,False,False
0.05603318955690134,False,-0.9924088724381435,False,False
0.08371758930274537,False,-0.9683156101831283,False,False
0.14106975988192172,False,-1.0361841135223389,False,False
0.07172010107801419,False,-1.0934497078736647,False,False
0.04472222319056557,False,-1.0622095236250406,False,False
0.028488577399322423,False,-1.006363882197091,False,False
0.07011130631723611,False,-1.274633822383929,False,False
0.0027572851050196023,False,-0.9715744035351161,False,False
0.007355038146518611,False,-0.9961849061037897,False,False
0.145634855251826,False,-1.0939935575357862,False,False
0.057926833718848936,False,-1.0900389517262024,False,False
0.08383543745840605,False,-1.0837932663042398,False,False
0.13772748277926367,False,-1.2847295116246606,False,False
0.09458430828570896,False,-0.9967476942705161,False,False
-0.009979518337438265,True,-1.0553425921865882,False,True
0.01791599425553536,False,-0.954934755183839,False,False
0.07450324386385809,False,-0.9821609193896235,False,False
0.08810111901763129,False,-1.155584037283584,False,False
0.1474125829228849,False,-1.2610545351098619,False,False
0.07359604507076972,False,-1.0838778907654854,False,False
0.09170847241460484,False,-1.0753267258652,False,False
0.14261949668336144,False,-1.1962329296018122,False,False
0.09584064583163632,False,-1.4358432687219156,False,False
-0.004632946960667628,True,-2.735905922462214,True,True
0.08249277876520222,False,-1.0244384676852207,False,False
0.06565114474123063,False,-1.149137859126886,False,False
0.06288716452392379,False,-1.266076349900447,False,False
0.017562684616270086,False,-1.111572256411831,False,False
0.0308370895087966,False,-0.9769042756225741,False,False
0.07331025717982004,False,-1.0735150133092715,False,False
0.056502124115390406,False,-1.0434480492096732,False,False
0.03034593736148955,False,-0.9658265724002394,False,False
0.11790517321187821,False,-1.0008324679000586,False,False
0.08623922185663946,False,-0.9791824017428874,False,False
0.03224068486644688,False,-1.3670817538962006,False,False
0.032664103841339,False,-0.9528711820754007,False,False
0.07391777661076582,False,-1.0174584545222864,False,False
0.05318189266048312,False,-1.1972722971915322,False,False
0.04754714015291539,False,-1.1688111968736412,False,False
0.14908339857700087,False,-1.009615638807159,False,False
0.01547936717338605,False,-0.9730063841073315,False,False
0.11982037964474612,False,-1.1051790493595957,False,False
0.08161024884561752,False,-0.9872840594918753,False,False
0.1580200624205617,False,-0.984081555221582,False,False
0.14477734718516028,False,-1.1210446063963848,False,False
0.062422545917819205,False,-1.0365460858069477,False,False
0.02280580776476887,False,-2.275646163864187,True,True
0.054113610681408186,False,-1.119346160845439,False,False
0.07112480549535749,False,-0.9991544238570432,False,False
-0.0027209650515538364,True,-0.9932626867235191,False,True
0.07366798186547913,False,-1.0433389835487312,False,False
0.05770365510264924,False,-1.0891205891120932,False,False
0.09417496438147682,False,-1.027157690729875,False,False
0.10948932695613173,False,-1.3414275921613585,False,False
-0.014227562220352818,True,-1.2356305463281543,False,True
0.024041199142027903,False,-1.0557264159274213,False,False
0.018133256188948566,False,-0.9701595106019301,False,False
0.15270369546400409,False,-0.9589706652950358,False,False
0.02203230219631097,False,-1.1202395628696968,False,False
0.07438312646939299,False,-1.0124428511079013,False,False
0.002079175643238007,False,-0.9879130517296371,False,False
0.013766027237789857,False,-0.969619389378105,False,False
0.0035069649624813737,False,-0.9763838182405122,False,False
0.15477471682834137,False,-0.9925802186461284,False,False
0.03504960602883905,False,-1.7981014737361452,True,True
0.016290125828365754,False,-1.042948283816886,False,False
0.13340486994185102,False,-1.0701041707583983,False,False
0.05451607359081895,False,-0.9603423815515664,False,False
0.144934350051304,False,-1.0283032896705389,False,False
0.15024763484874587,False,-1.0868560963987521,False,False
0.06863335306637064,False,-1.0456838717079062,False,False
0.15372938065998654,False,-0.9883106500334142,False,False
0.028298074079451452,False,-1.0055748255516153,False,False
0.07940094223444771,False,-0.9721779231590653,False,False
0.08294614747599904,False,-1.012772954355547,False,False
0.07662776649952724,False,-1.080344698267251,False,False
0.14998624095574214,False,-1.078472177140716,False,False
0.030039226467656444,False,-1.1139267729061868,False,False
-0.05464720033054071,True,-1.8638467855500938,True,True
0.14564536923879,False,-0.9723435069717871,False,False
0.07462839154326639,False,-0.983029413958298,False,False
0.07761888110119392,False,-0.9760189527745691,False,False
0.10628280038268423,False,-1.004259489260947,False,False
0.06061363454789098,False,-1.1271610661231732,False,False
0.026690171479172353,False,-0.9874243179231866,False,False
0.07746671664256194,False,-0.9850997309855879,False,False
0.14597777486428126,False,-0.994906528007333,False,False
0.05946530416441692,False,-1.0327392036707972,False,False
0.14888587330512199,False,-1.0713692303122722,False,False
-0.04579638050869128,True,-1.6102430707683912,True,True
-0.0007309576857014166,True,-1.0077684460562046,False,True
0.06372497798081028,False,-1.0615510507751846,False,False
0.08026915371139531,False,-1.0089139790388493,False,False
0.1416541286935114,False,-1.0183610193430819,False,False
0.014235889095741139,False,-1.305251259735472,False,False
0.14763495938295296,False,-1.0122479651053913,False,False
0.03801351695220401,False,-1.3999222226753392,False,False
0.06637956178767712,False,-1.0009958985907796,False,False
0.14094409749875186,False,-1.006698905910731,False,False
0.13912904918046637,False,-1.0436799698846775,False,False
0.04533444418558524,False,-1.039778996889265,False,False
0.056157654461025996,False,-1.0611482887565618,False,False
0.13500498605509154,False,-1.0123180218379244,False,False
0.06395396045382024,False,-1.023366177314656,False,False
0.05044845476196308,False,-1.0370232515764715,False,False
0.07162324094334627,False,-1.0325282422720907,False,False
0.06739071266855506,False,-1.01748412398265,False,False
0.0623813603885367,False,-1.1287442929132803,False,False
0.029151363087499382,False,-1.2047998616754685,False,False
0.0889247350090775,False,-0.9620267858892053,False,False
0.08319087596039965,False,-1.230304843466008,False,False
-0.041988325839395824,True,-1.0740489506369844,False,True
0.05166760352913591,False,-1.266416946247758,False,False
0.012309051063866039,False,-1.1236111938450328,False,False
0.1479932121247165,False,-1.0068577478991134,False,False
0.04264534628408628,False,-1.3562593930415743,False,False
0.14655278264083216,False,-1.0298905728377301,False,False
0.1425485546792476,False,-0.9967405038093646,False,False
0.021563081714523535,False,-1.094199503174946,False,False
0.02568582980622902,False,-0.9903650386445279,False,False
0.028203848951888877,False,-0.9656336094326873,False,False
0.07056819762316335,False,-0.9611056685823632,False,False
0.09891149723155784,False,-1.03022761741402,False,False
0.11252961891635871,False,-1.0218031022691947,False,False
0.025339824822078583,False,-1.0976361513947641,False,False
0.08838385140693977,False,-0.9948490920881781,False,False
0.15376839269468995,False,-1.0613399588288386,False,False
0.09981300823261641,False,-1.0261270790450658,False,False
0.0493599513049357,False,-1.440163435909568,False,False
0.022963198475767166,False,-0.9624233555186958,False,False
0.13064054375970957,False,-1.2110497376140932,False,False
0.08540768502316087,False,-0.9785777424897877,False,False
0.09306520826686066,False,-1.0124178700161246,False,False
0.1407171948977003,False,-1.015228690990278,False,False
0.023473156370962145,False,-1.0674276121902946,False,False
0.0923054575794266,False,-1.0484095458850171,False,False
0.03426172162188085,False,-0.9802720594032509,False,False
0.06979246559284874,False,-1.1417415281519432,False,False
0.10696702990021273,False,-1.0202189602538765,False,False
0.1090458024132418,False,-1.0817085673020408,False,False
0.05264244815897706,False,-0.9866942912962522,False,False
0.13266099608603182,False,-1.0266972337100877,False,False
0.13914384060604773,False,-1.0386629824890483,False,False
0.0963001801137287,False,-0.9908839773812799,False,False
0.06848246744777042,False,-0.9633159300354697,False,False
0.029060585192742516,False,-1.0113762569664213,False,False
0.07437484170052333,False,-0.9856984170363468,False,False
0.03665973970704489,False,-1.3965332112640536,False,False
-0.042003551189021104,True,-1.055240928326296,False,True
0.07587925312755339,False,-1.0363442142857933,False,False
0.04229022211036587,False,-1.1042726546015706,False,False
0.08700142939502997,False,-1.056902537814918,False,False
0.14483080969532558,False,-1.004807499007402,False,False
0.12403601505478468,False,-1.311258043892513,False,False
0.05840196797129665,False,-0.9916982028986088,False,False
0.06998390666252868,False,-1.0476228453043561,False,False
0.08316512642707996,False,-0.9845026381240911,False,False
0.05816684694124974,False,-1.0144295861021038,False,False
0.0693611828322821,False,-1.4871006515052974,True,True
0.058351159117753404,False,-1.032728155098087,False,False
0.0015657981221740558,False,-1.081086785226764,False,False
0.018654275547894894,False,-1.6791610263121928,True,True
-0.05262373259888131,True,-1.1333326727769366,False,True
0.1593916751727394,False,-0.9978160795197422,False,False
0.10121739717034195,False,-1.0185953208616767,False,False
0.06208249386995662,False,-1.0051795971426865,False,False
0.06530218275987759,False,-1.096631594233324,False,False
0.018644908706906382,False,-1.0112885524649857,False,False
0.13831467198871922,False,-0.9868945866698997,False,False
0.01744124126140778,False,-1.054018578867082,False,False
0.08597143949454567,False,-1.0327053573663278,False,False
0.14131183698969757,False,-1.0054418945388044,False,False
0.021727261187820646,False,-1.0274038802922578,False,False
0.06034365699397565,False,-1.1735120021655576,False,False
0.09415930874814654,False,-0.9824164574856491,False,False
0.059533763119177685,False,-2.076615128928407,True,True
0.08876937187123707,False,-1.0915954551693066,False,False
0.06599120595034819,False,-0.988340180925484,False,False
0.08310046154488593,False,-0.9782574924087338,False,False
0.06948181331639475,False,-1.342637588821939,False,False
-0.009756064710199075,True,-1.2744997715822701,False,True
0.06457628229865753,False,-1.4193347598362664,False,False
0.1460896956288844,False,-1.0403100111506696,False,False
0.0740430319390118,False,-1.074261975009775,False,False
0.057292790784012615,False,-1.0676896996687064,False,False
0.020940395375911858,False,-0.9787429714540863,False,False
-0.02190300111264254,True,-1.5335529908064767,True,True
0.15218082026001434,False,-1.0884011752882112,False,False
0.1481847787437841,False,-1.0525796161245347,False,False
0.07572946479771503,False,-0.9775951967718969,False,False
-0.00927418686437631,True,-1.1070343101336924,False,True
0.08646747510547925,False,-0.9947771807167642,False,False
0.08150288716937193,False,-0.9622189883207699,False,False
0.040890405775772076,False,-0.9711711115980186,False,False
0.05015069788626725,False,-1.2078693574534085,False,False
0.1400826291750074,False,-1.5356181132640385,True,True
0.126817933044448,False,-1.0434163266337388,False,False
0.05873814120141585,False,-1.1279099834572561,False,False
0.0787786175879382,False,-0.9787030480138975,False,False
0.07537402356763939,False,-1.006260475560508,False,False
-0.06876795915268819,True,-1.6237378669293818,True,True
0.14202812220513905,False,-0.978712444525304,False,False
0.151542325819766,False,-0.9608384422183576,False,False
0.144552939813325,False,-1.032228969047805,False,False
0.06232538945277355,False,-1.2452628794910345,False,False
0.11436574618910583,False,-1.0371336685049397,False,False
-0.01776080926187873,True,-1.1500133059340674,False,True
0.0695064230855465,False,-0.9922454001277485,False,False
0.0085980431146927,False,-1.0744443450555101,False,False
0.06970921156324972,False,-1.0244349561512183,False,False
0.04239742051774015,False,-2.1459698130359177,True,True
-0.010666531426792414,True,-1.870893470912915,True,True
0.07529783126130152,False,-1.491331766772304,True,True
0.08373801489098148,False,-0.9781287631604825,False,False
0.06995659187468672,False,-1.0078235910000544,False,False
0.06136153897449942,False,-1.1617580965329473,False,False
0.0768959667730798,False,-1.0150185789881374,False,False
0.06779339817391589,False,-0.9959307511117261,False,False
0.07552436337677298,False,-1.2821895368991152,False,False
0.13220953299690014,False,-1.179099509021485,False,False
0.06832689211767828,False,-1.0118442332124435,False,False
0.13774515121798936,False,-0.9875467832668579,False,False
0.07792225240432332,False,-0.9947181637105981,False,False
0.12500267784354596,False,-1.1426054101337848,False,False
0.06276940831655026,False,-1.0967138486466017,False,False
0.06949219616681979,False,-0.9733898879605378,False,False
-0.002825354686899484,True,-0.9916743467578023,False,True
0.10475783568804253,False,-1.1854146271035133,False,False
0.03530933129602115,False,-0.9633087493084022,False,False
0.03279837689730869,False,-0.9666079226896948,False,False
0.1450403214587786,False,-1.004442454404692,False,False
0.027105040561044458,False,-1.169492328667575,False,False
0.026705537475007257,False,-1.079489522737178,False,False
0.13863530233424026,False,-1.0262695165000495,False,False
0.14328500653844317,False,-1.157257799813518,False,False
0.11527635662195779,False,-1.3052452128535514,False,False
0.05962811389441891,False,-0.9826565395212402,False,False
0.08428107917877309,False,-1.0258546500578853,False,False
-0.07304402919284658,True,-1.6345509098969129,True,True
0.01807907936122566,False,-0.995400977687676,False,False
0.07237656819543087,False,-1.0816923677221986,False,False
0.0686828007293267,False,-1.352386686825786,False,False
0.062454278025459664,False,-0.9798109363267414,False,False
0.002168935248311077,False,-1.002660008399594,False,False
-0.014701031792634933,True,-1.0598795675070007,False,True
0.014337910565625389,False,-0.9936237320032062,False,False
0.07656389825448717,False,-1.175897062168189,False,False
0.11081750890482406,False,-1.2629107259038292,False,False
0.09133471626547718,False,-1.002189163627959,False,False
0.019782869923347213,False,-0.9997358121736912,False,False
0.06932427234243321,False,-1.0712351491393317,False,False
0.07246144643567115,False,-1.005762380530477,False,False
0.04256087434450839,False,-0.9774618126111765,False,False
0.07617727256313511,False,-1.0155184825589265,False,False
0.10233459339223688,False,-1.4415704663100906,True,True
0.1327240931195966,False,-0.9688572490056314,False,False
0.048816055747784026,False,-1.4278362046720183,False,False
0.12192709366766591,False,-1.1571686252664648,False,False
0.15304718640584092,False,-0.9995220596370402,False,False
0.0714006100120464,False,-1.0143920084566453,False,False
0.13228380415894303,False,-1.2211572332037213,False,False
0.06591514799820514,False,-0.9860184705904093,False,False
0.06685348631655064,False,-1.6448715673516918,True,True
0.07110223415280592,False,-1.1165897177814235,False,False
0.09051639937378175,False,-1.0684472381206083,False,False
0.09888174461606486,False,-0.9786640482882409,False,False
0.14664548422107715,False,-1.0064708578215356,False,False
0.1504470315445604,False,-1.0939547804611458,False,False
0.1364674514521957,False,-0.9994390056311268,False,False
0.06378932593262077,False,-1.065939299520028,False,False
0.15746709001027343,False,-0.9929882720718544,False,False
0.03827802248974549,False,-0.952562000285903,False,False
0.1295029201635955,False,-0.9900713623386157,False,False
0.032838011441162385,False,-1.0061462342974297,False,False
0.08029786561778035,False,-0.9888811450903665,False,False
0.13338112200915564,False,-1.0824192087715783,False,False
0.032206288552711515,False,-0.9932497661522325,False,False
0.14832067882686106,False,-1.0143611004058153,False,False
0.15637224168796876,False,-1.0793206344224473,False,False
0.07052796611753503,False,-0.9816059652853457,False,False
0.03377312612116656,False,-1.2535910671277513,False,False
0.06483861245202677,False,-0.9504241887626723,False,False
0.0024147585417384487,False,-0.9692024409944759,False,False
0.15370703320437606,False,-1.049929366479542,False,False
0.12677634610346883,False,-1.027290614065641,False,False
0.07067524844261325,False,-1.0298877270627138,False,False
0.021436265774146868,False,-1.0042294853171996,False,False
0.07893667315875041,False,-1.0000259492868524,False,False
0.14826926166315696,False,-1.1219959826867876,False,False
0.03336588562637394,False,-0.9754251254375035,False,False
0.15659211333215456,False,-0.9998076067811754,False,False
-0.01371358056511518,True,-1.0023864539290677,False,True
0.05439840972036081,False,-1.0142486058620581,False,False
0.09766210608133158,False,-1.101205474200968,False,False
0.02691148422160078,False,-0.9943026263678825,False,False
0.1418962468584709,False,-0.988010891092115,False,False
0.07659968152952079,False,-1.0555097665089663,False,False
0.09546618637931187,False,-3.8059182013156545,True,True
-0.03342898123370375,True,-1.0501391199331682,False,True
0.1474518858818054,False,-0.99752927411262,False,False
0.11289781526107023,False,-1.0012981007477857,False,False
0.01752490530850992,False,-0.9661731314310249,False,False
0.07770540907962814,False,-0.9745034579740178,False,False
0.06463640601578963,False,-1.1431305839492127,False,False
0.11168884524839756,False,-0.9729735616705211,False,False
0.0726986375178047,False,-1.0598450289467083,False,False
0.14460566513654477,False,-1.051479981698606,False,False
0.14154427729731067,False,-0.9947976467800107,False,False
0.06940345836257994,False,-1.021540284767014,False,False
-0.008764652951556373,True,-1.4183363120725034,False,True
0.015860131057668814,False,-1.1409369830473,False,False
0.05785434729130445,False,-1.1109550512942685,False,False
-0.03182385701746504,True,-1.007677457809069,False,True
0.03323506876159449,False,-1.1364167613366423,False,False
0.04149098790131828,False,-1.2538289792112371,False,False
-0.023922205214669146,True,-1.0963802311186528,False,True
0.07586088338974029,False,-1.0092444673860788,False,False
-0.049768406019815026,True,-1.1439398049128542,False,True
0.05115044014023323,False,-1.1417128693660115,False,False
0.047404006565390344,False,-0.9992491750117802,False,False
0.08063173785231942,False,-0.9828444844977474,False,False
0.08553852417415864,False,-0.9788307625118262,False,False
0.053468690816297626,False,-1.0244710052962607,False,False
0.09793965492509243,False,-1.18426254291878,False,False
0.09658312503208766,False,-1.0037809450115638,False,False
0.13264674791041847,False,-1.0399975994256587,False,False
0.08227172461363796,False,-0.9807355393538909,False,False
0.031855726870458956,False,-0.9411274220448137,False,False
0.03666571453249062,False,-1.4255724397136105,False,False
0.09115393822347789,False,-0.9908144953355418,False,False
0.03797850015103649,False,-1.1880543135227901,False,False
0.07901673849246627,False,-1.044530043318616,False,False
0.1476979370227779,False,-1.0379583857204016,False,False
0.07246749808946773,False,-1.0471112805315221,False,False
0.09837850785354457,False,-0.9834334616055103,False,False
0.09909161609980427,False,-1.0882373964043528,False,False
0.043448129819491754,False,-1.5162587335446474,True,True
-0.00910562772197654,True,-2.0429578282381033,True,True
0.06773208936639563,False,-1.0003606080200012,False,False
0.1396783168106029,False,-1.1531052515529145,False,False
0.039123158986828555,False,-0.9910233169308935,False,False
0.08523335192739195,False,-1.0102456758530027,False,False
0.021581683138031826,False,-0.9823513358042867,False,False
0.06354937251534282,False,-1.1110157347277574,False,False
0.13759417471005375,False,-1.1324245460901254,False,False
0.06365511807981261,False,-1.0380221153967797,False,False
0.06827438173822786,False,-0.9601414578931774,False,False
0.03952395611817067,False,-0.9618167283719161,False,False
0.017260364687920138,False,-0.9858394954518153,False,False
0.15170658956472377,False,-1.0860912441916493,False,False
0.1531463597669061,False,-1.019759502749115,False,False
0.05312445184551168,False,-1.1227281964496436,False,False
0.14804644188817945,False,-1.0145007477590202,False,False
0.13689228759448135,False,-1.0007758079699607,False,False
-0.014549501945291254,True,-1.3544747307526959,False,True
0.09451473428259421,False,-1.0074728085851143,False,False
0.09960867102918852,False,-0.9758279830824504,False,False
0.07834848093754782,False,-1.025977158553807,False,False
0.0652725690154985,False,-2.1403802195928394,True,True
-0.020289855085651176,True,-1.1299825862723611,False,True
0.08235442304253271,False,-1.004336068522719,False,False
0.02338335935076108,False,-0.9430466269375295,False,False
0.025182735874010598,False,-0.9821148738195884,False,False
0.007913312090852442,False,-1.1216907176231887,False,False
0.07614976247256372,False,-0.9777943502237179,False,False
0.08576640248899314,False,-1.1375821881094512,False,False
0.12923967245469115,False,-1.2067679687298443,False,False
0.06282590415648681,False,-1.0132021851227901,False,False
0.15209904891448178,False,-0.9921562362753911,False,False
0.09408818491699317,False,-1.029242791478308,False,False
0.06427971009874955,False,-0.9993932085352988,False,False
0.07888639018729787,False,-0.9522937625639687,False,False
0.06645713126997155,False,-1.0243759501900844,False,False
-0.0022050088487550745,True,-0.9843778201902698,False,True
0.03603162629051182,False,-1.0458156551030053,False,False
0.053357095107124164,False,-1.2242787830367043,False,False
0.10562104613411677,False,-1.0444705887868806,False,False
0.1096611963894531,False,-0.9774275157111816,False,False
0.13177250796537848,False,-1.124793768021147,False,False
0.07901245425433512,False,-1.019545855075417,False,False
0.07356729893445435,False,-1.0262644383885333,False,False
0.1323830518093032,False,-0.9789515680928421,False,False
0.15625106813767076,False,-1.0355313241120159,False,False
0.09052402769492018,False,-1.0198180275425217,False,False
0.06515163441808297,False,-1.007071114145252,False,False
0.019607277066580275,False,-1.0491097258203834,False,False
0.054508799927400764,False,-1.0183998635634612,False,False
0.0675840616295047,False,-0.9690970187559869,False,False
0.14511401943176366,False,-1.142215109315048,False,False
0.13195786446109276,False,-1.0781540649067975,False,False
0.14080078657454476,False,-1.1150004433304699,False,False
0.0015110853148413428,False,-1.2408561411540757,False,False
0.0012162767784252848,False,-1.0559098459842873,False,False
0.05853152779239612,False,-1.3806623587559888,False,False
0.03220664503809889,False,-1.5276973712397985,True,True
0.03981382262905797,False,-0.9989261748168387,False,False
0.03908490847726298,False,-1.4106398310123391,False,False
0.07000290755215394,False,-1.0181416155579748,False,False
0.04570206923410414,False,-1.030268570319213,False,False
-0.0040016549244291655,True,-1.7969694217992462,True,True
0.07208471222298812,False,-0.9861488530953484,False,False
0.10078320628282011,False,-0.9813389786029953,False,False
0.019276860338603097,False,-2.3443754769723397,True,True
0.07088932876062942,False,-1.1660781348721312,False,False
0.11416956399564077,False,-1.344017922918465,False,False
0.1446348971024306,False,-1.039042489318637,False,False
0.1415475333881157,False,-1.4990294034975638,True,True
0.10639014017328796,False,-0.9996054221596673,False,False
0.0066741493724856715,False,-1.3778518153751438,False,False
0.1480550599210081,False,-1.0197032462923694,False,False
0.10486707642399912,False,-1.144288354969405,False,False
0.08715722464473546,False,-0.9572059151451505,False,False
0.10576520347000967,False,-1.1616889176712935,False,False
0.14866641155325938,False,-1.1911150363365677,False,False
0.05993219776669945,False,-1.8250025269239802,True,True
0.01100896350441738,False,-1.3146841776196556,False,False
0.13779213333167056,False,-1.0070579694923345,False,False
0.14178519679793034,False,-1.0298865274605589,False,False
0.13946518599396662,False,-1.0457058969004875,False,False
0.06108908742926483,False,-0.9885673166848795,False,False
0.06298398206088557,False,-1.0698623255178752,False,False
0.039256379767613814,False,-0.9887329226262821,False,False
0.14458506436589347,False,-1.0394164482852,False,False
0.04890777154045434,False,-1.265972927811179,False,False
0.14762492528984716,False,-1.0385092929792297,False,False
0.0214994642045524,False,-1.1595143419880993,False,False
0.02472905836621414,False,-1.208274475077658,False,False
0.022823860969082788,False,-1.0858109861767606,False,False
0.0887410302458061,False,-0.9799285746013584,False,False
-0.00542828733672629,True,-1.275743563086812,False,True
-0.08962114824210055,True,-2.2956056904111914,True,True
0.032474912810036505,False,-0.9851029828017897,False,False
0.07940234727792672,False,-0.9500468869458153,False,False
0.011090479015308463,False,-0.9747643688805427,False,False
0.06747075493277516,False,-1.071438600717193,False,False
0.09377131253067261,False,-0.9714468468458474,False,False
0.06447766116090403,False,-1.0477710130617623,False,False
0.07108685279150512,False,-0.9911296884936893,False,False
0.0401687180817169,False,-1.3038491197532704,False,False
0.08187872683580516,False,-0.9945071798344897,False,False
0.07369631902574403,False,-1.2374430640270262,False,False
0.09093660722701835,False,-1.0520128955342125,False,False
0.0805685956700119,False,-0.9846275593985485,False,False
0.06462162359797241,False,-1.2057079948379246,False,False
0.05904000322560099,False,-1.0776219739249118,False,False
0.1555635251778626,False,-1.0229717796695519,False,False
0.03791790285536828,False,-1.005110174263018,False,False
0.0663263199334459,False,-1.1312392975813346,False,False
0.10048852724565516,False,-1.0085957479199634,False,False
0.08016637455928194,False,-0.9672522807525047,False,False
0.06222732950954463,False,-0.99420999189166,False,False
0.015747660113106132,False,-1.0629133598444058,False,False
0.055466049725394595,False,-1.0876921939190145,False,False
0.03666571453249062,False,-1.4255724397136105,False,False
0.06307042740750396,False,-1.04902299194629,False,False
-0.0017387243960118592,True,-0.9975480042966062,False,True
0.1439414087411704,False,-0.9734977404301025,False,False
0.09707752660284186,False,-1.0716366033274531,False,False
0.1365345862899553,False,-1.1130398249656392,False,False
0.010433018103328418,False,-1.4805546828519867,True,True
0.06536881357276358,False,-1.0271865796974953,False,False
0.07210008586708494,False,-1.0151061046077268,False,False
0.085505459906348,False,-1.0099115496343114,False,False
0.01843351819551231,False,-1.048908584110841,False,False
0.1349596150657163,False,-1.1408014770304011,False,False
0.08789374998703359,False,-0.9618190150520014,False,False
0.07869582515322782,False,-1.0508032144707773,False,False
0.15156760243655915,False,-0.9861876683908573,False,False
-0.0022929626314383,True,-1.070132041184038,False,True
0.10342926104898659,False,-0.9900492575891775,False,False
0.07056911140283156,False,-1.1017238462524133,False,False
0.06380595409802975,False,-0.9753818601837227,False,False
0.08537092316875361,False,-0.9817439750182025,False,False
0.02258956316559091,False,-0.9507309205193664,False,False
0.029646181285579,False,-1.019253886817035,False,False
0.08807081935696454,False,-0.9929320674085919,False,False
0.11720215815875451,False,-1.26068201573337,False,False
0.07762106932127133,False,-1.0102228512749183,False,False
0.13461864246195737,False,-1.0714087589578767,False,False
0.05951653152995168,False,-1.0622208578584422,False,False
0.12796105483625542,False,-1.2015280869388554,False,False
0.08528482582818958,False,-1.0780285162345993,False,False
0.07779051229808065,False,-1.1554800878914926,False,False
0.10047693628259902,False,-1.024446741489409,False,False
0.07333974906540336,False,-1.1037191453165147,False,False
0.046117410720452,False,-1.1128732180808345,False,False
0.07919077605763064,False,-0.966285163202319,False,False
0.06388458179914852,False,-1.2182030860334012,False,False
0.002259157324051353,False,-1.311695336670788,False,False
0.08050437289461193,False,-0.9729681078059309,False,False
0.010764555187022351,False,-1.0625418517474032,False,False
0.01240794877752982,False,-1.0118428318774464,False,False
0.10243391714007466,False,-1.0067806583696384,False,False
0.14201631856158575,False,-1.0261714795548071,False,False
0.04258905295950349,False,-1.0040427251616704,False,False
0.1494242509170261,False,-0.9809048947387211,False,False
0.057808416876937774,False,-1.0663458897487188,False,False
0.0414355743130137,False,-1.0226973588561596,False,False
0.09732031867841695,False,-0.9810537138764157,False,False
0.058351159117753404,False,-1.0356734199808402,False,False
0.056564212854848805,False,-1.0461392222067378,False,False
0.06731292544524159,False,-1.0380597631786135,False,False
0.08097875262071524,False,-1.0749103843781795,False,False
0.15562531728646728,False,-1.0143775779363353,False,False
0.013017985198295334,False,-1.3051725568540637,False,False
0.07974036863899353,False,-1.0020902529210507,False,False
0.14540681596377547,False,-1.1111525679798624,False,False
0.030267784259602082,False,-1.0872326815656153,False,False
0.13232925088121583,False,-1.000697393086895,False,False
0.0780812487619551,False,-1.0108907746467544,False,False
0.0783957001408121,False,-1.0926607590004198,False,False
0.1339824618775044,False,-1.1388061011656303,False,False
0.06251730408617023,False,-1.03150154180644,False,False
0.02244371216377472,False,-1.0261033993716715,False,False
0.0048509326979243594,False,-0.9959271238562051,False,False
0.02698233158554747,False,-1.2485270438867109,False,False
0.05206039205477209,False,-1.4083821606170184,False,False
0.12669120816370755,False,-1.0190180136855225,False,False
0.008137935271325114,False,-0.953170938931768,False,False
0.14524663352360545,False,-0.9593574930773803,False,False
0.0833092425343519,False,-1.0112087238614036,False,False
0.07198925061231437,False,-1.0135013515748899,False,False
-0.005730580728534385,True,-1.351748753310299,False,True
0.13653927903251906,False,-1.0839398835957343,False,False
0.05789593323588538,False,-0.9532099454148588,False,False
0.09458828537966585,False,-1.0386711293950317,False,False
0.02980631540924833,False,-1.015107212523978,False,False
0.05608094348763648,False,-0.9838906460502072,False,False
0.06728120576015217,False,-1.3550516455985995,False,False
0.15284860457086574,False,-0.976395843232145,False,False
0.032985446473215774,False,-0.9391940307837278,False,False
0.14401933536764822,False,-1.0642995281609071,False,False
0.09489570560502736,False,-0.9750679830404693,False,False
0.0027572851050196023,False,-0.9715744035351161,False,False
0.04940348526129884,False,-1.067298484279082,False,False
-0.009534133961420554,True,-1.0292869700162264,False,True
0.0717938838882482,False,-1.2991643904504693,False,False
0.06020113933495558,False,-1.2086411908874275,False,False
0.13251467393211774,False,-1.024707417457433,False,False
0.11114127245509631,False,-1.0321864841480666,False,False
0.006750301840677597,False,-1.0219976722263087,False,False
0.0766857983116574,False,-1.0513150270797138,False,False
0.14700590180644596,False,-1.143030107666543,False,False
0.07340873377445872,False,-1.062206564573664,False,False
0.14266325239030364,False,-1.156851074702081,False,False
0.07195791675720631,False,-0.9816807834970446,False,False
0.14069423909699907,False,-1.012344501129855,False,False
0.06585830793893749,False,-1.0820389089679128,False,False
0.0251357493271826,False,-1.0053147005579317,False,False
0.1579850182938285,False,-1.0111556568221516,False,False
0.14832630902767108,False,-1.005559168015932,False,False
0.08708239143673474,False,-1.3013664258879853,False,False
0.06083397683472791,False,-0.9949996785469137,False,False
0.09354112058889896,False,-1.0109475232006009,False,False
0.10674641863138062,False,-1.0833362309474273,False,False
0.04736132945825933,False,-1.0617801199046388,False,False
0.1508864012233453,False,-0.9989542748962986,False,False
0.07257880826146706,False,-1.289580661178399,False,False
0.06822227646136164,False,-1.3839802736049176,False,False
0.14487186850739503,False,-0.9896186077114916,False,False
0.07724208776340113,False,-1.019005355939228,False,False
0.05674889028073177,False,-1.09545243882789,False,False
0.13028157724215728,False,-1.0561521620292111,False,False
0.05783376638815052,False,-1.0650538269647258,False,False
-0.0023543881230294605,True,-1.038165719652263,False,True
0.06296354593093195,False,-1.0332906191129498,False,False
0.08008201056208353,False,-1.730332748029268,True,True
0.0859034299006538,False,-0.9936008211664829,False,False
0.05913571823644215,False,-1.0201189273412186,False,False
0.08699132307778717,False,-1.1509305407741688,False,False
0.08570162326180164,False,-0.9511758382742478,False,False
0.046865345901058675,False,-1.245574094162765,False,False
0.0073152839107962775,False,-1.326998287451643,False,False
0.03506058962277314,False,-1.0499293517847188,False,False
0.13176087956757204,False,-1.0068869201087247,False,False
0.050135333991467856,False,-1.1687977084750139,False,False
0.06706792208058565,False,-1.004795083493676,False,False
0.056129421418220304,False,-1.241453564816894,False,False
0.07119382900628912,False,-1.1533472738308672,False,False
0.14154147497828878,False,-1.0221122236854259,False,False
0.047924102466222196,False,-1.3706241654112727,False,False
0.05233548136177141,False,-1.024633056591329,False,False
0.07652889996086104,False,-0.9767456853872212,False,False
0.07519012469327685,False,-1.1064966131607465,False,False
0.06878431082558734,False,-1.0857487678004376,False,False
0.0639313135427122,False,-0.9976879593901498,False,False
0.06178066353858869,False,-1.094342275519211,False,False
0.0918937109956196,False,-0.9995105765683275,False,False
0.05126218055623655,False,-0.9913501586123861,False,False
0.12708992646253991,False,-1.1031133418130623,False,False
0.019576278519837564,False,-0.9955201319575661,False,False
0.14564662362635045,False,-1.1584813075789608,False,False
0.12819760179118583,False,-1.020248796059505,False,False
0.15167968937414428,False,-1.0510232314777461,False,False
0.048219826989145786,False,-2.536693424779943,True,True
0.13711987488173932,False,-1.1046963206757408,False,False
0.04959571459034545,False,-1.1702882266492638,False,False
0.01845685839215816,False,-2.0885561166555435,True,True
0.04469360653804022,False,-1.0188253117166541,False,False
0.10969018534458475,False,-0.9645264510970029,False,False
-0.0006819157387010222,True,-1.2256058019730567,False,True
0.12865294440164654,False,-1.5058743879330094,True,True
-0.028049581324425588,True,-1.3293366239990034,False,True
0.15311499187450234,False,-0.9878855015806968,False,False
0.11706501944233816,False,-1.5774185167449633,True,True
0.06337405091667742,False,-1.0078369314867095,False,False
0.05794988323733713,False,-1.1705703156647398,False,False
0.05258248984208186,False,-1.1155933821517507,False,False
0.14906174518286713,False,-1.0534473059701124,False,False
0.08505971398297224,False,-1.052393761197738,False,False
0.07679610430347023,False,-0.9915022067962254,False,False
0.09011765445701525,False,-1.0652545955334705,False,False
0.062197061616041716,False,-1.1030585231685797,False,False
0.05762791697499542,False,-1.0773593043583298,False,False
0.14310735959768411,False,-1.0471323977811298,False,False
0.07001823224030679,False,-0.9913927790239013,False,False
0.07259143677964175,False,-1.2276793970213595,False,False
0.023969269702152185,False,-0.9506740955708919,False,False
0.153801284420363,False,-1.0102029615232777,False,False
0.08716863658229951,False,-1.1796071964082806,False,False
0.07851423209637826,False,-0.9996833009674724,False,False
0.0446260355811422,False,-1.3052928109829243,False,False
0.13909403352079108,False,-1.0484878329882525,False,False
0.08658677237236895,False,-0.9987178219656909,False,False
0.0533581931116085,False,-1.133543833038511,False,False
0.10620638388247838,False,-1.06490759958981,False,False
0.037456612171867076,False,-0.9747659529308106,False,False
0.15022545897802642,False,-1.0032297112335538,False,False
0.07439127459062028,False,-1.0753632632241712,False,False
0.07231009099459967,False,-1.2943880792297044,False,False
0.07967048889857281,False,-1.0067862111513037,False,False
0.07048734519437916,False,-0.9493214954847187,False,False
0.03575723253492058,False,-1.471802377286617,True,True
0.1300924188185581,False,-1.221996096214467,False,False
0.07004711872846775,False,-1.010976810824674,False,False
0.1488925948164741,False,-1.0581845942795043,False,False
0.01790443075113901,False,-1.0975489799348712,False,False
-0.009053255071216126,True,-0.9823588577708009,False,True
0.053334433275611826,False,-1.7365783708823073,True,True
0.02487014742652871,False,-1.01996785039222,False,False
0.04354873073950022,False,-1.0049880260714334,False,False
0.1381073531437299,False,-1.0352412625490997,False,False
0.03704101698665124,False,-1.0270396160612276,False,False
0.14684785805476774,False,-0.9825802895110615,False,False
0.03141489942068537,False,-1.0936240355999782,False,False
0.15089984838150072,False,-0.9811097962170535,False,False
0.060865692406784855,False,-1.0506751572111652,False,False
0.02830165026334064,False,-1.0723096450541256,False,False
0.14300133309248347,False,-1.0951781020513078,False,False
0.10748551927673561,False,-1.018960729036206,False,False
0.15030918641613727,False,-0.9969718894054955,False,False
0.11066739328694558,False,-0.9870011467778819,False,False
0.04337991743879527,False,-0.9901729270916293,False,False
0.064431142847784,False,-1.0428726213071873,False,False
0.013069325295655743,False,-1.0739667525542258,False,False
0.07973383204145729,False,-1.0371878025281172,False,False
0.14425983199476983,False,-0.9675627323206537,False,False
0.052263034656173546,False,-1.1493809682096847,False,False
0.031267917866333816,False,-1.0114768261097997,False,False
-0.005915915531779614,True,-0.9965677802503101,False,True
0.07175756149415413,False,-0.9895533177892766,False,False
0.14764130103036915,False,-0.9875055866310543,False,False
0.08566141176731218,False,-1.0236000824440754,False,False
0.08933370424307124,False,-0.9646367508514018,False,False
0.020947109002894593,False,-0.9892663367838109,False,False
0.01808614171565004,False,-1.4064879195192357,False,False
0.13846160368236787,False,-0.9780896007227131,False,False
0.038523596274155525,False,-1.0420824510602524,False,False
0.09333556604479865,False,-1.0229954223479296,False,False
0.06683646885682382,False,-0.9937518318819182,False,False
0.011140092898326404,False,-1.237324689679455,False,False
0.15065650981526013,False,-1.0639913573651902,False,False
0.14213097408325054,False,-1.034608681168617,False,False
0.04114225124764137,False,-1.1882166021748364,False,False
0.05636040086757166,False,-1.3993158308670972,False,False
0.07124519077791897,False,-1.1229940497797155,False,False
0.020616224635830238,False,-1.123241778908518,False,False
0.0342515824889385,False,-1.0764749446186364,False,False
0.08126962077570193,False,-1.1270310601956024,False,False
0.059046526819623135,False,-1.039057569382016,False,False
0.03072959392498753,False,-1.4343564466394851,False,False
0.011571682272396688,False,-1.0408545534968026,False,False
0.13077756135210117,False,-1.0912046675252352,False,False
0.09561316827425398,False,-1.1529222431081958,False,False
0.029059023499296233,False,-1.0222239870414536,False,False
0.06386063181352247,False,-1.1935483319214548,False,False
0.06434874045460542,False,-1.0459659907373136,False,False
0.05792479884917506,False,-1.5408335415120111,True,True
0.021468181283659016,False,-1.2021697187189984,False,False
0.029631827680792144,False,-0.99334270148673,False,False
0.000650052528616829,False,-1.1814603180020764,False,False
0.1258986977992297,False,-1.1856989701882032,False,False
0.06075136818740118,False,-1.1011592602904696,False,False
0.05839671774061439,False,-1.141249654891445,False,False
0.04286507152526309,False,-1.4392795063240538,False,False
0.06093087515829976,False,-1.0136452316611115,False,False
0.15981456855338422,False,-1.004485912642196,False,False
0.019233031051191785,False,-1.2255973180489443,False,False
0.04935756036113287,False,-1.0321319544018646,False,False
0.07794789565105004,False,-0.9803373922465506,False,False
0.025268957805661685,False,-0.9883024100342721,False,False
0.06503310632413589,False,-1.1054482578028275,False,False
0.0492869553098404,False,-1.6049751341543488,True,True
0.049825973011807245,False,-1.108285277335892,False,False
0.15121150724341276,False,-0.9971999968034482,False,False
-0.007669653569181811,True,-1.3085122925940533,False,True
0.1446675934529536,False,-0.9966293625744663,False,False
0.028814012862047933,False,-1.0119954528166049,False,False
0.12256496554779628,False,-1.1268259965001248,False,False
0.15337273258877532,False,-1.0800559387359674,False,False
0.03178460222706364,False,-1.0115081417823242,False,False
0.05230046072717448,False,-1.3832894789681034,False,False
0.1395901549231225,False,-1.0268756055663764,False,False
0.1505103722549882,False,-0.9949734665745706,False,False
0.09267458597777273,False,-0.9567777473969009,False,False
0.0288952140602029,False,-1.0735800522968937,False,False
0.09044416055811588,False,-0.9558476713462847,False,False
0.10201098643759188,False,-4.829306699152115,True,True
0.09751644493065459,False,-1.024410263275649,False,False
0.09354495310733996,False,-1.059555833202241,False,False
0.02159680615585663,False,-0.9746159351534868,False,False
0.0852029172775654,False,-0.9772441065397375,False,False
0.0302351104223475,False,-2.3732409148046516,True,True
-0.012563614857506455,True,-2.188323276879681,True,True
0.03695955812116364,False,-1.009283008885104,False,False
0.05698494399624693,False,-1.0279055635026788,False,False
0.07398573608203801,False,-0.9736638444381184,False,False
0.14484592860978618,False,-1.008716265842017,False,False
0.03302129185816166,False,-1.0427033100541994,False,False
0.07237171563183431,False,-0.9976287325648185,False,False
0.07270320744564301,False,-0.9856648719885701,False,False
0.14504551315717956,False,-1.051963760025324,False,False
-0.023968328410524986,True,-1.4968895755251708,True,True
0.07394031204752038,False,-0.9953379231308205,False,False
0.0856341836736022,False,-0.9839552309197177,False,False
0.09336869644164819,False,-1.0172207785764675,False,False
0.08768091972461245,False,-1.361042370349012,False,False
-0.009568970887650297,True,-0.9923194724590759,False,True
0.07310757000668039,False,-1.2976509990764618,False,False
0.06405239605044011,False,-1.0074467813849042,False,False
0.05248294737396303,False,-0.9889109795362682,False,False
0.06820427686621372,False,-1.0749647255519528,False,False
0.053289928160781375,False,-0.9909585897055561,False,False
0.06822566458980844,False,-1.0044465845650283,False,False
0.06396601431619697,False,-1.351788818329438,False,False
0.03300331244799504,False,-1.0588797044721918,False,False
0.10082604374392296,False,-1.0232014477623026,False,False
0.07526922766521033,False,-1.3757378964439115,False,False
0.07357578430340073,False,-0.9948245283185427,False,False
0.1445516072855103,False,-0.9887552338906499,False,False
0.04319547215159031,False,-1.011666808091171,False,False
0.03960489223971547,False,-1.110032247919167,False,False
0.06348712068880386,False,-1.039974221232018,False,False
0.1294471357461493,False,-1.019061756361774,False,False
0.0046773204032384275,False,-1.1374600895245381,False,False
0.07088642236994963,False,-0.9689570697232934,False,False
0.15474906039758501,False,-1.0020231497552552,False,False
0.05818982959691921,False,-1.079498428394173,False,False
0.1491942415150278,False,-1.2108755998318137,False,False
0.05424191828767572,False,-1.1029437874214552,False,False
0.04421653588770458,False,-1.05239670258675,False,False
0.14340610740164272,False,-0.9967038475144298,False,False
0.1330714316106898,False,-1.1406407513209247,False,False
0.014995403650189032,False,-1.040430858481459,False,False
0.10526214902413783,False,-1.0655490272269923,False,False
0.06491982418510744,False,-1.0316128044713189,False,False
-0.015788929146507757,True,-1.2022647614138422,False,True
0.07134936306570028,False,-0.9854573072956884,False,False
0.1409819707777482,False,-1.034768893831215,False,False
0.05460436016053383,False,-1.0406770221935213,False,False
0.051431234822109206,False,-1.5122428863780217,True,True
0.15009608072423253,False,-0.9955075913986906,False,False
0.08264305348261025,False,-0.9901453705026342,False,False
0.07605519621164347,False,-1.0032121561064569,False,False
0.03958689037616436,False,-1.2254685357038722,False,False
0.03839517862284636,False,-0.9684714639782861,False,False
-0.011734355741210512,True,-1.2649721961620857,False,True
0.10222001720618124,False,-0.9502068344898051,False,False
0.07172473546230418,False,-1.2054174939638185,False,False
0.092251777916668,False,-1.0326774591479562,False,False
0.02831697751674983,False,-0.9685648465695683,False,False
0.11059125687194937,False,-0.9799555222615106,False,False
0.09961846367728688,False,-0.9759946342188005,False,False
0.045639217635295215,False,-1.0334774144995178,False,False
0.15493622876376195,False,-0.9785736747382687,False,False
0.06641130132099277,False,-1.333992949196993,False,False
0.017386278122822896,False,-1.0273276007851868,False,False
0.05843295055960335,False,-1.9701626368878622,True,True
0.08132309484220024,False,-0.9743920264176857,False,False
0.07039962340940759,False,-0.9976743198614132,False,False
0.01373254822118497,False,-1.6632732989144556,True,True
0.13622149503514452,False,-1.0844394293617594,False,False
0.05945158928648708,False,-1.0111094425101288,False,False
0.14567979390343333,False,-1.0340619408795748,False,False
0.08456546608891463,False,-1.0316420806293345,False,False
0.14702668672631286,False,-1.0549374532552311,False,False
0.11421076963608301,False,-1.036740976607725,False,False
0.06770418256582006,False,-0.9896665514869621,False,False
0.13517548130867058,False,-1.002582128634414,False,False
0.1386495962078036,False,-1.0485834257525337,False,False
0.08846756411903284,False,-0.980842188180827,False,False
0.045913950484743005,False,-1.3741010904508664,False,False
0.06032351521346069,False,-1.0830042345020847,False,False
0.09077007611890536,False,-1.1025830223525357,False,False
0.03961146173424446,False,-0.9898128382935305,False,False
0.07333974906540336,False,-1.1037191453165147,False,False
0.14970008276134084,False,-1.0133744675895255,False,False
0.0819566559322315,False,-1.1303229696920458,False,False
0.14774023858912383,False,-1.0168949012400683,False,False
0.06592046003533447,False,-1.0980413124436825,False,False
0.1351028733683743,False,-1.0735297796815892,False,False
0.024073996207377824,False,-1.0915036769666693,False,False
0.07173128796083816,False,-1.1238221353776507,False,False
0.04624661536865665,False,-0.9522594724831828,False,False
0.03280469931669239,False,-1.0640658621179608,False,False
0.05562914569891814,False,-1.0509303140901396,False,False
0.06758685270101111,False,-1.0262255596315022,False,False
0.05442288363417924,False,-1.1537431459972758,False,False
0.08296891918661153,False,-1.0695881370051632,False,False
0.1062030886643327,False,-1.046256267823864,False,False
0.1441266344534195,False,-1.1105242762731384,False,False
0.15136228599929064,False,-1.037291621686545,False,False
0.033937471375808104,False,-1.0908074490960842,False,False
0.0767552822749542,False,-1.0047534147318016,False,False
0.011012826435014555,False,-1.6871118688775142,True,True
0.09407917586661851,False,-1.0072262254696107,False,False
0.14484557895613348,False,-1.0258578724049219,False,False
0.0796618314544501,False,-0.9999530080836603,False,False
0.03756903552918628,False,-1.0008203710153691,False,False
0.027157217037647507,False,-1.0402563766876354,False,False
0.09543118236750081,False,-1.1132694369052847,False,False
0.021693938482939545,False,-1.0145912801867085,False,False
0.05310775436183651,False,-1.0728259945579486,False,False
0.05962887130509925,False,-0.9903764170202409,False,False
0.12492053970031336,False,-1.5159612961454925,True,True
0.13978928367038745,False,-1.0326292197732558,False,False
0.022306208756133483,False,-1.1167024272083719,False,False
0.08588312123567443,False,-1.0587657544494857,False,False
-0.013575191153102906,True,-1.600896479891734,True,True
0.015686523958148624,False,-1.5086165338730662,True,True
0.13318348294262106,False,-1.0721361914998995,False,False
0.052806862292671286,False,-0.9928803375041436,False,False
0.06461645249086684,False,-1.1526650988366836,False,False
0.034318292010838136,False,-1.0063801843384277,False,False
0.08027929505962511,False,-1.126008009482279,False,False
0.0017239779747996176,False,-1.2955449814792936,False,False
0.08238902153788907,False,-0.9894649505380076,False,False
-0.006246392645952614,True,-1.2860129018465634,False,True
0.07194671093603294,False,-1.0317605499539766,False,False
0.06897047787523775,False,-1.0058544406096934,False,False
0.14504008376268857,False,-0.9693916642578898,False,False
0.07186127287792438,False,-0.9721843554321097,False,False
0.028065976561208406,False,-0.9644775268379865,False,False
0.07469668221226045,False,-1.0026295910760323,False,False
0.06667338572624998,False,-1.0645017270328339,False,False
0.03465480939147225,False,-1.018925847280736,False,False
0.03670286904270481,False,-1.8080079943941976,True,True
0.0882368644640642,False,-1.0391432176722082,False,False
0.06591213575957366,False,-0.9681447908928413,False,False
0.020533766647060414,False,-1.0302888731145488,False,False
0.07201020507940326,False,-1.0281000577500365,False,False
0.05586382784476662,False,-1.1220708382610491,False,False
0.08558637328092095,False,-1.8438582430829022,True,True
0.07436214164690996,False,-1.2079456969439533,False,False
-0.015170740983711628,True,-1.3800981214786012,False,True
0.07142270117616017,False,-1.0210089438596746,False,False
0.07884142873702016,False,-0.9721290306361151,False,False
0.14322968134826686,False,-1.0322665313464412,False,False
0.05944860715486516,False,-1.0598197848447044,False,False
0.08392980737524552,False,-0.9706181206151501,False,False
0.05647982678591146,False,-1.0037629410711137,False,False
0.055674653168481136,False,-1.0530659835355527,False,False
0.12410502387225308,False,-1.10197165390409,False,False
0.049658599296410255,False,-1.0176428053882112,False,False
0.1256240559501417,False,-0.9964419890897164,False,False
0.14025630143104129,False,-1.0348147961789806,False,False
0.05731757328377829,False,-1.0215985666642895,False,False
0.15633999772294876,False,-1.016361338058418,False,False
0.055615522286507235,False,-1.1148903940044543,False,False
0.07793415365372475,False,-1.0145160763592331,False,False
0.13682924881212644,False,-1.0087518439990135,False,False
0.09403833840978043,False,-1.1830399410719301,False,False
0.11083504593445082,False,-1.0291365442599014,False,False
0.15262563607489016,False,-0.9637029839747132,False,False
0.07208471222298812,False,-0.9861488530953484,False,False
0.04935332079063881,False,-1.3552515753322896,False,False
0.06588029128108946,False,-1.0064279645027587,False,False
0.14415057474280474,False,-1.0181063661296417,False,False
0.13200368948595093,False,-1.0084391502538668,False,False
0.05594977474754376,False,-1.3255350991934065,False,False
0.15104489448453717,False,-0.9887448813602824,False,False
0.11582160986005158,False,-1.0709569238408527,False,False
0.147070752637652,False,-0.9852528444952545,False,False
0.0787122298488156,False,-0.9871046579851421,False,False
0.008976463337719065,False,-1.0482211318761594,False,False
0.15465096001575884,False,-0.9822282150836411,False,False
0.12867139577204295,False,-1.12590415746132,False,False
0.06830988458472925,False,-1.006411951285354,False,False
0.0520838624715248,False,-1.1552574986268132,False,False
0.0022996555703164168,False,-0.978457220885647,False,False
0.07556627505970726,False,-0.9633370081415414,False,False
0.0731405435478591,False,-1.0478848086435613,False,False
0.15600235177506394,False,-1.0087984874805476,False,False
0.027160963541960903,False,-1.0467940058309506,False,False
0.05055834939196546,False,-1.022770186881961,False,False
0.020417165309087992,False,-1.0103729847799259,False,False
0.083471436842948,False,-0.9838580538774412,False,False
0.039941101484069375,False,-1.286572333038358,False,False
0.02687560225428076,False,-0.9815508645702995,False,False
0.06477420925812005,False,-1.0500782282904557,False,False
0.14355996010084004,False,-1.009398118676742,False,False
-0.004343456531023193,True,-0.9788355388400847,False,True
0.03125188653486488,False,-0.9980523431402721,False,False
-0.051924675606859205,True,-1.2134183976281023,False,True
-0.04474053458457217,True,-1.1109688693848963,False,True
0.08041380602056697,False,-0.9709557718559824,False,False
0.14935837422720472,False,-1.0725201597677045,False,False
0.15216159425186332,False,-1.046727298547595,False,False
0.06126464368210155,False,-1.0065959397305915,False,False
0.05797042508452371,False,-1.2415227683091903,False,False
0.157104739614361,False,-0.9868140540696657,False,False
0.05506937515936572,False,-1.2914240446112148,False,False
0.09586892000140529,False,-1.0390477990620843,False,False
0.04891039665248087,False,-2.9876381841824915,True,True
0.07255684382942479,False,-1.0294963682445182,False,False
0.10781600417396664,False,-0.9978473613047238,False,False
0.13076657009061593,False,-1.0188028962732654,False,False
0.04266038820435286,False,-1.2278691769884016,False,False
0.07421698789890491,False,-1.0656780261483776,False,False
0.08059308688759853,False,-1.0076751292829198,False,False
0.03938523797279336,False,-1.037044938010375,False,False
0.04540781114358816,False,-0.9804920027235917,False,False
0.057800313277724946,False,-0.945005524428218,False,False
0.021704631730167234,False,-0.9491569254103783,False,False
0.06403760969690253,False,-1.0136580012044618,False,False
0.027538058405936372,False,-1.0365726643918851,False,False
0.14476491284603088,False,-1.0313573759038928,False,False
0.15130878325115676,False,-0.9961180622673499,False,False
0.143776925360953,False,-0.9952809925311799,False,False
0.1012146025734747,False,-1.0129138771517685,False,False
0.12528204868032777,False,-1.0219077228275804,False,False
0.1497322372835554,False,-1.0761012078252283,False,False
0.06533340657983971,False,-1.0603756162199942,False,False
-0.012851684943154362,True,-1.5471908887981574,True,True
0.10512084023011276,False,-1.1655231108875757,False,False
0.036115587597718435,False,-1.0714796985177981,False,False
0.05889795376368345,False,-1.0820354265902556,False,False
0.06478148857211208,False,-1.1753084951463653,False,False
0.03529753366262006,False,-0.9787351204737884,False,False
0.007250229404873076,False,-0.9704707156139938,False,False
0.113751460692671,False,-1.01803098064855,False,False
0.07937659246974477,False,-1.0107350733353724,False,False
0.1020815506529672,False,-1.0614686496675045,False,False
0.07399698195586496,False,-1.1178508541178458,False,False
0.14843424476027423,False,-1.0309102094671356,False,False
0.07991353177190358,False,-0.9838447589599648,False,False
0.0022041716164447056,False,-1.3989278913871357,False,False
0.06624030640268563,False,-1.0092536260427374,False,False
0.006906673009079434,False,-1.852061789702311,True,True
-0.00966206306641526,True,-1.6213767417652707,True,True
0.06570393247903389,False,-0.9368535043557464,False,False
0.019699544009718073,False,-1.0733105749789058,False,False
0.14292985975661598,False,-0.9791365774786399,False,False
0.14390573131170964,False,-1.0383836819869388,False,False
0.09789842651021413,False,-1.0157651809518389,False,False
0.13200368948595093,False,-1.0084391502538668,False,False
0.020965569472933376,False,-1.0748390719661172,False,False
0.06832584064219882,False,-1.0151413040260457,False,False
0.04660201173075729,False,-0.9981635121654214,False,False
0.1567364816913429,False,-1.0010941111138643,False,False
0.08610627431896245,False,-0.9494848105130982,False,False
0.03818439879670116,False,-1.0994399627443987,False,False
0.15106351039166355,False,-0.9855605386981203,False,False
0.02660042761700787,False,-1.1834712201359947,False,False
-0.00821090667495572,True,-1.408349364324292,False,True
0.06098765031168063,False,-1.74933095531191,True,True
0.12532759870314492,False,-1.0320366320969163,False,False
0.14428216965195967,False,-0.9957841631929757,False,False
0.09587768734822849,False,-1.0551528114588355,False,False
0.011020481644516189,False,-0.9812938808782082,False,False
0.04020953391028892,False,-1.0443280488489597,False,False
0.08841039049731314,False,-0.987172113567975,False,False
0.03176652712228334,False,-1.065484630503765,False,False
0.041531601349655944,False,-1.087616791050997,False,False
0.13664656000436504,False,-0.9923662867067407,False,False
0.07841200162632456,False,-0.9973800656435527,False,False
0.05441778382897716,False,-1.1648094265042976,False,False
-0.03524451608074908,True,-1.761849004872926,True,True
0.07212040459688951,False,-1.0491296250213358,False,False
0.1034773709491762,False,-1.0684256951954467,False,False
0.007501856185948674,False,-1.2178313694939304,False,False
0.042056307414944316,False,-1.3824719046576435,False,False
0.141553307013481,False,-0.9922931751794785,False,False
0.14869263580554093,False,-1.048776930023551,False,False
0.05076023176086425,False,-1.0408233322769658,False,False
0.10707581342343886,False,-1.0818323559589007,False,False
0.0831527643096851,False,-0.9720069215728664,False,False
0.026821519067047384,False,-0.9572405498505232,False,False
0.09133964801275207,False,-1.0476200944279004,False,False
0.06416690624733645,False,-0.999998273373764,False,False
0.08149579232168208,False,-1.0930343763113977,False,False
0.1483073065050705,False,-1.0650215447640747,False,False
0.08489791205224995,False,-1.0376294297524566,False,False
0.08134446906236414,False,-1.0030878928903522,False,False
0.052147216962569354,False,-1.2568085020539743,False,False
0.13320585471696916,False,-1.1231176121333415,False,False
0.08366868406488975,False,-0.9875569884931064,False,False
0.07487612624936413,False,-0.9746624845833306,False,False
0.07327869585694158,False,-1.0665960648512165,False,False
0.03678499530997892,False,-0.9747218407198007,False,False
0.1327240931195966,False,-0.9591903417523856,False,False
-0.019821873587346772,True,-1.584180244155931,True,True
0.07447147250793223,False,-1.0476383878528874,False,False
0.035186194760798484,False,-0.9817843747804483,False,False
0.14672386834771223,False,-1.0130552381470388,False,False
-0.03405202312107103,True,-1.1559613774535435,False,True
0.1401680443554707,False,-1.0119942216338016,False,False
0.06978126892866537,False,-1.0005168752253752,False,False
0.05233548136177141,False,-1.024633056591329,False,False
-0.007354221826202267,True,-1.1327427612708925,False,True
0.12410145965703451,False,-1.116027166693962,False,False
0.13429392713321114,False,-1.2855127916138762,False,False
0.14052482614538542,False,-0.9821792344670494,False,False
0.029393944833429553,False,-1.035341514733785,False,False
0.13290848209095973,False,-1.2159598451174847,False,False
0.14174348942082277,False,-1.1041598098221181,False,False
0.07469451150306977,False,-0.9866012953142203,False,False
0.05945681697409139,False,-1.0158474914526512,False,False
0.04914377282295229,False,-1.162549940696929,False,False
0.058895064695634936,False,-1.014650921179086,False,False
0.016577780687837884,False,-0.9843555505389432,False,False
0.08265365181845064,False,-0.9707440901802633,False,False
0.03249109404939776,False,-0.9837466729337476,False,False
0.06523009445488037,False,-1.1797140351479296,False,False
0.05569643807783614,False,-1.1962279924939028,False,False
0.06741850389891402,False,-1.0756494631921318,False,False
0.08620302350500886,False,-0.9747950657347666,False,False
0.1579043709176936,False,-0.9883287846698439,False,False
0.09840642821399226,False,-1.1304976175419126,False,False
0.13422444272645134,False,-1.2252743827888453,False,False
0.07735141497686449,False,-0.9783679888897516,False,False
0.147776341945705,False,-0.9673452895905005,False,False
0.08415056579817265,False,-1.0295779844422224,False,False
0.02434274076669274,False,-0.9749822313143843,False,False
0.08591676573217699,False,-1.073787255579983,False,False
0.022788474691884164,False,-0.9850604731716885,False,False
0.1388479479310934,False,-0.9811943038937138,False,False
0.07112480549535749,False,-0.9991294819634579,False,False
0.0730004737691925,False,-1.058690667595284,False,False
0.06430688410372964,False,-1.0603479330543744,False,False
0.1428353444138067,False,-1.2392810430497818,False,False
0.13252500745834378,False,-1.164534666938536,False,False
0.1356927780945152,False,-1.1623299618621599,False,False
0.06504104438611652,False,-0.974426929793206,False,False
0.12612942941562172,False,-1.1124045884265137,False,False
0.027425418296880777,False,-1.5064470490922952,True,True
0.1521254193841664,False,-1.0219273840606484,False,False
0.025061568317320704,False,-1.1174230817706268,False,False
0.04735137767199088,False,-1.0823077418001505,False,False
0.05985740132697376,False,-1.0212186944761772,False,False
0.06872796917696078,False,-0.9892655671410742,False,False
0.05831024591331241,False,-1.2809578065122726,False,False
0.0925283403935116,False,-1.1284164528825078,False,False
0.08036428077493213,False,-0.958761989985366,False,False
0.08013698561209026,False,-1.1707861514425923,False,False
0.08638662707548006,False,-0.9869500397890851,False,False
0.08498355790173984,False,-1.2769611866975648,False,False
0.05932754215910935,False,-1.0276237716753638,False,False
0.06164060361051549,False,-1.066582330280426,False,False
0.07739100528612836,False,-1.1300152469633935,False,False
0.11220145121855885,False,-0.971830669844959,False,False
0.04717925869764078,False,-1.0680923237302777,False,False
-0.031462202095088765,True,-1.1936930139241855,False,True
0.06027620658399313,False,-0.9858431942099963,False,False
0.03177108857829514,False,-1.0640077777908583,False,False
0.030008161793119992,False,-1.06532455945138,False,False
0.05365255513447159,False,-1.1125975163216784,False,False
0.15074249580865257,False,-0.9832360653140503,False,False
0.06404789554830886,False,-1.0278718429299583,False,False
0.02560159106943405,False,-1.0007258927090712,False,False
0.08490764256933647,False,-1.0820610014939596,False,False
0.09026422053681621,False,-1.0746853680065613,False,False
0.033370992432064595,False,-1.0438707589573186,False,False
0.1321806332864227,False,-1.343452450495033,False,False
0.14110844540981632,False,-1.0915254462900945,False,False
0.1415891587757847,False,-1.1445124352120235,False,False
0.14718498575128142,False,-0.9936542132707575,False,False
-0.04057884190484207,True,-1.2997182429469338,False,True
0.02178909046289318,False,-1.0216315620361844,False,False
0.0040167236816698315,False,-1.3504779998942635,False,False
0.08544035357984292,False,-1.138951112741145,False,False
0.14635548817586924,False,-1.022647901783597,False,False
0.0340867275523396,False,-1.20537655618491,False,False
0.02327051770377475,False,-0.9934763238081177,False,False
0.006954101248146105,False,-1.1921491240147128,False,False
0.05344899522593788,False,-1.0407651983793202,False,False
0.060853066571855574,False,-1.1400864334511336,False,False
0.07092389753404904,False,-1.0758994178417576,False,False
0.06487811803481192,False,-1.086602940098158,False,False
0.07476625134814596,False,-1.1808814781969912,False,False
0.15680900102782308,False,-0.9984182985251063,False,False
0.0769360203380377,False,-1.0306194284522945,False,False
0.027137117200465577,False,-1.039195046563136,False,False
0.07913811436945795,False,-1.0971850957601652,False,False
0.14435762949363656,False,-1.0276698004004179,False,False
0.013996814814565162,False,-1.1019235666430216,False,False
0.008768969094383405,False,-1.4076553524452566,False,False
0.007177040004731738,False,-0.996746678763803,False,False
0.044789384188198,False,-1.1971510552436073,False,False
0.1428513582399764,False,-0.9609051630890564,False,False
0.10472468590355793,False,-1.0844806949734436,False,False
0.03745600888541911,False,-1.0349355183913609,False,False
0.060563959675442314,False,-1.1074892177032172,False,False
0.14578700427452257,False,-1.0068309343473207,False,False
-0.036895766560731236,True,-1.1595036335456397,False,True
0.0831150195918528,False,-0.9923972114925796,False,False
0.15672468925163757,False,-0.9732214089565142,False,False
0.02321113902011296,False,-1.0601156981855107,False,False
0.06351509371554337,False,-0.9727860840299074,False,False
0.0685102533288553,False,-1.1119555648452386,False,False
0.14741985087984166,False,-0.985753358327124,False,False
0.15285420114256915,False,-1.1062266028920102,False,False
0.08765597309883533,False,-1.0645709761878008,False,False
0.0785505001250893,False,-1.090786210308465,False,False
0.13653870708695587,False,-1.018371517817095,False,False
0.011451087485692346,False,-1.0109451041506716,False,False
0.031389858732107645,False,-1.0014589426938607,False,False
0.13668751422244113,False,-1.051353570166489,False,False
0.14733999970541717,False,-1.0028772375923176,False,False
0.12980435848753968,False,-1.084904063025434,False,False
0.07270582660263203,False,-0.9502670767526492,False,False
0.07980795688331943,False,-0.9935590462918397,False,False
0.08441199413253675,False,-0.9929735089136127,False,False
0.09841905696733,False,-1.0326962782151858,False,False
0.09733333134414646,False,-1.0918798677061157,False,False
0.14352412962229294,False,-0.9844361100432341,False,False
0.08081835171488988,False,-0.9839712700431672,False,False
0.1427745148156918,False,-0.9806215938948848,False,False
0.0764660706470171,False,-1.0731612105858965,False,False
0.041833978397766924,False,-1.0919566110862289,False,False
0.07520594797871338,False,-1.004210375170166,False,False
0.0810438333256554,False,-1.1173611730176383,False,False
0.07067476831513458,False,-0.965389382963757,False,False
0.036699170086498034,False,-0.9489006476965717,False,False
0.06579838592378495,False,-1.0021531212238222,False,False
0.0742457274907447,False,-1.0001857120374098,False,False
0.14880543402635787,False,-0.9897017314508988,False,False
0.09721887165772825,False,-0.9949997917837072,False,False
0.12978201712434884,False,-1.2230995528356137,False,False
0.10452389210803026,False,-1.0306794163701918,False,False
0.05269556475754,False,-1.132291016258738,False,False
6.854688695878686e-06,False,-1.0362017446707161,False,False
0.1438811435390111,False,-1.0981203939720108,False,False
0.04203205410705585,False,-0.9500935752219577,False,False
0.15161428858740755,False,-0.9835844952244969,False,False
0.14439788632441553,False,-1.1047527963133363,False,False
0.0782704336217867,False,-0.976958360735735,False,False
0.0032158570401757958,False,-0.9705244843032798,False,False
0.08774983865151503,False,-1.06654758119048,False,False
0.07772412598715878,False,-1.0799263441120541,False,False
0.09310140337837175,False,-0.9905739404341987,False,False
0.0426446279802839,False,-1.032612914736099,False,False
0.03658045996348991,False,-0.9984732670379888,False,False
0.13522964339343907,False,-1.076933323713872,False,False
0.0702174877055276,False,-1.000003333429484,False,False
0.11081249662724646,False,-1.0721746367982397,False,False
0.07634720958231628,False,-1.2849733944340576,False,False
0.05908816247810583,False,-1.0156440482571871,False,False
0.06222732950954463,False,-0.99420999189166,False,False
0.03666571453249062,False,-1.4255724397136105,False,False
0.02284262526984615,False,-1.1206178939273435,False,False
0.009231939798458377,False,-1.0132812653771988,False,False
0.014742717031692165,False,-1.3794792500806836,False,False
0.01623973596131234,False,-1.1371894103434657,False,False
0.07133331795571946,False,-1.023268855530083,False,False
0.10444966302467396,False,-0.9787858232285804,False,False
0.015375214097629541,False,-1.1364341197669323,False,False
0.044769362489422204,False,-1.0888364081727604,False,False
0.15625582379557057,False,-0.9776077682358253,False,False
0.07740509720669259,False,-1.0082531507715085,False,False
0.03353062276668212,False,-0.9533012009412365,False,False
0.0737257739783011,False,-1.0139102027745979,False,False
0.0780024093973381,False,-1.341027165219649,False,False
0.057200234114158255,False,-1.0586933444362252,False,False
0.06474854441199918,False,-1.0093164238183117,False,False
0.08507848823466196,False,-0.9892546673395859,False,False
0.08281151272284731,False,-1.0362176256158118,False,False
0.023660617242305892,False,-1.0594258372588052,False,False
0.07024334089235162,False,-0.9783739876076508,False,False
0.08812712143812845,False,-0.9662364954111136,False,False
0.1559202732214086,False,-1.010519874899174,False,False
0.06619538143790482,False,-1.0817149241566528,False,False
0.016863568074557023,False,-1.5235241387499268,True,True
0.07973407907831459,False,-1.0700247612921818,False,False
0.15382514093760769,False,-1.0632325152359754,False,False
0.08046242104488882,False,-1.011169421207693,False,False
0.06326236300999044,False,-1.01928592300581,False,False
0.06818147024342397,False,-1.012079636983268,False,False
0.14510650112504953,False,-1.021059554795214,False,False
0.07901152776874959,False,-1.0269735615373634,False,False
0.05924895625521526,False,-1.0516552586447838,False,False
0.06947619055026827,False,-0.9811209319629925,False,False
0.06385984393805028,False,-1.0380795100680655,False,False
0.040389443237609346,False,-0.9963783011683786,False,False
0.06150555969035554,False,-1.1489299297499174,False,False
-0.036566943265461616,True,-1.6156485340783682,True,True
0.02114743918099732,False,-0.9760309495460365,False,False
0.04468849992723978,False,-1.3229304678774128,False,False
0.1239179396318828,False,-0.9935527484076021,False,False
0.06852676503606075,False,-1.0080353969042783,False,False
0.05594831594271865,False,-0.9961146974309804,False,False
0.0735821390266117,False,-1.0384879141958554,False,False
0.06791136939401932,False,-0.9851098490980258,False,False
-0.02927259218388434,True,-1.0409268861278655,False,True
0.015140911346058439,False,-1.053668226089066,False,False
0.050501703638214046,False,-1.3182426918635666,False,False
0.1526102697594935,False,-1.0496271884113493,False,False
0.045277697123758176,False,-1.1490973642447502,False,False
0.027388044229463837,False,-1.02194930668679,False,False
0.07603348736468774,False,-1.0564579565408683,False,False
0.048550272637282677,False,-1.0360979339407073,False,False
0.09896733441181671,False,-1.065194972671184,False,False
0.014012712268130612,False,-1.0131319945309998,False,False
0.07565624610426108,False,-2.2497483935324665,True,True
0.06865405011380005,False,-1.0610552820677892,False,False
0.15156581599837338,False,-0.9929260327597298,False,False
0.0935120942781984,False,-1.0891732531865963,False,False
0.030643602930658986,False,-1.0176061805351577,False,False
0.14132746211328412,False,-1.025508305386725,False,False
0.15074186547113427,False,-1.0044062670937166,False,False
0.07209251032668829,False,-1.0071969909897112,False,False
0.06452419990028452,False,-1.0642604713562005,False,False
0.1487109970109206,False,-1.2796452334889628,False,False
0.08060838728305475,False,-0.9785319969301973,False,False
0.026200918025783226,False,-1.0529243080370516,False,False
0.14556497820754566,False,-1.066658586331474,False,False
0.1384266937115296,False,-0.9704749354401102,False,False
0.03398120174078617,False,-0.9969782455071343,False,False
0.026907398020987128,False,-1.058700411459569,False,False
0.0818545442849164,False,-1.0043339519949614,False,False
0.06607350671687945,False,-1.2793971738573722,False,False
0.06428672570532906,False,-1.0069106621949522,False,False
0.08956563569508003,False,-1.0165474470069467,False,False
0.03478485010682658,False,-1.0308074361263801,False,False
0.10439714735274325,False,-1.0704972008424876,False,False
0.017033473707709468,False,-0.9942286683819439,False,False
0.0067700839300137705,False,-0.9693345420969924,False,False
0.1496478963617996,False,-0.9800692869958765,False,False
0.063244832471331,False,-0.9994353111164548,False,False
0.14944833865552887,False,-1.0675020048337038,False,False
0.14552632045403668,False,-1.0078818519437656,False,False
0.08979626428263254,False,-1.0667512886734305,False,False
0.012810596951607911,False,-0.9640965565561717,False,False
0.08166089851334457,False,-0.9860273074353433,False,False
-0.006622273588235084,True,-1.6525896943231941,True,True
0.03117328761924798,False,-1.010118068519959,False,False
0.08797853133254113,False,-1.019207480530718,False,False
0.07057039764053102,False,-0.9927884829167517,False,False
0.15020882528800789,False,-0.9961653872809778,False,False
0.027095410283733967,False,-0.9716400139362765,False,False
0.14358578491916152,False,-0.9993041617353462,False,False
0.06383412522782417,False,-0.979908233258174,False,False
-0.01756469611938083,True,-1.5322817724138773,True,True
0.06671521551519044,False,-0.9798244911564495,False,False
0.07593276283096057,False,-0.9804419789317498,False,False
0.06301735823830423,False,-1.0286718617499548,False,False
0.1457131805609328,False,-0.9927419644020647,False,False
0.08253439125192208,False,-1.0919395993553747,False,False
0.08943439292384192,False,-1.054500267812057,False,False
0.06235598176027812,False,-0.9900277131243322,False,False
0.07440774050348786,False,-1.0167857487296637,False,False
0.022463389164130265,False,-1.032064986920475,False,False
0.1304008579356179,False,-1.02165669833247,False,False
0.07212734511646463,False,-1.0397643779673957,False,False
0.0894456274310571,False,-1.0006619693712886,False,False
0.14714588444665883,False,-0.9888601517691342,False,False
0.08772954191035737,False,-1.1324143530620403,False,False
0.0856290308737116,False,-1.0474282355822957,False,False
0.1539352589376643,False,-1.0410359069436912,False,False
0.0589331224341329,False,-1.206129757334986,False,False
0.12967141179480973,False,-1.0287553684868334,False,False
0.14811036467583394,False,-1.0466117357172444,False,False
0.1502353236541883,False,-0.9797950388582001,False,False
0.1506759932217716,False,-0.9800673917431381,False,False
0.06508662288525752,False,-1.01609891886153,False,False
0.1508266649598095,False,-1.1181063610852027,False,False
-0.0019506902460826314,True,-0.9788987670144044,False,True
0.07789207150727251,False,-0.9812931070544291,False,False
0.051472671153516114,False,-1.3050024441043946,False,False
0.09317003935103618,False,-1.029946237454086,False,False
0.06395992911179371,False,-1.0004511406283982,False,False
0.051623342128103655,False,-1.0126495308333707,False,False
0.13688596816828058,False,-1.0654296067681568,False,False
0.0692459605884283,False,-1.0181472019763245,False,False
0.03315293879672998,False,-1.0085814450554884,False,False
0.14897586918011518,False,-0.9918441480556954,False,False
0.08151489654168126,False,-0.9635217176155629,False,False
0.07725331064642571,False,-1.4196665062194938,False,False
0.1404567216393201,False,-1.0195405150157288,False,False
0.06489645341897182,False,-1.075984434552399,False,False
0.029600125692674617,False,-0.9858183478774943,False,False
0.0054448410023271165,False,-1.07843867927903,False,False
0.1323802777548032,False,-1.0925395605075308,False,False
0.07126328033787277,False,-1.1275748342450453,False,False
0.09775609228966653,False,-0.9947319399757267,False,False
0.07426211963801455,False,-0.9787255632207563,False,False
0.13563254008564057,False,-1.0744928250222174,False,False
0.014753929891467621,False,-0.968805770226181,False,False
0.134920023206194,False,-0.9739178373828095,False,False
0.14671828873441972,False,-1.0159441269768752,False,False
0.10627424459706569,False,-0.9887040036988919,False,False
0.09978513965096919,False,-1.1128135713823597,False,False
-0.0009322909097593257,True,-1.052851170046238,False,True
0.06469970299256861,False,-1.0999158270194527,False,False
0.06715671478810159,False,-0.947131429916667,False,False
0.08064791742302202,False,-0.9881187338362247,False,False
0.014680093658391735,False,-1.0734448646123613,False,False
0.07754140041163249,False,-0.9872892165349434,False,False
0.15324064599240228,False,-1.0116648779771817,False,False
0.06564689334190149,False,-1.1749319424140514,False,False
0.08406950124657281,False,-1.0944542188276913,False,False
0.006389934514637208,False,-1.1159706102406317,False,False
0.09505546321872593,False,-1.0073958942362466,False,False
0.13612290045627584,False,-1.1520207868412087,False,False
0.018938724169656584,False,-1.2417421135492355,False,False
0.0688584838645675,False,-1.0801264468829443,False,False
0.04164151631103852,False,-1.0192678065800014,False,False
0.06137374470924978,False,-0.9943183510975333,False,False
0.15090767467109778,False,-1.0419675048702253,False,False
0.06852847103595922,False,-0.9689039353219663,False,False
0.06222677350054817,False,-0.9754330340103662,False,False
0.08500757749732474,False,-0.9718582193174979,False,False
0.15113444067233417,False,-0.9859536299943743,False,False
0.09733333134414646,False,-1.0918798677061157,False,False
0.06204396823391761,False,-1.6108095468401575,True,True
0.1370326290007043,False,-1.498883284626221,True,True
0.13525032022640943,False,-1.0395767343798297,False,False
0.09276746591443413,False,-0.9938650568296247,False,False
0.02792650337363517,False,-1.3592308723499564,False,False
-0.01558519723637497,True,-1.020243563581982,False,True
0.01846094475574167,False,-1.1420698231945081,False,False
0.15913390684830175,False,-1.0150849885414917,False,False
0.06503282874520194,False,-1.2382863059588922,False,False
0.1373030335760998,False,-1.1990363335775613,False,False
-0.0001961271429978817,True,-1.0512855823685825,False,True
0.1457520740254699,False,-1.0359923366626642,False,False
0.15399478087642715,False,-1.0472892630140964,False,False
0.11790517321187821,False,-1.0008324679000586,False,False
0.09179885535745919,False,-1.0985741299103648,False,False
0.13173483342739234,False,-1.0389292439699973,False,False
0.14181154978793475,False,-1.0994418584926877,False,False
0.02239107834660431,False,-1.079469444261633,False,False
0.030348660415561557,False,-1.0103611094479288,False,False
0.04201446401252551,False,-0.9742178038147731,False,False
0.10655288814487607,False,-1.101956250112753,False,False
0.10139137910879253,False,-1.0242430329792982,False,False
0.054388062398509296,False,-1.1184008556116605,False,False
0.00022952621779404048,False,-1.373930271947688,False,False
0.14279287091785836,False,-0.9853444827609679,False,False
0.06630687737995333,False,-1.0525544939260443,False,False
-0.01794744124094827,True,-0.9839505820349718,False,True
0.04923861516337169,False,-1.0154701036670244,False,False
0.07489943472859412,False,-0.9916802643837614,False,False
0.0023132810910102553,False,-1.104911839897651,False,False
0.10454926004838944,False,-1.0898503196349585,False,False
0.07088289402185005,False,-0.9991928212269767,False,False
0.15282931210202594,False,-0.9860931608535892,False,False
0.08938986413228328,False,-1.1298650909976105,False,False
0.04604846524050388,False,-0.9896948238942148,False,False
0.08849694799030716,False,-1.0286004324318982,False,False
0.07441330628069742,False,-1.031653253650687,False,False
0.06506489692304557,False,-1.1517206855996842,False,False
0.0487105424862031,False,-1.3162322811367675,False,False
0.0350899363327582,False,-1.0118311260024337,False,False
0.08985517552657052,False,-1.0899499832954596,False,False
0.14345730563813797,False,-0.9812810054441325,False,False
0.11655490254414214,False,-1.3821177023816964,False,False
0.10398792494836262,False,-0.9730069693836958,False,False
0.011083123050082855,False,-1.29010965840733,False,False
0.04744672616703283,False,-0.9627040482123516,False,False
0.08812592873590896,False,-1.0642374478598104,False,False
0.14947086016271,False,-0.9625833038129203,False,False
0.037883714216107034,False,-1.417724971409548,False,False
0.0521655064989518,False,-1.339808356305809,False,False
0.15259105053283983,False,-1.0004238033524329,False,False
0.08821874665909718,False,-0.9981391420220305,False,False
0.00030901077835521207,False,-1.1188154969245596,False,False
0.08425219593155142,False,-0.9852026522058747,False,False
0.09055572126031958,False,-0.9538550622407934,False,False
0.01278339605362544,False,-1.0768103553651314,False,False
0.1408089282846221,False,-1.001749178750811,False,False
0.06867410704365218,False,-1.0584518916839198,False,False
0.07076243774067664,False,-1.010066277779224,False,False
0.0733527702936011,False,-1.4117253649774946,False,False
0.08059308688759853,False,-1.0076751292829198,False,False
0.017285661730758295,False,-1.034548159691099,False,False
0.06729122494133949,False,-1.0558293789452473,False,False
0.05248690107129794,False,-1.0681322372634834,False,False
0.0517898316367465,False,-1.034041048259846,False,False
0.06027425694453997,False,-1.0244383087961748,False,False
0.14180591784941637,False,-1.1344545674405773,False,False
0.012810596951607911,False,-0.9640965565561717,False,False
0.08684285199745306,False,-1.14412364894608,False,False
0.13838954763907968,False,-1.5061358252921828,True,True
0.15461226199742234,False,-1.0246038882921331,False,False
0.06211646884009192,False,-1.1001651337331049,False,False
0.08552831045001708,False,-0.9451823767599127,False,False
0.053884889862847785,False,-1.005278221859567,False,False
0.1539284303867045,False,-1.0153036711231134,False,False
0.07087776721287747,False,-1.000964153491576,False,False
0.04807950497579344,False,-0.96335065867823,False,False
0.015980976814597647,False,-0.9516682731690335,False,False
0.13483194345198946,False,-1.002956247790384,False,False
0.07877872923177598,False,-1.0950688628789265,False,False
0.02654486302295267,False,-0.9588703515208952,False,False
0.029427112675947165,False,-0.9575075802344595,False,False
0.061612627071910675,False,-1.1208761473054296,False,False
0.14654353759581906,False,-0.9983253686048235,False,False
0.057528028267410936,False,-1.0006734714415233,False,False
0.12324864939435193,False,-1.2306088026463828,False,False
0.09804653141502961,False,-1.0228985173641485,False,False
0.06530517191996638,False,-1.0126279349228138,False,False
0.08053876325083509,False,-1.0014706946536691,False,False
0.10625362018812301,False,-1.0585913823467874,False,False
-0.004485234811943517,True,-1.2635980847586727,False,True
0.07419988215059536,False,-1.0191954210788217,False,False
0.005628471592925788,False,-1.2742255946664987,False,False
0.14309823231904817,False,-1.072267540891247,False,False
0.07969481791058858,False,-0.9623942098555707,False,False
0.06023269311043633,False,-0.9540107543246599,False,False
-0.00577477148471639,True,-1.1150424679495825,False,True
0.15200226075783374,False,-1.0427057739511931,False,False
0.030395004065178588,False,-1.029358449165878,False,False
0.07120365972779408,False,-0.9948164346122521,False,False
0.10412299565742328,False,-2.137691998044004,True,True
0.14442860026708243,False,-0.9801291622809656,False,False
0.15015533834880002,False,-0.9739546970619133,False,False
0.06588716374338743,False,-1.042098020594676,False,False
0.13690846241446664,False,-1.0258308733144532,False,False
0.13242381061139524,False,-1.0694611922840467,False,False
0.06435609177107643,False,-1.0019392505513407,False,False
0.14011555580980317,False,-1.0662214161793155,False,False
0.1289631254964616,False,-1.3640537778265518,False,False
0.09501655312197338,False,-0.997504978020997,False,False
0.14765915924413642,False,-1.0600773220572808,False,False
0.0056772302024113985,False,-0.9474839746263548,False,False
0.0846926914737956,False,-0.9751214639796087,False,False
0.041283038606632905,False,-0.9922832080234892,False,False
0.08375793313050078,False,-1.0860602569592646,False,False
0.03136576659817902,False,-1.0137327622151076,False,False
0.14298601405255457,False,-1.0286848436829175,False,False
0.029434161267822112,False,-0.9843893243115257,False,False
0.14225245807489179,False,-1.194414529291914,False,False
0.02529244470316816,False,-1.0210721610573792,False,False
0.08570790111601212,False,-0.9334141289457107,False,False
0.06692551777689998,False,-1.0930533236908946,False,False
0.14343700433798934,False,-1.0047539751166061,False,False
0.14460839037922318,False,-1.1204756238050808,False,False
0.062344771161620405,False,-1.3131294412842327,False,False
0.01446596578996473,False,-1.6026084497448196,True,True
0.13739373599637705,False,-1.1475349124026368,False,False
0.010551098748871612,False,-1.041042371886436,False,False
0.06102693126483716,False,-1.1173654621816138,False,False
0.044811008749937764,False,-1.0383795411782453,False,False
0.03578664314783342,False,-1.4670364937441949,True,True
-0.08625741197566816,True,-1.8955309139845842,True,True
0.07836521627914983,False,-1.1206714694692543,False,False
0.06799290732083585,False,-1.0165915538199515,False,False
0.05228113789178124,False,-1.26449557953566,False,False
0.15239838305779518,False,-1.0181647067870283,False,False
0.09153874630313014,False,-1.1476813205609422,False,False
0.1265370490062684,False,-1.287414098134961,False,False
0.14411863681809506,False,-0.9860679128971654,False,False
-0.008631591839016295,True,-0.9788933499435168,False,True
0.011012826435014555,False,-1.6871118688775142,True,True
0.032901449584840425,False,-1.0904058366995497,False,False
-0.02665964173967139,True,-2.075343067235875,True,True
0.1482429717793441,False,-1.05773140832943,False,False
0.08975720317842212,False,-1.0246609795861301,False,False
0.07924581336815945,False,-0.9828710292487706,False,False
0.1375146786401647,False,-0.9991637871393808,False,False
0.0759092463191367,False,-1.0840061480953591,False,False
0.07866070034878586,False,-0.9993712054051057,False,False
0.010866546930400012,False,-1.0896312559100154,False,False
0.08299777055199986,False,-0.9964011476951976,False,False
0.08822442728074864,False,-1.0758629879586683,False,False
0.10349908947382591,False,-1.0580948318584273,False,False
0.1031976207963185,False,-1.0371526529480444,False,False
0.06725482255252674,False,-1.0659045419077167,False,False
0.09298129355096679,False,-1.2368980595335335,False,False
0.015701457588319756,False,-1.0608801035885054,False,False
0.03133777511983116,False,-2.088905386244286,True,True
0.12944928158981373,False,-1.0704622162965507,False,False
0.02166125988528178,False,-1.0074894464173447,False,False
0.06303037986054078,False,-1.0430268958820794,False,False
0.07588497730118682,False,-1.0157212937168996,False,False
0.06687174861910761,False,-0.9980762929105916,False,False
0.05743151363867449,False,-1.0357527208200412,False,False
0.08922456592305544,False,-1.1520189758252777,False,False
0.04143692958564821,False,-0.9599184158344378,False,False
0.03666571453249062,False,-1.4255724397136105,False,False
0.021978790858600605,False,-2.4037649844835878,True,True
0.06911790712221105,False,-1.0553728495376558,False,False
0.06487505673952365,False,-0.9559177545631063,False,False
0.06945006542569898,False,-1.0070178315511173,False,False
0.14382256533871918,False,-0.9903926674063627,False,False
0.0662731073161491,False,-0.984437944718189,False,False
0.07928078019061086,False,-0.9972356810866183,False,False
0.13211526995166023,False,-1.080041021598613,False,False
0.06405428044701783,False,-1.0621512832117905,False,False
0.09494718266252211,False,-0.9686458155448994,False,False
0.07767756856747016,False,-1.1382340043219548,False,False
0.0816234942621023,False,-0.9634189168852142,False,False
0.08143717657942251,False,-1.0120863711373929,False,False
0.1514049103628325,False,-0.9937648892995636,False,False
0.14393357572258564,False,-1.0168932374144743,False,False
0.03269180143283196,False,-1.0031731323623487,False,False
0.00923787544484711,False,-1.0322350542548338,False,False
0.04228256069325814,False,-1.1649081075958732,False,False
0.02068916677919458,False,-0.9677513130252609,False,False
0.014380632935692805,False,-0.9607948991030651,False,False
0.0009516824689127512,False,-0.9663906841286478,False,False
0.07098528825161943,False,-0.9766151726727086,False,False
0.1520243067201143,False,-1.014498091950552,False,False
0.048930858585900405,False,-1.2892800959838449,False,False
0.0644364446508724,False,-0.9714308021356475,False,False
0.061477696583053465,False,-1.1358133005824171,False,False
0.03869439254767648,False,-1.6331340052741594,True,True
0.09464238515465173,False,-1.4419193164271817,True,True
0.1520733629662055,False,-0.9985692098146934,False,False
0.015686523958148624,False,-1.5086165338730662,True,True
0.12748656558993782,False,-1.0753759879929263,False,False
0.0316794350036147,False,-1.020876127461067,False,False
0.015647205744409365,False,-0.9779466115453367,False,False
0.0574022443619428,False,-1.0964915481654132,False,False
0.07070174013258185,False,-1.361841811969865,False,False
0.03068218777183479,False,-0.9429125380683938,False,False
0.016844637382542382,False,-1.0376305608315997,False,False
0.08037122945249114,False,-0.9966084956358733,False,False
0.14968119895538368,False,-1.077573681052902,False,False
0.10467593312547802,False,-1.0482298117028834,False,False
0.11404493680421723,False,-0.981545859148451,False,False
0.15090767467109778,False,-1.0419675048702253,False,False
0.03928295232457696,False,-0.9934269515721781,False,False
0.08202637810785429,False,-1.202506342829534,False,False
0.037888166120205735,False,-1.0051698471922823,False,False
0.016431263612020852,False,-0.9922980603424779,False,False
0.10797700156002155,False,-0.9763133045305622,False,False
0.07261338613216917,False,-1.0676063360865709,False,False
0.0800318121561433,False,-1.109875056052828,False,False
0.1374642174992331,False,-1.0984981184716303,False,False
0.11169751898324431,False,-1.142711889114668,False,False
0.13958225939888552,False,-1.0035499114360358,False,False
0.149703725461029,False,-0.9843957503230338,False,False
0.03469550731645371,False,-1.0293930405170666,False,False
0.07972701518923642,False,-1.0154975524192964,False,False
0.09798398269726877,False,-1.303681606814049,False,False
0.02755297954248298,False,-1.1042221474618814,False,False
0.07337696779519043,False,-1.0133684467491462,False,False
0.0461511248550634,False,-1.1280535499412094,False,False
0.0816385006612147,False,-0.97380356229287,False,False
0.10497330531376836,False,-0.959234562475479,False,False
0.09872977533394578,False,-0.987227189717695,False,False
0.12978196914631085,False,-1.0727605505136675,False,False
0.11342689589786437,False,-1.2909154525525288,False,False
0.0493588086007683,False,-1.3023983887325405,False,False
0.14960843218741265,False,-1.1404251947275668,False,False
0.12350299923867436,False,-1.0441908366218042,False,False
0.15072424353763664,False,-1.1180868181241865,False,False
0.07029727726710938,False,-0.992695619531666,False,False
0.12894707101939046,False,-1.1113223325746493,False,False
0.09134265652312568,False,-1.0439715186465357,False,False
0.0826196705149212,False,-1.514178549871907,True,True
0.11434597322764622,False,-0.9835442390322671,False,False
0.06574561243112065,False,-0.9666743818716229,False,False
0.06415298808327974,False,-1.2500336750763035,False,False
0.13441879388628847,False,-1.0406746008668435,False,False
0.07651768981315177,False,-1.0611970804933804,False,False
0.053952972328022264,False,-1.0164464866491485,False,False
0.1449649616823338,False,-1.057227356979548,False,False
0.0347956318433148,False,-0.9763377884624344,False,False
0.08117613375691118,False,-1.1469935465080738,False,False
0.09535665764042828,False,-1.0060731157051621,False,False
0.019594313590302503,False,-1.0105312468339456,False,False
0.0470183371697791,False,-1.2167969887257954,False,False
0.09927295472808617,False,-1.0485306715438525,False,False
0.07772665039928522,False,-1.2370562153353717,False,False
0.14956134487049105,False,-1.2003286390184527,False,False
0.04183107144539311,False,-0.9889949205439835,False,False
0.07017901943013188,False,-1.0325352423870782,False,False
0.05712594106443303,False,-1.094204379094243,False,False
0.14244465330554917,False,-0.9715256181304108,False,False
0.09872123290270085,False,-1.0188192879339897,False,False
0.027459514820251996,False,-0.9968714309758802,False,False
0.14773670289044327,False,-1.0146447047217761,False,False
0.07664575217166586,False,-1.003243331087047,False,False
0.14199435956682988,False,-0.9524429933153188,False,False
0.10642802837267734,False,-1.0264376306688157,False,False
0.1561220239061295,False,-1.0070654840064615,False,False
0.035935149970368896,False,-0.9971731475167107,False,False
0.10103539404458761,False,-1.0283339251648622,False,False
0.1322218581841067,False,-0.9894871971968143,False,False
0.02727529745424151,False,-0.9690835383342881,False,False
0.025574303863483805,False,-1.0016516954391166,False,False
0.13130593421568548,False,-1.1559060154028802,False,False
0.13835650776780278,False,-1.072739668152792,False,False
0.08957423512699936,False,-0.9973760145114838,False,False
0.056900308652907294,False,-1.2174650980295234,False,False
0.0044233899283434575,False,-1.12339192748169,False,False
0.05935214000170469,False,-1.0507105836318473,False,False
0.10542728615632269,False,-1.0814034549476719,False,False
0.07518698704259774,False,-1.071336002261843,False,False
0.13179293420974508,False,-1.0444568265172793,False,False
0.14372199271906472,False,-1.061621178462262,False,False
0.08189299831347446,False,-1.053859516607629,False,False
0.07007016315384995,False,-0.9668932643623982,False,False
0.09652599559384784,False,-0.9921680212639827,False,False
0.0389218363533993,False,-1.6306477369792496,True,True
0.08247759804510985,False,-1.2268820034687904,False,False
0.10280187834356386,False,-1.0549370986345825,False,False
0.0053391072017763275,False,-1.1503706012673796,False,False
0.07964786108197425,False,-0.9994866969788857,False,False
0.013842897235170515,False,-1.0332371296429088,False,False
0.022049809182468794,False,-1.0705358070719,False,False
0.07119646005753516,False,-1.0328261955944111,False,False
0.08782752363686441,False,-1.0520169815179141,False,False
0.09341363751919746,False,-1.1165971315479504,False,False
0.10850914758324642,False,-1.13053347540767,False,False
0.06798760607137194,False,-1.0113165684110106,False,False
0.05597418542084215,False,-1.1545292688516242,False,False
0.08583843982029288,False,-1.0547311097984688,False,False
0.07757480636718722,False,-1.029273507202157,False,False
0.1078463567125652,False,-0.98943462460592,False,False
0.07754050235416793,False,-0.976179512079349,False,False
0.07774040453446213,False,-1.0039652795742557,False,False
0.14528972108796046,False,-1.0064260911967897,False,False
0.056761338954570806,False,-1.0084918071449782,False,False
0.0617481998703871,False,-1.1146882261939954,False,False
0.06168317956985153,False,-0.9518343731572575,False,False
0.10535238917205803,False,-1.0576377416469893,False,False
0.06619392145008351,False,-1.0299353308839463,False,False
0.059240988495685265,False,-0.9959915028813209,False,False
0.025353524774845593,False,-1.0248203449442104,False,False
0.09608117034146224,False,-0.9932325293360696,False,False
0.10485250378422917,False,-1.0028821665009962,False,False
0.05716482692713398,False,-1.5151897363636047,True,True
0.14439664688074,False,-1.1551468449218645,False,False
0.07948191698520868,False,-0.9809501857494745,False,False
0.0009638076091863512,False,-0.9980824306845874,False,False
0.013691728820583005,False,-1.74756744975543,True,True
0.14232339613405814,False,-1.0111883286981371,False,False
0.06461160534703297,False,-1.3297996854113292,False,False
0.12267336488135122,False,-1.0887799866639043,False,False
0.060893215984599125,False,-1.0971265170112008,False,False
0.15036188435700504,False,-0.9581915812170886,False,False
0.12269300154933044,False,-1.0939378792216736,False,False
0.1175552464844048,False,-1.0930605592436964,False,False
0.046995513182298054,False,-1.0625627919917082,False,False
0.14663561526601082,False,-1.181755293630498,False,False
-0.009427447650628862,True,-1.5193495698956325,True,True
0.03377312612116656,False,-1.2535910671277513,False,False
0.14295985946613898,False,-1.0011263964832022,False,False
0.14271653593945033,False,-0.9992857645911881,False,False
0.14160531748408045,False,-1.0223157183295994,False,False
0.06935149826280551,False,-0.9756547450354525,False,False
0.06844359492654273,False,-1.0003805917899125,False,False
0.03243065773138759,False,-1.1148704076434297,False,False
0.08134289821368912,False,-1.009674365747897,False,False
0.08678046333431277,False,-0.9906162303263807,False,False
0.06445055241792419,False,-1.0390045725925845,False,False
0.05501216946149334,False,-1.0125046338957666,False,False
0.06371807490855541,False,-1.0118355163318449,False,False
0.02669743483079795,False,-1.1922074925477641,False,False
0.0785420722285603,False,-1.0344610261983849,False,False
0.06959427227175974,False,-1.0354331321941572,False,False
0.1501911203384103,False,-0.9661209440937151,False,False
0.08751522253781668,False,-0.970805342767172,False,False
0.06921747132676659,False,-0.9973927263016872,False,False
0.07834834652524841,False,-1.03417749457337,False,False
0.1314090913030767,False,-1.0876349711416884,False,False
0.13785227993116428,False,-0.9892859324048819,False,False
0.04686204621651774,False,-1.009153622512318,False,False
0.07041993622562115,False,-2.5220057629526655,True,True
0.03082739889613262,False,-0.9847322602586163,False,False
0.059835954369870936,False,-1.01316044947218,False,False
-0.01293131868957842,True,-1.0061674466814032,False,True
0.029458369557066766,False,-1.132250080185494,False,False
0.11364717766670779,False,-1.1890937710898264,False,False
0.0617364673086922,False,-1.054223351501196,False,False
0.025192778000874105,False,-1.8037178584367588,True,True
0.0896185444643201,False,-1.0559036678531066,False,False
0.07093027736892976,False,-1.2962026948536738,False,False
0.07187960982176689,False,-1.3046289319732318,False,False
-0.001488702787898366,True,-1.0761598087476991,False,True
0.06461162311322027,False,-1.0125970195687977,False,False
0.05593373788598999,False,-1.3432358167078924,False,False
0.03666571453249062,False,-1.4255724397136105,False,False
0.07575856758558974,False,-0.9759266331274882,False,False
0.07774049533670929,False,-0.9826357979360981,False,False
0.0280215099838258,False,-0.9652414636050493,False,False
0.0656167519228621,False,-0.9790485788895242,False,False
0.15100109760185776,False,-1.0085587024867653,False,False
0.07622268861552578,False,-0.9548310912160302,False,False
0.13597967958860074,False,-0.9906177712583764,False,False
0.13664113215939655,False,-1.0466133257626649,False,False
0.024228988685046415,False,-1.199335151100425,False,False
0.15274063069111,False,-0.9679499358944581,False,False
0.08692055997819298,False,-1.0321225676126868,False,False
0.06896857048211713,False,-0.978632739323135,False,False
0.08130178096656038,False,-0.9674036516192455,False,False
0.063244832471331,False,-0.9994353111164548,False,False
0.06339134709014788,False,-0.9699597454038982,False,False
0.04935756036113287,False,-1.0337207453711041,False,False
0.031428450312587564,False,-0.9782893429415791,False,False
0.11886975244347908,False,-1.0853823906944537,False,False
0.1345618460934052,False,-1.011645393969821,False,False
0.15156891549094653,False,-1.02835367316216,False,False
0.08654509425201246,False,-1.155592780186269,False,False
0.06308835992220052,False,-0.9868724006587237,False,False
0.07670322245442945,False,-0.9992557751880874,False,False
0.0608905399067855,False,-1.0349898940210447,False,False
0.0686828007293267,False,-1.352386686825786,False,False
0.04967857480021243,False,-1.3563828145453618,False,False
0.01993921129482179,False,-0.9866003304197906,False,False
0.07518717924250046,False,-0.9603411615993303,False,False
0.02608245707836715,False,-1.0899349364119255,False,False
0.08331150113694674,False,-1.063320083687279,False,False
0.0235238390138926,False,-1.0221014920386957,False,False
0.09097629660040835,False,-1.0153942900138866,False,False
0.08209079268385633,False,-0.9929001423237718,False,False
0.10834385060207802,False,-0.9764427796856736,False,False
0.08078456859228833,False,-0.9626220482324989,False,False
0.09095306893091781,False,-1.0121368413467775,False,False
0.10483442784067798,False,-0.9848647201615469,False,False
0.06270374634141634,False,-1.0134339062139142,False,False
0.023536403414380236,False,-0.9995479607138643,False,False
0.0598165500292554,False,-1.0319349274386038,False,False
0.10295681019333519,False,-0.9778975677963734,False,False
0.14764197087093567,False,-1.0948261229266207,False,False
0.07719550267316888,False,-1.0107764538209878,False,False
0.022827740050964718,False,-1.018401454184405,False,False
0.02752148735726062,False,-1.1245120266637434,False,False
0.06777559355916185,False,-1.043011802451182,False,False
0.14292375475924507,False,-1.0348538372423453,False,False
0.06397436225033765,False,-1.1883736645538436,False,False
0.1497488894771397,False,-0.9795378615642873,False,False
0.1504243088898229,False,-1.0173718637337188,False,False
0.009122512976758035,False,-1.104894933482992,False,False
-0.008531190724245019,True,-0.9954335168452232,False,True
0.06905216683119975,False,-1.0042692557368798,False,False
0.0726037003482442,False,-1.0945450718804632,False,False
0.1498744354090104,False,-1.0224290932490177,False,False
0.10320398311432927,False,-1.051584205560567,False,False
0.021718043621957173,False,-1.0031609794477532,False,False
0.09299155593242225,False,-0.9817873613773518,False,False
-0.0038833364098592726,True,-1.0247452489522029,False,True
0.035543093180182284,False,-0.9893595876564267,False,False
0.025992055324325913,False,-1.0933717007705266,False,False
-0.011331440651940916,True,-1.5196948627759892,True,True
0.1388913827820415,False,-1.0062346107174254,False,False
0.0190550883309768,False,-1.0260537737452902,False,False
0.03917712131259937,False,-1.1484298683207501,False,False
0.07434573982826714,False,-1.0137237338466543,False,False
0.07421014987184404,False,-1.1717484254040016,False,False
0.14255092939453406,False,-1.1694095385387402,False,False
0.025804560408776767,False,-1.173765166574378,False,False
0.15101405740644958,False,-0.9607429794661415,False,False
0.06397476949660075,False,-1.1265994633149945,False,False
0.014991713877638535,False,-1.0081719915844984,False,False
0.08385139719799323,False,-1.0023721665323877,False,False
0.10607600695929503,False,-1.0302950035946874,False,False
0.008005975563847412,False,-1.021071038904149,False,False
0.07185106131785457,False,-1.0480379003700504,False,False
0.06533875674012468,False,-1.068693612024458,False,False
0.07242485479982919,False,-1.1729106721953755,False,False
0.10047942775222307,False,-1.0177782908437618,False,False
0.08418306579275531,False,-1.0128853520056091,False,False
0.050274604577675186,False,-1.1348845742762057,False,False
0.0877710123302674,False,-0.9964875793449359,False,False
0.009068782261396846,False,-1.0824945040113705,False,False
0.09776139602653278,False,-1.257371760820155,False,False
0.05223890141714477,False,-1.1015334514704274,False,False
0.09131878702622198,False,-0.9393242240601312,False,False
0.052264558140639183,False,-1.023775213119286,False,False
0.08408411838384428,False,-0.9888111045420873,False,False
0.06463058692768153,False,-0.946578077463149,False,False
0.13870331686112092,False,-1.1595101984966643,False,False
0.037033004128306235,False,-1.6944358422312447,True,True
0.0355529422996782,False,-0.979717896813386,False,False
0.0403592534279999,False,-1.042803657555114,False,False
0.006155140630938916,False,-1.0474044343672753,False,False
0.0392647107791772,False,-1.1998730871299064,False,False
0.014287101370290545,False,-0.9865978558506289,False,False
-0.011652546269993569,True,-1.6230070417523952,True,True
0.08532551475677558,False,-1.1011668056034598,False,False
0.032684182506192705,False,-0.9541680003454911,False,False
0.0822013428544614,False,-1.031239953209218,False,False
0.031190661030149003,False,-0.9525036003291012,False,False
0.14498133981512135,False,-0.9830151428796438,False,False
0.13159832042089264,False,-1.1579568117501684,False,False
0.064968930941179,False,-1.0108180099193045,False,False
0.07328629624868055,False,-1.0202270142012968,False,False
0.06994379341674767,False,-0.9853983395274934,False,False
0.07230776196049937,False,-1.086679392322789,False,False
0.10455096480811121,False,-1.1033988241893282,False,False
0.14832630902767108,False,-1.005559168015932,False,False
0.08557863047935999,False,-1.0074969201890114,False,False
0.016713957843865423,False,-0.9678369416010366,False,False
0.09572195837495429,False,-1.1202897161411332,False,False
0.14387092782089356,False,-1.0280768623958063,False,False
0.03536783963976192,False,-1.1529643652493813,False,False
0.09146134520429977,False,-0.9526651795389156,False,False
0.07390823780300454,False,-0.9850714709465512,False,False
0.14341534925391197,False,-1.1191221627537027,False,False
0.07968665684910398,False,-1.0983753443667907,False,False
0.029762521553197474,False,-1.2431946875278141,False,False
0.055390283981325616,False,-1.0907213489865952,False,False
0.08475504907188608,False,-1.1204146420156598,False,False
0.14951738247824953,False,-0.9776076530514002,False,False
0.1092176790899157,False,-0.9970606100829624,False,False
0.06574374541393502,False,-1.0147398837346313,False,False
0.07949294245194088,False,-0.9902806470666563,False,False
0.12702810256149977,False,-1.6360904144311934,True,True
0.0007012216546852246,False,-1.0321703758823393,False,False
0.1414633890199506,False,-1.009312689713525,False,False
0.08205869724807435,False,-0.9773716566028504,False,False
0.036492675928897766,False,-1.0761501171608265,False,False
0.05434903564848387,False,-0.9865436240464523,False,False
0.14950271576679303,False,-1.0067060557261927,False,False
0.13372142034566792,False,-1.0130194963361134,False,False
0.04900420429689145,False,-1.1193120664138108,False,False
0.05011108183863655,False,-1.09988828735542,False,False
0.14151006312491182,False,-1.1324472291122056,False,False
-0.06371352064290803,True,-1.1298576935440792,False,True
0.13915407277142527,False,-1.179523944287284,False,False
0.046990990261031484,False,-1.0051878116209865,False,False
0.1398164325454428,False,-1.0232653666518683,False,False
0.0755360559302426,False,-1.005536272863178,False,False
0.08674051875937622,False,-0.9639490224196294,False,False
0.0280127615231468,False,-0.9806700167460234,False,False
0.12797104866018244,False,-1.1077457057402424,False,False
0.08466986279249428,False,-1.0116103911720828,False,False
0.04036277661118437,False,-1.1808718178081958,False,False
0.031816440725648654,False,-1.0158314310346805,False,False
0.07454623336744243,False,-1.0412308291720618,False,False
0.08608283735961803,False,-0.9509959703208761,False,False
0.06645008636253019,False,-1.628307488635522,True,True
0.04135874899505826,False,-1.228864519604984,False,False
0.13719690790337447,False,-0.9770038223861122,False,False
0.14806512290082535,False,-0.9813389554736428,False,False
0.06637956178767712,False,-1.0009958985907796,False,False
0.05749374669622892,False,-0.947958316213936,False,False
0.08229416672034046,False,-0.990630378180987,False,False
0.07993143926430046,False,-1.1208107149147821,False,False
0.08299006348644039,False,-0.9768456587728396,False,False
0.15137238419882265,False,-0.9992077749692975,False,False
0.054511992471324655,False,-1.0780586894342397,False,False
0.00029579889140618487,False,-0.9858734578031709,False,False
0.14605752502027192,False,-0.9952087843628771,False,False
0.02893350043282339,False,-1.0716709607505754,False,False
0.01743148741330247,False,-1.030943169657783,False,False
0.04304407096297275,False,-1.1771424882752726,False,False
0.09080090764416515,False,-1.251749350577807,False,False
0.06740718317545308,False,-0.9992750620997042,False,False
0.07922105135043783,False,-1.0491219415868813,False,False
0.06587833499598628,False,-1.1019513947978967,False,False
-0.030333901428516108,True,-1.1404834953672491,False,True
0.04966951118463081,False,-1.0033509043106779,False,False
0.10289341234415644,False,-1.0206908283912466,False,False
0.0536185262895395,False,-1.2495628181371365,False,False
0.07162801979571526,False,-0.9883658568359983,False,False
0.06928080691706923,False,-1.3004497305036944,False,False
0.1359937266665905,False,-0.9791674527964738,False,False
0.02078186124941861,False,-1.0492542198867907,False,False
0.07308079828273917,False,-1.17104106110621,False,False
0.03362699911948536,False,-1.0175249671949238,False,False
0.07242423516391377,False,-1.0218816080081854,False,False
0.06261450629842857,False,-1.3409007435966571,False,False
0.06912774180447168,False,-1.2390671948685201,False,False
0.06105156040176313,False,-1.036902608683489,False,False
0.14066268947246585,False,-0.9938348142222863,False,False
-0.00022860027551419027,True,-0.9900536395695306,False,True
0.09925619307963535,False,-0.9939803432105302,False,False
0.0650562577982885,False,-1.0115384420867406,False,False
0.061440255842506286,False,-1.3258892964845541,False,False
0.04097883661471635,False,-0.9729921793874867,False,False
0.02628975686547308,False,-0.9735080803684826,False,False
0.07955985066967003,False,-1.0726899279152402,False,False
0.04046330864794484,False,-1.0037570158779618,False,False
0.059695131456203976,False,-1.0323304872974437,False,False
0.007768056492134967,False,-0.9615669510243816,False,False
0.07199334907316174,False,-1.0109633790450254,False,False
0.04612139547179395,False,-1.1944255141826476,False,False
0.08345876363300564,False,-1.020399846593417,False,False
0.081895166422219,False,-1.0281047592978982,False,False
0.08573415638894455,False,-1.0116880090466691,False,False
0.00911272107400074,False,-0.9805707340853982,False,False
0.13829233027664656,False,-1.0613491217077748,False,False
0.13966744163965022,False,-1.1423622791671177,False,False
0.019382229307871257,False,-0.9837914599271971,False,False
0.06612466985852072,False,-1.1411836802158857,False,False
0.06563574925583132,False,-1.1391237843754918,False,False
0.07103957752376372,False,-1.139551448836036,False,False
0.0558008248896848,False,-0.9887483047721934,False,False
0.0607758755989925,False,-1.1024948848659382,False,False
0.05309577768152729,False,-1.1057844654439888,False,False
0.003414828963440919,False,-1.06076335674101,False,False
0.076357483411094,False,-1.0418570042804296,False,False
0.09330654620127515,False,-1.052570137857964,False,False
0.08596973750075904,False,-1.076156803250517,False,False
0.09866279045892107,False,-1.0086246449551657,False,False
0.0560917258564293,False,-1.07669319390754,False,False
0.03950380604135939,False,-0.9690240454940676,False,False
0.12883760661541377,False,-1.2791039444578827,False,False
0.09244627825499213,False,-1.0743682334992868,False,False
-0.0010674490325467412,True,-1.2210426608873275,False,True
0.0823115071562942,False,-1.0095554508817084,False,False
0.04260305367999212,False,-1.0220410676671157,False,False
0.02296375372689452,False,-0.9634492117421033,False,False
0.08705849535144139,False,-1.0282950230507084,False,False
0.025809274744142685,False,-1.0553851670877146,False,False
0.007511318815154322,False,-1.1676602123580544,False,False
-0.02363749463090825,True,-1.149709761965604,False,True
0.08499751322471027,False,-0.9945161336456845,False,False
0.01887715460377115,False,-1.226741171447618,False,False
0.05590905894968862,False,-1.260785319921618,False,False
0.07934349358011439,False,-1.0148586615734116,False,False
0.0793754220215766,False,-1.0573894062596134,False,False
0.11000599010425394,False,-1.3389809769164391,False,False
0.03172427053993432,False,-0.9640479316729212,False,False
0.08295231470693532,False,-0.9663169186229765,False,False
0.04130700459399533,False,-1.4613341181797026,True,True
0.07058369880164422,False,-1.0420064497559705,False,False
0.07555054802661249,False,-1.092449244926907,False,False
0.07234782245181826,False,-1.0794991203921613,False,False
0.04214166209256193,False,-1.170542240433318,False,False
0.06838153726733581,False,-1.0376770114684335,False,False
0.0913570560025797,False,-0.9575504627902859,False,False
0.010872664296197376,False,-1.0165849555468551,False,False
0.11127379389239545,False,-0.9806715123933902,False,False
0.1245001913517863,False,-1.5239724633022067,True,True
0.14433694781526762,False,-1.1006426563641738,False,False
0.05499431198771676,False,-1.2513657493789572,False,False
0.07706518373948701,False,-0.9761619280350639,False,False
0.065403396179955,False,-0.9516222324420696,False,False
0.04048886826818349,False,-1.1258633210051858,False,False
0.06835772590059486,False,-0.9926412568114026,False,False
0.14228769929714485,False,-1.006168438091069,False,False
0.07057626941255746,False,-1.0295753067309168,False,False
0.13929723072316502,False,-0.9859533659739865,False,False
0.07091318890528148,False,-1.084626824666713,False,False
0.014889226525223953,False,-1.4155346888250127,False,False
0.1130889825535848,False,-1.2986524857317916,False,False
0.10269099842989687,False,-1.1148391168599685,False,False
0.07919077605763064,False,-0.966285163202319,False,False
0.13347730423872284,False,-1.0687204732677,False,False
0.06775633385871255,False,-1.0787856312179254,False,False
0.13670545909551068,False,-1.0317500737248684,False,False
0.05601012649094089,False,-0.9849806731597326,False,False
0.09314643941299294,False,-0.9920663157011465,False,False
0.15101987162873687,False,-0.9949881111702824,False,False
0.02079793890336229,False,-1.627421385578089,True,True
0.1452052642772474,False,-1.0006683119874789,False,False
0.010783768769680457,False,-1.576859006845117,True,True
0.03433719231088894,False,-0.9698189067416898,False,False
0.13612383810126633,False,-1.0119671563531818,False,False
0.11940281219819848,False,-1.084525939747841,False,False
0.15294067358765662,False,-0.9626735523982337,False,False
0.005107842357321313,False,-1.056106769566388,False,False
0.03366192064141521,False,-0.9470337930296155,False,False
-0.02980543683368897,True,-2.1511351109188164,True,True
0.01609372147515964,False,-1.9461914762686283,True,True
0.09649355568596651,False,-1.109715574516313,False,False
0.06471520811294218,False,-0.9720229455057297,False,False
0.0795918229435354,False,-0.9971507846875935,False,False
0.10034249210833202,False,-1.1255044126444538,False,False
0.06285555131772624,False,-0.9927110437205761,False,False
0.13787083342244233,False,-0.9595212133058644,False,False
0.0010863128663666233,False,-0.977138917532104,False,False
0.040241559534068105,False,-1.0213452731969745,False,False
0.1487685970536312,False,-0.99110317125497,False,False
0.0024210845773938727,False,-0.9703555532533731,False,False
0.029514647140040096,False,-1.022267202352889,False,False
0.06784385359517464,False,-1.0041070164244776,False,False
0.06073800796934409,False,-0.9975856911755384,False,False
0.0018442894252523878,False,-1.6029849854721996,True,True
0.07782408517556993,False,-1.001043220251899,False,False
0.0687036258506325,False,-0.9940460101560911,False,False
0.05462343027496169,False,-1.0957062752301145,False,False
0.01740356191918646,False,-0.9828638836130896,False,False
0.09020135920279321,False,-1.042244446691419,False,False
0.0670446583543618,False,-0.9964740268444852,False,False
-0.0062272917335890465,True,-1.1683670938704034,False,True
0.08341298656627838,False,-1.1063206893665911,False,False
0.14631633443692005,False,-0.9755630701930122,False,False
-0.020217171437693637,True,-0.9824180067366803,False,True
0.06489405286802341,False,-0.9681712392558186,False,False
0.13756937988943885,False,-1.181359802347609,False,False
0.15074329429800254,False,-0.969234375235831,False,False
0.1416126820360567,False,-1.1105583414187705,False,False
0.01829275204580194,False,-1.0091781365385726,False,False
0.009813392134134458,False,-1.073611993751919,False,False
0.04098294398999208,False,-0.9751047244629216,False,False
0.10157458060547575,False,-1.1603802559881689,False,False
0.09011698753795483,False,-1.1839586871547498,False,False
0.05743409340291894,False,-1.0249960838303418,False,False
0.06640533770573487,False,-1.0279702732811844,False,False
0.0706424025004912,False,-1.0248014645242969,False,False
0.12925630230918195,False,-1.0811062482243425,False,False
0.0839501174366607,False,-0.9523635271569069,False,False
0.039564998766217885,False,-1.0252226098551356,False,False
0.06208372334555973,False,-1.0224618312213145,False,False
0.06590234585704363,False,-1.0416414144817177,False,False
0.14494230323385343,False,-1.215074129691132,False,False
0.08491727818373018,False,-1.079937339174871,False,False
0.07534914087005129,False,-1.0094914059036808,False,False
0.09396922067791624,False,-1.0432091389925986,False,False
0.0525642687202143,False,-1.1220210223498241,False,False
0.1587146024850496,False,-1.0061555170572603,False,False
0.07786552864421631,False,-0.9977776678101815,False,False
0.09926153672539695,False,-1.0155049748062075,False,False
0.1538550213691528,False,-1.0244003141753715,False,False
0.09007699595717833,False,-1.0789765793773518,False,False
0.03703871332168429,False,-1.3563497591892664,False,False
0.061362118894115136,False,-0.9952051357965785,False,False
0.0205838063856586,False,-2.4078708105939493,True,True
0.058484248396934946,False,-1.3397589802793113,False,False
0.15304718640584092,False,-0.9995220596370402,False,False
0.040367665647657536,False,-0.9625463052640646,False,False
0.008454570326546396,False,-1.3423658150954594,False,False
0.016212628840810095,False,-1.038538406826154,False,False
0.11688861217985452,False,-1.624032327305842,True,True
0.078741691709723,False,-1.0822344016129777,False,False
0.040506412515123436,False,-0.9633401400045833,False,False
0.09677536874641551,False,-0.9857673670298215,False,False
0.007792077655743412,False,-1.0629119567153582,False,False
0.0739559334299485,False,-1.1679664334474418,False,False
0.07703654790421866,False,-1.0047088260388244,False,False
0.1346110681914467,False,-0.9848850864925234,False,False
0.08839625466560452,False,-1.0426495581824302,False,False
0.07005032720987947,False,-1.049016480086777,False,False
0.07227482471738672,False,-1.0444435729779624,False,False
0.13072030028244014,False,-1.0872352232835731,False,False
-0.0035980058477429466,True,-1.0822612837295984,False,True
0.14906232968190086,False,-0.9794882755089184,False,False
0.10208278241364738,False,-1.3515420856408051,False,False
0.15211261787636865,False,-1.0406319742272225,False,False
0.13746266375473248,False,-1.0873706558050347,False,False
0.0856739035342004,False,-1.038129732596466,False,False
0.08237530510008634,False,-0.9795586884206688,False,False
-0.003979995673622505,True,-1.4344067926392676,False,True
0.0688211696335565,False,-0.9472786656924759,False,False
0.14147726612438793,False,-1.019769213273965,False,False
-0.010475219568573557,True,-1.4516017987714163,True,True
0.06704020084756285,False,-0.9791333219466429,False,False
0.0655175638744766,False,-1.029326126240244,False,False
-0.013232114514373894,True,-1.0162036964446324,False,True
0.15659211333215456,False,-0.9998076067811754,False,False
0.08244852284147736,False,-0.9884052079632928,False,False
0.14811954701447239,False,-0.9969948866299395,False,False
0.12867749278989082,False,-1.0414664562415825,False,False
0.1469277040328314,False,-1.0072021760186658,False,False
0.029758460671227005,False,-1.1823762552365402,False,False
0.03436625531999438,False,-0.9801285550352153,False,False
0.04602483894654591,False,-0.9446943274288444,False,False
0.037672023549308264,False,-0.9597242924824261,False,False
0.05060746031865593,False,-1.0293549422941652,False,False
0.006653353827372754,False,-1.4354838225226487,False,False
0.07031433403887744,False,-1.219167822884639,False,False
0.14511836351180102,False,-1.020962703167141,False,False
0.14527298744516043,False,-1.0115120910867432,False,False
0.05408938448615436,False,-1.1949890442671396,False,False
0.055639329312745345,False,-1.140766758274287,False,False
0.07698830869820855,False,-1.0151720805411886,False,False
0.02888157696866883,False,-1.1210365284713029,False,False
0.07898723468044061,False,-0.9790854885957682,False,False
0.017415072979566015,False,-1.0341879941099454,False,False
0.13421712763268806,False,-1.0280532537841256,False,False
0.06984702224921108,False,-1.090792745575022,False,False
0.0005251350849823089,False,-0.980305153680912,False,False
0.06405686834205332,False,-1.0594825420931662,False,False
-0.016157272297286362,True,-1.218311375981154,False,True
0.026002931267740115,False,-0.9667242086965855,False,False
0.010908103646136147,False,-1.1174162155519085,False,False
0.105034932263745,False,-1.0031528110405383,False,False
0.06359320971246918,False,-1.062716551299694,False,False
0.09238895299577526,False,-1.0505558400144688,False,False
0.04893339413125786,False,-1.0523462998606852,False,False
0.13716672861955514,False,-1.003325162988547,False,False
0.04848741356322539,False,-1.1593965968087228,False,False
0.10412299565742328,False,-2.137691998044004,True,True
0.09888618726156567,False,-1.008127919852822,False,False
0.08569698690758798,False,-1.0598612201865558,False,False
0.023877679619199843,False,-1.0276944979042044,False,False
0.07960648151318689,False,-1.0368559700218616,False,False
0.06517646830064083,False,-1.004602655676859,False,False
0.06881341962321735,False,-1.0041132904590504,False,False
0.06803161222218723,False,-1.5457259287109435,True,True
0.04335365156019827,False,-1.198953828820636,False,False
0.0669411410465971,False,-2.414486428720232,True,True
0.005050146582331383,False,-1.0653736909439715,False,False
0.07460375549989245,False,-1.0316933089183034,False,False
0.055530959273871916,False,-0.9957464386934255,False,False
0.03801638012365144,False,-1.000192699697655,False,False
0.10107732800346375,False,-0.9588399644152608,False,False
0.11363963358737955,False,-1.0145774589553276,False,False
0.1476206462841576,False,-1.016390770496025,False,False
0.15268073264470483,False,-1.0418436813570189,False,False
0.013283426563859058,False,-1.0430285808634758,False,False
0.07920432938235494,False,-1.027201170195678,False,False
0.06973975505442115,False,-0.9868779774440339,False,False
0.00017959682468293714,False,-1.1278271862471567,False,False
0.09109820266411145,False,-1.0645099765176411,False,False
0.020857491276980777,False,-1.0013155848183106,False,False
0.07245448851520653,False,-0.9435390203224246,False,False
0.1482089849490671,False,-1.0207471652583684,False,False
0.1516595910713293,False,-0.9634967178519647,False,False
-0.007949353039981122,True,-0.9982616720441564,False,True
0.07936830498800634,False,-1.3274033211658465,False,False
0.08398842473365004,False,-0.9934190039645975,False,False
0.15587424090904023,False,-0.9971132566449125,False,False
0.07635890117409228,False,-0.9771976838357539,False,False
0.14276710775165746,False,-0.9934620685553988,False,False
0.06151421480568947,False,-0.9642740943656518,False,False
0.05430372508506309,False,-1.0163427866853552,False,False
0.09060957603329939,False,-1.073430111088379,False,False
0.06220662891567791,False,-1.0388608518437388,False,False
0.13672669621770306,False,-1.0492998288111368,False,False
0.06260186166208248,False,-1.011842645312869,False,False
0.07534142345454492,False,-1.1414926090893789,False,False
0.0921008897374333,False,-1.0295187769116645,False,False
0.12356047300553907,False,-1.3983447447722315,False,False
0.04812751307849761,False,-1.1642752191692038,False,False
0.14608726990199794,False,-1.0919670115309559,False,False
0.07932070135007907,False,-1.0222378925560278,False,False
0.03127158709090189,False,-0.9563653128450229,False,False
0.08152610182620845,False,-1.1772527816949736,False,False
0.10373547350350815,False,-0.9684208588967579,False,False
0.059530477978925356,False,-0.9735561648607514,False,False
0.027299863269380942,False,-1.0786248951485748,False,False
0.04956155161824116,False,-1.3064771200854322,False,False
0.07394900280327699,False,-1.0011997058836009,False,False
0.03698172120976112,False,-1.1435289513924043,False,False
0.13481423652489405,False,-1.0411470274115775,False,False
0.025402086217455322,False,-0.9984864769117945,False,False
0.10543024817038488,False,-1.0275604925918893,False,False
0.0017698133839387786,False,-1.1193362799937465,False,False
0.07171106017485779,False,-1.0931675700699337,False,False
0.07362740107361282,False,-1.1407797391581753,False,False
0.06973986545852501,False,-1.025395228729953,False,False
0.07523292021530387,False,-0.9608518932369513,False,False
0.13236008514239989,False,-1.0764593522891404,False,False
0.08012876475383829,False,-0.9614196170967823,False,False
0.08979128040621853,False,-0.9587964199355044,False,False
0.02369865350411493,False,-1.0412530562059845,False,False
0.059672899610756225,False,-0.986936057431139,False,False
0.07218499813615209,False,-1.018560186507665,False,False
0.15780320132294878,False,-1.0205401055143484,False,False
0.11496785207164234,False,-0.9890209280114176,False,False
0.10548074671733204,False,-0.9986196581963144,False,False
0.012417093066303786,False,-0.9707765123037617,False,False
0.05318452690958253,False,-1.0858261349022222,False,False
0.06758241186391267,False,-1.0527753344304687,False,False
0.048851247479306525,False,-1.0066846536066538,False,False
0.02480743289500137,False,-0.9941498651621986,False,False
0.12924774781240084,False,-1.228967751826565,False,False
0.14262285641641909,False,-1.111305320351121,False,False
0.02972994488247066,False,-1.061523140438671,False,False
0.039719985975773364,False,-0.9844483550230393,False,False
0.0643092325224674,False,-0.993828318423307,False,False
0.03713077289669925,False,-0.9734550691703348,False,False
0.14631416904434064,False,-1.2354851874264985,False,False
0.09234906003397109,False,-1.0000560647462025,False,False
-0.008356013000350382,True,-1.3344743413653892,False,True
0.09020135920279321,False,-1.042244446691419,False,False
0.07683487294944275,False,-1.0341818428774046,False,False
0.15118657311272493,False,-1.0165729336836555,False,False
-0.006390947169795713,True,-1.1110104229680362,False,True
0.13945744833519252,False,-1.0804611319850892,False,False
0.07115821461904659,False,-1.0848041361248466,False,False
0.1349012673879872,False,-1.17758904783245,False,False
0.027659651840663824,False,-1.1650829362316732,False,False
0.04374831472897245,False,-2.677164373446149,True,True
0.07344093466192902,False,-1.0204958456363686,False,False
-0.0003778496967918876,True,-0.9843778201902695,False,True
0.07403071724304305,False,-1.0119935771623798,False,False
0.1505687708353009,False,-0.9998495624865116,False,False
0.08869247545803682,False,-0.9665212634629545,False,False
0.139589240483255,False,-1.023228636828518,False,False
0.04559183295439545,False,-1.2237748506246544,False,False
0.06510655468272575,False,-0.9982329877142474,False,False
0.14153704729545552,False,-1.0734218195642637,False,False
0.03960904570144341,False,-1.2544519540638954,False,False
-0.036566943265461616,True,-1.6156485340783682,True,True
0.018611337421475915,False,-1.1254662962732387,False,False
0.09777614060773021,False,-1.0114779800075584,False,False
0.02581840961773396,False,-1.0755674679170784,False,False
0.14632170462279137,False,-0.992637665665265,False,False
0.026784211234811228,False,-1.0208271696421392,False,False
0.021308810624434182,False,-1.1269562890926876,False,False
0.09008516554030904,False,-1.0792312506796624,False,False
0.0570782074826352,False,-1.1582160200180105,False,False
0.036226119421291725,False,-1.390478626747937,False,False
0.13139564122370773,False,-1.011357878305206,False,False
-0.022218815331297437,True,-3.2281392903606942,True,True
0.029056671521439204,False,-0.9463276670274989,False,False
0.05656780994617544,False,-1.0301915998552373,False,False
0.13957846926968548,False,-1.031247720445244,False,False
0.06881468070820712,False,-0.9983551421170617,False,False
0.06796104089338628,False,-1.0331285457754367,False,False
0.1459575858554521,False,-0.9922672189504885,False,False
0.06075173073798834,False,-1.0477913907271577,False,False
0.01962298467587209,False,-0.977020336633403,False,False
0.08974209472243516,False,-1.0147060186494221,False,False
0.043920012756897886,False,-0.9519408204656779,False,False
0.043847742266754586,False,-1.008151919935817,False,False
0.08270703899193937,False,-1.0463946828507011,False,False
0.08146301272645701,False,-1.0247109423100695,False,False
0.10069660909660488,False,-1.0595035199326621,False,False
0.008959743161282119,False,-0.9973508249129102,False,False
0.10443517432092853,False,-1.0706062645656753,False,False
-0.0749798672180717,True,-1.8034099680267333,True,True
0.04115310548301704,False,-1.0041233094288555,False,False
0.00890612001940283,False,-1.040324834144752,False,False
0.04749952604782459,False,-1.0089160188064812,False,False
0.05838688369603329,False,-1.043589699175191,False,False
0.07646797976938702,False,-1.023356509800982,False,False
0.07669322726419014,False,-1.0657542665403257,False,False
0.10344472103478014,False,-1.0632621985735322,False,False
0.06222677350054817,False,-0.9754330340103662,False,False
0.13912997867450744,False,-0.9716271425001745,False,False
0.15764721409041071,False,-1.030558027089309,False,False
0.10932734755010648,False,-1.131066090962536,False,False
0.08682089461476811,False,-1.0673262892323179,False,False
0.14078835441862209,False,-1.0465588548376936,False,False
0.08850122579315006,False,-1.003053997339871,False,False
0.026461319770024805,False,-0.9712391021883237,False,False
0.06771651266689171,False,-0.9775514950944499,False,False
0.08787688087355777,False,-0.9557673336901968,False,False
0.05898869751539981,False,-0.9607434690498875,False,False
0.04099602252171036,False,-1.3397048911398595,False,False
0.07602003033201127,False,-1.0391796665267972,False,False
0.10885660697753635,False,-1.1378026182509198,False,False
0.1371268491405933,False,-1.1145289413937636,False,False
0.05358735339227266,False,-1.192869669358529,False,False
0.15083426047073206,False,-1.0452784957141812,False,False
0.07148809751854757,False,-1.0130232126792833,False,False
0.07109194680723258,False,-1.0298197055853797,False,False
0.08920671870436325,False,-0.9784856253941843,False,False
0.001372411637619475,False,-0.995058447782123,False,False
0.06250145936650486,False,-1.0686472515976149,False,False
0.07276019247911958,False,-0.9725224214400132,False,False
0.15518686080781663,False,-1.0242597240208817,False,False
0.035044146410413535,False,-1.6506402116781633,True,True
0.02527606288769063,False,-2.15485886832198,True,True
0.14966178365896615,False,-0.9809732463317775,False,False
0.06654154255315958,False,-1.2958484474844918,False,False
0.019507388806187076,False,-1.0356527758042466,False,False
0.07732172537616205,False,-0.9918295815379136,False,False
0.09078658414859081,False,-0.9902880547432877,False,False
0.144961259724099,False,-0.9887419769035644,False,False
0.1000660637935058,False,-1.070740119381986,False,False
0.14295873297416511,False,-1.0958043380409184,False,False
0.07089167378458355,False,-1.0064742000479834,False,False
0.1309484586199121,False,-1.2349840970142807,False,False
0.06845152385472308,False,-1.0183172441585595,False,False
0.06569143258526955,False,-1.0417680805868748,False,False
0.028594481509389702,False,-0.9879447155038413,False,False
0.1456131091135936,False,-1.022090311923429,False,False
0.15251418624439422,False,-0.9865106724058673,False,False
0.011106684330014716,False,-1.0198100351926693,False,False
0.024477627661158796,False,-1.020928756853325,False,False
0.09375755179261747,False,-1.0167532304405962,False,False
0.028430945723736445,False,-0.9895359243980965,False,False
0.13983639762857708,False,-1.1202098076547122,False,False
0.09840642821399226,False,-1.1304976175419126,False,False
0.15200628576212266,False,-1.025132821924304,False,False
0.051428288685401724,False,-0.9933074469846215,False,False
0.08356296690905268,False,-0.9697234252829359,False,False
0.05118892365931971,False,-1.7751308353619213,True,True
0.06895666995033745,False,-1.2733173564723415,False,False
0.14280880592196699,False,-0.9992412374734174,False,False
0.026958785771208638,False,-1.0452630019857196,False,False
0.07716608549921639,False,-0.9703990367620617,False,False
0.11343893093703933,False,-0.9697641628164323,False,False
0.08082799870041318,False,-1.0238369526513558,False,False
0.10935368712482146,False,-0.9997939374619895,False,False
0.04505716084095163,False,-1.0318191511485282,False,False
0.11357859662603825,False,-1.4665757874287195,True,True
0.08298741894170342,False,-1.018347382996289,False,False
0.0611479523372811,False,-1.0129055972140046,False,False
0.03570621937416901,False,-0.9778872622899822,False,False
0.024477124946552797,False,-1.0892149819285486,False,False
0.12801204528506988,False,-1.0781703570200625,False,False
0.049806826662752934,False,-1.0812128260837952,False,False
0.013670402480321253,False,-1.077507541504482,False,False
0.14544626284865964,False,-0.9875524002196826,False,False
0.04029768581366405,False,-1.1998845124882507,False,False
0.1502353236541883,False,-0.9797950388582001,False,False
0.03834349048723246,False,-1.4350312578016946,False,False
0.06348596034579512,False,-1.0683610624487128,False,False
0.14597869070198177,False,-1.2029419055582589,False,False
0.06516135197455802,False,-1.0785271364054219,False,False
-0.00041952226102470735,True,-0.9886411799646767,False,True
0.06709676781513796,False,-1.070765460938759,False,False
0.004555044044730838,False,-1.0381415353409187,False,False
0.043648726634068324,False,-0.9918173133338037,False,False
0.06762948866599555,False,-1.2934834122656491,False,False
0.031485037184758535,False,-0.9681738629817366,False,False
0.05533888881064852,False,-1.22492769370942,False,False
0.011011186038717091,False,-0.9628934269101326,False,False
0.07800259342409771,False,-0.998773268620541,False,False
0.0573058317271225,False,-0.9733121944777539,False,False
0.13779747786168572,False,-1.0297251891252734,False,False
0.15254920385259413,False,-1.0156146029847766,False,False
0.04663727015320801,False,-1.129201263366061,False,False
0.1491630923801332,False,-1.0758258250293058,False,False
0.003827512917140563,False,-1.0020109500672578,False,False
0.06220212769292316,False,-1.364406081256828,False,False
0.030229346450637296,False,-1.0083909121958932,False,False
0.03459390990064565,False,-1.017063173276425,False,False
0.13283286234633468,False,-1.27761569168822,False,False
0.07085337725318674,False,-0.9984408681121678,False,False
0.08645160337817143,False,-1.0075534016437937,False,False
0.0846926914737956,False,-0.9751214639796087,False,False
0.09928279918673799,False,-1.0900796237153763,False,False
0.07085337725318674,False,-0.9984408681121678,False,False
0.03133101805200461,False,-1.1801670386172547,False,False
0.08891263201074212,False,-1.1557357248001774,False,False
0.07677186094179422,False,-0.9893126200607728,False,False
0.015241769834147934,False,-1.1824909970224857,False,False
0.13256128330483624,False,-1.0102883170210282,False,False
0.07189851912390127,False,-0.9592525455294163,False,False
0.07084806223635731,False,-1.0244866377142756,False,False
0.07351191499686688,False,-1.1592558275175069,False,False
0.13892240334384992,False,-1.051362803272102,False,False
0.024279982015782353,False,-0.9609662528706571,False,False
0.11137959246283607,False,-0.9550453769959182,False,False
0.11880448372416819,False,-1.0803555522423263,False,False
0.083436763701494,False,-1.0420816893458675,False,False
0.05697402562274689,False,-1.186219829588085,False,False
0.023844881160583142,False,-1.0217058737489717,False,False
0.06957700923788057,False,-1.158723796557279,False,False
0.07867452606661873,False,-1.0065989188422078,False,False
0.0797639886622496,False,-1.0138132400340727,False,False
0.1136631358164259,False,-1.00638839208588,False,False
0.1376005348653041,False,-1.0827902397348572,False,False
0.145897007415641,False,-1.1388292068588186,False,False
0.07228417851152752,False,-0.9776137565990684,False,False
0.13635384214328405,False,-0.9852168449174323,False,False
0.06929684877062237,False,-1.5724041702044167,True,True
0.026780271822060053,False,-1.4898017472709608,True,True
0.06299231552450035,False,-1.7650470953691346,True,True
0.011740848239245039,False,-1.0835189942149033,False,False
0.07004074057562432,False,-1.329642985668334,False,False
0.00814711264288337,False,-1.0454237254049024,False,False
0.056943329477255944,False,-0.9973717389645819,False,False
0.05145633761799717,False,-1.0742522944847297,False,False
0.0756444204193954,False,-1.2537377757286954,False,False
0.14602095964650724,False,-1.0049097498679866,False,False
0.10655311934193412,False,-0.9919635114043445,False,False
0.0084209022925954,False,-0.9972527854509472,False,False
0.035762228259464124,False,-1.3792100488411978,False,False
0.12992290414657975,False,-0.9893726526996183,False,False
0.031276520337870595,False,-0.970086735415469,False,False
0.15103500057457986,False,-1.0014685559525898,False,False
0.1466922169407761,False,-1.105612312519507,False,False
0.06050948396773326,False,-1.06635560311059,False,False
0.02653216275600445,False,-1.062872792636244,False,False
0.14597792839399237,False,-1.0457752952724784,False,False
0.021209495212661633,False,-0.9722611411155393,False,False
0.09045636861353146,False,-0.9955113905357178,False,False
0.030927017329037354,False,-1.1020798958696498,False,False
0.08622687127633,False,-1.0272955439874454,False,False
0.06162789453095341,False,-1.1594000000298137,False,False
0.04787298532635492,False,-1.173069668008638,False,False
0.07280617364451514,False,-1.022251866994861,False,False
0.08125520552647442,False,-1.007321904850531,False,False
0.06871074977568142,False,-1.021187490023896,False,False
0.10071343170205671,False,-1.4803113093345688,True,True
0.13329265383712308,False,-1.0465530901230493,False,False
0.07705712140283649,False,-0.9872715173251647,False,False
0.012005767663387568,False,-1.0739625143527185,False,False
0.08764985854642288,False,-1.0471297412914746,False,False
0.05139654886611705,False,-1.0014196227703431,False,False
0.027514313260966816,False,-1.0206440968432962,False,False
0.1493915670078217,False,-1.0060777153441491,False,False
0.07071170910282848,False,-1.1560889523905613,False,False
0.09466646112668814,False,-1.1393346698591686,False,False
-0.05779751936895117,True,-1.1147044595200517,False,True
0.04045213511324386,False,-1.0065728619974215,False,False
0.13868230547817179,False,-1.065381809967354,False,False
0.08353252302644248,False,-1.0695509203245348,False,False
0.08284534132061139,False,-1.0325070167880477,False,False
0.08763227432124693,False,-0.9799921421714769,False,False
0.06494357221295138,False,-1.3756198746761399,False,False
0.0011638022060510567,False,-1.0634204341580769,False,False
0.07135147948563997,False,-1.2930031663704056,False,False
0.050150052025562,False,-1.0681700344048044,False,False
0.07581838402326813,False,-0.9849695912539985,False,False
0.03849607106153663,False,-0.9976839497820731,False,False
0.15090017687782076,False,-1.0308711950064886,False,False
0.03947905893472864,False,-0.9473294880333999,False,False
0.13895671781833047,False,-0.9827699715588369,False,False
0.07595058136775534,False,-1.2204712022277333,False,False
0.028695065462411906,False,-1.0072550205363808,False,False
0.07335909777561589,False,-1.08151049427331,False,False
0.0526489441865966,False,-1.4122278601413956,False,False
-0.012243249289753289,True,-1.0998289696927102,False,True
0.04915181026686205,False,-1.234394693592884,False,False
0.03939672137829403,False,-1.5375023030278263,True,True
-0.0704947123515518,True,-1.6263218297918922,True,True
0.04666970739088383,False,-0.9853257729426499,False,False
0.14523645514520883,False,-1.0458826611068435,False,False
0.09685866200243809,False,-1.0252013590508247,False,False
0.07243019123958189,False,-1.4468128390440271,True,True
0.0719279333423109,False,-1.0306317993795377,False,False
0.08211187788858598,False,-1.2561921404099332,False,False
0.1095152823263923,False,-0.9796482494000467,False,False
0.08464736977807574,False,-1.045033866508279,False,False
0.15406816679195662,False,-1.034319194001969,False,False
0.09379842014602591,False,-1.040175745353218,False,False
0.02783024146285784,False,-1.1020751711357515,False,False
0.03255069480415518,False,-0.9474861103642663,False,False
0.07456371462081979,False,-1.0475205505870377,False,False
0.06213789335474412,False,-0.9649880875911462,False,False
0.0888657135704155,False,-1.0529852184186907,False,False
0.029253468919441694,False,-1.0332477424093767,False,False
0.07376873179718235,False,-1.2082102306964375,False,False
0.09327529055031158,False,-1.2100238962880092,False,False
0.031722469729284886,False,-1.0948804363954594,False,False
0.09000605975911874,False,-1.3893106388083971,False,False
0.06942248371572113,False,-0.9823871951655031,False,False
-0.0002419114083006546,True,-1.2423158199233302,False,True
0.07415280806397795,False,-1.0010385415429632,False,False
0.05923614572761937,False,-1.1127705460878887,False,False
0.07656764341148176,False,-1.0167378978317039,False,False
0.14313965821999053,False,-1.011475792619929,False,False
0.03270693889134657,False,-1.0160925045975673,False,False
0.05057697799236194,False,-1.4198223177858196,False,False
0.0657526406836571,False,-1.4100757649139757,False,False
0.08251118905442573,False,-0.9821403000578238,False,False
0.08583178938692404,False,-1.003417782024037,False,False
0.005436639588131342,False,-1.1034735697119145,False,False
0.06046386056902053,False,-1.0246942752757133,False,False
0.06232051105701264,False,-1.014799151606132,False,False
0.06210675776524016,False,-1.5807562109550037,True,True
0.052052472772274094,False,-1.0108495582604384,False,False
0.06632868684383747,False,-1.0043658885946374,False,False
0.01981090944787034,False,-1.015537846976603,False,False
0.06801893287205041,False,-1.3650412470405922,False,False
0.1366234090000103,False,-1.0455633469699954,False,False
0.06846230544886173,False,-1.2035687822652004,False,False
0.07745236915328724,False,-0.9968376819864888,False,False
0.05326430851802044,False,-0.9737528670908724,False,False
0.07282182883986121,False,-1.0382345840007126,False,False
0.08890956824917057,False,-1.0160182384982668,False,False
0.06847970270801956,False,-1.0697118925760098,False,False
0.1496732988649529,False,-1.0433312183102867,False,False
0.0655089603196814,False,-1.0421816862379036,False,False
0.10066033036554556,False,-1.048351760627911,False,False
0.07589215793667348,False,-1.0003223628714262,False,False
0.03571051655052815,False,-1.0231988241493035,False,False
0.04562595702799921,False,-1.2146359468628367,False,False
0.07018847203069217,False,-1.007353960671861,False,False
0.10607793269962901,False,-1.1728106285860451,False,False
0.0600072763761646,False,-1.0962947006598904,False,False
0.08246537818659078,False,-1.0265250907371561,False,False
0.03248653806773122,False,-1.0264685599835883,False,False
0.15281594602320364,False,-0.9990916798858105,False,False
0.053637464145309344,False,-1.2006922394303359,False,False
0.11655389757381313,False,-1.2006449258027414,False,False
-0.021075722447575163,True,-1.4533723657927593,True,True
0.058457493938090965,False,-1.1745757178592948,False,False
0.141941344801224,False,-1.1064174003767084,False,False
-0.008987015392223019,True,-1.146498893129548,False,True
0.07828422379335687,False,-1.1841819168629475,False,False
0.0067700839300137705,False,-0.9693345420969924,False,False
0.14860499227829782,False,-1.0207180941922025,False,False
0.025692702617647167,False,-1.0205634238208905,False,False
0.06809838646634492,False,-1.0932188478691351,False,False
0.14045535487264466,False,-1.0946923246076752,False,False
0.009621534636711893,False,-1.0779889543745687,False,False
0.06792191065338848,False,-0.9846783490985789,False,False
0.019483000323766042,False,-1.0500795296214953,False,False
0.0658336494806594,False,-1.109838532587335,False,False
0.07156579269947355,False,-1.0776293647139248,False,False
0.08492476298524598,False,-1.1685123353430025,False,False
0.006742563979611704,False,-1.1101519803081232,False,False
0.04450481634962733,False,-1.0836371146030932,False,False
0.08132835783556669,False,-1.0160040941686617,False,False
0.03884035952891529,False,-0.9517783325203466,False,False
0.15248908880085443,False,-0.9863464197396503,False,False
0.1531966440794797,False,-1.1028023797147264,False,False
0.08391976619894309,False,-1.0085239130556938,False,False
0.07130345549399247,False,-1.8185121187033002,True,True
0.05358673144490261,False,-1.0506256890147676,False,False
0.06848685153238432,False,-1.3433209550686198,False,False
0.1364670489638617,False,-1.004911867022247,False,False
0.05721456122789503,False,-1.1476116281508788,False,False
0.03864230188671974,False,-1.0410144391439327,False,False
-0.0004241299462142134,True,-1.0963903662204337,False,True
0.07723637871300576,False,-0.970041199193588,False,False
-0.018757528596485606,True,-1.7086212170192614,True,True
0.09332472145049192,False,-1.139608142229251,False,False
0.09438905084612575,False,-1.0919636173534295,False,False
0.04640994087783967,False,-1.057872844449594,False,False
0.06183715771831688,False,-1.1307822428609655,False,False
0.07209635241844736,False,-1.0357575750184003,False,False
0.041219953373461404,False,-1.020796245096577,False,False
0.060902058692733296,False,-1.064271061054924,False,False
0.021010103181506645,False,-1.3456289510167219,False,False
0.1478546200966135,False,-0.9833925581617498,False,False
-0.00465439665767009,True,-1.1013204045098204,False,True
0.07685319878380348,False,-1.002963516071922,False,False
0.029684449210327202,False,-1.076846142870623,False,False
0.06699798833308818,False,-0.9521659396678206,False,False
0.09602838447483397,False,-1.114619739744548,False,False
0.06109608182168591,False,-0.9945776230424729,False,False
0.09816592118108247,False,-1.3923682720027617,False,False
0.07815716565291259,False,-0.9673127728514365,False,False
0.07358964083649377,False,-1.0819895198225356,False,False
0.13216850839853211,False,-1.1624094572134793,False,False
0.046037806587033936,False,-1.3447835197482345,False,False
0.1379221309218122,False,-1.0207858595828065,False,False
0.14869263580554093,False,-1.048776930023551,False,False
0.0348471298380289,False,-1.3156013552117505,False,False
0.06722930453714865,False,-1.0935764587965084,False,False
-0.0016235962369893775,True,-1.039600800040342,False,True
0.06442288765939069,False,-0.9377448609565068,False,False
0.024256153655636215,False,-0.9918475760484439,False,False
0.14374444212593546,False,-1.102127966834432,False,False
0.07418663596338909,False,-1.160753258523042,False,False
0.058733603831333414,False,-1.0042834417499145,False,False
0.04942642739263514,False,-1.0144244356738081,False,False
0.017401271111122663,False,-1.2556069430455912,False,False
0.06211058299477318,False,-0.9842885868646789,False,False
0.1238395074223076,False,-1.1693369242235008,False,False
0.06338634116024883,False,-0.9747221921903838,False,False
0.08944298712322479,False,-1.0625013173676163,False,False
0.04091260515378353,False,-1.204220115992316,False,False
0.11673256138078969,False,-1.2668462592960537,False,False
0.03271562765420155,False,-1.6915140807644402,True,True
0.11595170356060724,False,-1.955488459618514,True,True
0.15264666754910328,False,-1.0247625471509292,False,False
0.04168227686439402,False,-1.008330218551871,False,False
0.09250490936338207,False,-1.0413931352736154,False,False
0.11923513060059654,False,-1.121435918640056,False,False
0.07062774606348476,False,-1.007991396272465,False,False
0.11940726829990406,False,-1.525094469625875,True,True
0.14703279352846343,False,-0.9677626241482835,False,False
0.06683286837076391,False,-1.038783269697431,False,False
0.03302891412153486,False,-1.0686176349996102,False,False
0.06998504425606455,False,-0.9607487399676551,False,False
0.06412843270413471,False,-0.9798878794938141,False,False
0.1497942574638928,False,-1.014303018119724,False,False
0.0586492904496182,False,-1.1913263982668332,False,False
0.04181407068532794,False,-0.9552608403253547,False,False
0.05658154486744299,False,-1.1042504241729043,False,False
0.05157027636457229,False,-1.118116234029174,False,False
0.06564689334190149,False,-1.1749319424140514,False,False
0.07657402659133744,False,-1.1339877096378936,False,False
0.15386510019166033,False,-0.9766773472424932,False,False
-0.023324466476015826,True,-1.1488014999976008,False,True
0.05625249888151945,False,-1.1114367084275756,False,False
0.14795619430571338,False,-1.039556216013299,False,False
-0.00828813352156843,True,-1.1182710484869547,False,True
0.03457192331866321,False,-1.0012861542062719,False,False
0.03963989267628698,False,-0.9743222495622943,False,False
0.08330198351634815,False,-1.0801975487127429,False,False
0.1108739512695327,False,-0.9865627491797075,False,False
0.14620085081469308,False,-0.9761725004616458,False,False
0.07805608481260051,False,-0.9608097664827284,False,False
0.06701649849592967,False,-1.3274320816031853,False,False
0.1539092959747254,False,-0.9645105816534537,False,False
0.010127980791837077,False,-0.9912143511540318,False,False
0.07782011785908277,False,-1.130625541994939,False,False
0.15278907072314124,False,-0.96647194585554,False,False
0.0765649406631625,False,-1.1794191250525514,False,False
0.06225788282939637,False,-1.1052305271626206,False,False
0.15765354608827664,False,-0.9786310086480817,False,False
0.1225463415144219,False,-1.1650022608588335,False,False
0.032019670134289746,False,-1.2406603891331514,False,False
0.04443100534716948,False,-1.0452881269609846,False,False
0.05316277389610147,False,-1.2383041018352905,False,False
0.03280001559805812,False,-0.9795534720304102,False,False
0.10279503706965465,False,-1.0427209315037824,False,False
0.009300266833849435,False,-1.3112176882980606,False,False
0.031632139374358936,False,-0.9917503788828286,False,False
0.07983155649988788,False,-0.9700414263255042,False,False
0.05466316679382871,False,-1.3592371245063297,False,False
-0.04243952140757601,True,-1.1046502076610054,False,True
0.07383801223777187,False,-1.0063164733902654,False,False
0.0486089200345024,False,-1.7775569952779986,True,True
0.1446690096382079,False,-1.1022600109088048,False,False
0.10475783568804253,False,-1.1854146271035133,False,False
0.047399734573757346,False,-1.2020840780748023,False,False
0.05010923283631996,False,-1.2076924079076528,False,False
0.1398696261588525,False,-1.3512770141373303,False,False
0.07519184846156035,False,-0.9963254493618638,False,False
0.04225965851579311,False,-0.9783009534201407,False,False
0.08794028914451224,False,-1.0306086869943805,False,False
0.0855610617637117,False,-1.2410170977253496,False,False
0.08219668635840838,False,-0.9678046054392008,False,False
0.13528870985852998,False,-1.3966346478655045,False,False
0.036449848748900726,False,-1.2613545894860594,False,False
0.04752450340914893,False,-2.614310922002526,True,True
0.06265131007737951,False,-1.2269712699060116,False,False
0.0588804283203459,False,-1.0725478103015438,False,False
0.03445571409571119,False,-1.4048968072267567,False,False
0.15388857976925013,False,-1.0139992529857291,False,False
-0.003792997671678622,True,-1.1805668813989638,False,True
0.08482286520200899,False,-1.0889251190541758,False,False
0.03240951311139734,False,-1.1073368183497752,False,False
0.06007843488196629,False,-1.2390516620139913,False,False
0.14617049499552132,False,-1.0192097370470652,False,False
0.05940364842036722,False,-0.9871866968666584,False,False
0.057048177225442254,False,-1.130609340174284,False,False
0.006458419602390686,False,-0.9806705018959544,False,False
0.0415117520463143,False,-0.9825365868676936,False,False
0.04048414100843534,False,-0.9847999971513154,False,False
0.022484486592978414,False,-1.0146294033724457,False,False
0.14774414025559968,False,-0.9850825090653024,False,False
0.056506946903102595,False,-0.9930223433229879,False,False
0.10406637537611113,False,-1.262757694476091,False,False
0.04343349987966444,False,-1.0099080330569705,False,False
0.0841069982450664,False,-1.0005745952109963,False,False
0.08700018038331353,False,-1.003097884186779,False,False
0.07228794709389635,False,-1.0170290443200545,False,False
0.09050091835548679,False,-1.0967346529665458,False,False
0.033566994963456775,False,-2.0125397767182003,True,True
0.05430605668453076,False,-1.0763739917726727,False,False
0.0754904325190956,False,-0.980944459205048,False,False
0.15866636212096408,False,-1.0149843714126396,False,False
0.0525459309377167,False,-1.1727389382096152,False,False
0.07793182305992624,False,-1.089201415592472,False,False
0.037712611226505544,False,-0.9824276096675819,False,False
-0.021072184848237807,True,-1.1941906177184403,False,True
0.07195919758151109,False,-0.9872886416457352,False,False
-0.009754520729553295,True,-0.9971812664703746,False,True
0.14857630693204887,False,-0.9838983024631502,False,False
0.1478778011290039,False,-0.9848344362625596,False,False
0.05298921090448683,False,-1.2030137746274958,False,False
0.061830629276320714,False,-1.3428300866607286,False,False
0.08898427121181046,False,-1.0429312344949493,False,False
0.05048584768163661,False,-1.1540068998049933,False,False
0.06944913884880316,False,-1.0523045174536898,False,False
0.10569873534976404,False,-0.9970693548504121,False,False
0.07171469923401874,False,-0.9718108118657474,False,False
0.0009800707452890522,False,-1.0129529231225392,False,False
0.06435609177107643,False,-1.0019392505513407,False,False
0.09972787413567619,False,-0.987461952086208,False,False
0.06526802963268885,False,-1.018549518700573,False,False
0.057663503426936435,False,-1.0468277940935953,False,False
0.021832614187286603,False,-1.098375611883689,False,False
0.0729868173062217,False,-1.0079594083245715,False,False
0.06812589287201237,False,-0.9458697278781143,False,False
-0.0159907781423807,True,-1.1344260854171961,False,True
0.08471461671165209,False,-0.9415312251034074,False,False
0.05873071176015071,False,-1.0998417839076435,False,False
0.08922814427888193,False,-1.127375649928625,False,False
0.07682954338545273,False,-0.9756633406564165,False,False
0.07440064749532177,False,-0.9606946309945782,False,False
0.011982922586748157,False,-1.109675257948933,False,False
0.14212991646178258,False,-1.0765113322570252,False,False
0.11236425815938206,False,-0.991786891133923,False,False
0.08441738006841093,False,-0.9942346924759118,False,False
0.07514268407443792,False,-1.0644861820392006,False,False
0.14220125321692761,False,-1.1453075840592901,False,False
0.07022323364374589,False,-1.0252157484527102,False,False
0.1427038715025219,False,-0.9963879166076728,False,False
0.14646667197511065,False,-0.9864239694181551,False,False
0.14829539927746332,False,-0.9688181534562279,False,False
0.026500942321186438,False,-1.0050371104174731,False,False
0.1016116672596783,False,-0.9734375604243264,False,False
0.05461728887499129,False,-1.013891910996532,False,False
0.0896160738565055,False,-1.034315471875567,False,False
-0.009473157947450295,True,-1.2839259805222571,False,True
0.060913212316319965,False,-1.1930508293546924,False,False
0.0532293270894586,False,-1.207023304548469,False,False
0.03959261111125406,False,-1.127119410319448,False,False
0.08384072062938347,False,-1.1659965420053038,False,False
0.13383273953861574,False,-0.9789853383377342,False,False
0.033372690266868954,False,-1.4312108634138008,False,False
0.0764527745720528,False,-0.9823662404341608,False,False
0.06153151685742675,False,-0.9786482607570139,False,False
0.14431724145867092,False,-0.9922369331355652,False,False
0.07828268099155722,False,-0.9728578568198696,False,False
0.07654908404305427,False,-1.0045154023667482,False,False
0.08974324000352152,False,-1.2512536353497339,False,False
0.15051816013274327,False,-1.0103936399281679,False,False
0.06797465056119623,False,-0.9872986996436939,False,False
0.0731990999318326,False,-1.0872991844870494,False,False
0.13494245374406105,False,-1.217264317344844,False,False
0.03622671254817622,False,-1.0447101500007878,False,False
0.04732546636913282,False,-0.9960046088865313,False,False
0.044811008749937764,False,-1.0383795411782453,False,False
0.017523142969959382,False,-1.1288199756131334,False,False
0.14975879908778966,False,-1.006304468336293,False,False
0.06984132489641709,False,-1.310191185094219,False,False
0.07934122580284875,False,-0.9612345294067612,False,False
0.07165113314848598,False,-1.0984735433994373,False,False
0.13539672789935292,False,-1.0250730250114977,False,False
0.0280215099838258,False,-0.9652414636050493,False,False
0.04883016433719861,False,-1.1006426542333083,False,False
0.14586543999338825,False,-1.0011638856544276,False,False
0.07278436179749787,False,-1.0504329462873103,False,False
0.1296236016366089,False,-1.0963454127438,False,False
0.08741192457690472,False,-1.053582838876946,False,False
0.0671412547598238,False,-1.027369779056865,False,False
0.0434967971195635,False,-1.1338584081099001,False,False
-0.016424954579210116,True,-1.2346840806305666,False,True
0.07758016561644993,False,-1.1338524606920357,False,False
0.022740722601313712,False,-1.0417966998139643,False,False
0.13929283251716496,False,-1.013445961097311,False,False
0.03135311005297786,False,-1.0190343185682293,False,False
0.08371654385354799,False,-1.178853437092228,False,False
0.13642971477263938,False,-1.0568735722586564,False,False
0.007382996008866605,False,-1.1814692616246238,False,False
0.13809699841608297,False,-1.110731087386497,False,False
0.14650639674106947,False,-1.0062384229157781,False,False
0.06465388295600194,False,-1.051888414009603,False,False
0.1356898901836004,False,-1.0116594405030184,False,False
0.06974692275332017,False,-1.0264608609403654,False,False
0.02097854016222528,False,-1.0521601586004354,False,False
-0.01618251218087363,True,-1.3616337873553717,False,True
0.06718881533623505,False,-1.0005757158202235,False,False
0.1293250030597035,False,-0.9987022416535316,False,False
0.07931211480723749,False,-1.0713048119781656,False,False
-0.00314005805943518,True,-0.999871372033331,False,True
0.07450767624360288,False,-1.005791895580232,False,False
0.07809854583146297,False,-1.0861664614347524,False,False
0.11547040576736756,False,-1.2330791584100962,False,False
0.08559181693494072,False,-1.105428748368078,False,False
0.04791462206503405,False,-1.012199073962292,False,False
0.024755101134975588,False,-1.0763780679560453,False,False
-0.007429765546374867,True,-1.0443063262061398,False,True
0.07203880215478453,False,-1.3026314275411957,False,False
0.15299701261926885,False,-1.0015374987142809,False,False
0.08620302350500886,False,-0.9747950657347666,False,False
0.06823374598338888,False,-0.9775258050785085,False,False
0.06083651542002111,False,-1.0465254615706898,False,False
0.12529973269939831,False,-1.2387122895340634,False,False
0.06966010650694177,False,-0.9681305385208419,False,False
0.023755007538362183,False,-0.9739900381746377,False,False
0.05749294096233504,False,-1.096921340405661,False,False
-0.036398231038276885,True,-1.2931025344821594,False,True
0.008517262652027902,False,-1.0571030506349568,False,False
0.0737041860876479,False,-1.037717764709424,False,False
0.12961298390225934,False,-1.4140014963060705,False,False
0.07121895493002861,False,-0.9902381966147609,False,False
0.0685518052807298,False,-1.0172159281738344,False,False
0.010580268838844775,False,-1.0640432326667884,False,False
0.08331254169952912,False,-0.9651057839891767,False,False
0.06802542561127878,False,-1.0396143231081045,False,False
0.08890959739292714,False,-1.0882963341068657,False,False
0.13041047448257426,False,-1.2004125116315687,False,False
0.06540806411877609,False,-0.966855385481112,False,False
0.0026598933060842933,False,-1.1029503322361693,False,False
0.03779341615814269,False,-1.0568427359101225,False,False
0.059356399381376046,False,-0.9904660575320161,False,False
0.04724705885739283,False,-0.964968982836585,False,False
-0.07238661776580924,True,-2.0688936718845787,True,True
0.017680540986846238,False,-1.145012120653956,False,False
0.06940905533790037,False,-1.1417194616551243,False,False
0.05175849353917661,False,-1.8548319823301462,True,True
0.06834767263913122,False,-1.0249874187461303,False,False
0.07676975884425197,False,-1.0082500689536231,False,False
0.10247677245864795,False,-0.9802871787464499,False,False
0.02110989308552408,False,-0.9903418298673058,False,False
0.09177047498448843,False,-1.0288646110611475,False,False
0.04127383725091466,False,-1.4741982391476947,True,True
0.08110769830578324,False,-1.2346878853291108,False,False
0.059580046839693146,False,-1.0698794176022604,False,False
0.037416915279439855,False,-0.9894054868033779,False,False
0.13586013278001335,False,-1.0566423991710423,False,False
0.07745094138930197,False,-1.0095183842971143,False,False
0.06238955451802658,False,-0.996241488826794,False,False
0.0670558736461137,False,-0.9935475885261914,False,False
0.15393143054168745,False,-0.9917512885926726,False,False
0.06044671860261264,False,-1.0148177631755873,False,False
0.05887110803302037,False,-1.0384467445824903,False,False
0.12861060972992938,False,-1.291651172747504,False,False
0.08487825446800434,False,-1.0180371898917193,False,False
0.1430472804869361,False,-1.063633323061786,False,False
0.1530163930451151,False,-0.9973351491023823,False,False
0.03238120057767074,False,-1.2927300503240682,False,False
0.12480845800923013,False,-1.4120374925661887,False,False
0.048800158358561996,False,-1.0279111263790317,False,False
0.06218839916917229,False,-1.0092524940838281,False,False
0.01777062071187918,False,-0.9903955038015461,False,False
0.08222558929273327,False,-0.9730806858482495,False,False
-0.01051535519047364,True,-1.0250912294104004,False,True
0.006924862988013869,False,-1.0981743406902147,False,False
0.06439054676105344,False,-1.0528902045019835,False,False
0.06860741763198214,False,-1.0942588393436854,False,False
0.06738650367923005,False,-0.961801431240338,False,False
0.14546415064549695,False,-1.1428716315771736,False,False
0.08000475269880158,False,-0.9890681465625433,False,False
0.05031388240386164,False,-1.0532023496841678,False,False
0.09135565543649365,False,-1.0822380532786358,False,False
0.01791042305671131,False,-1.003074083694972,False,False
0.15097263802121286,False,-1.0389189628050173,False,False
0.1476174027586969,False,-1.1250609175844706,False,False
0.14167753290021573,False,-1.1446435213148383,False,False
0.07999655464342759,False,-1.0124754065354598,False,False
0.08341302117019367,False,-0.9613292095424832,False,False
0.0378185377932756,False,-1.062571456469766,False,False
0.06068311861330572,False,-1.0207835196377815,False,False
0.014287684490186248,False,-1.2494837381775565,False,False
0.10895146983059467,False,-1.0279901637854412,False,False
0.03242363325015879,False,-1.0347739993036922,False,False
0.0606455207264302,False,-1.0390541209755573,False,False
0.09432285559167636,False,-1.9745338990732992,True,True
-0.01077573490669681,True,-1.1314325145174706,False,True
0.07777897870649064,False,-1.2803440732146782,False,False
0.05785206726734138,False,-1.0492612953300584,False,False
0.15256997998384458,False,-0.9876706181914322,False,False
0.13589372726326077,False,-1.0404908082772621,False,False
0.10117537639615065,False,-0.991361346841251,False,False
-0.0068523447053880915,True,-1.3347845694899303,False,True
0.031941956331150156,False,-1.1161416823254615,False,False
0.09369889241488982,False,-1.01707360442764,False,False
0.0632267919233076,False,-1.031399186655504,False,False
0.0694738947578517,False,-1.1236657755002952,False,False
0.03503216069819787,False,-1.035715734981823,False,False
0.07185078257465016,False,-1.0243506099378918,False,False
0.06505551382725838,False,-1.4235000606494423,False,False
0.14989240955747668,False,-1.0630492396008833,False,False
0.146834402062138,False,-1.0055074630890326,False,False
0.06806907331010281,False,-1.9027799418772031,True,True
0.13570044865439956,False,-1.1630419188289647,False,False
0.10531295805377772,False,-1.2133937064581073,False,False
0.0032968582545247482,False,-0.9637608330870627,False,False
0.15056924070194827,False,-0.9964001653924826,False,False
0.05339329903849971,False,-2.042706278019039,True,True
-0.02459162898723255,True,-1.5229642264952485,True,True
0.08006674950007175,False,-0.98925196094706,False,False
0.12509544455390126,False,-1.0187803277850604,False,False
0.029219967796123014,False,-1.0500232893879675,False,False
0.11306453859630156,False,-1.0247661203726337,False,False
0.03204031853742828,False,-0.9840435375793521,False,False
0.03281761268130784,False,-1.147659812243211,False,False
0.006221655830171757,False,-1.1144950610395878,False,False
-0.03032526456366691,True,-1.5861401310933716,True,True
0.08306796350853107,False,-0.9701325272813579,False,False
0.11504603494642501,False,-1.005967998526984,False,False
-0.03196668994812579,True,-1.5534130127513786,True,True
0.04184732926790641,False,-1.0338783363138362,False,False
0.04007505026576108,False,-1.0479444430317528,False,False
0.09063620816119833,False,-0.968565805368916,False,False
0.0017773631367361542,False,-0.9764446416234929,False,False
0.13750059572218998,False,-1.0218445038654496,False,False
0.08196143583359206,False,-0.9685164335384036,False,False
0.11808858676298029,False,-1.008241378678593,False,False
0.1053210691013921,False,-1.074666533756873,False,False
0.08621144725229007,False,-0.9561133123586035,False,False
0.08787688087355777,False,-0.9557673336901968,False,False
0.14944833865552887,False,-1.0675020048337038,False,False
0.022569665351644008,False,-1.1113771910791326,False,False
-0.06976963875318853,True,-1.5152346404221133,True,True
0.08246537818659078,False,-1.0265250907371561,False,False
0.023919622705776744,False,-1.0484845505410871,False,False
0.0209968755596866,False,-1.0455355003014835,False,False
-0.002475755658237877,True,-1.0068893837175006,False,True
0.0858771871515589,False,-1.1300163617903511,False,False
0.14463800379228503,False,-0.9602251586212445,False,False
0.08699193788514759,False,-1.0321703813096061,False,False
0.06262538062809558,False,-1.0156198622807036,False,False
0.039973864816703286,False,-1.0046485257311104,False,False
0.045395988644920615,False,-1.1532881896700435,False,False
0.11363239112819784,False,-1.0233657127076417,False,False
0.07426552648135243,False,-1.1533353915972573,False,False
0.06881468070820712,False,-0.9983551421170617,False,False
0.07653223801578452,False,-1.0350541679719314,False,False
0.10286662307518668,False,-1.034669378187641,False,False
0.09667991441119916,False,-1.0536403078600622,False,False
0.06331006471588702,False,-1.0131017026405842,False,False
0.027674100311675498,False,-1.1433947843868175,False,False
0.062001321443924784,False,-1.000482614046727,False,False
0.07473333637162638,False,-1.003858457267256,False,False
0.14435119954763148,False,-1.0992201472398047,False,False
0.14042325646449183,False,-0.99086673935076,False,False
0.07418460283436024,False,-1.1453544252060586,False,False
0.15421896104246524,False,-0.989179745232979,False,False
-0.0019590513200593573,True,-1.0546960699222845,False,True
-0.0036653165651777675,True,-1.148132353397569,False,True
0.030631863041830742,False,-0.9925224659349384,False,False
-0.009049070111859181,True,-2.420138347643043,True,True
0.14808166028156333,False,-0.9852623624939824,False,False
0.029934063305589398,False,-1.0035315851104991,False,False
0.15493622876376195,False,-0.9785736747382687,False,False
0.0939713129764177,False,-3.4346787657593665,True,True
0.1184572818198173,False,-1.32569634196128,False,False
0.03708943443791163,False,-1.0068245201535777,False,False
0.08543867787569959,False,-0.9928257076748797,False,False
0.05345731042840868,False,-1.202663964038474,False,False
0.022607365289813885,False,-1.0003822117270436,False,False
0.07427211950356294,False,-1.0318244219824175,False,False
0.039893191173399234,False,-0.9925151545412412,False,False
0.06965212200247506,False,-1.0469512936281733,False,False
0.054626887155652226,False,-1.0674760990701242,False,False
0.0378434966901704,False,-0.9554068140231102,False,False
0.10602985038807228,False,-1.353005960248318,False,False
0.062362710922439724,False,-1.001684749524158,False,False
0.13938946974469052,False,-1.150886490880971,False,False
0.06851737943861791,False,-1.0557594519282483,False,False
0.1386393868049981,False,-1.015680381095779,False,False
0.04989655931289988,False,-1.3240338678015955,False,False
0.0852029172775654,False,-0.9772441065397375,False,False
0.03463899091064487,False,-1.0319448131914564,False,False
0.1443492899432237,False,-1.054455654625133,False,False
0.14515254796466126,False,-1.0159389094214633,False,False
0.002236172750412324,False,-0.9960479194713358,False,False
0.07414970819096717,False,-1.075366126215569,False,False
0.03339792387989465,False,-1.1378430367584984,False,False
0.1367734848440843,False,-1.029034095326866,False,False
0.06466456660429998,False,-0.992155339186605,False,False
0.031033228848969807,False,-1.0625490357777685,False,False
0.14621146304134952,False,-1.0797020634518784,False,False
0.1545879768982073,False,-0.9933436131927987,False,False
0.15584478740632685,False,-0.9610686400775872,False,False
0.08171787225298305,False,-1.1538949094908486,False,False
0.023226177786442925,False,-0.961779861591863,False,False
0.04224050334904306,False,-3.9024212403223784,True,True
0.07641783190282775,False,-1.102417722402665,False,False
0.07533540935910793,False,-1.3472988232324492,False,False
0.04130942860713971,False,-0.986803688542292,False,False
0.016171848344993633,False,-1.0193691389573833,False,False
0.0716136431608938,False,-0.960323898166598,False,False
0.064283397168935,False,-0.9659319444326007,False,False
0.14897066173891205,False,-0.9826248181665775,False,False
0.09144304528384917,False,-1.0858076193331105,False,False
0.05630535447718976,False,-1.0927095477454434,False,False
-0.029582028844146735,True,-1.0469665133138444,False,True
0.04231631090547494,False,-0.9702913065182253,False,False
0.14120967019761194,False,-1.0604459255610545,False,False
0.05064694477375559,False,-1.12902343868229,False,False
0.07405813448056969,False,-1.0253230689397992,False,False
0.06860656375628416,False,-0.9945320721863483,False,False
0.13015808522958178,False,-1.0354769280126659,False,False
0.058453771498758744,False,-1.4340745150371021,False,False
0.02230460074427021,False,-0.9991459059516974,False,False
0.05469587023144462,False,-0.959983208747445,False,False
0.03649007875357507,False,-0.9718960482093078,False,False
0.0073909884532284975,False,-1.053717823221226,False,False
0.06442030338525745,False,-1.0479337123813697,False,False
0.08750596221429247,False,-1.135454260031001,False,False
0.08446818868230666,False,-0.9562733348168673,False,False
0.1521325051212819,False,-0.9829601542908831,False,False
0.05542478738213641,False,-1.3012205416638187,False,False
0.12692057974006155,False,-1.1513211101259428,False,False
0.07904126542012241,False,-0.9802679149206204,False,False
0.04195123780506915,False,-1.083070443194449,False,False
0.11466321335700369,False,-1.0073542582504214,False,False
0.00922230897442966,False,-1.3285520401496478,False,False
0.02721497516865584,False,-0.952822268552668,False,False
0.14656377234579548,False,-1.0463133255646526,False,False
0.15553084436580578,False,-1.003564780880191,False,False
0.03952372909484775,False,-1.0019404651471626,False,False
1.7849375128498046e-05,False,-1.0134087233024611,False,False
0.1310776167561054,False,-1.1240255298115869,False,False
0.0754535677312263,False,-0.9806301311905298,False,False
0.12924868673411144,False,-1.07894795954109,False,False
0.08125520552647442,False,-1.007321904850531,False,False
0.013809410121314092,False,-0.9809671617475264,False,False
0.14873225738333506,False,-1.0060224390338226,False,False
0.12312836790350862,False,-1.1782087501270582,False,False
0.00558361471863722,False,-1.0131745060941266,False,False
0.03105235285257768,False,-0.991819741705356,False,False
0.06085249879186,False,-1.164250237036001,False,False
0.06708595756658303,False,-1.0168689364979158,False,False
0.06605318228183055,False,-1.0653296588258776,False,False
0.14079387081587774,False,-1.0582526582564227,False,False
0.0728016330793666,False,-1.00045850800039,False,False
0.1342794513907144,False,-1.0637500063406513,False,False
0.06361184614081361,False,-1.1666781722226518,False,False
0.09236310502076578,False,-1.3164621145420414,False,False
0.1353968627169373,False,-1.0311166168116248,False,False
0.143566287488893,False,-0.9843246465343862,False,False
0.09476695702621535,False,-1.133209075565623,False,False
0.03668720050777369,False,-0.9967555078267546,False,False
0.14500664169884864,False,-1.0558808135396285,False,False
0.1356371536695677,False,-0.9951534216631742,False,False
0.06355523643917271,False,-1.1711476294282817,False,False
0.06386467867820833,False,-1.6783755290238744,True,True
0.08482677873974093,False,-0.9856669251663719,False,False
0.1428513582399764,False,-0.9609051630890564,False,False
0.1598746297888487,False,-1.0336207293127582,False,False
0.07118705633484235,False,-1.226893453033615,False,False
0.03545950327081471,False,-1.0859831662532016,False,False
0.041182850319012754,False,-0.9750092562599455,False,False
0.09350295319422391,False,-1.0815985897573264,False,False
0.023062700158988314,False,-0.9746268615768052,False,False
0.1463497090771677,False,-0.9892668688381375,False,False
0.148050047881979,False,-1.024559356763131,False,False
0.06369238489667173,False,-1.0186514474470179,False,False
0.14116025588155656,False,-1.1738932518710765,False,False
0.10079989617596652,False,-1.0789352137519668,False,False
0.12418166129574798,False,-1.3339261095062287,False,False
0.052177581376350646,False,-1.1628192587218475,False,False
0.05963368097032229,False,-1.0275992753317433,False,False
0.12984789531290064,False,-1.2935706827935194,False,False
0.02413526221732004,False,-0.9775959471360421,False,False
0.06155393001488629,False,-1.2424329841545716,False,False
0.06268033286931685,False,-1.0903766808677828,False,False
0.03223761006546855,False,-1.1270746487472472,False,False
0.07094163853983099,False,-1.1011564000315794,False,False
-0.006408585267231426,True,-1.003218359283632,False,True
0.10111820185355708,False,-0.9676055439099616,False,False
0.05847636272791196,False,-1.0020696942603426,False,False
0.11114344206008142,False,-1.0072552014845353,False,False
0.07117130402371774,False,-1.0214797330202934,False,False
0.023225989883584597,False,-1.0157026953979833,False,False
0.08820777130703839,False,-1.0208334298305566,False,False
0.0002980427442826894,False,-1.1851149380425061,False,False
0.019627163548900595,False,-0.9940707659295119,False,False
0.15347318205113508,False,-1.0304988537678461,False,False
0.14881667083268058,False,-1.1429939270949077,False,False
0.09160027001362259,False,-1.062149550603347,False,False
0.03579748494488749,False,-0.9682890528379376,False,False
0.09232578058889757,False,-1.158367177055053,False,False
0.08452645131960845,False,-1.016264372160839,False,False
0.04299915382068226,False,-1.3570841577074748,False,False
0.026924445538355712,False,-1.0123097206272154,False,False
0.050700800253623945,False,-1.6255415433471725,True,True
0.1473994601557796,False,-0.9696305937186576,False,False
0.0992755673531836,False,-0.9958225220147557,False,False
0.03145822142129323,False,-0.9769227446702589,False,False
0.07482705311866117,False,-0.9822267459585138,False,False
0.06799740529518455,False,-1.1066484251994988,False,False
0.06283743247086271,False,-1.0874391657047129,False,False
0.12267472559251519,False,-1.1281050120664315,False,False
0.14448372239262647,False,-1.0561123192079076,False,False
0.07847466990862356,False,-0.9761627349343515,False,False
0.11350059396157919,False,-0.9992734558957697,False,False
0.08856078350836871,False,-0.9770176745290714,False,False
0.1524239000218125,False,-1.0271268432314749,False,False
0.022257243822313755,False,-1.0229756178902962,False,False
0.0269410491620809,False,-0.9908576142082058,False,False
0.027264427981548545,False,-1.0063582859386426,False,False
0.02386869887531956,False,-0.9771982274842916,False,False
0.15452220523385551,False,-1.0538530088666096,False,False
-0.019821873587346772,True,-1.584180244155931,True,True
0.07974506518218588,False,-1.0064304686250942,False,False
0.03540559151426531,False,-0.9683661055670001,False,False
0.14619093784713144,False,-1.0401889846596968,False,False
0.033802842388853116,False,-1.0034031398848455,False,False
0.06920457134186175,False,-0.9760051420067738,False,False
-0.06714415970239473,True,-1.1472261122418417,False,True
0.094935413475009,False,-1.0210468014948768,False,False
0.14268875285856292,False,-1.011984973889623,False,False
0.02015687457157389,False,-1.0554682035652512,False,False
0.1483794668819568,False,-0.998606356180438,False,False
0.021634450296218133,False,-1.0068912107569274,False,False
0.05596485648175559,False,-1.240329922683698,False,False
0.13804058036439537,False,-1.4796536949128671,True,True
0.006114589918252089,False,-1.0260760595451277,False,False
0.00496157894552518,False,-1.2296843222602967,False,False
0.03062176872315492,False,-0.9987775948640755,False,False
0.09396765807810226,False,-1.005921930348195,False,False
0.06213558087707177,False,-1.1235995066767646,False,False
0.021932371461685307,False,-1.3791572131610332,False,False
-0.003411430458969411,True,-1.002676047382086,False,True
0.09342051479399549,False,-1.0132572352258107,False,False
0.07132563708227463,False,-1.0385327477921926,False,False
0.056679515571585126,False,-0.9735646781981219,False,False
0.15103246508786866,False,-0.9734366644389032,False,False
0.021269658554593285,False,-1.0266927175789615,False,False
0.07260812088934132,False,-0.9721192562786832,False,False
0.07229614519601457,False,-1.0318605072412326,False,False
-0.0022161546975085766,True,-1.8355833133961874,True,True
0.13922385097585044,False,-1.0471584158369227,False,False
0.058465662743409696,False,-1.0031098711266107,False,False
0.04438883360483775,False,-0.9910653690326864,False,False
0.08798888390779186,False,-1.0035966429134386,False,False
0.08152653697368079,False,-1.1575871056919078,False,False
0.08923260485766482,False,-1.1635392516310796,False,False
0.14737046302509804,False,-0.9940886294519917,False,False
0.0907867454234656,False,-1.0151329051770825,False,False
0.05582095479383725,False,-1.0458838115343039,False,False
0.05434672928161116,False,-1.1891875340093774,False,False
0.07443917687246199,False,-1.0499816602605452,False,False
0.08377664287774877,False,-1.046650116793359,False,False
-0.0013713351439652577,True,-0.9639878691976902,False,True
0.07829986029422864,False,-1.0012889637690887,False,False
0.0645269495906276,False,-1.0724382272459039,False,False
0.03867609648459369,False,-0.9889613951272563,False,False
0.059969067820106525,False,-1.081357368620759,False,False
-0.002738553471174354,True,-1.389650334191648,False,True
0.05755260387615513,False,-1.018669313793147,False,False
0.06834334530491604,False,-0.9582997016964784,False,False
0.01923770919907497,False,-0.9784670628406111,False,False
0.03230547479823659,False,-1.0062520443420377,False,False
0.02009212947202832,False,-1.0757215298177019,False,False
0.06303204709391269,False,-1.0539413847286434,False,False
0.05874583400352801,False,-1.0818016946497475,False,False
0.042233527429825946,False,-1.005262105826398,False,False
0.015670164326546554,False,-1.0544795939079434,False,False
0.1396171736878683,False,-1.0071909232063936,False,False
0.06600251634719051,False,-1.111404027640149,False,False
0.12511322677194542,False,-1.092803415922332,False,False
0.14740636628245518,False,-0.9725817345688388,False,False
0.03216776284858147,False,-0.9644717680239421,False,False
0.07410416646133955,False,-0.9820733347409292,False,False
0.05331768908861978,False,-0.9892162159675827,False,False
0.12401197614193182,False,-1.0770611140290602,False,False
0.06619484776172407,False,-1.0028658521689373,False,False
0.030806699680889726,False,-0.9444671759675469,False,False
0.06808632340712534,False,-1.2217804237016965,False,False
0.007136200436771323,False,-1.0085239119167515,False,False
0.03394543617768164,False,-1.2366658545004792,False,False
0.05926724678234191,False,-1.0947987088753317,False,False
0.01615584828686034,False,-1.2658950321689866,False,False
0.08482841114206069,False,-0.9908605709438911,False,False
0.03741774435216605,False,-2.176747921175685,True,True
0.013515263607232875,False,-1.2698650471388686,False,False
0.02074815505252997,False,-1.0263951451282436,False,False
0.05444704237927439,False,-1.2035930209333185,False,False
0.07654941670182563,False,-0.9540992718966192,False,False
0.13372926391271878,False,-1.112754271664775,False,False
0.08547998121090317,False,-0.9928535231219202,False,False
0.10255007982776448,False,-0.9926195492260653,False,False
0.13362394315675463,False,-0.9673022765846205,False,False
0.007232163236319478,False,-1.2674738029836468,False,False
0.03887929026347109,False,-1.3133938767946443,False,False
0.0276776509990434,False,-1.441498953840316,True,True
0.0648273927892894,False,-1.1713618329314375,False,False
0.14797414754109262,False,-1.0366780424521143,False,False
0.0781763021587128,False,-1.1342774137420504,False,False
0.14042755897274783,False,-0.9624886492769005,False,False
0.070666478687056,False,-1.2359431526995155,False,False
0.08807556415622492,False,-0.9840807066919741,False,False
0.005165040591154191,False,-1.0338645776569753,False,False
0.13703828102610233,False,-1.1111239181152621,False,False
0.06950658043428226,False,-0.9703064762399375,False,False
0.14980142711489147,False,-1.0615042820369898,False,False
0.07280590165284023,False,-1.380258474031587,False,False
0.028836906762292225,False,-2.160882617460154,True,True
0.04369846461190696,False,-0.9827450296602696,False,False
0.07082042578974879,False,-1.0390635403248316,False,False
0.060897324590723,False,-1.0291203039805312,False,False
0.08593697872396056,False,-1.6842892743845816,True,True
0.13992642615864903,False,-1.0759962264259093,False,False
0.05417607701965438,False,-1.1142613059778677,False,False
0.055195546945717766,False,-1.1633959991994691,False,False
0.043290546835184296,False,-0.9729397276217462,False,False
0.05142896788687212,False,-1.0394724818736045,False,False
0.07589215793667348,False,-1.0003223628714262,False,False
0.040277345956542365,False,-1.0123413465765299,False,False
0.12525724632281343,False,-1.07920029250046,False,False
-0.0025929298454716587,True,-1.060263799807532,False,True
0.13428286240489262,False,-1.004513636886685,False,False
0.08726858272914112,False,-1.0569894646658262,False,False
0.0277345853491493,False,-0.9983605935912381,False,False
0.07525840269579703,False,-1.1533560103262557,False,False
0.06774761868196716,False,-1.0037987682272649,False,False
0.06379453437081278,False,-1.0504613360399535,False,False
0.025500930532050436,False,-0.9940728019469816,False,False
-0.02817791360544064,True,-1.0671387108745223,False,True
0.02019007061423883,False,-1.9310198167225487,True,True
0.0637935832731456,False,-1.0297541569185427,False,False
0.0891858896125498,False,-0.9680471631324137,False,False
0.07826186668091312,False,-1.08090535074076,False,False
0.06568588331384867,False,-1.0375276793642592,False,False
-0.005677909811683812,True,-1.0670365973617786,False,True
0.002375870512675071,False,-1.0056226302210198,False,False
0.13896905890968758,False,-1.1688871515157548,False,False
0.06557730384561078,False,-1.0191664868172017,False,False
0.07765516677823098,False,-1.0786016231126685,False,False
0.00117208979922101,False,-1.0873330980740463,False,False
0.13221700353210086,False,-1.1526717938451845,False,False
0.04894756660639826,False,-1.2142288348211496,False,False
0.1465397316742269,False,-1.0205835883419319,False,False
0.07128477690420776,False,-0.9768928953248718,False,False
0.07674395617201452,False,-1.1120604430125796,False,False
0.017243953343107132,False,-1.0536939761764774,False,False
0.03594777707069635,False,-0.9785871007701316,False,False
0.03245946576650022,False,-0.9821088510009579,False,False
0.03355143844501163,False,-0.9662981781737623,False,False
-0.011912838328986597,True,-0.991495735446469,False,True
0.07722494319438972,False,-0.9856801779450007,False,False
0.08666396717253155,False,-0.9687332568393165,False,False
0.019489022491937957,False,-1.0036915800971484,False,False
0.09658235696488049,False,-0.9738045741579338,False,False
0.05776360909341871,False,-0.9681172540211215,False,False
0.047094553562136654,False,-1.5930425775056738,True,True
0.12468361310636644,False,-1.0186856770554227,False,False
0.14377142077997224,False,-0.9935747552000864,False,False
-0.013308925085254941,True,-1.0552602098909,False,True
0.10576218661289505,False,-0.9720940592171777,False,False
0.05546572727620436,False,-1.9962621053644547,True,True
0.030851628950689935,False,-1.0608634543619897,False,False
0.061784980711319715,False,-1.0868094136802544,False,False
0.07269913064139388,False,-1.0708755499485334,False,False
0.07410749525709986,False,-1.398295648121654,False,False
0.040603605697815404,False,-0.9890310238602167,False,False
0.06563111106645897,False,-1.0605816173609464,False,False
0.0478253960038898,False,-1.0417702669726117,False,False
-0.007461938233168652,True,-0.9965308602214515,False,True
0.03384586859117261,False,-1.4469506564621728,True,True
0.04589623994020242,False,-1.6060925722869985,True,True
0.13993080279145398,False,-1.0112176513972329,False,False
0.054323742283649945,False,-1.3962220918670138,False,False
0.06183200172226,False,-1.469363145753619,True,True
0.06803660968932923,False,-1.0189836871731452,False,False
0.07126336932796484,False,-1.0230245028189626,False,False
0.06685403359809444,False,-1.0640330447657382,False,False
0.09889039721347598,False,-1.033249181743876,False,False
0.05783862941439255,False,-1.077644464387041,False,False
0.14350083610459752,False,-1.2388934450436662,False,False
0.07949845878803863,False,-1.0222116480635968,False,False
0.06426365244545729,False,-1.0315497539634746,False,False
0.1124688030983294,False,-1.0126364246448674,False,False
0.019285365049225622,False,-1.307606311841845,False,False
0.030702163999557164,False,-1.1952140424196855,False,False
0.019569771332050734,False,-1.1029798165580078,False,False
0.005050130304167677,False,-1.0127592024913747,False,False
0.04680573948138139,False,-1.1530726738893946,False,False
0.12887705725566656,False,-1.555965500844478,True,True
0.08747279489407511,False,-0.9971261756292454,False,False
0.029231813350913516,False,-1.836213581859106,True,True
0.15105156544798898,False,-0.9992028484933542,False,False
0.05595808880478548,False,-1.125171882189168,False,False
0.09595387223806684,False,-1.0035425283108625,False,False
0.07435692600558558,False,-1.2630396656814586,False,False
0.13254701968165766,False,-1.0209786742401519,False,False
0.0762800216325461,False,-0.9993791587297242,False,False
0.03947703512355144,False,-1.0511170312329663,False,False
0.06784385359517464,False,-1.0041070164244776,False,False
0.009132555422988853,False,-1.0628459947879276,False,False
0.08352672878138656,False,-0.9662380534112133,False,False
0.0062081109047051886,False,-1.0029768139859805,False,False
0.06974413379259553,False,-1.1111629900512656,False,False
0.1459421017573217,False,-1.02401378917787,False,False
0.05941035631868369,False,-1.016018692946206,False,False
0.11849949090068512,False,-1.6475548436358185,True,True
0.13084849518549146,False,-1.3237408498282603,False,False
-0.03222779221218741,True,-1.0231954644803836,False,True
0.0767552822749542,False,-1.0047534147318016,False,False
0.03765482507039858,False,-1.0856074919497658,False,False
0.08654678962671764,False,-1.0602054863077746,False,False
0.034899122973756025,False,-0.9848856560978421,False,False
0.04628155000802847,False,-1.002253930490477,False,False
0.1450418713081395,False,-1.0310692168192468,False,False
0.06751654035507604,False,-1.0033597948990247,False,False
0.06178075327142751,False,-0.9779575189211073,False,False
0.024721704348745877,False,-1.5163083470483163,True,True
0.015860131057668814,False,-1.1409369830473,False,False
0.1369297982280614,False,-1.0197063561243644,False,False
0.08891263201074212,False,-1.1557357248001774,False,False
0.10018891124053708,False,-0.980309877787462,False,False
0.08158961758265254,False,-1.0000247083395757,False,False
0.1475744923186494,False,-1.0050563202105331,False,False
0.061631188307132434,False,-0.9650397348974715,False,False
0.03234269491115149,False,-1.4777081282924318,True,True
0.04306589994463317,False,-1.448819446398989,True,True
0.07533073969109833,False,-0.9755821902691348,False,False
0.1225146142970106,False,-1.0567040868420672,False,False
0.0879043031565323,False,-1.1061883013478278,False,False
0.14301751876848345,False,-1.1423879935688164,False,False
0.02648843470223089,False,-0.9839478220589214,False,False
0.07838360932821703,False,-0.9915075655836946,False,False
0.14208432263315401,False,-0.9875878617840584,False,False
0.07983925581253104,False,-0.9663240497984342,False,False
0.0567088424994025,False,-1.0349539228593994,False,False
0.09382487728188277,False,-1.0136191235873155,False,False
0.13484154975696921,False,-0.9935964727913911,False,False
0.0807290664606437,False,-0.9621366264952254,False,False
0.06011310906918371,False,-1.0963247797107185,False,False
0.06636571127779878,False,-0.9729483378181152,False,False
0.13751653020817062,False,-1.0508890018019936,False,False
0.06715403977189927,False,-0.9555185277212663,False,False
0.13644003520178227,False,-1.0431091329964373,False,False
0.06425824502332944,False,-0.9955007265703607,False,False
0.035717253345156075,False,-1.428916920308744,False,False
0.04750314698257635,False,-1.6736519801567415,True,True
0.055112473953128016,False,-1.063207198735228,False,False
0.03274249954916475,False,-1.279679480429095,False,False
0.09869493388465345,False,-1.0265724879436708,False,False
0.04172733451738059,False,-1.0081169679621453,False,False
0.08253268472716424,False,-0.9768071943614342,False,False
0.08043429789795509,False,-1.0311898669753319,False,False
0.039332064901885955,False,-0.9897472031464665,False,False
0.08268375870244465,False,-1.0041282737659802,False,False
0.06733770465942007,False,-1.087665154827373,False,False
0.07774049533670929,False,-0.9826357979360981,False,False
0.0650393517021775,False,-1.6549301337822393,True,True
0.07901086208806457,False,-0.9852271671072099,False,False
0.10025549470033923,False,-1.0995200120928184,False,False
0.06749738738843647,False,-0.9917874947627912,False,False
0.07439304706729871,False,-0.991370818490364,False,False
0.08452493942408135,False,-1.0877356039843407,False,False
0.14141295136982407,False,-1.0365195404125431,False,False
0.06699520442265616,False,-1.1095096561575246,False,False
0.12582748657258291,False,-1.138723787948283,False,False
0.09189283753118704,False,-1.0955746053890338,False,False
0.14400080477740496,False,-1.0105844821553014,False,False
0.011058133711476015,False,-1.015075655076202,False,False
0.1524499457495324,False,-1.0876238093171706,False,False
0.14251568475854914,False,-0.9840451156183798,False,False
0.07550661632646244,False,-0.9837314606236717,False,False
0.06557730384561078,False,-1.0191664868172017,False,False
0.09736895453302463,False,-1.2773266064541144,False,False
0.13941686087622573,False,-1.1492800480298233,False,False
0.07891746800430893,False,-0.9627269256155542,False,False
0.1318781849304972,False,-1.319768657380831,False,False
0.08761967032634155,False,-1.0274150443358478,False,False
0.1296860756297623,False,-1.0258915412161547,False,False
0.09496284103956593,False,-1.275516617732851,False,False
0.07734112043600994,False,-1.0461274581161903,False,False
0.06690502412839433,False,-1.0116270340390512,False,False
0.08048814406058163,False,-1.0197898785958994,False,False
0.0009369774650815899,False,-1.0670920238215869,False,False
0.08950951234862797,False,-1.023393924496503,False,False
0.05955744914668781,False,-0.9790387485161659,False,False
0.12462100793365827,False,-1.0275084209625047,False,False
0.07959873459080918,False,-0.978646518017251,False,False
0.044410697424845436,False,-1.701579758152695,True,True
0.14568468086098746,False,-1.0085456261753225,False,False
0.03279837689730869,False,-0.9666079226896948,False,False
0.15961633394742647,False,-0.9956088185703976,False,False
0.07446864199605491,False,-1.0561744335115706,False,False
0.02618743622305747,False,-1.1479135303086312,False,False
0.0795549330160128,False,-1.0163791304405798,False,False
0.03026144938953218,False,-0.9586284914888324,False,False
0.08483864804553087,False,-1.0216589101277804,False,False
8.639889302597403e-05,False,-1.0293771957624318,False,False
0.07383142611703941,False,-1.0093982203792369,False,False
0.054908723754889366,False,-1.0512421606768083,False,False
0.14401042255149876,False,-1.1392359194702888,False,False
0.09428762499760884,False,-1.034635519735009,False,False
0.15539901409931367,False,-0.9920105236271258,False,False
0.15191039587348654,False,-1.0269918125042299,False,False
0.15942969164030174,False,-1.0012056356301506,False,False
-0.04083564629572589,True,-1.46186963243608,True,True
0.07483486718578114,False,-1.0148296165562445,False,False
0.03483286117470474,False,-1.0538708376910175,False,False
0.08554478575027968,False,-0.9848551810567352,False,False
0.08610627431896245,False,-0.9494848105130982,False,False
0.06543153095760551,False,-1.1113755935897232,False,False
0.037863740701671755,False,-1.9426747956895567,True,True
0.0675580586094156,False,-0.9910347121943174,False,False
0.01962827871295114,False,-1.0694282662556984,False,False
0.07918493383728531,False,-0.9837505304258318,False,False
0.10737341033151493,False,-0.9907291251100057,False,False
0.10077564375133008,False,-1.001102331344049,False,False
0.08843973911692637,False,-0.988260246732479,False,False
0.05641563366300678,False,-1.401194418187572,False,False
0.055445125239534154,False,-0.9665641295491346,False,False
0.04726858491031416,False,-1.0538611768378987,False,False
0.07400630697320254,False,-0.9881032009863613,False,False
0.03195667351525072,False,-1.1837473388284245,False,False
0.15010440176289236,False,-1.0257689101517369,False,False
0.09050501431063385,False,-0.9822751689936309,False,False
0.14884636364430215,False,-0.9632473985964618,False,False
-0.0012970754020633635,True,-0.977427110528003,False,True
0.020282547776040827,False,-1.8236007757656665,True,True
0.12091151151377938,False,-1.131196787498481,False,False
0.0664116421085541,False,-1.0103775070961394,False,False
0.07460054694655971,False,-1.2483306996228578,False,False
-0.011069014605475491,True,-0.9989369871707762,False,True
0.0708261686740545,False,-1.1741697085756078,False,False
0.10099002123512457,False,-1.5957072853283916,True,True
0.0695591264228187,False,-0.9831815376901138,False,False
0.06932366493493386,False,-1.0641683442414274,False,False
0.03336460026558541,False,-0.9654359210227523,False,False
0.00923787544484711,False,-1.0322350542548338,False,False
0.08039926705624773,False,-0.9781928057768624,False,False
0.09023550083095078,False,-0.97682488771618,False,False
0.14228769929714485,False,-1.0061051300978066,False,False
0.09056138597949348,False,-1.0735545189097842,False,False
0.09048727831235165,False,-1.0217852786137973,False,False
0.07523612377861888,False,-1.0226746388777919,False,False
0.03428873032496449,False,-0.9816006982390004,False,False
0.13859800150684548,False,-0.9920306553000326,False,False
0.010347545198426289,False,-1.2418262875170034,False,False
0.03693681909023222,False,-1.098861413113124,False,False
0.06703485753758293,False,-0.9714632491795454,False,False
0.11620952354867248,False,-1.1529525447066666,False,False
0.14600404295690445,False,-0.982519708551315,False,False
0.06703984484972897,False,-0.9974978649279164,False,False
0.05800470962882465,False,-1.2682596329187523,False,False
-0.059855249814314115,True,-1.331638650936165,False,True
0.07933245638848863,False,-0.967837474669663,False,False
0.06217842142196012,False,-1.0311128014157007,False,False
0.0863307890784607,False,-1.202103552594324,False,False
0.00480848363163211,False,-1.2784940074882094,False,False
0.007031834404334303,False,-0.9977355145247511,False,False
0.1021120380279732,False,-1.0518815385381757,False,False
-0.058767989863701686,True,-2.097516901096408,True,True
0.0026792661207323265,False,-0.9715696226406625,False,False
0.1423205280625675,False,-1.0262181178145142,False,False
0.06779556804426334,False,-0.9876912796178576,False,False
0.1473846838033146,False,-1.025999815371493,False,False
0.1518070683367142,False,-1.0488714661465321,False,False
0.14731040864458095,False,-1.0840244012873448,False,False
0.0568892565988815,False,-1.0895252817053946,False,False
0.14399797936653103,False,-1.0082994187805934,False,False
0.09245536018745021,False,-1.0449124678221562,False,False
0.03468976366797927,False,-0.9484752214050596,False,False
0.1116216829215832,False,-0.9493217975011913,False,False
0.04135256135294857,False,-1.254332143536074,False,False
-0.028720751351428153,True,-1.1706976464202048,False,True
0.07950288678743378,False,-0.9673769044658836,False,False
0.0952970382675351,False,-0.9723423835373156,False,False
0.14052617962309166,False,-0.9997594725091904,False,False
0.07576929369360824,False,-1.0221896967226551,False,False
0.029526610071638704,False,-1.120109970299723,False,False
0.06791313354582268,False,-1.0139031412007256,False,False
0.10470823075718005,False,-0.9950096925086855,False,False
0.07330330397338769,False,-1.0853282977697138,False,False
0.08657949980803303,False,-1.1489322919577742,False,False
0.01144557360149312,False,-1.0794709484398715,False,False
0.07988460896160887,False,-1.0035155917482483,False,False
0.09639357638832508,False,-1.0166511788401293,False,False
0.009691555143596875,False,-1.9346869495286314,True,True
0.028897352220044192,False,-1.0014727207982035,False,False
0.07885497153362714,False,-0.9683218359004059,False,False
0.09600896639183604,False,-1.044557338162061,False,False
0.007006579232931132,False,-1.3107903483010934,False,False
0.018497697984166783,False,-1.15706563327294,False,False
-0.029398041913841988,True,-1.983253864534267,True,True
0.056363248359326656,False,-1.0616614602555146,False,False
0.052525284874308076,False,-0.9864306255571178,False,False
0.004325366555465449,False,-1.1444890503068827,False,False
0.07122074952950036,False,-1.029010179853431,False,False
0.14993845640101267,False,-1.0852766671247376,False,False
0.026571776039763573,False,-0.956771647902559,False,False
0.0486089200345024,False,-1.7775569952779986,True,True
0.1453702307194638,False,-0.9888562335086515,False,False
0.12455841853666116,False,-1.0177290322463497,False,False
0.007782376514919864,False,-1.0333917017169183,False,False
0.1045159432834144,False,-1.000679900977341,False,False
0.09888618726156567,False,-1.008127919852822,False,False
0.10895210783891934,False,-1.0214626648825769,False,False
0.0750804708310494,False,-0.9902867386597249,False,False
0.04404206319528914,False,-0.9791806782454578,False,False
0.006560265968958312,False,-1.0535337108213396,False,False
0.04055000124201946,False,-1.0411489415979376,False,False
0.06124472329334052,False,-1.2113633617632027,False,False
0.06763752245395832,False,-1.1992775803611433,False,False
0.021642700432952466,False,-1.0486640537119527,False,False
-0.0016825135469051844,True,-1.1178609124180707,False,True
0.10327874183285074,False,-1.4531564768887668,True,True
0.07455676294648556,False,-1.0717523646714,False,False
0.025423007335095726,False,-0.9820232699788163,False,False
0.044899141506833884,False,-1.0837720517733929,False,False
0.08975610560943653,False,-0.9582827646281181,False,False
0.0854643405258847,False,-0.9856637259321399,False,False
0.13800703558519128,False,-0.9641345401492598,False,False
0.13199456008733057,False,-1.0441000682228,False,False
0.10578209984051423,False,-0.9841071451316956,False,False
0.07116455870405908,False,-1.3109626673710322,False,False
0.13140076479388352,False,-1.1209181895416258,False,False
-0.006751893246431551,True,-1.2292222349459416,False,True
0.08851300479317653,False,-0.9819822494640462,False,False
0.0977199647122532,False,-1.084158899314828,False,False
0.08361853696748339,False,-1.097630896407683,False,False
0.08182324491605397,False,-1.0743122902525042,False,False
0.13017242132948714,False,-1.054412663947847,False,False
0.07789083201396652,False,-0.9643450553429407,False,False
0.11849198342633699,False,-1.4016847612381746,False,False
0.06511450448579553,False,-1.062710387399805,False,False
0.14130788480056156,False,-1.0177219243207116,False,False
0.11790517321187821,False,-1.0008324679000586,False,False
0.06621196882205632,False,-1.084311901343163,False,False
0.09352283440259579,False,-1.01874900790486,False,False
0.06322152088716154,False,-1.059730367422706,False,False
0.0225361093251219,False,-0.9682310742263824,False,False
0.13868335931972375,False,-1.0191040685812562,False,False
0.12807745085977945,False,-1.282036843042101,False,False
0.1313813571024003,False,-1.257251795155688,False,False
0.07853395953213282,False,-1.0290097114935584,False,False
0.09684142626650588,False,-1.1631233786646715,False,False
0.04387770949386455,False,-1.3653822551759494,False,False
0.0776168196341121,False,-1.2620282412248396,False,False
0.052807936971989766,False,-0.9964594196274448,False,False
0.14861507453262368,False,-1.0387413130870482,False,False
0.07160738020407198,False,-0.9948199705141528,False,False
0.043881549557402366,False,-1.9967702913638032,True,True
0.07566789732794932,False,-0.9743851283333829,False,False
0.06859671659708744,False,-0.9815516591350555,False,False
0.14410574964875156,False,-1.1548132875254653,False,False
0.07113421193937502,False,-1.0004641201921676,False,False
0.11444825171713086,False,-1.3682148381975796,False,False
0.008487677549163353,False,-0.9662334902514784,False,False
0.15188174095333468,False,-1.0711214849393207,False,False
0.12356396706682721,False,-1.1627063263364597,False,False
0.08403257683279475,False,-1.088316004855047,False,False
0.0649552403379553,False,-0.9633580572282016,False,False
-0.035965300422813984,True,-1.5993802819646947,True,True
0.15059131347663324,False,-1.0201174630884036,False,False
0.06432557600867556,False,-1.0346885096139207,False,False
0.07025815009140596,False,-0.9521569885936984,False,False
0.06692549384344981,False,-1.0757085052558613,False,False
0.08618928892900046,False,-0.9944306922261272,False,False
0.13760531564483364,False,-1.4970704641340562,True,True
0.06518974750695106,False,-1.1420899002081055,False,False
0.017063179487347258,False,-1.0601624458493215,False,False
0.02817865295006794,False,-0.9838324186626604,False,False
0.06672733015073062,False,-0.9628734658039898,False,False
0.15038307931298744,False,-0.9906549155748037,False,False
0.03649703817314376,False,-0.9825455556467018,False,False
0.03199211760362691,False,-0.9974398555027891,False,False
0.05795071841812455,False,-1.4676314447769374,True,True
0.019754277798815667,False,-1.4776511874941454,True,True
0.04267103069906342,False,-1.3852867649395253,False,False
0.040450995080701546,False,-1.0074624793409297,False,False
0.10887850669092397,False,-1.0830528922429807,False,False
0.08213828432621317,False,-1.13863100311456,False,False
0.07680169433119177,False,-1.028425756362903,False,False
0.15284456265131535,False,-0.980885991615593,False,False
0.08498374461601133,False,-0.9857833005074621,False,False
0.0301421115166709,False,-1.010463535131209,False,False
0.0817895342906031,False,-1.012769685994675,False,False
0.031530563797853406,False,-1.0460991556435317,False,False
0.08568526226503181,False,-1.0419083834555374,False,False
-0.020020788390983757,True,-1.1333609430947973,False,True
0.036522590862208715,False,-1.2353745403094243,False,False
0.12896258112608616,False,-1.1398087112280009,False,False
0.003051601856570052,False,-1.076472922027209,False,False
0.07798076851269775,False,-1.0087227826145173,False,False
0.027850534358477785,False,-0.9734612047131781,False,False
0.012631542657560724,False,-0.9816528010787258,False,False
0.1361808605395593,False,-0.9878491229404588,False,False
0.0911838231981611,False,-1.0821644509688846,False,False
0.09625583538127047,False,-1.004312657908897,False,False
0.1490000715317027,False,-1.0546998260492415,False,False
0.05072619378405063,False,-0.9731692014364646,False,False
0.06491416149284379,False,-1.0151665540203971,False,False
0.08213776638136727,False,-1.1106091759726837,False,False
0.02325357566963554,False,-1.0167279009821697,False,False
0.07777287472962346,False,-0.9844469493307331,False,False
0.03845312822298208,False,-1.510085353566556,True,True
0.13858339211713533,False,-1.3124210194892671,False,False
0.14711852012625187,False,-0.9760255424570049,False,False
0.15028537628177535,False,-1.0380446472131784,False,False
0.06195799406165048,False,-1.0537872898798937,False,False
0.09020980051708488,False,-0.960715423384138,False,False
0.07473891367838853,False,-1.0825877480171482,False,False
0.1543344794495789,False,-1.0238862924174734,False,False
0.14402018353543106,False,-0.9997574366862485,False,False
0.06863426379093662,False,-0.9837324685061066,False,False
0.08029361544163077,False,-0.9962912954652794,False,False
0.004901375497653904,False,-1.0605083784910012,False,False
0.04045735656266919,False,-1.3999512821317726,False,False
0.01466828264943354,False,-1.5160981950991181,True,True
0.06866249387082624,False,-0.9856090632507118,False,False
0.06681457124888224,False,-0.9699847934831274,False,False
0.09789317000815428,False,-0.970612797783535,False,False
0.09349210373068645,False,-1.0510569595392987,False,False
0.02898376912792955,False,-0.9647619838893874,False,False
-0.06150318346339889,True,-1.3927694789795795,False,True
0.14691203559541655,False,-0.9895215085295603,False,False
0.018593507941749743,False,-0.9866741667003256,False,False
0.11525017453829206,False,-0.976430354040408,False,False
0.03117903034252817,False,-1.7290738282618545,True,True
0.07637793690170097,False,-1.0451430837408868,False,False
0.0528210680303694,False,-1.0275667662480024,False,False
0.008536829125440737,False,-1.1016751583812738,False,False
0.08999283724040719,False,-0.9869625438930104,False,False
0.13215972758498823,False,-1.2416297945157182,False,False
0.006260596490751613,False,-1.0425881330792668,False,False
0.136077754379006,False,-1.0301630185252968,False,False
0.0033592721676981574,False,-0.9842197867749487,False,False
0.072037770446708,False,-1.011574437383031,False,False
0.06022551102704993,False,-1.0206119972845513,False,False
0.0025491035121125716,False,-1.7008191709599434,True,True
0.08459099613321991,False,-0.9621848892943431,False,False
0.06418783283837987,False,-0.9743664681227958,False,False
0.07508578151494216,False,-1.072073565508089,False,False
0.15868621341678985,False,-1.0320436952248202,False,False
0.1458052798115375,False,-1.08640650453138,False,False
0.045451350902927956,False,-1.0245255303650258,False,False
0.062764691250706,False,-1.145742802656787,False,False
0.15242875035049008,False,-1.0145847549395568,False,False
0.14724495201461058,False,-0.9922474253305502,False,False
0.026072802810489404,False,-1.4167240640979806,False,False
0.07506041702857441,False,-1.2426269224433188,False,False
0.14056441977982642,False,-1.0989258133273174,False,False
0.06411125617061797,False,-1.7422860657156765,True,True
0.06526733192066403,False,-1.111408079012481,False,False
0.007745002808097867,False,-1.151877393467546,False,False
0.08440293296802376,False,-0.9815341850532058,False,False
0.07080780059208625,False,-1.2554283130572657,False,False
0.12893236963962523,False,-1.0738216811643402,False,False
0.07137515787507276,False,-0.9452751555369977,False,False
0.03176309672851024,False,-1.0709009672357415,False,False
0.006009681190548122,False,-1.178055273148602,False,False
0.113035910824551,False,-1.056456022223477,False,False
0.10052984847141744,False,-0.9782736869142811,False,False
0.03991696979558279,False,-0.9905419503423163,False,False
0.03623977065831002,False,-1.5621298426258083,True,True
0.011312626034938766,False,-0.9774534398648133,False,False
0.06574373191000454,False,-1.0129935800440246,False,False
0.07077644064761035,False,-0.973300347382755,False,False
0.07027248837180705,False,-1.0104187269979357,False,False
0.007711360075368101,False,-1.2320666009095813,False,False
0.13190701009107264,False,-1.0247248619598568,False,False
0.0957380379952536,False,-0.9846435901291863,False,False
0.015278462928019154,False,-1.2716051795628538,False,False
0.020479676889169462,False,-1.4297126995396074,False,False
0.12669120816370755,False,-1.0190180136855225,False,False
0.13150052218408514,False,-1.0403438715985769,False,False
0.130099151167342,False,-1.0042137622406542,False,False
0.13196041773187372,False,-1.0030267809380367,False,False
0.054772702458639466,False,-1.0107771781994075,False,False
0.0962665181025566,False,-1.4784322258596858,True,True
0.07858251244834252,False,-0.9950944916457823,False,False
0.06190623015455593,False,-1.1237980608234222,False,False
0.013554229206984014,False,-1.7441770424872651,True,True
0.03770077948675693,False,-0.9727298728903596,False,False
0.056892348646679525,False,-1.0060498240940057,False,False
0.14390573131170964,False,-1.0383836819869388,False,False
0.009494663843587436,False,-1.1388786901129502,False,False
0.08626925051903339,False,-1.0143393717346196,False,False
0.022647749866403777,False,-0.9854585910401006,False,False
0.06020534865206795,False,-1.5466710214609232,True,True
0.0414355743130137,False,-1.0226973588561596,False,False
0.10135882975447069,False,-0.9876667293804446,False,False
0.08774344302500786,False,-1.0647896192350066,False,False
0.007463353563624597,False,-1.7189914491458071,True,True
-0.008936798835387005,True,-1.1041436712428672,False,True
0.10082258925546705,False,-1.2409115908208128,False,False
0.14981563843654017,False,-0.9809660504817421,False,False
0.007824276885329162,False,-3.0505836570722566,True,True
0.07550442581679839,False,-1.5059228599538268,True,True
0.1472817765995708,False,-1.1009466505814944,False,False
0.0819781278731046,False,-1.0250796250035235,False,False
0.15876975415960587,False,-0.9948299675113528,False,False
0.14016408139999265,False,-1.014516164999915,False,False
0.07615127562221136,False,-0.9683789655550401,False,False
0.04586899336263539,False,-1.028306276007944,False,False
0.1501596560218731,False,-1.1075908275296074,False,False
0.02267668592137234,False,-1.0348167843499023,False,False
0.05547584602225508,False,-1.749364907091532,True,True
0.04971699841310512,False,-1.1538653660914624,False,False
0.07497813234969375,False,-1.0296177544101324,False,False
0.032608588659579774,False,-1.2569854839733883,False,False
0.05590465136810152,False,-1.095888126895661,False,False
0.07447088009294439,False,-0.9539598123760846,False,False
0.08195640536206261,False,-0.9627478328380678,False,False
0.07357109250689148,False,-1.006133361055046,False,False
0.06486855221793902,False,-1.0730377584161632,False,False
0.08606633030901101,False,-1.049400177264976,False,False
0.02838069120978509,False,-0.9900593593162986,False,False
0.03476321550136513,False,-0.997763963966787,False,False
0.033464467909932405,False,-0.9723262057703096,False,False
0.04773994741190041,False,-1.1772920557041506,False,False
0.05114437212175832,False,-1.3211253360528397,False,False
0.011528493554263886,False,-0.9641916768415999,False,False
0.054797773672794536,False,-1.147459627697833,False,False
0.014655692910986229,False,-1.044631279984387,False,False
0.07193779013742652,False,-0.9751973634076292,False,False
0.03236043811747413,False,-0.9722998014720444,False,False
0.1320917040917034,False,-1.0084077560780866,False,False
0.14131121798698676,False,-0.9981990979726529,False,False
0.07980968962772983,False,-1.0330363072354838,False,False
0.08493055664861376,False,-1.0224700148680463,False,False
0.07206013682786994,False,-0.9643461734955145,False,False
0.09466918456309231,False,-1.0162717683930698,False,False
0.09236763453645469,False,-1.1324762265628432,False,False
0.019891347840302998,False,-1.1608655474656158,False,False
0.09638475498637727,False,-1.070224863141717,False,False
0.0551209346929607,False,-1.011605349931296,False,False
0.05584253208690537,False,-1.243465598344392,False,False
0.1459278320015338,False,-0.9974467133193075,False,False
0.07110429142612285,False,-1.0415732855002477,False,False
0.07573237535941096,False,-1.14064714659952,False,False
0.06701112376739427,False,-1.4645040911210194,True,True
0.03558368781431287,False,-0.9916294704830924,False,False
0.07049762831862699,False,-0.9821939896727006,False,False
0.10019486344692818,False,-1.6140934667085678,True,True
0.04212805997919672,False,-1.1007048538288022,False,False
0.07610974259497477,False,-1.1813458550928413,False,False
0.07143313036516435,False,-1.0053624544559185,False,False
0.1366622413762914,False,-1.0147891915199467,False,False
0.0689136753975122,False,-1.2137236451349929,False,False
0.07985307208923981,False,-1.5165095553771597,True,True
0.01727417285622157,False,-1.2525938883453134,False,False
0.05569643807783614,False,-1.1962279924939028,False,False
0.06446137296795329,False,-1.0398674710561897,False,False
0.05989465550743489,False,-1.0478915014314039,False,False
0.06820273004608723,False,-1.101304782207688,False,False
0.0728493796801381,False,-1.057112889655691,False,False
0.15424398867429617,False,-1.0924362042090803,False,False
0.09442886060957639,False,-1.0523675821297125,False,False
0.14465095640987785,False,-1.4630589785277839,True,True
-0.039226740564537343,True,-1.032070882773341,False,True
0.14604025516042812,False,-1.0334836115923705,False,False
0.110320644941029,False,-1.0609542227263375,False,False
0.08594359095955584,False,-0.9847658044649341,False,False
0.028359391176087156,False,-1.1091495593191154,False,False
0.14249620209194763,False,-1.000395039000062,False,False
0.1449159848253102,False,-1.0167206681985017,False,False
0.13460126940437417,False,-1.2260741377591162,False,False
0.07150389967097776,False,-1.0582219618666875,False,False
0.14117449359292034,False,-1.1033830857443376,False,False
0.1399321721091485,False,-1.031114530070884,False,False
-0.0037512331933905463,True,-1.152910412836555,False,True
0.14715874422162034,False,-1.0752190405077233,False,False
0.1429589544594722,False,-1.103908569970671,False,False
0.025652504747199878,False,-1.0600478328297673,False,False
0.04666954880646462,False,-1.0424603310859493,False,False
0.09672825234363658,False,-1.039681364520267,False,False
0.0872015232148678,False,-0.9779354892786583,False,False
0.06525557686750078,False,-1.020353396185016,False,False
0.08260728345255502,False,-0.9660051652305046,False,False
0.12879951172268062,False,-1.0576414120731235,False,False
-0.008239459876566047,True,-1.0532886750816168,False,True
0.03192086815102557,False,-0.9894143018745198,False,False
0.0661367171167967,False,-0.9507629486459264,False,False
0.05627957239092024,False,-1.0598256617827961,False,False
0.079658502791006,False,-3.5500646876324167,True,True
0.06298768421210837,False,-1.338717279524855,False,False
0.08437859663888347,False,-0.9675000841941106,False,False
0.01483815513214537,False,-1.556679623726356,True,True
0.10005988391307896,False,-1.0387113975118807,False,False
0.007733361953991658,False,-0.9873227469542132,False,False
0.00014944223261847966,False,-1.185860373484442,False,False
0.042561209684419454,False,-1.0317105415589563,False,False
0.1331081991571733,False,-1.1938155079316635,False,False
0.10801442142937784,False,-1.0418344660899523,False,False
0.1330411046027895,False,-1.0152679526776809,False,False
0.12660478898949074,False,-1.2355258081944247,False,False
0.0930678050986104,False,-0.999232910695769,False,False
0.1384869200320482,False,-1.0583833860819545,False,False
0.09336179545456097,False,-0.9968582022110718,False,False
0.0801054655061072,False,-1.006625979687305,False,False
-0.06295581111350157,True,-1.1802104157177085,False,True
0.15385228844277704,False,-1.033050963927995,False,False
0.08309859390587321,False,-0.9746063834675377,False,False
0.07509190569403407,False,-1.1870441979692483,False,False
0.14900890122600585,False,-0.9815351821406739,False,False
0.022627284925596125,False,-1.0006144060088018,False,False
0.15371489935330523,False,-0.9965163972170116,False,False
0.11893914062641875,False,-1.245250226716425,False,False
0.11086377854411994,False,-0.980304163026644,False,False
0.01159392069883447,False,-0.9553112091974045,False,False
0.10713767922549139,False,-0.9991477232631352,False,False
0.056546567758854416,False,-0.975290415732583,False,False
0.07346771598902074,False,-0.9823259593522575,False,False
0.12247312936541155,False,-1.0616636207761556,False,False
0.07190941864892092,False,-0.9724844217445122,False,False
0.15023185314730464,False,-1.100330056981579,False,False
0.08317044958171577,False,-0.9784064410616683,False,False
0.05671060844180048,False,-0.9909117236882699,False,False
0.1340818304282128,False,-1.0383226557758776,False,False
0.09868725042644755,False,-0.9873421280833952,False,False
0.011024807549539606,False,-1.0219896148740824,False,False
0.011356763061389219,False,-2.100537068768524,True,True
0.11725455822085584,False,-1.49478245793896,True,True
0.0973127535873346,False,-1.0667965999476507,False,False
0.10993245004653268,False,-1.0576009534858999,False,False
0.03470023570179959,False,-1.0022293448598565,False,False
0.10815720335370477,False,-1.0157894397557992,False,False
0.03335095213504741,False,-1.0689239010499965,False,False
0.10299689672338336,False,-1.02103659885138,False,False
0.0021542122911434314,False,-0.9725384043560792,False,False
0.1522202251900242,False,-1.1059799364244367,False,False
0.13258714520661924,False,-1.0665123124358753,False,False
0.07771718870445277,False,-1.039431548015425,False,False
-0.013787434791145525,True,-1.1311435764597835,False,True
0.10399905071547177,False,-1.1413282823181334,False,False
0.14381863334740813,False,-1.0193544646536348,False,False
0.0034620796668786147,False,-1.15642545702247,False,False
0.09827522862103005,False,-1.0407586711156749,False,False
0.08287459832320082,False,-0.9872411543936016,False,False
0.03516876311978934,False,-1.4817569878401848,True,True
0.1531514880964272,False,-1.054839459857448,False,False
0.07909412195016108,False,-1.0523296654825807,False,False
-0.07052143470784955,True,-1.4272527198811318,False,True
0.05020024560923381,False,-1.1354020328176655,False,False
0.08164700645684198,False,-1.0596699575758337,False,False
0.03939002736754643,False,-1.0584630742884626,False,False
0.08761980445181972,False,-1.0307557784703885,False,False
0.07727767666194862,False,-0.9780639722771465,False,False
0.15355479750398826,False,-1.0279794048087747,False,False
0.07790185201365135,False,-1.020863807344552,False,False
0.076006707583894,False,-0.9947729448186846,False,False
0.10928700136010167,False,-3.1877153715802717,True,True
0.06941617590823157,False,-1.0391267954973764,False,False
0.14936488624550587,False,-0.9701387720318764,False,False
0.15755882468228072,False,-0.9830381223642384,False,False
0.15307868103336875,False,-1.0178819765353233,False,False
0.14922557597620606,False,-1.0026570140434776,False,False
0.08139760912873095,False,-1.8269681611783217,True,True
0.009241988491716202,False,-0.9874759613188815,False,False
0.0643197062709947,False,-1.0906121488217213,False,False
0.09805974137976914,False,-1.0194817444184827,False,False
0.03468976366797927,False,-0.9484752214050596,False,False
0.07969055832767452,False,-1.2517020204420866,False,False
0.13237336126597193,False,-1.023719050086179,False,False
0.14906232968190086,False,-0.9794882755089184,False,False
0.14310741724714005,False,-1.1367173042094254,False,False
0.07061947552809156,False,-1.0182850881958405,False,False
0.025261129264514015,False,-1.1074474678092796,False,False
0.07932735800372831,False,-0.9893320868901727,False,False
0.07471037231193978,False,-1.019665335822168,False,False
0.14628007692076683,False,-1.0179713512993116,False,False
-0.006226999828631952,True,-1.158875369601906,False,True
0.1442656546985972,False,-1.0049345152675788,False,False
0.14095386602893017,False,-1.0651082177952431,False,False
0.08280508085419652,False,-1.0589556756855534,False,False
0.1071958610369394,False,-1.5643565938872275,True,True
0.11066739328694558,False,-0.9870011467778819,False,False
0.07434573982826714,False,-1.0137237338466543,False,False
0.14712873354802808,False,-1.0324997280768717,False,False
0.10642862798002434,False,-1.006946181476863,False,False
0.13763460126640442,False,-1.0618742816685418,False,False
-0.012295744356917493,True,-1.40734320469219,False,True
0.012342610261214082,False,-1.073894780886402,False,False
0.14422969973725847,False,-1.0723064142770038,False,False
0.08659916395009465,False,-0.9750981461519386,False,False
0.06845276253390775,False,-0.9918219479144449,False,False
0.14322143687024036,False,-1.0118250741332497,False,False
0.13860458633719136,False,-1.0557177441787147,False,False
0.05155466874890152,False,-1.146253808194162,False,False
0.0734497639669997,False,-0.9834143332100714,False,False
0.08288911094278051,False,-1.0335166813167003,False,False
0.08702669637438659,False,-0.9670887412279787,False,False
0.022705429714103997,False,-1.0374978197118105,False,False
0.049151639642628864,False,-1.0255966907546887,False,False
0.06708369329878489,False,-0.9637667464324453,False,False
0.019045101092362904,False,-1.0312600699639876,False,False
0.0006143464036597601,False,-1.3329223160041224,False,False
0.031247917166346006,False,-0.9774578227310625,False,False
0.06253153962978891,False,-1.0193582233629803,False,False
0.06924595404327732,False,-1.0361235330564624,False,False
0.035360388146198074,False,-0.9672527395543066,False,False
0.00024256968046687533,False,-0.9943463725648009,False,False
0.10522694062786075,False,-1.1776051819604292,False,False
0.06774377571236923,False,-1.0242121933819732,False,False
0.1486371993232002,False,-1.1582049294612675,False,False
0.06442467138547919,False,-1.500975361929195,True,True
0.07555575526793357,False,-1.430233465291637,False,False
0.07311210288762932,False,-0.9892714836399547,False,False
0.09518511629314991,False,-1.200281776486189,False,False
0.053220823316250165,False,-1.0287020564973879,False,False
0.05617599046585231,False,-1.1589073816281037,False,False
0.06770511062063417,False,-0.9560704291446258,False,False
0.132444638438646,False,-1.0027353765820093,False,False
0.06847970270801956,False,-1.0697118925760098,False,False
0.07633285077566404,False,-1.0820702772126272,False,False
-0.013615102106260824,True,-1.8028566899335818,True,True
0.13123342502244234,False,-1.171543203819073,False,False
0.06793838642322048,False,-1.1204800544613134,False,False
0.07353377527001043,False,-1.0061618843637867,False,False
0.07583403913763509,False,-1.0405243216106284,False,False
0.15194586361840484,False,-1.0487430699668818,False,False
0.044765106335195315,False,-1.2586174193231514,False,False
0.06526961817716309,False,-1.108277096496596,False,False
0.09055614494256181,False,-1.0288900590127816,False,False
0.13687653293164165,False,-1.019764300350979,False,False
0.02088076254829735,False,-1.0385674706215495,False,False
0.14188969036847665,False,-1.029277135163659,False,False
0.06257434481735435,False,-1.06156388511904,False,False
0.055530959273871916,False,-0.9957464386934255,False,False
0.035554805922878185,False,-0.9959565344352898,False,False
0.05628819137156382,False,-1.0247784665206034,False,False
0.06606722293610828,False,-1.0429197063140776,False,False
0.061394946491799274,False,-1.0522634666499528,False,False
0.15076423591324317,False,-1.0211497344047982,False,False
0.15844134667696047,False,-1.0038578813087522,False,False
0.008117554648320868,False,-1.3046959010779724,False,False
0.06510206865737117,False,-0.9747281137772703,False,False
0.0905068634117615,False,-1.1168091517750693,False,False
0.08192165244836525,False,-0.9970413903848186,False,False
0.02301003931694967,False,-0.9870902532816228,False,False
0.03430021234114139,False,-0.9985132009712127,False,False
0.15099767438919598,False,-0.9845349031527931,False,False
0.10713395205210391,False,-1.0032297232249188,False,False
0.10084801615894912,False,-1.0598929424652694,False,False
0.07813019502988094,False,-1.0370996197533926,False,False
0.08084446831979453,False,-1.0006329047030136,False,False
0.1505186886585136,False,-0.9940903345691126,False,False
0.10944831916757675,False,-0.982267467952618,False,False
0.15012758311558777,False,-1.0139072560056437,False,False
0.13379246151480878,False,-1.0397419692639749,False,False
-0.009385612221141648,True,-1.0990589716180366,False,True
0.1480948933573023,False,-1.0138933639329801,False,False
0.1540007060034661,False,-0.9532497307193312,False,False
0.081200009144486,False,-1.0754901167805069,False,False
0.10184523426082392,False,-1.0844169459370074,False,False
0.03984373451003348,False,-0.9881895819688555,False,False
0.15104592479599677,False,-1.007724369774127,False,False
-0.002785237995148626,True,-1.0677097091261532,False,True
0.1507370703067376,False,-1.0284038254029446,False,False
0.02176563754665778,False,-0.9919845176931048,False,False
0.06797504529826814,False,-1.003842755055269,False,False
0.10786740061637201,False,-0.9589329990342925,False,False
0.00058723784211967,False,-1.1305200658365637,False,False
0.06607179802285257,False,-0.9757404551900226,False,False
0.07908460841665615,False,-1.1586740748288675,False,False
0.017598698799139334,False,-1.5754143019453002,True,True
0.09795687606091363,False,-1.0621812063833622,False,False
0.13770692271812146,False,-1.0146047638915558,False,False
0.1493253996201579,False,-1.0671163617808268,False,False
0.053611065653108136,False,-1.2237386269604327,False,False
0.1317182050014547,False,-1.1824992315984297,False,False
0.07955097367720337,False,-1.0036466761702334,False,False
0.14250511224700446,False,-0.9988846243291227,False,False
0.05460126850591335,False,-0.9922764534490625,False,False
0.08443688885879591,False,-1.026726173993596,False,False
0.027169829772464793,False,-1.3833227764888627,False,False
0.04477266776245448,False,-1.2526776080325543,False,False
0.004021799285162886,False,-0.9975041105019573,False,False
0.01086146983841385,False,-1.1606264101609467,False,False
0.06512677795882194,False,-1.2359149469960558,False,False
0.09896728639040647,False,-1.0938986605347627,False,False
0.152137850617949,False,-1.0184177054794985,False,False
0.0674054499875899,False,-1.0104052307784506,False,False
0.04584456279152782,False,-1.4005460679447952,False,False
0.012804418009599638,False,-1.004559738981483,False,False
0.14405338781025884,False,-0.9911198324772418,False,False
0.06390306919887784,False,-1.3457155944862946,False,False
0.13834953186727605,False,-1.2696424691861774,False,False
0.09804427075541494,False,-1.088550177511753,False,False
0.015386937492429476,False,-1.0942734426175391,False,False
0.12470185875758644,False,-1.1056588293735694,False,False
0.006172135048566951,False,-1.0163043398329221,False,False
0.0856513034939399,False,-1.0087195796532442,False,False
0.07224653748657389,False,-0.9991786409037002,False,False
0.025169458203438688,False,-1.0027698478238247,False,False
0.08439474525607976,False,-1.0295146190863815,False,False
0.011705512348890834,False,-1.5351126074983796,True,True
0.07837053820949913,False,-1.153554919720822,False,False
0.06595401182180616,False,-0.9919075059065389,False,False
0.020736952489210037,False,-1.0522866596721767,False,False
0.07285346504785767,False,-1.0548121617067792,False,False
0.1009874915045032,False,-0.9849078804541197,False,False
0.01409027787899797,False,-1.116358255496899,False,False
0.024210570670803067,False,-0.9679168143765736,False,False
0.019481566793276284,False,-1.102100128595305,False,False
0.07784319574325965,False,-0.9684862267771754,False,False
0.145443200444635,False,-1.1220975946833236,False,False
0.017721451846905767,False,-1.1070756712778087,False,False
0.1450926181232593,False,-0.9862516310526077,False,False
0.030327358036356444,False,-1.8379038760358821,True,True
0.06979065326476436,False,-1.0109797576662354,False,False
0.08470003049696795,False,-0.9830851734079487,False,False
0.049890028145277265,False,-1.1965651417544216,False,False
0.04286373220804918,False,-1.1102088134820984,False,False
0.08175087153483229,False,-0.9858604898016019,False,False
0.14919007920621585,False,-1.0684015396391031,False,False
0.07360188994447292,False,-1.0258022324027818,False,False
0.020958516871884547,False,-1.1441469912715339,False,False
0.027498550272089195,False,-1.100881723335155,False,False
0.10675869399641252,False,-1.1098986808661944,False,False
0.06762581186449729,False,-0.9618554651635941,False,False
0.13832826384743985,False,-1.0384444751038715,False,False
0.05983998350173869,False,-1.0890398529981031,False,False
0.07150118679352269,False,-0.9780235225492391,False,False
0.08390428087997515,False,-0.9780244308844763,False,False
0.10578311251686828,False,-0.9938972034420834,False,False
0.05002521201938309,False,-1.3204662390438506,False,False
0.06716678566923018,False,-2.1334082686042137,True,True
0.06820283530478322,False,-1.3732010517096616,False,False
0.025179732441341918,False,-0.9918171220691633,False,False
0.02846055989564006,False,-0.9893208675630751,False,False
0.043251332846686974,False,-0.9754352485874666,False,False
0.07625001942668003,False,-1.034219241725862,False,False
0.021269658554593285,False,-1.0266927175789615,False,False
0.0726965084897544,False,-1.2833305073934704,False,False
0.08061237199657573,False,-0.9666883240909991,False,False
0.0565611546879381,False,-1.0420604778696254,False,False
0.05608723642168373,False,-1.300791326360291,False,False
0.0187960597384611,False,-1.0221987177181042,False,False
-0.016346240386900468,True,-1.422298411513855,False,True
0.1448524545401964,False,-1.0220091282716228,False,False
0.07834995330490302,False,-1.1035866887749375,False,False
0.06242342244097915,False,-1.150811448142076,False,False
0.011300432349553247,False,-0.9919953245639093,False,False
0.15248736384843092,False,-1.071467675279775,False,False
0.07118566957275302,False,-1.0924120893318334,False,False
0.12267472559251519,False,-1.1281050120664315,False,False
0.13823933901507374,False,-1.049667038923969,False,False
0.12512496737777085,False,-1.1098305283952228,False,False
0.06927767045132888,False,-0.9781564996353473,False,False
0.15025081844450816,False,-1.0518145266208094,False,False
0.06252128169436888,False,-1.102892266551209,False,False
0.09551557988316911,False,-1.0313693625271099,False,False
0.15073719657091011,False,-1.0577774841215468,False,False
0.07183720211682415,False,-1.0498406086440322,False,False
0.1376027248017314,False,-1.3513871845489784,False,False
0.030084947498053793,False,-1.2914897525490878,False,False
0.07063256366884624,False,-1.0093368713585444,False,False
0.06779988130674752,False,-1.019042378943941,False,False
0.06232886542691951,False,-1.2223632972335106,False,False
0.07539748791166212,False,-1.007495857977199,False,False
-0.0707475174607679,True,-1.439410130308374,False,True
0.0946185840273584,False,-1.0920064392297075,False,False
0.03621283155838867,False,-1.2228848690718062,False,False
0.01646916046366942,False,-0.967130392665181,False,False
0.039920595705081274,False,-0.9949251141283634,False,False
0.02997444307815922,False,-0.9779569207414015,False,False
0.08662843338494991,False,-1.0944272406369824,False,False
0.05647982678591146,False,-1.0037629410711137,False,False
0.1415475333881157,False,-1.4990294034975638,True,True
0.0020022554903290635,False,-1.0021430653285022,False,False
0.02137741391260256,False,-1.639809603394059,True,True
0.05424191828767572,False,-1.1029437874214552,False,False
0.06041186983673952,False,-0.9875699954668743,False,False
-0.0065999395389380044,True,-1.000286668271407,False,True
0.07691101843436027,False,-1.0776242013120843,False,False
0.07781485498668805,False,-1.0118012431917847,False,False
0.0691997512253672,False,-1.0537627082474705,False,False
0.07797090886279484,False,-1.0066668484629866,False,False
0.03032217756332889,False,-0.966584648654895,False,False
0.09532928210000463,False,-1.0051752118292128,False,False
0.033997471182415695,False,-0.9812736527224205,False,False
-0.00819852075785954,True,-1.199747095043581,False,True
0.023070591529479545,False,-1.0361473794062408,False,False
0.15027836383256593,False,-1.0173083687854665,False,False
0.13028230665916224,False,-0.9997387536957202,False,False
0.06983087134353932,False,-1.0295026605843842,False,False
0.07437169348942146,False,-1.0036747726959327,False,False
0.056406019793170004,False,-1.1303810165992456,False,False
0.1380156176641843,False,-1.061524154052029,False,False
0.05212824507109082,False,-1.0052701025262603,False,False
0.054591558473786495,False,-1.1081367394200554,False,False
0.048022924889961016,False,-1.3484321969706328,False,False
0.07466738665044015,False,-0.9844606083104959,False,False
0.14547580823839829,False,-1.0068062309002639,False,False
0.08578351377406929,False,-0.9757126267544377,False,False
0.10933585001827756,False,-0.9757697345711718,False,False
0.07471484537294315,False,-1.0818707839991064,False,False
0.09922425263880658,False,-0.9743224208900356,False,False
0.06995260850507473,False,-1.0874269118472033,False,False
0.1516800754045302,False,-0.9804851213561534,False,False
0.07973438551528034,False,-1.096156446120354,False,False
0.1229909382971398,False,-1.1356581341262,False,False
0.05146341886668382,False,-1.0103393333908508,False,False
0.0647299343289594,False,-0.9736103358573589,False,False
0.018512229488036658,False,-1.0119659801757266,False,False
0.15378825238532468,False,-0.9910460555209358,False,False
0.09800388154796064,False,-1.0030233768314634,False,False
0.10563425927471876,False,-1.05992450507182,False,False
0.14373365636948288,False,-1.0041718455531012,False,False
0.05835333975706247,False,-1.3594395899449543,False,False
0.07727767666194862,False,-0.9780639722771465,False,False
0.08123993087352444,False,-1.0256085102498216,False,False
0.01608712364110154,False,-1.1379136804313945,False,False
0.07953402101344337,False,-0.999747941022755,False,False
0.021094928077695196,False,-0.973851492388086,False,False
0.06663320899704006,False,-0.9973405838100108,False,False
0.10859117534422813,False,-1.0530505259049225,False,False
-0.0006845511513773328,True,-0.9729108581977721,False,True
0.05293950568645145,False,-1.2056054557187137,False,False
0.0686972899413052,False,-1.0299081666143346,False,False
0.1367990309940334,False,-1.0665187853646418,False,False
0.011257900255858044,False,-1.0432937746898434,False,False
0.040027979566175376,False,-1.083451821104679,False,False
0.08622616973133218,False,-0.9723048458610031,False,False
0.07325417205603096,False,-0.9660316512528144,False,False
0.0652376640219215,False,-1.140435624781593,False,False
0.14089992837250803,False,-0.9877660177703396,False,False
0.08366765345943844,False,-1.0062586196216006,False,False
0.1373853287415756,False,-1.0398105294244808,False,False
0.0695425681635215,False,-1.2735990599872573,False,False
0.1527940555785563,False,-0.9997364290701511,False,False
0.07827349611333995,False,-0.9696383152747634,False,False
0.06732402799855575,False,-0.973960971587218,False,False
0.0793994572400783,False,-1.0088585093882614,False,False
0.09267458597777273,False,-0.9567777473969009,False,False
0.06639120075584648,False,-1.0951090532987675,False,False
0.13928561771091497,False,-1.1245786861377574,False,False
0.09814959816215019,False,-1.0126575811004774,False,False
0.15345771053654728,False,-1.0389496792274895,False,False
0.06315157722588455,False,-0.9485218061081311,False,False
0.1280655715341369,False,-1.0527159827224462,False,False
0.13803512883841346,False,-0.972148450322438,False,False
0.08734757084610406,False,-1.01544560630217,False,False
0.09652671954054254,False,-1.0043261789779299,False,False
0.13114336414442052,False,-1.0643212738958325,False,False
0.02862537662592257,False,-1.0381588206110652,False,False
0.09776139602653278,False,-1.25528345192293,False,False
0.14504015774857987,False,-1.0808357785682212,False,False
0.07245073131035495,False,-1.0083301819739863,False,False
0.1391970042405667,False,-1.099669712175575,False,False
0.005979399503165617,False,-0.9561050295999408,False,False
0.06514319833629967,False,-1.1537379983629186,False,False
0.02610201170766241,False,-1.0251318980807613,False,False
0.0638681570323612,False,-0.9876033345938631,False,False
0.08807556415622492,False,-0.9840807066919741,False,False
0.07473533686248085,False,-1.0780737477740285,False,False
0.056829800302441114,False,-1.0997738075039527,False,False
-0.01205889458670939,True,-0.9756435181144874,False,True
0.08768234107327572,False,-0.9717095506553989,False,False
0.04951537185596866,False,-0.9989625402967729,False,False
0.0730789786110963,False,-1.0804279261800516,False,False
0.05635227178285934,False,-1.1224266459264252,False,False
0.05853872524792769,False,-1.27033633062136,False,False
0.06106394380536362,False,-1.0620919151411372,False,False
0.1386670897378755,False,-1.0134327214742345,False,False
0.030631863041830742,False,-0.9925224659349384,False,False
0.032840491602248556,False,-0.9879772823096692,False,False
0.1543242108318854,False,-1.0988606426615337,False,False
0.1457757269996134,False,-1.023255032689035,False,False
0.14829561129665103,False,-1.0125004110253024,False,False
0.1408997482141996,False,-1.009448372353122,False,False
0.07125559966922751,False,-1.4355979518672175,False,False
-0.00021284696880907727,True,-1.1976354728987768,False,True
0.059922933247992916,False,-1.0160806203915356,False,False
0.06253379914742724,False,-1.0111370926534007,False,False
0.011034711874905456,False,-1.3212400508090334,False,False
0.15142027911789346,False,-1.0313372348000192,False,False
0.0859818264556752,False,-0.9679185653267837,False,False
0.0794039605970911,False,-1.2507339921409177,False,False
0.04480047913234364,False,-1.236520048776101,False,False
0.007353670969770798,False,-1.1134911713415905,False,False
0.1382126736656452,False,-1.0282696662541588,False,False
0.04451133821169784,False,-1.0293199548250183,False,False
0.1400826291750074,False,-1.5356181132640385,True,True
0.08796865315926872,False,-1.42685602906589,False,False
0.08287519882389177,False,-1.0910539312810634,False,False
0.08101383350703661,False,-1.0345410571749478,False,False
0.012426936907467767,False,-1.2120872999936805,False,False
0.06168443041944238,False,-0.9734753572630513,False,False
0.0616040954858561,False,-0.985493825077018,False,False
0.07343977860580891,False,-1.0261485397843528,False,False
0.12356396706682721,False,-1.1627063263364597,False,False
0.07384292336789172,False,-1.233834442118606,False,False
0.10353088822952133,False,-0.9530671719474801,False,False
0.07327230807991059,False,-1.0301569470272314,False,False
0.031960617470909836,False,-1.0332064983791587,False,False
0.0800532380468933,False,-1.0350157755349287,False,False
0.08271257128517073,False,-1.095390742669398,False,False
0.13852170669631886,False,-1.0147911008911907,False,False
0.07401895615994386,False,-1.0129573290461515,False,False
0.05012400944687018,False,-1.1096992790453064,False,False
0.024911236013797244,False,-0.9765216871240625,False,False
0.07567166759538507,False,-1.0320085601354188,False,False
0.0672594540826838,False,-1.0987564818435345,False,False
0.1467003486413619,False,-1.0684863321867868,False,False
0.11612018087090098,False,-0.9855994047444208,False,False
0.059202883973695,False,-1.067101216955264,False,False
0.06284053957773506,False,-1.014983786827546,False,False
0.07862955871451893,False,-0.9837972846176257,False,False
0.10816397689364765,False,-0.9917823318292202,False,False
0.02883038323672943,False,-0.9683097485519578,False,False
0.14186229766479563,False,-1.017934255459602,False,False
0.08349285360958658,False,-1.1007736300252358,False,False
0.013850254210279411,False,-1.0363804321448389,False,False
0.09037464556142272,False,-1.1426466092209586,False,False
0.06268572569946507,False,-0.9868409835953077,False,False
0.14564536923879,False,-0.9723474120538727,False,False
0.11902895275760478,False,-1.5469112749258234,True,True
0.07978504492414368,False,-1.1796987785096564,False,False
0.14354700962940053,False,-1.071369114859405,False,False
0.05356631350245178,False,-1.2717628460742465,False,False
0.08630917225508083,False,-1.0320050513234147,False,False
0.15666964250097193,False,-1.0019987861473973,False,False
0.05226600590954311,False,-1.1036440814600585,False,False
0.016147513401589042,False,-1.6199235258795643,True,True
0.14264382727185237,False,-1.2844645728940993,False,False
0.09289459172106151,False,-1.2537468290014726,False,False
0.14607141439310584,False,-1.1512098400102349,False,False
0.14916452181209128,False,-0.9834799021461661,False,False
-0.005572630127271272,True,-1.0067577049845884,False,True
0.1517856895399861,False,-1.0753263217610118,False,False
0.07049029292098413,False,-0.9471713034640004,False,False
0.1539653468860015,False,-0.995682480929015,False,False
0.06886125099872398,False,-1.0255089905179324,False,False
0.10725849610649746,False,-1.0034990123038434,False,False
0.09386549675798234,False,-1.1178740907197784,False,False
0.06891506085182258,False,-1.0871261378367565,False,False
0.07391717547147697,False,-1.1083069754066115,False,False
0.03288778828124006,False,-0.9680889957826381,False,False
0.07519158527982012,False,-1.0691182679207671,False,False
0.1070405358245175,False,-0.9566023463259024,False,False
0.08994517583819744,False,-1.0978404151335543,False,False
0.039029350519324824,False,-0.9453204810259779,False,False
0.07806432055979678,False,-0.9803042383843922,False,False
0.08552243863671966,False,-1.0345037525330578,False,False
0.07557373141721563,False,-1.1207940083324195,False,False
0.08575078080610427,False,-0.9837942359480433,False,False
0.04240722952688164,False,-1.1170687698559698,False,False
0.08374614240938583,False,-1.0733786545769701,False,False
0.07429203145937485,False,-1.0165702442559323,False,False
0.04761670064263912,False,-1.04036240143627,False,False
0.1337195889327989,False,-1.0108710318189718,False,False
0.00305388053586797,False,-1.084023741629311,False,False
0.07547091007042794,False,-0.999641534390354,False,False
0.04470501682215755,False,-1.0412304030482882,False,False
0.05856502242859879,False,-1.1499387111871573,False,False
0.0667316075193986,False,-1.1376618663125884,False,False
0.03972576326341937,False,-1.051525532278467,False,False
0.06690472965993594,False,-2.3531502798526747,True,True
0.14345730563813797,False,-0.9812810054441325,False,False
0.14340380473171876,False,-1.087793393249582,False,False
-0.00309985829872661,True,-1.076034065240979,False,True
0.14826118922628767,False,-1.0145362402306786,False,False
0.04319244410327239,False,-1.0206680794638552,False,False
0.08762009703871132,False,-0.9775286300481458,False,False
0.07319705473402816,False,-1.476311756607166,True,True
0.08730020256009668,False,-1.005803258100467,False,False
0.06609723962616904,False,-0.9950579270367037,False,False
0.1431010778411645,False,-1.0050809608609836,False,False
0.08617626882602025,False,-1.0846997741118334,False,False
0.017297224588683435,False,-1.083790457460806,False,False
0.08349369983603461,False,-0.9911400542418978,False,False
-0.00042113321304459994,True,-0.9713619427972284,False,True
0.013942508063043535,False,-0.9949807025811108,False,False
0.12196860768989287,False,-1.5700521417507343,True,True
0.0781968193628062,False,-0.9761626760823174,False,False
0.14491709745255965,False,-1.0254549979355922,False,False
-0.010052965696796368,True,-1.392593414317588,False,True
0.08502854540769283,False,-1.3376209997215829,False,False
0.13459524160823272,False,-1.0567022500244225,False,False
0.0673849320227905,False,-1.0816294737091043,False,False
0.07304669413547699,False,-1.0034557346793618,False,False
0.059342325336281476,False,-1.0269073165839973,False,False
0.11596129223252477,False,-0.9932974189610174,False,False
0.07928776702748275,False,-1.2026051542906004,False,False
0.009843955872492427,False,-0.9704918622927142,False,False
0.02764206298038907,False,-1.001758873100934,False,False
0.0749398522879256,False,-1.2026021039482035,False,False
0.1531763872974205,False,-1.0081963146883965,False,False
0.050050002879219624,False,-1.0130751988700328,False,False
0.06470766455298776,False,-1.0600540116318535,False,False
0.07788140827752849,False,-0.9469477052091346,False,False
0.09623143938785655,False,-1.012757957704911,False,False
0.06317075985629245,False,-1.236384390627281,False,False
0.03194434362182441,False,-0.9994057984127247,False,False
0.08125532382012246,False,-1.030507092448368,False,False
