pca_1,pca_2,kmeans_label
-0.0712063407517014,0.005655927095394829,4
0.4520254020114909,1.3031937358292294,2
2.852318946875984,3.1747926416956322,3
0.8454581771829577,0.03422057317928916,5
0.6601144235571368,0.7662618144303326,2
0.6362596270671549,1.1382434774873569,2
2.912282773305283,1.3718877650444536,3
-0.31542168228825074,-0.6453660098851135,4
0.4746820285796808,0.8557806852354561,4
-0.5877696191818056,-0.7925594096203318,0
-0.5373224574883148,-2.85180144645267,0
0.8522765926559492,1.1348701204957723,4
1.132476996809803,1.0335303562775622,2
-0.9050943405374705,-0.5830247680974595,4
0.5088885209609275,-0.9382606606607737,5
-0.079702441382344,-1.2155147833155673,5
0.5062223778078178,0.6014958636058811,4
0.5371181135389876,0.775270783064921,4
-0.2259895359191606,0.11999903061534013,2
-0.11850261528774703,-0.08591127323734918,4
1.2544838911941785,0.1608899341130388,4
-1.3804442148502833,-1.3023623073403248,5
0.3477237145714287,1.0866951986557687,4
-1.6971062589544552,0.2117621255320663,5
-0.904790828787423,-1.6808274037650994,5
-1.4960672997354747,1.9421345206632565,4
2.8337249694097597,-0.08078060023096692,3
-1.7169432488672531,1.5310054510429811,4
-0.365821472358527,-1.60472485613034,5
-0.302676057721039,-0.6666710389446918,4
2.9693698707939635,-0.8707130929872912,5
0.03775560415579177,-2.5277822616367502,5
-1.9406486133718663,-3.2964497264735604,6
-1.3844438918733313,0.11952414304965252,4
-0.9080088256106622,-0.24675987112065206,4
-1.5254827842609178,1.0678035570936588,2
-0.300744679656609,-1.6346668524858436,5
1.0350001786889178,0.42637399746593263,4
-0.5726016485179082,-2.5613675132380176,0
-1.7290655422505972,-0.05875019039523356,5
-0.9003132308775045,-1.3755198479256543,5
-1.6520087383085467,0.7691715616706265,4
-2.0582075192427602,1.9071130794447588,1
-0.5282498264134023,-1.9767875342204673,0
-0.6338156878075255,-2.3996568080891962,0
0.009392368321226044,1.3862304412363908,5
-1.8941329512993592,3.208851267652915,4
1.2407724259288448,-0.7627782143383457,5
-0.3193909745654895,-1.4898523186546342,5
0.8711325192951981,-0.442502118256605,5
-0.21507277815534484,-0.11133002834256532,2
-0.16733579988480932,-0.3435403174045473,2
0.5479896169855272,0.2167184869294373,4
0.8911235786297269,-0.9930527432002463,5
0.983029224399129,0.7254004655757484,2
0.08438820892977814,-1.9450029179616786,4
0.3172068975801352,1.1745399182054874,4
0.3058193501827765,-0.3901658579881427,5
0.12188772274587147,-0.17318219226119885,2
-1.3747706014745036,-1.6412556426883684,5
-2.1416517025158677,0.4104534279623151,6
-1.1641279354422684,-0.20191837718295708,2
-1.983726407677848,1.1842255805885191,1
1.249343642439415,0.5753335206434281,4
-0.9093064793614186,-1.5863202130535994,5
-1.1578188006731445,-0.35437701674833794,2
2.8297776512050623,-0.36756377945748603,3
-2.1554825549674166,0.19936304671939908,6
2.8966236290899308,1.4866964685106516,3
-1.2983923060696556,-0.6833806299452492,4
0.8879987725428212,-0.8328773723560082,5
0.9308938395309743,0.02445689894115173,4
-0.2694607629839336,-1.1790915480652713,4
-2.1419537883882778,-0.9335089385149793,6
-1.6664301421908794,-0.35927336751322564,5
-0.2889084299888389,-1.9463406298560098,5
-1.1950650909922218,0.10856365842712956,2
2.9092311429971964,1.8824099283444349,3
1.392089286339751,0.3744174957170512,4
-1.9399441371106236,2.5889088858014944,1
0.47086483095622034,-0.5380305756023808,5
-2.188160087505137,1.1602721297697858,6
0.8308819898738875,-0.4090797594097747,5
2.8032891677700587,-0.28557161431825295,3
1.4112365615031128,-0.8369207767890038,5
1.414127617231674,0.2034903358010351,4
-1.5447154853952345,1.4884327603239689,2
0.6392695600185916,0.71757304803876,2
0.8969493776833675,-0.7641871437889496,5
0.3307352733540493,-0.8020794469913706,5
-1.4195666887824603,1.5416854145781709,4
-0.2984424429725042,-1.8419709751905542,5
2.936087332212306,1.7317210635309488,3
2.858397105711758,-0.6569285797165042,3
0.8898885239229634,0.6080318716434261,4
-0.04831382068579754,-1.5936410585933263,5
-2.065051321487679,1.7585527657600277,1
1.2072267378363046,0.29697984022891216,4
0.1119531128379927,0.43661037415235765,4
0.16902458063843068,-0.20336808913000343,4
0.13973782026467885,0.6182978518698427,4
-0.9518840789051954,-1.7647648848994573,5
0.6978169689216682,-1.0023097767542306,5
2.684270286120692,6.060731241586246,3
-1.2438423075967715,0.548582579420016,2
2.852180522996044,0.8447839728989217,3
-0.5117005238527512,-0.6443713829791567,0
-1.3167442954793256,-1.5933038495786984,5
3.0777931000957284,1.0496797578988193,2
1.0623260145625597,0.07137985110329531,4
-0.5832022814915382,-1.3557689132278672,0
0.5599696691061229,0.09937048694199424,4
-0.00677103778043614,-0.6729528855206119,4
-1.3772232416185215,-1.1213378958783038,5
2.9852333739741863,0.24915214528890633,4
2.920555871122227,-0.6297771295237434,5
2.9165466988389603,-0.5571113166364818,5
1.0556511686894505,-1.2153929725810027,5
0.0040625830593602474,-2.0569773474554727,5
-1.724667366938853,-0.1468604755041707,5
0.635443634255988,1.169117226266218,2
1.438924971136957,0.27207144448380216,4
-0.9792809447869778,-0.4605835535683105,5
1.382112607843713,0.5657662054809601,4
2.786815602901338,0.7194586468815107,3
-1.3351576857071024,-1.2191469817824407,5
0.667017703299382,-0.4808358383966034,5
1.4752519091593168,-0.20683673771813432,4
2.772817285191158,1.2649146267907938,3
-0.9092017455403403,-1.689034403076097,5
-1.4408541457176203,0.6542985345321113,4
1.430831846999363,-0.7795753610585651,5
1.3663938118952874,-0.6035535132618597,5
-1.3304234861903628,-1.558415914697855,5
-1.3597400017794674,-1.4738227410284068,5
2.8463627604132404,-0.4168900690129792,3
-0.0339518682408822,-1.780524304593182,5
1.3286717660048368,0.9696734810224824,2
0.5483742233976477,-0.2281137448463022,4
2.8766571436122526,-0.7367852192967511,3
0.18283873158099445,0.6055451099165334,4
-0.021353147129442973,-0.574808099286435,4
-0.35457397142718117,-1.5259602911751946,5
1.4313722742526058,0.27012085636088046,4
2.896754876770135,1.1473989699853298,4
-0.014700657012260976,-1.3848674872744096,5
1.004946940313763,1.2984636676991295,4
1.4076115670425084,-0.9190821006418886,5
0.564208739844702,-0.45476448305541584,4
-0.7048320159558773,-0.7168411097555925,0
-1.8704678011181026,4.7106678659912005,4
0.7046600928160213,-0.013562560791217294,4
-0.31088093370724024,-1.7377433444520871,5
-2.1782673334468807,-0.8113567320263237,6
2.788979479067749,1.923715995241791,3
-0.5848161301518598,-1.0712087921731828,0
0.5125833421650494,0.5362139909673224,4
-2.0101469371601945,0.8077466028842689,1
-0.9015624059389633,-0.3211637891507353,4
-1.965008928163471,-0.5271580012891732,1
0.8469698465952828,0.619788895659172,4
-1.0706464962761315,0.8573363310130442,4
2.890456088743772,0.16216176848342545,3
0.026459304604118494,-1.8370874989844834,5
3.108136310922126,0.7976287684720814,2
-0.5668818033739405,-1.4052010053301145,0
-1.6784431220620093,0.9851413236137412,4
2.8490811126022026,-0.6267402134248364,3
2.9989693064252694,-1.1596861508790834,5
-1.3603423408612048,-0.16249047134792366,4
-2.199963473243059,-0.6989612846001235,6
0.5167141653942998,0.823070517193514,4
1.0757941602356196,-1.2724532227819514,5
2.7845819481511547,2.2523368207412946,4
0.2578105933012508,0.46830240878823565,5
0.722505208495218,-1.11350916226161,5
2.929589701659555,1.4686745510632209,3
-0.4051820598256364,0.6455555854416208,4
-1.9742994548484196,-0.0896668311645856,1
2.697056221524983,1.235676005214808,3
-0.9754950528808753,-1.1349490573214471,5
-0.3093979095821995,-0.28890909621348315,4
2.9210047682859757,2.9909040768014425,2
-0.0008584340488461129,-0.8411700025232115,4
-1.6517525479194577,-0.6423427798838391,5
0.9852151436972493,0.5171670212788418,4
1.0864246750180468,-1.2838036839379086,5
0.5329301900168857,-1.2202991733215274,5
2.8378746489449176,1.1097391202179083,3
1.1958940504034268,0.40314401188850335,4
-1.6379000454999806,0.6537430628785065,4
-2.223602548571543,1.031479630738073,6
1.109800460442409,1.3427003092600647,4
2.9958515365019394,-1.3315131367892066,5
-1.9500079004794777,2.277636911913504,1
-1.9920102330352771,1.5479002308380478,1
-0.5645445379809986,-2.524234398886313,0
-1.354888847678472,-0.4767156550265238,4
-1.1816816473899028,0.1569821529866992,2
1.4259610817905815,0.02746483032346593,4
0.6988235942511042,-0.47456538462671005,5
0.53077339318003,0.8782029170495896,4
1.1978625039775657,0.3479747745197221,4
0.9043602037584124,-0.9565615044591127,5
0.7235999304941652,-0.7563102175271548,5
0.6435032991883894,1.0200707167001992,2
1.262774090617275,-1.0144322575626754,5
-0.9904129659823734,-0.8373948146749701,5
-0.03189180938099029,-1.8383693791520763,5
-1.762458529160446,2.5427388257776147,4
-1.8056485513863267,2.0684700000711205,4
-0.7470818028224293,-0.45154301626805515,2
0.995617650721978,1.2048659276853924,4
2.794924694816129,-0.43745216870705317,3
0.4941563589778565,-0.32693928636358205,5
2.782594576275802,-0.0856197419393421,3
-1.3533133404781006,-1.5272098907572882,5
1.4573266652200478,0.15298379026808634,4
-2.036402135440416,0.09915713316820003,1
-0.03016605315476467,-1.7881672045571022,5
-0.9695409135401306,-1.3903056548749266,5
-1.3898981492000073,-1.1355608020978911,5
1.413377724726786,0.8231133975973404,4
2.8129988380947086,-0.5082269916065144,3
0.09705069474892503,1.089102606263545,2
-0.6743900795126263,-0.32838055630585483,0
1.4420816571359696,-0.9612589496089687,5
0.038445749944110444,-1.3478738508685342,5
2.9208403448766935,1.1037832744550504,4
-0.3536903513234485,-0.011184761851724602,4
1.4363730392682403,-0.9635409399666739,5
-1.6796318418042084,1.0928469361717752,4
0.9957189433630499,1.0890639938292987,4
-0.013414615399540475,-1.2293726853420652,5
-2.267923003544211,4.66177113943441,1
1.106231911664482,-0.348542586504431,4
-0.3454891764975734,-1.888246238411965,5
2.692116194992518,2.663630325739482,3
0.45981816011788346,-0.21688502993217007,5
-1.3492404153748316,1.914164154127976,2
-2.026955498971242,1.4026379215567304,1
-1.3085395738563597,-1.5065993880316937,5
1.4311037965419156,1.8670633501102358,2
-1.6977160168499046,-0.42773584150643196,5
2.984694405937839,-1.016855517017173,5
-0.31069413387127787,-0.2738272916378042,4
2.7687058521607795,0.5901045859875046,3
3.0076952751262773,-0.08031781145148995,4
2.7912081806889435,-0.09133268445819645,3
2.69205278845326,1.7599714467581578,3
-0.9752654988587152,0.8159700128242393,4
1.2138554374847177,1.218713858828942,4
0.019357402735037554,-0.8410271388714947,4
-2.3324433761369807,2.057037190786098,6
-0.011329281316115714,-1.4642320380522542,5
-1.649477108591302,-0.37454025438694566,5
-1.6928498365307727,0.6721332935375036,4
0.6581677066494077,1.6305906038771711,4
-1.387442112103956,-1.1932475049659161,5
-1.3500199482698942,-1.3929563991550156,5
-1.7674377450419714,2.0589884933757405,4
-1.362097671529247,-0.1072360269293529,4
1.0300299885652549,0.35534467953769494,4
2.81536467674277,-0.21834459170207082,3
0.1713121113596358,-1.1857530404537342,5
0.5754678647114267,-0.055858692892953574,4
-0.6279933854773161,-0.33996511108154015,0
-0.024971220552967244,-0.015000103662704913,4
-1.010392484939156,-0.39230798952535934,5
0.08330650505861079,-1.3061811394944354,4
-0.9181023171077441,-1.5403240452800924,5
-1.7766817345128247,2.145161605369069,4
-1.4095170439308153,-0.3631024896053346,4
2.9626027062403466,2.4425468513391575,2
0.866425419901762,-1.1423064875103426,5
-1.9454276293403405,0.6474371509559889,1
1.198230170920899,-0.7797842599298662,5
-1.4626300736382003,0.6455937203903626,4
2.951534368653207,-0.8622427618708272,5
-1.6701601058943152,-0.17458378140637593,5
2.547885012508269,-0.41356398842208586,4
2.7590245477968445,1.7347172193352414,3
-1.3633674711285424,-1.345048297692456,5
-0.009060906430202409,-0.47731354463370934,4
1.0708362968554637,-0.8213614950730062,5
-1.3293907981353794,-1.3039977667788938,5
-0.43117841430500314,-1.307393349804553,0
0.5220626292956267,-0.5019645454341405,5
-0.9074385431765234,-0.7206302061400988,4
-1.9710213278692859,-0.8642789999300801,1
0.5360752603538174,0.3852488000267969,4
-1.4344381029261504,0.2349897126466456,4
1.0966121477770356,-1.1742628477508397,5
-0.382090038316549,-1.1645983966686495,5
0.011246461172360665,-0.577376581200831,4
2.673708188140819,3.37895069885547,3
-2.11129680864647,-0.33507206374937626,6
0.8753919379412809,-0.3912871387325461,5
-0.6112975249869367,-1.5467366707342438,0
1.1175423534531905,2.5502338421794346,4
1.0978561873026595,-1.1086532907405537,5
0.9139711584008232,-1.1480563990738977,5
2.8804180589931603,0.637064691240984,4
-1.9727454228609025,-0.30913855704998955,1
0.617667668238417,1.357348208341775,2
-1.6633500412027065,0.6591695448999737,4
-2.2832149404811233,2.6639443941273333,6
0.1837390006082795,-0.21430394604589215,4
0.5836941502123952,-1.228494099738315,5
2.7927150528387648,0.1046065042992036,3
0.5247459357135769,0.24027068024527665,4
0.5277648229415242,-0.5400412434811082,5
1.1895345807760809,-0.28983059787451254,5
-0.0037797383490604797,-0.5026709616865604,4
0.01741881503679522,-1.0802301704726454,5
0.03738340224889447,-2.2206819786851395,5
-1.7584579538310672,1.9545961153411557,4
-1.7016436199110776,-0.3238374878547141,5
-0.1410506934165114,-0.5751697287360987,2
-0.5756380985096096,-1.1380274685001892,0
-0.9619997839700848,-0.15391671947040103,4
-1.986944174396662,1.5085006721001426,1
2.85182790834273,-0.4394615499593958,3
0.39577741935013266,-0.18074114436537986,4
1.0587928039568688,-0.03671878839866936,4
-0.8728433736125075,0.8848736295514985,2
1.1638402129368275,0.5178428298797755,4
2.9350610697563724,-0.6890910342560381,5
-0.31498313490167995,-0.40576634476797213,4
1.257635572330486,-0.048786995647250184,4
-1.9820169723890282,-0.0405271857082695,1
-0.004489730301237227,-0.5341547415083443,4
0.22151207452726676,0.07161880517705116,4
-1.205102649059386,-5.914586173085708,0
-0.4022694778895668,-0.410676484960719,4
1.2879524746416073,-1.262104061567805,5
0.9149958225405702,-1.0733783465636593,5
1.0499586360456814,-1.177312412598587,5
-0.6123003026871269,-2.6891490292527322,0
-0.5692234847113977,-1.4217370463625738,0
1.2201601057116147,-0.8791986753660489,5
1.271602908258074,-1.3832643269117533,5
-2.2517045885175078,0.35335183517225055,6
1.0992670265809943,-1.1236893132136396,5
-0.9327654096670254,-0.3987493104941608,4
-1.6338488580570816,-0.7681228383450164,5
-2.2412527008808225,0.982850091781103,6
-1.3594597544581934,-1.8369158529485123,5
-0.06920128341415038,0.9165347648088784,4
2.9797107160899334,0.5816620565902328,4
3.0620763394190704,1.263490058428366,2
1.0513975498021895,2.874794331724269,2
-1.9806543892516069,0.002849157271084493,6
-0.24608170994242415,0.24592327739487352,2
-0.9136318282633206,-1.433068546942169,5
-0.6388604630219561,-1.0875867996472475,0
0.17579660798070904,0.22087759010556346,2
0.541938348194617,-1.077317401362528,5
0.3494639999804038,-0.7606804033881746,5
3.024768422546545,1.7355622868464964,2
0.44477304846164323,0.8289087387613511,2
-0.04286104792788342,-0.8284262779785426,5
-0.35073461315382426,-1.7757184419853307,5
2.848883367137797,-0.1866333010347317,3
-0.9823648755216278,-0.1776575412099725,4
2.903326487153822,1.3453628207563626,4
-1.5654414243560986,3.09015506520414,4
0.15354176719465082,1.0313073800880026,4
-0.18783410137241996,-0.2240933577187798,4
-2.0174322565246734,1.8127183861425884,1
2.840848354278362,3.1949635260890457,3
-1.3332895670049274,-0.1699885904452103,4
-2.0236990405888875,-0.25523855849698646,1
1.341710583665896,-0.6178079493564039,4
1.017398426931619,0.7748812719514357,4
-1.103142951300261,3.0458689280185784,4
-2.0706079149768573,2.7718773198565634,1
0.0010620626949260914,-1.9371084143942219,5
2.8711425624726616,2.1340771144385426,3
1.0966121477770356,-1.1742628477508397,5
0.8468743687472509,-0.9300288904213627,5
-0.6503198211503091,-2.213629871744406,0
-0.5594746068294638,-1.482952253665274,0
-1.95482504499131,-0.43593100007438745,1
-0.3002934820501568,-0.511806423235111,4
1.4113273451954553,-0.6103477108789721,5
-0.6606720493366293,-2.0719435740060645,0
0.8074848159153861,2.044136646967723,4
1.4021446662425834,-1.1257605176510184,5
-2.144726199209736,0.40815584601335875,6
1.1751956240534025,0.10966464082020982,4
0.3184688087280847,1.4290496770271643,4
-1.3638598672362916,-1.5222695622163471,5
-0.37020716494133965,-1.2158043782517933,5
-0.009710575838386304,-0.7887525295798723,4
-0.873901646389439,-1.8519478432453451,5
-1.3533133404781006,-1.5272098907572882,5
1.0002614094953743,0.9432257460240481,2
0.26567503642711965,0.5850243331602044,4
1.2190156496199007,-1.0475244412831393,5
0.8640552742503623,0.33618750631601546,4
0.5492487232413558,-0.7644337419248866,5
-1.5542952023598797,3.891557791424818,4
0.006453643747622154,0.15375977352330478,4
1.0880015931267537,-0.9915242365003358,5
-0.3503795148068437,-1.6884204983261673,5
2.8266566700702973,0.6328003273778438,3
-2.128830047811023,2.6885074828528883,6
-0.914807963384609,-0.33290242201346865,4
1.191384886400636,-0.03613209506066282,4
0.4532374787454573,-0.06724732339382747,5
0.19063868686407318,-0.5920168384154574,5
-1.6415378261853462,0.09103458160350854,4
-0.037341283116734736,-1.2480934085929631,5
0.10966054349556505,-0.07260155270965343,2
0.23910839475189738,1.7079711567359954,2
2.9632580599680853,0.39534833544105014,4
0.026459304604118494,-1.8370874989844834,5
-1.3638674220306863,-1.472760321688704,5
-0.5362815204397999,-1.6076368904554523,0
-2.3162497888222506,2.625982690757969,6
1.0594099892578719,-1.1175782142200175,5
1.2121272237420349,-0.5256484490531166,5
-2.2304827268674963,0.48456946492731134,6
-2.144647441158288,0.32476270833054144,6
1.0265864310394461,-0.253039677700028,5
-0.057073994080763066,0.19596865983552436,5
-0.8697163907393336,-0.6119015546346239,4
-1.6632857033444493,-0.15352340795216612,5
1.2527594739668375,-0.9441670958648638,5
-1.3376316156246455,-1.310004326552442,5
-0.2814926406830336,-1.1618574845648186,4
-0.9545513434617301,-1.6264504086651295,5
-2.0624999374589836,1.0963719308585866,6
-0.05132450392810756,-1.1573708776318374,5
-1.3943825174015805,0.2913578453764798,4
1.399440500281826,-1.1827975605464947,5
-0.1682956398368026,-0.8911154485249001,5
-0.013798368079087131,-1.2295260884835542,5
0.1853738223049183,-0.7023022181697859,5
-0.06761064098011532,-1.3656618783885313,5
-0.8786597380146257,-0.6440137396093556,4
-0.06413177860374147,-1.1377344290692302,5
-2.0089967122760215,1.2627744619816115,1
-2.3307014168169666,1.4168134132702181,6
0.08803585169782453,0.5332521325559192,2
-0.3478874761708951,-1.572799695941666,5
2.759543461138088,0.6267980880958829,3
2.841173061179539,-0.5244330209363463,3
-0.6344071820773558,-1.209587414674069,0
2.9329480153791128,1.3801485882848232,3
-2.046760580854834,1.794550806562688,1
0.7231813421790113,-0.1143395591816606,4
-0.47981606609292204,-0.4518888827536972,0
-2.0121176660021054,-0.35607740695576945,1
1.255294525683431,-1.0109784406367384,5
0.9116995292290764,0.3827015718211609,4
-2.083240943737747,1.4695983127504781,6
-2.214897387878559,0.4321311521493108,6
0.8881744149594364,-0.7364949438040499,5
-1.6925119011167913,1.605884026103794,4
-1.0079168027363532,0.5504070313013121,4
2.8518249236847826,-0.3248381703563381,3
0.20088745251372045,-0.10991881074781738,4
-2.0903761160401237,2.9345557137060334,1
-0.35423478879717196,-1.2029757177795104,5
3.045681607553694,1.6228538508926078,2
-0.03014008007737251,-1.859712809188789,5
0.4364236128696296,1.2969570016127139,2
-0.6698748649107763,-1.0440285033048948,0
-1.2868511638173081,0.965132164555504,2
0.4743964861446276,0.5912872006460959,4
-0.36111004656541656,0.7634155808551308,4
-0.16602679836921666,-0.3430170508440563,2
2.8166752533747523,-0.22426448110052682,3
1.1801141662805827,-0.43026470906890135,5
-1.8880876691878115,3.9626331406523616,4
-1.7609728424558424,1.1618694607736997,4
-0.6449043754426016,-0.8139537236646484,0
-0.0680400464316972,-1.0741844682175774,5
0.27244767173488404,0.23846058863927788,5
0.6411992708480642,1.131061890155725,2
-0.9764900849092085,0.8805927615347426,4
2.9099337941249557,2.118383773728381,3
2.908488499125885,0.5024611770786621,4
-0.584380257398638,-2.842125051420064,0
-0.2643022901638258,-0.984405013650131,4
-2.162598089730569,0.09105022564723735,6
0.3183880556428206,0.6941349460211014,2
-2.1259002148601818,-1.2041597362488554,6
1.0966121477770356,-1.1742628477508397,5
-0.5935234637281548,-1.3103824797705372,0
-0.0320717003356597,0.17749834981191953,4
-1.9575743074674472,0.707693867996776,1
1.417174605624112,-1.1445084519157527,5
2.848086401282071,0.2989875254275107,3
-2.1855915453180748,-0.5199231168771549,6
1.392502769591479,-1.0801024379426503,5
0.9926083337396707,1.0456348593360878,2
-1.6877040606568257,0.16872066770269034,5
0.5296558569172249,0.07436510066590929,4
0.09411502203529509,1.1769146768746315,4
-1.7069231886774994,0.46828695569648077,5
-0.33347833565240514,-0.6748267053907803,4
-0.6407643207304424,-1.0182367683739924,0
2.504035270433369,-0.1352862949681234,4
0.9342870036953941,-1.4380281842372689,5
0.2019331024898612,0.395797393163787,4
-0.03527854225921484,-1.5480741734042731,5
-1.7403372852509005,0.4823983639379586,5
1.4423097467357864,-1.3765975519192852,5
-1.8551048501209322,1.5030266557162835,1
1.236032955204507,0.5662317065987579,4
1.2094086637592103,0.5864536683766087,2
1.4021876277305818,0.9553085559883499,4
0.7124592505809841,-1.1266811778038777,5
0.8938378281246583,-0.8644556009225702,5
-2.058423812538996,2.0124949963458194,1
-0.5698615556099275,-2.6345406539258556,0
-1.953546544145673,-0.32350770101522996,1
-0.49806473384738703,-0.47478365107961973,0
-1.0103611040703424,1.2356828608929333,4
-1.3671939359366159,-1.135641085283991,5
-0.26982752415499,-0.69118372662927,4
2.952024866175173,2.7364112434341,2
0.7916157969750436,0.9525931759963076,2
-1.656005614366726,-0.49177457577887107,5
1.122171499027366,-0.1780339636664356,4
0.810316890943594,1.2677024164710904,4
2.9914171434925905,2.621933572501091,2
0.010672161544727386,-1.592105426681325,5
-0.9145718203311775,-1.594868799747349,5
1.0891153596975,1.6893633051561503,2
-2.0352181910833402,2.513755981474159,1
2.7258050519243433,1.0270752391199014,3
-1.9937911521090792,3.5165994359515973,1
-1.317322514534101,-1.553178869288814,5
0.044234226588083014,-0.49902812067315394,4
-1.3695758806148008,-0.07795687879598326,4
-2.1338538737461197,2.0014642098834994,6
1.2051708844984421,0.3169839433318559,4
1.4149787264081106,-0.940893261588643,5
-1.6517925692582895,-0.6267588081226289,5
2.830878831098573,-0.2772551536838941,3
0.7169522249245603,0.5003808060672255,4
-0.2979735500924493,-1.7519151068080985,5
-0.9003155982530973,-0.2738158636786163,4
1.2089021709681402,0.27811938136313435,4
1.1757279045952753,0.19330205791707405,4
0.06937896852514697,-1.3144610419208405,4
0.6995769163721882,-0.4339081276641522,5
-1.3794419159827138,0.1359057517161445,4
-1.392857836371843,-0.9817632110480261,5
1.0929263083202347,-1.1692924385398467,5
-1.9733484081623502,2.826848612267752,1
2.9603333809242893,-1.2402428604020495,5
-0.01567230409509529,-1.30454361734541,5
-1.7418887830384537,2.3556247109618242,4
2.9467407669639596,-0.5725099509724183,5
1.3972161183335525,0.8230966677022042,4
-1.6888478627078316,-0.5049030940605786,5
-1.2982265930132788,-0.5686898000116012,4
-0.23299782998653876,0.37506309987104447,4
-1.9671207870985272,-0.009816367197772104,1
-1.3765951189545553,-1.300823651237665,5
-2.1780841175486896,-0.7526150261947977,6
1.2028233042070378,0.7388019245352738,2
0.4033930948651404,-0.1620968075036469,4
-1.7394873256468328,0.12326439944638169,5
2.8513830750626084,-0.4148832242936529,3
-2.0042118530038833,0.9547257818155745,1
-0.3320852355944838,-0.8904325130933087,4
2.8561195578581264,0.9297832138722453,3
-2.199115381387996,-0.9407590064635998,6
-1.3646390043888623,0.9674567740260989,4
1.4446473295351805,0.16351529177029195,4
0.7175494657581718,-0.6532604687795563,5
0.1418260267760136,-0.524373399524413,5
-2.1984114650355986,4.232327123670319,1
0.8665823959139242,1.0442765602408661,4
-1.426226754203346,0.5898075292722602,4
-1.973971789924489,-0.1546481074802885,1
0.841633473698341,-0.6716748045841542,5
2.818487376911885,0.47333612083263893,3
-1.1939755533737106,0.09339927740500176,2
1.2654069770116574,-0.46755405687147034,4
-0.04738969277021132,-1.0954635758366862,4
0.8478943553616354,0.40922167128532094,4
0.8335662885914082,-0.08888913647242816,5
1.4112892875873644,0.2583118186992221,4
-1.720966188468845,0.5433855801414442,5
-0.8173114621120608,-0.17236797718854285,2
0.4827201452393718,0.6266972857585895,2
-0.9354749916433591,-1.4757125749151583,5
3.0958643404471324,0.37458095996270185,2
1.061045284366811,0.4706977116151388,4
-1.9818977368813968,0.0778764766946217,1
-0.791082568879729,0.03989752859240443,2
-0.8738952189163286,-2.0381259657328146,5
0.4869461329183571,-0.12804091497618197,5
-2.0752589048689627,0.8843030562238701,1
0.9131577083613123,0.4667090622670318,4
-0.6771322930688988,-0.9882611759205631,0
-1.3220875510021606,-1.3753467663576129,5
2.898962390018055,3.152673380119197,2
2.8166113372568238,0.17927119236439054,3
1.2096771903153696,0.673033077001096,4
2.7489509485307186,1.7423600665110752,3
-1.7305152116790785,2.356439669343656,4
-0.32780989495006096,-0.6621866997784401,4
-0.281306483136209,-0.9104900907591642,4
-1.0801243380853756,2.9200459841143727,4
-0.6178256598381139,-2.352908749042351,0
1.1673213481002314,0.9294382753384227,4
0.8811946115258773,0.19721433369556318,4
1.452288535936852,-0.3462407801680553,4
0.29619798436542377,0.3285032587832724,2
1.1066008502280604,-0.12185832511355142,4
2.794390545318557,-0.1772165791921903,3
-2.064933569365672,0.7973062544202728,6
-0.2643022901638258,-0.984405013650131,4
-0.3007207192987764,-1.7309695012897623,5
-1.359703352088612,-1.352739725429149,5
1.4146875423687686,-1.0308780650250344,5
-2.0335355317326522,1.3257391288544893,1
-1.9712425949538503,1.3285966628029229,1
0.32116308791951076,-0.7068812814195775,5
-0.612662065796412,-0.85309089821198,0
-1.9395592659429368,-0.6838339203783619,1
1.511174709387255,1.0149679362216322,2
1.229040871901664,-1.1645853118811753,5
1.223050859587929,-0.9000868716989495,5
-0.27966073915412804,-0.6310707585116008,4
-0.3117632343253779,-1.4684907968955094,5
3.02362249724083,-0.31880009937870335,4
-2.210768207511911,0.2642475299376527,6
-0.800113267579416,-0.05086849909548673,2
0.4428962404701533,1.0812809975191569,4
-1.9605712281444752,-0.3666719063416956,1
-0.9062815093220467,-1.6658232441097531,5
0.7681626434664092,2.5466036795369518,4
-1.37332740250832,-0.06614298573351185,4
-0.5565713082834738,-1.6028600803144875,0
-1.6681106442282496,1.2771893168210304,4
2.956838728952302,0.11028936261844943,4
-0.11745966433302607,-0.4029681312195342,4
-0.9510760817929658,2.311845824089598,2
0.6009442987569096,-0.3685236516433465,4
2.8426980332908593,-0.4899111028899895,3
-1.7006097457264675,0.5687888452906684,4
-0.36584769990763477,-0.863744165451789,5
1.2353238511940967,-0.5631756359886264,5
1.078320203525375,-1.100862704767832,5
-1.9412289291050275,-0.6570327954260435,1
0.2085701731647519,1.5609248358269427,4
2.825465283652589,1.3953590252969106,3
0.5359688820352563,0.4815185087976368,4
2.5816565092081283,1.8206399393797614,2
0.5667895577624315,-1.1233394018404692,5
1.5438981649921013,0.9408929029176909,2
-1.9947572928303152,0.8282806519097913,1
2.797849908088365,1.6668127848089243,3
-0.5848158346174387,-2.290200982255487,0
-0.6042788325557595,-2.406162025101632,0
3.0678337871323995,1.2813915324232608,2
-2.1313755359801054,0.28326815709905584,6
0.27895801370411755,1.376295701880152,2
0.07976742404689352,1.8608286393909585,2
1.324718864239307,1.116630232087207,2
1.4486730738735238,0.08063137350973498,4
2.707317854903599,2.449614152090526,3
2.847864467577168,-0.40713358684585055,3
2.981402560737807,0.0953524707823609,4
-2.047467306770259,1.335598581411545,1
2.8272716699869833,-0.7812829362992048,3
-0.5659413961996613,-1.0673951271700086,0
-0.3477150273751919,-0.34458228950201725,4
-1.385529888191413,0.9133249070089946,4
0.9124098516212465,0.048267958398518974,4
-1.9501626087225283,-0.5422479469361619,1
-1.6846319456890249,-0.2336125259648124,5
-1.5850376738033987,3.3987266114852344,4
-0.9040714360852707,-1.6713835864137627,5
-0.9629772740885764,-0.179063612333001,4
-0.02594320750982665,0.01852370158306501,4
-0.005957987888576266,-0.9486769615158969,4
0.10346690794504076,0.6441548681286202,4
1.144340019652031,1.6059706592777216,2
2.8759549351147307,0.45717022847117134,3
-2.042839122567089,2.2712357413726307,1
-1.6347640303749609,-0.8712446244551607,5
-2.1367847734848393,-1.0772671910456841,6
1.0439909118643433,0.23734354067479696,4
0.4834943426721925,0.23816269224478553,4
2.8713369185141495,-0.6086874104069587,3
0.4858299407303851,-0.36146767051206113,5
2.8495618755868786,2.002263144855213,4
2.9490316762926807,1.4608464109449586,3
-0.9789992044410633,-0.1998504200270833,4
-0.36974424438028797,0.03728532233937133,4
1.436034394698507,1.7140535896562474,2
-0.014719426234060584,-1.5958118080151467,5
-0.047904840536865,-1.6494336455117247,5
-0.2424532970776441,-1.2490076944826998,4
2.739457840704693,1.8935459293757921,3
2.5278458957987104,-1.107849635227134,5
-0.06410462982630621,-1.3798603146566992,5
3.00462549297072,-1.1391127276358108,5
-2.0279345305415664,1.2185794790441185,1
-0.8890882695331289,-0.3629772322788622,4
-1.965510097529794,0.9310583376194467,1
2.9464027067693874,-1.1715431323514316,5
-1.9968709896321297,1.0019466221814899,1
-2.0717861141689013,2.3038013800091446,1
-0.9533938365025241,-1.6351438972843382,5
-0.5233463217201249,-2.9425267916845375,0
1.378319932930601,0.6761622867823617,4
-1.929677657206336,2.050070876926894,1
-0.049051113394061485,-1.6994041027448452,5
-0.3427235801497731,-1.570735455314349,5
-0.5059634235371917,-0.6044343004174558,0
2.7554474307911883,1.2342614739487392,3
-0.07874647630010878,-0.32291958000048265,4
-0.6364975464065149,-1.932055364824813,0
-0.9301397308856059,-0.2766313319275935,4
-1.9767923021203289,0.2623665874973465,1
0.16432549114068756,-0.7510723012444974,5
2.8056590194309674,0.8014310905144172,3
3.059984099357041,1.042560702304682,2
2.914134204792455,1.5927208562146273,3
0.8250884315897704,-0.30592731148174496,5
2.878250874051453,1.6994450477100307,3
-1.3055088803066544,-0.7174253638810562,4
-1.6904700909722465,0.9075596726637217,4
-0.28956685146783323,-0.9789043887860618,4
0.6626273738293335,0.7828663433877119,2
0.2329531694003537,1.0653736096030644,4
0.8874127685311385,0.31432459716951583,4
-1.571967541855467,3.8817812347368106,4
1.0381752653845122,-0.8408613851310588,5
-2.1528641076623467,-0.7021773257823348,6
-0.6832720891210827,-0.8357348194268573,0
-0.6055617233247204,-2.5745431320377237,0
-2.0284207041806686,1.9412627585420295,1
2.991826078699247,-1.268009938308637,5
-0.9385777754146548,-1.1330791752293086,5
-0.9265884119270719,-0.8676660280898619,4
-0.9056487895905501,-0.42182190315513357,4
1.074490392399322,-1.2482182230863148,5
-2.1874303468961607,-0.12354071704001156,6
-0.9351494088656424,-1.5783384576563646,5
-1.4106200079795033,-0.13700664170959898,4
-2.225617733249451,0.4132922087264114,6
-0.5624340559031495,-1.2538175620321115,0
-1.366243303533514,0.5239171973576504,4
1.0219150814171225,0.5116956734326793,2
2.98603716713754,-0.5539176061346629,4
1.178710237046676,0.4366309960696902,4
2.5604330907529853,-1.3461160171068751,5
-1.7188272320145426,1.219073071717958,4
-0.6630580895264037,-0.7092983856225843,0
-0.6491430760718361,-2.008666420609789,0
1.189055052480378,0.6608592548307477,4
-0.3632504685696868,-0.2896104595195228,4
0.548897737102366,0.2913499515715284,4
3.02166882752929,-1.3432365131281878,5
-0.5781572835705786,-1.1987715000537034,0
0.8392847009801703,-0.9266190506544592,5
0.007507252598599022,-1.6676390492469502,5
-0.9990293973902155,-0.9059514745738545,5
-1.0186191643795866,-0.09583777252954112,4
1.4439452479945494,-1.2704754495529786,5
-0.06198769865541515,-1.2827018555780978,5
-1.4003159734733748,-0.7426078100325068,5
0.6857033080221261,-0.47981015093592716,5
1.0781767532227904,-0.9706955189865085,5
-2.2359160380505596,1.90421688353557,6
0.5161020411427932,0.10014696496746062,4
-1.7436023039191586,4.595024692000519,2
0.01803511501605437,-1.660718186886117,5
-1.1055891232774753,1.8990987482486301,5
1.179895525664389,-0.6752012542340144,5
0.3650446758549871,-0.6242275618570648,5
0.5291979832704093,-0.22933555317410287,4
0.05012106509781744,-0.8663733107408722,4
-1.5090525596023123,0.7332101404886686,2
-1.2773636289799384,0.7423879812486978,2
-2.2419134451917593,-0.049007817896051756,6
-1.3558910102408768,-1.1779227117737963,5
0.21333566391191786,0.02528182643180417,4
-0.022873350966258366,0.15641917190181692,4
1.1637811749598599,1.0243352963798695,4
2.8235427761975975,0.8736923066471368,3
-1.5843142281839842,1.4790471821320013,2
0.5604472272341953,-1.0295624526955143,5
1.3847672686976633,0.23482221178104962,4
-0.9688813495915843,-0.6005849736557982,4
-1.652847122805443,-0.5088243295116616,5
-2.0259327888159704,1.5176713213462838,1
-1.7068514582900178,1.9020256431334646,4
3.05950108323971,1.3367290558657794,2
0.06117870147947171,0.1437110308312893,2
2.832873360311577,-0.2452579046989516,3
-1.866647064489629,3.8748916644053883,4
-0.14542628121978898,-0.6081187874129396,2
-0.3465705130329523,-1.457648661664601,5
-1.7854229832582134,2.2874918879945283,4
-2.1816871793863397,-1.19424125569594,6
0.3355618059855612,-0.6021008717519886,5
-0.016834500557350696,-1.3050081993479326,5
-0.8602122974733705,-0.8045077738836426,4
-1.6771180383028894,-0.7735508840995969,5
2.8226069860857654,0.77163075975066,3
-2.21524782570675,-0.24012900237299306,6
-1.3767490870169203,0.2996245669186022,4
0.7631782301347498,-1.388899407596126,5
-1.843678285061243,4.036341588190138,4
1.114718519484881,-0.39195004149246465,4
-1.0609005993482457,1.5499987392888073,4
0.22331459693664027,-0.02668527742939051,4
-0.05655853919711579,-1.466712217050707,5
-0.9128961134461495,-1.5473990262793413,5
1.4149787264081106,-0.940893261588643,5
-1.9303901330859141,4.618889560418216,4
-2.18427316765256,0.8857768595566294,6
-2.1952472436568065,-0.6943636141722307,6
-1.6646348087119893,-0.3897556548262258,5
-0.324189630023055,-0.4955340762671111,4
1.2592749941789505,-1.0497433893746466,5
-0.9109488411373221,-1.5374644803964697,5
1.552676536025406,0.6435967939531357,2
0.8694026925882681,0.2979689838699372,4
-1.3661905690232592,-1.3929767188613147,5
-1.942537289695583,-0.4310190336838531,1
-1.2241715352643574,0.46928981440842205,2
1.2012763336015968,-0.7382104462429504,5
2.8446583668472236,-0.2965030200021519,3
2.797272920274047,0.9622156764839397,3
0.6529584902904848,-0.5240996696715278,5
1.0966121477770356,-1.1742628477508397,5
-2.216080539977247,1.3756478139258193,6
-2.1291922398299814,-1.139344373800021,6
-1.2934004107499628,1.8622174553513775,2
-0.5756507646134638,-2.795566867587703,0
-2.201166648641096,0.401194039433866,6
0.33044890167902796,-0.9388622697697537,5
0.9338892274488377,-0.1879948649961533,4
-2.0353370295702673,0.22980746649082612,1
-2.133163878313102,-1.057507424758294,6
1.0727852814653667,-0.9664069577665917,5
-1.9968917065850176,0.07188271514319408,1
-1.6628181381300382,-0.6742346781603011,5
0.5566835084296137,-0.8265740077278204,5
2.855344614659317,2.806520754194553,4
-1.583553315382701,1.3894829258298664,2
1.284099278332958,-1.3782689678462243,5
-1.6633357075658466,0.7086875715968481,4
-0.9421416856834914,-0.5651398015971866,4
-1.3274378680917653,-1.1977486901907441,5
-2.0689020034389585,1.3507398460791558,1
1.074490392399322,-1.2482182230863148,5
-2.0845691559988513,2.88736472725269,1
2.8990190890662006,1.3757418562434784,3
0.5422449240979199,0.34629042291653345,4
1.0103094431028727,-0.6098638503246883,5
0.211857195607167,-1.2658575325024608,5
-0.5782970990169833,-2.570088014074874,0
1.269154529625504,0.23457910834723955,4
1.3647837109858927,1.135693334365254,4
1.2532122468061921,0.34656225655113104,4
-0.5405189914836595,-0.007481019780646601,0
0.16965511590548238,-0.6746733630725659,5
-1.3815679246291535,-0.30513007181475893,4
-1.3348409571666917,-1.73720623151205,5
0.5236760391330989,-1.0442615442501302,5
-1.3816418001516273,-0.9304797419887447,5
-0.02216272999732305,-1.6235434121935046,5
-1.3420023672778019,0.3824075922642335,4
-1.344044555074968,-1.7005292016422684,5
0.6717254170831491,0.6654348377864812,2
0.08550620118043041,1.6521858941708838,2
-0.970405359245094,-1.6355004030820213,5
-1.7636148356564967,1.1279474901157136,5
-0.7309919637461539,-0.13213175947299044,0
0.31093519853369345,0.8986961247157327,4
0.09716789623327528,0.24525357933818887,2
1.2442599394033351,-0.7796964552283631,5
-0.5689961067976567,-1.62342679910382,0
-6.823906357239506e-05,-1.425818166520358,5
2.9890266000643497,0.7477115293390174,3
0.9397600942156032,2.0406665213217985,4
-1.3531778160902657,-0.9347013843171132,5
1.4984993069433452,1.0906132562200634,2
-0.3266991353207366,-0.8231671768424814,4
2.597242570568528,0.9271671003154054,2
-0.8175213668183371,0.7455637930595674,2
0.6814366491057933,0.5916520471371652,4
-1.6611969850618193,0.8214547097614567,4
2.566795139051353,1.1517078836277013,2
1.1052815826998925,2.313036092524952,2
-0.9430987379582264,0.3106426557024075,4
-1.3423494791015727,-0.14885410459466764,4
-1.7208467509758665,-0.23520160495772002,5
2.763790032777289,0.8238324628832173,3
0.7851498170088681,1.7148729161793628,4
0.33901665729905106,0.6026725052147559,4
0.12252384021714288,-0.4513771036784021,5
-2.180898318007306,-0.7968084667902042,6
-1.3172840223456508,-1.404626531009263,5
-2.25594822602022,0.611058128506873,6
-2.06161020173606,1.9069706947683136,1
-1.6940046610525448,1.5310188443042534,4
1.3503640783339055,1.0452867121888059,4
-0.9926219155371933,-1.1078831373149174,5
-1.7018518899372368,-0.5036576522583721,5
-1.8576232713850496,3.7493428671213733,4
-1.3341969815147547,-1.5260119877464744,5
-1.384406749353752,0.8422178671123653,4
-0.9773720957121182,0.8646401721157806,4
0.019795155948917398,-1.7993953326472545,5
1.4535457282367672,-1.459262085386062,5
-0.5952465931129,-1.708188713543541,0
-0.9731958829712352,-1.2523859909643982,5
1.259151293843571,-0.8361436020191663,5
-0.02108722093294313,-1.7350256042506564,5
-2.166774643083982,-1.0892554857327317,6
-2.106230451433776,1.8171697057123675,6
-1.3340930499416666,-1.2655213471725,5
0.2848131446792813,1.220259116403865,4
1.5022085682549975,0.9215153365956703,2
-1.9912374954047067,-0.23954987412907486,1
1.0529769332965788,0.02728648404538532,4
-2.17401648971929,0.030529705057189802,6
-0.01782297979494285,-1.66216474394378,5
-0.8351091578672977,0.4662155122502922,2
0.7444508011427435,-1.2441172269203773,5
0.5297653966058496,0.5129510119832742,4
1.3723466105260387,0.8874236698247594,4
-0.0603548047902302,-1.5489419952248435,5
-1.6918338974187745,-0.2456476514678272,5
1.0636090343809677,-1.203055681112736,5
1.3938691653395172,0.25928656350604423,4
-0.3388685788001362,-0.4972445175650476,4
-1.7553673228835296,1.8632507600865937,4
2.80750288593933,-0.32695568836986244,3
-2.0246206489498366,1.1822604397666887,1
0.07272672561828278,-0.20877766129050163,4
2.947944200785199,0.24862811405445934,4
1.2675884173007221,0.26515301330154156,4
-1.6837366646270366,1.3333427967374245,4
0.018093253543519327,-0.6736869428394252,5
2.880894619776534,-0.7910474206847123,3
-0.015854093816003223,-0.7001220738627723,4
-1.2420625779196166,0.42822563600558317,2
0.14049520040383365,0.24745715915978833,4
-0.0022090738697370105,-1.59996702396087,5
-0.933165783499099,-1.1621157154094808,5
0.859982052468956,-0.25162262727400303,5
-0.05931454531105579,-0.22406550166104355,4
-2.192527870231144,0.460603470812195,6
0.20829889922574787,0.24336137993779927,4
0.07657654865679978,-0.4208879747050931,4
-0.8028116962194445,0.23970188681447163,2
0.34186331952183246,0.38067001785657656,2
0.660798830532074,0.8472476633241197,2
0.6351028187317275,1.334947438145265,4
-0.92799255407628,-1.9386826734202391,5
-0.3567062927270672,0.2937900702000398,4
-0.09959712752287274,0.35228603266040565,4
-0.038434832177659084,-0.1830244446791358,4
1.2007252548008465,-0.4871378058513376,5
1.39271202970951,-1.080018787296791,5
0.9962497488459603,0.2455289788431596,4
-0.07419214194666927,1.442030383713929,4
0.07903470857867603,-0.07568789315226712,2
-0.08203585841900797,0.0401657847710971,5
-1.6797622815861304,-0.3242467006705301,5
1.2856934112927791,1.2220983909769405,2
-0.5847827170264706,-1.1363077180358017,0
-2.2853763075852016,6.557155691006259,1
-1.7402079637404269,0.2715132600032731,5
2.9921497922967886,0.5985030829312051,4
0.9182837644628953,-1.1188639711543056,5
-0.30340993766345203,-1.9365374800053763,5
-1.8794099174980086,1.7317161578320797,1
0.9804178315761519,0.6702300285090421,4
-2.252501376947709,1.3858450274493623,6
-1.3498433077721912,-1.06359299111984,5
-0.7791493522944312,-0.5203178949530891,2
2.9237273289354104,1.8230924172460308,3
-1.3649355449123626,-1.4602997420441135,5
-1.868753394179755,1.7424198543789269,1
0.03540203418379029,-0.924481881343845,4
-1.3285962592475742,-0.14335632635457146,4
-0.49851168969503246,-0.2328255691604597,0
-0.31122545279995906,-1.843349558914056,5
-0.6376112430503315,-2.416774063684234,0
1.1446009625729747,-0.6221413720320037,4
0.6125813420866727,0.6995779893327082,4
0.5188580605576475,2.349607071373757,4
-2.096885255702322,-0.5622917182822453,6
-1.721560461198129,0.04971832973604629,5
-1.6797326457660269,-0.3645909742606364,5
-0.9261173543912401,-1.4224596433351355,5
1.3766793751354587,0.05707818635053013,4
-1.6905557440000265,-0.6449665201545364,5
-0.905941037076199,-0.7576753277292049,4
0.6961500350378635,-0.7113270862070854,5
2.8721792008385614,-0.8623560590750711,3
-0.9372315232013821,-1.3957024985761752,5
-0.547786908802058,-2.7193161652485696,0
-2.023286872657445,2.3259010104808655,1
-0.9473918072122982,-1.1888272492197056,5
2.875186890631428,0.4412632105651461,3
-2.0457710264702933,4.234099635968439,1
-1.3329057640879245,-0.0643667774071948,4
0.25842014895095655,1.8889840517712717,2
0.6075758684815455,0.7608597899116102,2
-0.17250825566209207,-0.07600273066345342,2
-0.10182392895521918,0.5962450107107482,4
-1.8615797809179744,2.9549712720557464,4
-1.4692729446484927,1.327547370886647,4
-2.1959938482885506,-0.9798673101671318,6
1.2141802186327455,0.28938543159608426,4
-2.1551097975712974,0.09404363156423483,6
3.015901357108355,-0.2072620200126436,4
2.9047120977748584,4.367349118570513,2
-0.6628133658136038,-1.2263399403280888,0
-0.8986619103765846,-1.768245829295351,5
0.19904278890520624,-0.6602134012966442,5
2.976583428235281,-0.6724926870074521,5
1.1242888909630662,-0.3165682484870377,4
1.4458919391718603,-1.1954287673393726,5
0.15887998531153452,0.5213642507712635,2
-1.3519008946737407,0.18311387212236768,4
-2.1591683263545844,-0.6643412841223733,6
-0.0021620619725545853,-1.3615428967110976,5
-2.324238197916289,3.3115558818686304,6
1.1858384799900614,-0.5921133483830568,5
1.4399782502437213,-1.1106367388505338,5
0.9169668324503044,-1.0881904396555884,5
-2.17323028922202,4.353236723664432,1
-0.32202082112377517,2.4019158446680886,2
0.6411527160271394,0.4826329095997415,2
-0.30285241267717444,-1.4961286864465724,5
0.015394976250918012,-0.616074334141744,4
3.016460901167613,-0.020857699418310872,4
-2.029602215992152,1.8885657687813775,1
2.945417112240878,-0.9362441903511229,5
0.6092873614040316,0.8266562209496129,2
2.840877988374585,0.6384852255434222,3
-0.3302644995258399,-1.9133601237165265,5
-2.0195402927085095,1.7322320562394948,1
0.7107785140900164,-1.2823337788432014,5
-1.6624176426126198,3.51954999293015,2
-0.6580472071874885,-1.2319249522215254,0
0.2169402126108646,4.838213733610969,2
-0.024732314228150865,-1.4943459651833568,5
0.17381813380954622,0.008267062894872015,4
-0.12015591871118808,-0.27653376640995836,4
2.88986644977273,1.8499128469845212,3
-1.37067626568831,-0.9728962433175838,5
1.2405410555791523,-0.6913146388326455,5
-0.9199190703184472,-1.2806011645596775,5
1.0406190233909958,-1.0040214385970918,5
0.16205777832847884,-1.0188717065357575,5
-0.6521307636087459,-2.220797524780528,0
0.16919546497462484,0.5102228596559035,4
-1.9833762712198533,-0.5711249875592623,1
-0.6494464396662106,-0.5422339075739657,0
-0.38680598631075125,-0.5008072732686638,4
0.1904917131409513,0.06566237413408477,4
-1.9241301317066761,5.415626834405343,4
-1.9391826631640237,0.6499335437657286,1
-1.3374894904175976,-1.080698372873275,5
-2.1929060154486226,-0.9474330462943839,6
2.7971656997043306,0.15589794516318572,3
-0.6696830825915796,-1.0117054479233225,0
2.9126436607758226,1.7379495377267475,3
2.8290904529954024,-0.60353145549739,3
-1.9727590080999362,0.3852186317654103,1
-1.7040058128749775,0.3236286083014997,5
1.432686267828938,-0.1404275392022185,4
-0.3482030837375708,-0.6559566648587113,4
-2.220611401054628,0.1979129397986606,6
0.6547399269784915,0.8851817684372641,2
1.2264095400496933,-0.7437635451859301,5
2.9829327187365355,2.5130736326921035,2
2.859437655283938,-0.4988195040704394,3
0.3651718522657066,0.5958841263023673,4
-0.2024384899948685,0.2504818200778096,2
-0.04885159091049157,-1.7240805826620234,5
-2.162120850236261,-0.24347657728301175,6
0.6344198430883656,0.569809887534309,2
2.9437180666825102,-0.6205181620894991,5
1.0828686787234185,0.24372853597500943,4
-1.345979512828286,-1.4591659247220568,5
-2.201963595848893,0.8306873940357719,6
-1.6177804107105729,-0.7993432519926565,5
-1.85419342994099,0.9109366522791092,1
-1.4014378299099657,1.2325271669424698,4
1.4126212765920545,0.5284495693746538,4
-0.03676405441819712,-2.2849130210949964,5
-2.1800314678891097,0.6114233641031411,6
-0.180438461569429,0.3294666138001541,4
2.9081444231950053,0.4447015906570119,5
1.1862269626563542,0.6959274807155066,4
-2.320757750284501,2.093954932753079,6
0.9112549617181828,-1.0097614775895776,5
0.48453706034719124,-0.6811020982882412,5
0.02884199768636181,-2.0158719608481714,5
-1.8292378415162796,3.092898425575659,4
0.47862393520158986,0.4765229815163272,2
-0.0021312437027343756,-2.252077675521176,5
1.3494369938628505,0.987130444794159,2
0.5212643952611369,0.945957821056072,4
1.0120901560997615,0.7675333581831443,4
0.9900482959810356,1.1271533223792884,4
-1.058780330237827,0.7254114420070072,4
0.2674314437610814,2.243238707219516,4
0.3870253977845689,1.6092154965532963,2
-2.15395216699612,-1.1831543284726094,6
0.5471721932186568,-0.9633130817715876,5
1.0168569601325985,-0.6723587850089622,5
0.5556548363279384,-1.2176588856585968,5
-0.3560601219092533,-0.2372238592351369,4
1.3938580691065126,1.1720718920760727,4
0.5401762887880789,-0.7368604422550609,5
-1.8790643634721356,1.9895910320262997,1
0.6584221644074221,-0.5558279290584333,5
-1.3592157857530494,-0.5032014743613371,4
-1.3947461351230066,-1.2521233129015177,5
-1.8756040637912084,1.9753742943314287,1
0.024085025693475162,-0.9876969445218782,5
0.18406591533137368,0.2740305028097678,4
2.7954157598064153,1.9117574568476163,3
2.746997818126601,4.268087417543143,3
-0.019854263848976428,-1.5731082546355597,5
0.5385170909715347,-1.1254849894727939,5
-2.232533507174379,5.2383901444957015,1
-1.9869177348602862,-0.47622837067832835,1
-0.65969981529651,-1.3041416764615368,0
-1.6601863575847158,1.0263517192022809,4
0.7079057098159277,-0.8212523714432052,5
-0.37871487742520005,-0.18116769158037704,4
2.7570699459777384,1.4239744546061606,3
-2.141449362412453,-0.19214471503035008,6
1.4277100126389801,-1.1467407756379981,5
-0.36415364952709084,-1.3683652122862926,5
-1.7149089142836305,-0.23282798556485262,5
-1.358601830097953,0.235322768083448,4
-0.5797134080948647,-2.6422102389082776,0
-0.95644944365607,-1.5217407653627761,5
-1.3889012545631474,0.22843667453699296,4
1.1940642825304373,-0.7814495521877437,5
-0.6588541474126777,-0.5578631142434829,0
-0.6040604464211202,-1.4760190653232157,0
0.9166724955287984,-1.113064225596006,5
0.857430734877685,-0.9258090378615627,5
-0.653579446254094,-1.2145389938407027,0
-1.3715173814917014,-1.3547499521086808,5
-0.83174712029815,0.5262279459675492,2
0.055679510620868435,-0.42924145717799944,4
-0.3493069864180476,-1.6852793387197034,5
-0.021677442815833226,-1.1272073267139104,5
-0.07152884764265126,1.5980757236670622,4
1.0033738997745802,0.7582892821856045,2
1.1515526617244203,0.08566000413838547,5
1.3737141386443923,0.6960298806101031,2
0.9365036593259196,1.404724796869189,2
2.9725942896055004,-0.8134680458385035,5
1.062134613348407,-0.6854592244701755,5
0.8938759804218985,-0.055453075272860905,4
1.4344419326335078,-0.9083568012802896,5
1.0806356027228516,-1.1402932563138255,5
-0.5512652873133,-1.6502512744653985,0
-1.7113214104440095,-0.4670869235668663,5
0.8093108154868033,2.1255788616234486,4
-1.79554607907611,1.7652594301324462,4
0.5881665654547574,-0.18745080840010714,4
2.91674502948973,1.3828277089078191,3
2.886470812509123,1.4584753096863736,4
-0.5939441403973578,-2.8120358258000753,0
-2.2062601099732495,4.423457974181732,1
0.3064303723027696,0.8012671451549435,2
-2.1548364708340046,-0.7524780762139853,6
-1.325964005685743,-0.11754793843681015,4
-0.25242281944353995,-1.2713053314898068,4
2.8658914734539476,2.643493301282958,4
-2.0017236632677924,1.5284173638004472,1
2.8757185484010406,0.4323195658993302,3
-0.027473195561320607,-1.737578364457096,5
-0.19787824504561066,-0.7125108904176376,2
1.0423669414846555,-0.9198980347037418,5
-1.535022936080174,3.3600513866761244,4
-1.188306147008089,0.16077787037278685,2
-0.6079713067429464,-2.1315889664481866,0
-0.9719626040303383,-1.2298492260419966,5
-0.05162023932158094,-0.6613470292384057,5
-0.507678122147375,-0.6583634188624128,0
-2.0084943094095054,0.1323569234617667,1
1.252281995950057,0.43605882126677864,4
-1.412605665468304,0.4128032730105267,4
1.247740693730677,0.5149557056037366,4
-1.338394159078519,-0.10691685997981708,4
0.13018477561516892,-0.4235585222922569,5
0.6298851583237487,-0.12060567299183254,5
2.9196285872838033,1.0107180856342568,4
1.03553784954169,0.2612341931415329,4
-2.0004397823249063,0.3960257757096578,1
-1.9629770466417242,-0.08242836309888144,1
0.9282807224609311,-0.2892615180741867,4
-0.3125520841291005,-1.6797429230875853,5
1.2869382015004494,-0.6047716048614147,4
2.719765466855385,1.7398494938200284,3
0.00019247757760694484,-0.5011058199866958,5
-2.193603689031638,-0.9541557181691005,6
-0.9600103317919338,-0.9581784748104762,5
1.5333495781541744,0.5368463759046833,2
-1.655288993574151,-0.6776687461095302,5
-1.9963579809998897,-0.2076844269121786,1
-0.3723512886407714,0.2224237936737341,4
-1.342830455607443,-0.1490463724560152,4
0.9779030069668351,1.048912670399368,2
0.3706585244174596,-0.7925641226260934,5
1.0589546235553478,-0.7426865173289664,5
0.2841864047814028,0.6080241186967171,4
2.8730819349852768,2.3210330202735534,3
0.1371755323119805,-0.18507104743907832,5
-2.1529600499706527,-1.3414699061621418,6
-0.40032478738661015,-0.1742061847500731,4
-1.7046842019321524,0.8783393783296436,4
-0.01760532145595789,-0.7567782049556844,4
-2.060267555491744,0.5582905852170705,1
0.6447431792382461,0.3136511176098408,5
-1.3158549522270642,-1.5030798466474025,5
-1.3528214763328592,-1.179408085541141,5
-1.3413823307707504,-1.4417282804282014,5
-0.9173732318614675,-1.3850518754483823,5
-0.3928555241108347,-0.1776641675463183,4
-0.611057971774263,-1.433234263157416,0
-1.3088447418637799,-0.42710981850748386,4
-0.3066059957134657,-1.6214098970997561,5
1.3708189885481499,1.2408619899913917,4
2.872612845841128,-0.7228019042453168,3
1.0252489392671384,0.8298181817277824,4
2.8086458118196105,0.9522305111321759,3
-1.3392451494705198,-0.6437552674072019,4
-1.7361706309710767,0.14934640782213515,5
-1.9912200817963381,0.8400686537405615,1
2.8374195567305547,-0.11965983008821178,3
0.1567316209312501,-0.7944640366057829,5
1.1714286265020573,0.03764919543115984,5
0.9216816162938063,-0.6523922204207324,4
-0.0134033461557867,-1.3687488718559722,5
-1.7321889371009995,1.1330195523477447,4
-0.0785455029099783,-0.29808309165938485,4
0.7914183235868325,1.3743878313530944,2
-0.984063865475142,-0.035224566331413,4
-1.3748313096775646,-0.284124776773218,4
-0.032129516907739186,-1.3175661348340988,5
-2.1746337977891295,-0.9062164702385197,6
2.9992812956923545,-1.1008929223993744,5
-0.01118535315306346,-1.6439113453137262,5
1.3968243385527301,-0.982062739801558,5
1.0792431128265523,-0.052082185879306506,4
-0.36753860927860516,-1.5806551343873323,5
2.9735647943880745,-0.12909146022136003,4
0.8571913619491305,-0.8360362911194331,5
0.6596061897497388,0.6936197674409416,4
1.1078841385791063,1.1695240172077987,2
-2.066021768796624,0.6914028293576938,6
0.2713210473355996,0.7468762544056053,2
-0.311460380595208,-2.045224082282219,5
-0.9990293973902155,-0.9059514745738545,5
0.6925717729411394,0.45638746841368594,2
0.055095874576547306,-1.3568180123251157,5
-1.9571786344937134,1.033413419246687,1
-1.6981527866793866,-0.35635438767153876,5
1.0575043449691472,-1.0037153531321952,5
-0.762426994433313,-0.3586525698873371,2
1.0433707331069415,0.31204806445701383,2
-1.3481749996105665,-1.5563557461816544,5
1.3113770308459616,-0.36575310172289094,4
-1.3624820873813035,-1.4657627432304705,5
-0.37420577018725665,-0.26007744649594394,4
2.987101897626933,-1.096605375423064,5
2.8063146794830587,-0.40169913087266923,3
-1.674589165791883,1.2718871853031921,4
1.3983101694675129,-0.1258529862495319,5
2.9650234425948945,1.0857215529764142,3
-2.0489713198374897,0.44173783170256625,1
0.2080436274727163,1.202287137491281,5
-0.02924521765526565,-0.5467857097563256,5
1.0311767820016153,-1.079351918423292,5
2.9962509086607074,-1.2818411973873935,5
2.9146017994194215,0.13898743536498573,4
-0.504631631279694,-0.9304822844096596,0
-1.1203704892602835,1.5418259014671711,4
2.6853087229592543,1.562985194862697,3
-1.7352335504579408,4.179208768046985,2
-0.6058625384786996,-2.29217049474134,0
1.1988771874053,0.2832681243049265,4
-1.981133570224873,-0.0923987333086532,1
-0.934299213217461,-0.19758181226125165,4
1.2206459718760345,-0.44797468098329796,5
-0.36154862664013354,-0.3657121736994615,4
0.8273651340336765,-0.41048560427498604,5
-1.7257645113392706,1.2110739862298017,4
0.9753796137089954,1.3551529716449022,2
-2.0146695899989155,1.2057685320741034,1
-2.2027235467169985,1.5058365413291923,6
1.0716687148664885,-0.23213450374380123,4
2.847019673527244,1.0326825355620026,3
-1.9984232847227708,-0.18646623963938136,1
0.4677020882862225,1.3528639247334233,4
1.2541496756553872,-0.17124886590856053,4
1.290802507268336,1.3855652230301454,2
-0.5271018649059758,-0.6817279292801123,0
-0.6148969497749373,-2.3452942079985934,0
-0.3693090811615519,-0.9329524712921926,5
1.3928602021064918,-0.8286666553643128,5
0.12795130294842413,-0.5207635616513823,5
-1.3115010194038685,-1.5820516533813376,5
2.8524871206159106,-0.6097786877372454,3
0.17430567252401913,-0.7223266300860005,5
-1.987945289868246,0.27995200309321344,1
-0.33347279049744327,-0.8909871809626085,4
-1.9914460535430842,-0.4129263436910142,1
0.5262780252283861,0.10944071585987075,4
2.735109083253913,0.8042576852002264,3
-0.2662516283360772,-1.072340324276163,4
1.2197460224812366,-0.8922517870672763,5
-1.674429486603899,-0.35331490129997994,5
1.1231762129733232,1.8481194057428247,4
1.0752876582867668,-0.9314942953242358,5
-0.5810545640326401,-1.1504173864027827,0
-0.3022378669191682,-0.7950765675852683,4
1.3867849220400288,-1.2373688164918166,5
0.8130169302980946,2.0215918867360823,4
2.4480316067719654,0.4422710196838428,5
1.4261961350887498,-0.864853077794553,5
-1.6847020386909441,1.3641568477024826,4
1.1690103357412354,0.13839209600937524,4
-2.1138391529318583,2.835308057523739,1
-0.3242057949238517,-2.1466311442283423,5
-1.6436572160719873,-0.5427944741415275,5
0.6606962211869696,-0.7254995642440154,5
0.7827148405464911,0.9490350648711725,2
-2.074944645314644,5.131297127441357,1
0.5536525529043761,0.13826996502967775,4
1.144121933607152,-1.834881433863288,5
1.4651179563842407,-0.06506320943525958,4
-0.27001226349860696,-1.051799804516804,4
0.17367133036302837,0.008208378979221345,4
1.1631110788346857,-0.3655055328088073,5
1.4023060474845475,-0.5488416631594588,5
-0.2888426219068668,-1.8160896984498267,5
-1.0265118996097564,-0.29328326494577334,5
3.003376576969302,-1.2230365662314766,5
-1.9721138697942049,0.6199516227454871,1
1.2463799327353822,0.21360652723605938,4
2.972070393052933,-0.8852335473265885,5
-1.7817865807480908,2.218607352237802,4
-2.050901270733709,0.3666978731271577,1
-1.7506442349908065,0.9889737885795631,4
2.6179093102935815,-1.1991880350287702,4
1.2528262172520475,-0.8725843465358377,5
-1.011284606762459,-0.0030373879738415516,4
-2.0606929543208365,3.976841622378696,1
-2.211176224369739,-0.6851311713674118,6
0.9583634782021907,-0.40203582622957185,4
-1.3798356405389987,-0.14552665088094574,4
-0.6416563891446668,-2.145054403270254,0
0.8061610541607036,1.1917726899419268,4
1.2617058971116941,-1.0148592623712611,5
-0.3319334651707956,-1.8333150393488122,5
1.4071732940533872,-1.2292186706208164,5
-0.909694361389017,-0.8086880486490626,4
2.8999781673933045,1.9859908295700663,4
0.943589527563278,1.4075573359124889,2
-1.8116440281856316,2.969706872030465,4
2.9166826028839203,1.4002141272210038,4
2.8189594959141027,-0.28575127997582095,3
-0.31694922382459945,-1.665900669198141,5
-0.009791667939181944,1.0717252749295052,4
-2.226727423173224,1.0941248971116688,6
-1.9807783518159878,1.3898970521679268,1
-1.3145781275812922,-1.5429255709980492,5
2.921787989834193,0.5089954529672176,4
-0.060683768930934454,0.7064391147058998,4
1.108261238907638,-0.15776977378243134,4
-1.3066229602494388,-0.5408462120046439,4
-0.9457684767264242,-1.0175976378082547,5
-2.229460605151392,0.7374888448446361,6
0.8944375130448198,-0.9761280410281008,5
-0.14419535893513,0.41177926861122344,4
-1.9552565396445878,0.9782256421294357,1
-2.2728685967313758,1.773602882908217,6
2.8320258432928367,-0.016347544654708814,3
2.74994068484702,0.6396058311485334,3
0.028894072367719792,-0.8684148728576889,4
-2.2737281067142794,0.920355919987504,6
2.8376479136701804,-0.2745492480659615,3
0.9410257156402208,1.2872936400651815,4
-2.266296688704681,1.7710040110748444,6
2.9848848882601797,-0.7746426104699885,5
-1.694367583305347,0.9216016565280339,4
-2.0184657094615868,1.3553015148559537,1
-1.703188991801543,-0.38956751287254426,5
-1.6911461819187286,1.219537253504921,4
0.6795870214990093,0.5383529440449951,2
1.1939232435976912,0.7572879436565116,2
0.20162499147519178,0.2966496144787435,4
0.0721469198252235,0.6727251599772601,2
-1.9773155504856446,3.588297706921497,1
-0.3021357772143184,-1.4958422151405368,5
0.1533254806432583,-0.9416501444644263,5
-0.9274094146710641,-1.401951399080953,5
-1.994951249497127,0.11572690964170447,1
1.4073684139826927,0.12923231478915004,4
-0.9792809447869778,-0.4605835535683105,5
1.0387755241226588,-1.2560512877520267,5
-0.37934084855287464,-0.7647160277533601,4
1.1884498319440213,0.5377193678154462,2
-0.6547157774087329,-0.5459840837344085,0
2.7775129210269545,1.0753850924589239,3
-2.1477451033451196,-1.1559170084828656,6
-1.6694320210976517,0.6814944436889259,4
0.2908209263258954,-0.5172297811780492,5
1.2266042783756315,0.14436995541297176,4
-0.6054797437607903,-1.4335178590819249,0
2.8325363665789296,-0.7727345967672848,3
-0.9368852678943353,-0.7259575555684913,4
0.6933751266375332,-0.7436362856813872,5
0.8817690878272255,-1.5241341473444974,5
-0.28692728934985745,-2.010660878043276,5
2.812644378417131,-0.19467585620910138,3
2.8189637656522635,-0.22606206273179147,3
-1.6869598345873205,-0.04191865233851379,5
0.5252031723154041,0.2652096164243548,4
-1.3115670972402231,-2.1470637526282292,5
-1.6133140423486847,1.8177721982190709,2
-0.08153846462800741,1.3709340669340528,2
-1.7282342957737167,1.2556687711796473,4
0.6839214387229053,-0.967508318450971,5
1.4261961350887498,-0.864853077794553,5
-0.05480397266507503,-1.4660108381879347,5
0.9023380224870114,-0.8427453121380956,5
0.695016747540051,-1.003429150714855,5
-2.039903936350068,1.0211703095241917,1
0.46882149932517847,-0.26551069637845115,5
-0.8768240292135767,-0.4048746443611277,4
-1.0024149624645027,-0.5596996799088797,5
2.9234423574034816,0.72581951846745,4
2.9237273289354104,1.8230924172460308,3
-1.6825835830342293,-0.275862212693895,5
-1.3126835373729102,-0.6551811251707382,4
-1.7293494577890582,1.4010475088682914,4
2.9173128127054095,-0.5412051000298295,5
-1.720966188468845,0.5433855801414442,5
0.8797083108043372,-0.851791421906528,5
1.4249619234278492,-0.12147149149495583,4
3.056496048075235,0.9916540698346267,2
-2.0222182345145434,3.4896358914673598,1
-1.9749255833274515,3.3783163539758583,1
0.5779988296458148,-0.39973969981806806,4
2.9703843916188437,-1.2114689425365734,5
-0.4558177830096344,-1.261286734925049,0
0.7740920963551249,2.58933004785543,4
-0.5664517765445908,-1.4297852546091614,0
-0.8941126432320889,-0.5473854189193291,4
0.005940870484794414,-0.22002373210454346,4
-0.5765588398811983,-1.3778693582159913,0
0.3758505025007254,-1.0912938772119127,5
0.598598981954538,0.8627397171061798,2
1.176360458061081,0.5979989919303575,2
2.7676935803309393,2.766483960352415,4
0.5098021567284848,1.0064881213331482,4
0.8034931425078464,0.3667163487350696,4
0.8373083701700469,0.6768816635635673,4
-0.41484606547812364,-0.15525482207323738,4
1.1375605698825717,1.5381483387992227,2
-2.0413312184001415,0.12838670567743943,1
2.914905663863443,0.10251159437863687,5
-1.6307061446559703,0.6308435954578807,4
-1.0119205555268282,-0.03449156343617996,4
2.859169237672315,2.284271565439075,3
-1.486856638087028,0.52470231101552,2
1.4409010705842835,-0.03438766346229697,4
0.9752476913650624,1.5884653396367006,4
-0.19432396634330576,-0.4597970798766985,2
2.966132800204182,-1.278280693006551,5
-0.6412136810209126,-0.91401656871157,0
0.792314982640678,0.7841215478201327,4
-0.6164385178099963,-2.0111929049905837,0
2.7122624409107114,2.214679900701758,3
-2.0442088393851066,0.9150274969310723,1
-0.32866889384897735,-1.4348926261730492,5
-1.7601052995796422,0.6020083358540881,5
1.243461764789573,-0.6653909322777524,5
-2.236361614888608,0.4886632273939603,6
-2.1928820157615068,0.1896387404498595,6
-1.2198294605400193,0.3564009485016941,2
-2.165725367993583,-0.6981623892047087,6
1.163073376756637,1.2533015837763304,4
2.8686291747968355,-0.7243943560650005,3
0.9216760061740021,3.172763941662217,4
1.0050462121179533,1.0350068689019485,2
0.17874081657726287,0.15727723114791686,4
-2.1073732089503863,-0.10318592106118779,6
1.493891851607658,1.271220681609628,2
0.001434915392464653,-1.8314909400007626,5
-2.1398869037603854,2.209989307460109,6
-0.41844850452492377,-1.485772860025682,0
0.38315534116600825,-0.9829054148247072,5
-0.8729052994025378,-0.4581955724144119,4
0.6658581812989369,-0.4968993034420581,5
0.9010472081219291,-0.5149875214345561,5
0.906569505423055,-0.3850965016768337,4
2.799603340442217,1.5308453590923699,3
1.0021835798506364,0.1746789551909873,5
1.0994983704995176,0.057751713228672945,4
-0.036355231596820914,-1.440323703410312,5
1.085763187024767,-0.22650031166659867,4
0.6804562271237823,0.4754176995360824,4
1.30378881864191,-0.31283035761077616,4
-1.450771165683862,1.228406428029654,4
1.102014899131828,0.08080145924028997,4
-1.0234213954540414,1.6275794630813516,4
1.3759452423384535,0.577682951964765,4
-2.1727542216926814,-0.6945283155385045,6
-0.5783354200700346,-1.0831495742473198,0
-2.1795873993416435,2.519680653377281,6
-0.6148962335975959,-1.0950521328321465,0
-0.9679227938931093,-0.19664053229459105,4
0.35566671966696173,-0.4573956771695312,5
1.3963563462327817,-1.2243865594818601,5
-0.48480538419711805,2.019946031785469,4
3.02166882752929,-1.3432365131281878,5
-0.9393134769707806,-0.12531778145532657,4
0.525105018083066,-0.6621728533449586,5
1.2266440552770266,-1.1187435027918715,5
-0.6180457851781865,-1.3422289000000514,0
-0.14419535893513,0.41177926861122344,4
-2.1288428528360512,-0.9750678364491194,6
-0.938219372014572,-1.0210237143939627,5
2.9433095723746256,1.604383557948682,3
0.7823394768378207,0.9085288908123368,2
-0.6408853145536737,-2.0860776736447253,0
-2.0167185448157636,1.2166192134946208,1
-0.9340503981525913,-1.1495817479274404,5
-0.07119996950612073,0.21243790410683155,4
-2.1479480120434533,-1.1807541986994103,6
-1.6726980190657923,-0.10132983026812203,5
-0.18965733714237445,0.03821041821133954,2
-1.9438312150293566,4.936365600721439,4
1.4027931169899575,0.5648769339495927,4
3.048259880144512,0.7150250035995805,2
0.32455929385677673,1.3104159501606472,4
1.5175859789154618,1.2532237621035553,2
1.267577144715241,2.2291843947086227,2
-0.0026770514575899518,-0.2573810560408746,4
-2.1364836246045384,-1.0863029843135583,6
-0.34474562256738295,-1.6054561384397512,5
-0.6559234541772484,-1.378566417355758,0
-1.8061509590479987,1.8325762350893287,4
-0.6043235895435117,-2.26679911379547,0
-1.6989157416545992,-0.6639084340709344,5
0.686916127584007,0.22487753525857684,2
0.5457537970740757,-0.8987677717630967,5
-0.23213440593161178,-0.16766259795125965,2
1.2616852775393825,-0.2672611450428762,4
2.995665527679276,-1.493012014367427,5
2.947882107427656,1.1595816459678085,3
2.811081831883235,-0.5703741839346396,3
1.1282306442899788,0.991476774536777,2
-2.0383421969928364,0.585130685225475,6
-0.955360114256982,0.5855712606788377,4
0.7067902956687167,-0.9244542872641845,5
0.13762989305093962,-0.3398701345361568,5
1.1936411178784614,0.9399594666745026,4
0.0029711715860768484,-1.7501645848422207,5
2.8274131432498484,0.6083465667551757,3
1.0260047154153773,-0.886082625269461,5
-1.3377882588019103,-1.3192232021369994,5
-1.7112569401320372,-0.4423049657456589,5
-0.46580993949882443,-1.4423055434289678,0
-1.3299341226460553,-1.5985764145167767,5
0.830554696516534,1.0919395360968833,2
-1.9665234428299652,1.101233939845939,1
-0.6017940967583049,-0.7680342473063184,0
0.18030085407349086,-1.0271791298618045,5
-2.2273151617082254,-0.5549142706100725,6
-0.980026504879529,-1.2734288489000003,5
2.7775999532453226,4.215208107853215,3
-2.125679355461737,0.0902083398918017,6
-0.08829781560796372,0.2996289515566966,4
-0.6362692520844027,-2.3263691888634863,0
-0.16445196987913832,-0.5533243632296098,2
-0.3043056463264109,-1.496709609053741,5
-1.7305397593224001,1.1348966533446159,4
0.5642716436989561,1.4836575191913475,4
0.08037979180874869,0.5237478649734058,2
2.6444161310460417,2.9661936357048324,3
2.8590326680465297,0.6209863076474755,3
0.7939350764978592,0.9957059752440911,4
0.9021866773771937,-0.988630326907368,5
-0.49141021374124805,-0.36665513964313906,0
1.0334807797350207,0.515635048490386,4
-2.052307170925407,0.8830658323605428,6
1.2382181021946392,-1.0554483506827579,5
0.10110748803690355,-2.865662778177284,5
0.17430567252401913,-0.7223266300860005,5
2.8064330620271143,1.6648686558077308,3
-0.3528204523568199,-1.689396250440229,5
0.7347912043604785,0.3396435411691489,4
2.9902105402818204,2.1280215865425736,2
-4.2330967677250975e-06,-1.856822414277458,5
-1.7426290510423392,0.7392189466346963,5
0.5213411113918373,-0.46834063106728496,5
1.3908353465123078,-0.925788307709114,5
2.6620713187464586,-0.3372948379098817,2
-1.6934349478493935,-0.26460001936285393,5
1.4911598656747007,1.2582600328197433,2
0.48698952072217894,0.6210773590658875,4
0.992077253780751,0.9894664747765407,2
0.6557961695294997,1.6866672546291497,4
1.4186987504871846,-1.119143108410794,5
0.04681396229344166,-0.20624866205009634,4
-1.7438173181726007,0.14628968430926714,5
-0.5913293249646485,-0.8526508800882933,0
-0.3429979807156519,-0.3819842397131624,4
-1.699361183256251,-0.0285636508850109,5
-2.1749002771925725,-0.20673443664974195,6
0.290354158491375,0.9654214277586367,2
-1.5600297715477314,1.5291108935741449,2
1.356897825609008,-0.6321056287758677,5
-0.6288607937203804,-1.684153476240385,0
-2.058294964698882,2.123013677558126,1
-1.982159223862784,0.29142114423130727,1
-0.18044132600250506,0.07695469847638975,4
-2.0208366006842056,-0.08995745732916247,1
-1.9787333527596256,0.09745378321903915,1
-1.7102392525570729,0.029487781936078917,5
0.17774077569589203,-0.7613095913942872,5
-0.8078032115680396,-0.22452317378456382,2
-1.428260128047882,0.7308890079210958,4
0.8131773271686071,-0.2703325732373203,5
-0.5861163440689418,-2.5732137166926607,0
-0.2830282314752456,-2.443863493649611,5
0.7873315055282253,1.0159928173788597,2
0.34917365910657217,0.29139605083451275,4
-0.56051115393701,-2.618934325443011,0
1.399336595802125,-1.0709268630296545,5
0.9554846536140658,1.4388980568456542,4
-0.1586867246447303,-0.02877475757896667,4
3.0700405056021647,1.3721420934874464,2
2.9834926193559936,1.8401308638700948,2
-0.3074554706384218,-1.8170862941312866,5
-0.06257668455077858,-0.06016407546789501,4
0.797279838511075,1.5564678052051972,2
0.019327033181845435,0.43117398914000127,4
0.3867143709051616,1.463266647855643,2
-0.31272584615940435,-1.655056238096929,5
2.816247481753919,1.5127426379537596,3
1.0966121477770356,-1.1742628477508397,5
0.5314278478512826,-0.9916505224009675,5
0.8910849098903839,0.03436815940051256,4
1.0507880109990775,0.7399341162500297,4
0.11456045892684608,0.4541354496297715,2
0.2651960622071122,0.8994085208324789,2
-1.545497692247634,1.2459833149676893,2
0.7162127129089095,0.6798220488562812,4
-2.299875042522355,4.410383682286496,6
-0.29376156038056456,-0.7034636352656559,4
-0.9354069607380536,-1.5784414126803423,5
-1.6238676339677502,0.35854723172010555,4
-0.033724370298619244,-1.1723791397822072,5
-0.6145178642286385,-1.254880463749006,0
1.2223402524846063,-0.7857463421206894,5
-0.6724216037207417,-0.9616219540062889,0
-2.1723877888636274,-0.6292695712697912,6
-0.10744573706819494,-0.5625946411397056,5
-0.031027489830782462,-1.3106817731304898,5
-2.188560917212401,-0.5641786307664134,6
-1.6796748625987292,-0.6406169442998518,5
1.279393294738481,-1.2095694628717188,5
-2.1810420949910605,0.14757175490568786,6
-1.412701007869754,0.048342179114454216,4
-1.463067776177893,0.775643322223919,4
-1.9706391397132066,0.9537641870520388,1
0.8108302886330633,-0.029134027480144854,5
-0.8831194157008708,-0.654952674749187,4
0.24800722168631717,1.0401914461564135,4
-1.6411641272234958,0.39198916868705996,4
0.06663097466737855,0.8495228667179304,4
-0.8962189445084526,-1.7306445081209465,5
-0.313559585632591,-0.6968463345650114,4
1.0615992202217952,-1.0112346520438629,5
0.6977031535195194,-0.9124868529716523,5
1.3959530120167813,1.0582847117524579,4
0.909751815973994,-1.1093869373461498,5
-2.1527691223228196,-0.3608066737584999,6
1.0816371086525265,-1.1582053455177657,5
1.4456905746680646,-1.1459969812588324,5
-0.3131028453648427,-0.3555024022638001,4
-1.636378514381172,2.1836260266001406,2
0.36653767677333926,-0.7134991653591883,5
-0.6419258034353145,-2.126849724029058,0
-1.9299893273062423,0.3060033788398191,1
-2.2839483950529997,3.43482319292449,6
-0.8802489268563778,-0.6290490614633565,4
-0.3502822330486953,-1.117971060893173,5
1.0349676899136127,0.5040258393209739,2
1.4093084724019411,-0.9248475816163004,5
-0.03560015029326197,-1.2226413096571533,5
-0.04766663438946317,0.48229434266591426,4
-1.357326608239092,-0.1704410963514335,4
-0.1381031681361892,-0.6638599476301819,2
-0.5396850956268384,-1.7548218849080124,0
0.49818705910382177,0.4953289696710321,4
-0.2774160433764117,-0.7787103664073821,4
-0.5684180860430991,-1.4332340404868396,0
-0.5948168026630681,-0.9293819711304665,0
-2.228938997165764,1.9080744931058522,6
0.4390524005558768,1.788041194930816,4
-0.032469646390397566,-1.820287916062219,5
-1.7830937648020555,1.7363248418204253,4
-0.041721635350163655,-1.7680303024030029,5
-2.1317799653175333,-1.1807349239854594,6
0.4441028744276906,-1.6666398891935594,5
-2.1778083001732806,-0.690104869178743,6
0.929212295036449,1.190873306927138,2
-0.6108496361544398,-2.32807642340538,0
-0.29790702837007754,-0.9015260864864564,4
0.10954357010891885,-0.05029224352002175,5
-1.6529164697821117,-0.9527694346577849,5
-2.2668774182424,1.1167653722382134,6
0.7549348922972453,-0.06502153391805145,4
1.0882063897887826,0.10003773137951677,4
0.3159376690920179,0.8576273438520464,4
2.8480059883220723,-0.537301567875827,3
-0.957132271763585,-1.6613944995118766,5
-0.9797803158711359,-0.25733664568441994,4
-2.0853784956153616,1.8962516226914135,1
0.6578399018495252,0.25361058130925024,2
-2.1613900412526164,-0.7642540001269087,6
1.067012713857938,-0.658753086426601,5
-1.8505373446993687,3.0804538899150113,4
1.1233078584880407,-0.2023358520540603,4
2.818487376911885,0.47333612083263893,3
-2.175529049188565,1.2019460222611773,6
1.0322018698400137,-0.2416387530327161,5
0.6301182584986065,1.297212994743142,2
-0.9158964116448803,-0.7396111713558468,4
0.2258570447080559,1.3945421151043498,4
-0.3335836260403874,-1.3965011444975675,5
0.17111809949402612,-0.743244548298147,2
-1.4677843279117282,0.683889455960763,4
-1.9815488452133168,1.0392715125701408,1
2.943049216743056,2.7328232741685405,2
0.7014019892471376,-0.5725593096169442,5
2.705909662537907,1.5959764078613485,3
0.3585541617482386,-0.9679834703428238,5
0.8446830482588391,0.7967820326214221,2
0.5845814453926962,-0.3750646173318651,4
-1.33186018729191,-1.249028767789567,5
0.3288397000109011,0.8224287233309283,4
0.03252485399827655,-1.1549038505278595,5
-0.9473401848490092,-0.2587509658863039,4
-0.3202424841487418,0.007561067584104977,4
-1.9896291383905547,1.280890617158082,1
-0.01243789005468203,-1.2627458789799246,5
-0.04646265747019768,-1.6332571820535453,5
-0.4853341101922244,-0.41373857188144636,0
2.794416149940939,1.047011891798469,3
-0.02751834810854986,-0.8285655964153098,4
-1.9487775263556573,-0.5572943189108797,1
-2.1332417724042534,3.3339186897863846,1
-0.6212129804424629,-0.5584162296511661,0
1.4024906297980384,-1.1568220930082918,5
0.26418061413138183,1.0200709778399368,2
-0.5746900322045145,-1.7962835577881975,0
0.4821969722021122,-0.7444374105045826,5
1.2257453688885587,-1.069590421212914,5
-2.058702881203224,1.1126801203959797,1
-2.153842356514984,-0.8979051995229569,6
-2.0311753765406593,1.8384246174343943,1
-1.4033781677112345,-0.7190757694810996,5
-0.5715624119893575,-2.601308200176462,0
1.267577144715241,2.2291843947086227,2
-1.3603423408612048,-0.16249047134792366,4
2.9818936069613096,-0.952862857220818,5
0.2713210473355996,0.7468762544056053,2
1.420484542585361,2.2443357981724352,2
-1.3176585359436164,-1.5285570059542146,5
-0.29504180807453695,-1.7534555322707155,5
0.42055245714564726,2.6335492666855562,4
-1.7138689895546133,-0.16730001042590387,5
-0.2990653168863273,-0.5699839591977895,4
-1.3878832666389394,-1.4043606203367254,5
1.05291428085673,-1.1018624422846155,5
-1.7506442349908065,0.9889737885795631,4
-0.6522614703394102,-2.2208497741175783,0
-0.03674083782564902,-0.20317319704929604,4
1.4225254804606664,0.557164889274224,4
-0.9741883732545119,-1.060158284077581,5
-0.07443801181166547,2.10594248460334,4
1.5073495823530554,1.32984406043778,2
-1.9427175551065445,0.9272819496759571,1
1.408628703037045,-0.7012948978618762,5
0.13410070301030438,-0.5522176978782327,5
2.7821983577047424,2.1685668092187877,3
2.7991986033282767,1.09965380547607,3
-1.7602630306586986,2.147567536804013,4
0.09642248693169948,0.44029242967962195,2
-1.6449455410554044,0.9205319471101283,4
-0.9009503157986232,-0.4355436923544007,4
-0.6034353675126098,-1.1410516261835453,0
-1.1079418599566746,3.071419173725499,4
1.4223909742300729,-1.0030425246277628,5
-2.054129421265859,0.43967590743362106,1
0.5612984740831244,0.28879469443745226,4
-1.039120115995917,1.336098728213204,4
-0.6284695341856765,-1.079502845307985,0
-0.5987911553556337,-2.550811853900639,0
1.2253171786483816,-1.255942227820464,5
-2.1862824587290004,0.2677632058395042,6
-0.0209503910337277,-1.8743517042750513,5
-1.3893359555217566,0.2035067468643028,4
-2.1540728528909496,1.872313396818495,6
2.8126587229105353,0.26755961777124027,3
1.2437218927953169,-0.6652869474578483,5
0.521299805618122,-0.6792939537619725,5
0.4380391845205064,1.3223589781983052,2
2.855481408507868,-0.7608500996074296,3
-0.0042111406687205255,-1.1578689769703145,5
-2.1537671579038853,-0.8015629140397922,6
1.101077563691587,0.1702952025032881,4
-0.6570467884815115,-1.9558697877514821,0
-2.1499644012436727,-0.8403989069727879,6
2.8642067400087896,-0.7197184074386708,3
2.9358752754225375,0.04951326103099516,5
2.7523886954572085,1.7684904421405871,3
-0.32601335698699463,-0.7174246455216725,4
0.09995249465251554,1.2269309414095988,2
-2.143384074393246,-0.4793137714622433,6
-0.3041218419137355,-1.3011278956598318,4
-0.9901610646706004,0.4128980959779455,4
-2.1775698053281634,-0.15079894304488983,6
1.4199084360530294,-0.9297664472458935,5
2.965847163618065,1.2813876550194012,3
0.9000296543746208,-0.9087803409347286,5
3.0008643616169293,0.18384446536321303,4
-0.5914375039102525,-2.2121356914028723,0
-1.364774125164353,0.43463604298760994,4
-1.678930230432136,0.6269674353581546,4
1.2317788242907142,-0.980022599837012,5
-1.3437340838958816,-0.4422745038580065,4
-2.193537369566093,-0.9541292073070307,6
0.6347350854736916,-0.28280385336118935,5
-0.29449738923746027,-1.932974735039442,5
2.930633461997922,1.388379537704505,3
-0.028723578657391446,-1.1391801550374951,5
2.8994064449453223,-0.22551407464695128,5
-2.1986151426280727,-0.8194906631157379,6
-1.4042888670244489,-0.118875802828848,4
-1.3827768153468913,-1.2537824613592554,5
-0.005578035222851163,-0.6244581866020281,4
2.917910054520232,1.3291487061207257,4
-2.1417183285246715,-1.1287516624149476,6
-1.3841288991305238,-0.7361371110952633,5
-1.9966437290577248,0.09673799103480248,1
0.04938118101305457,1.6441888968982523,2
-1.40974263091814,0.4726162066947303,4
2.799380056629853,-0.46958346902685855,3
-2.2065927074797576,0.32998250201590773,6
1.040902773646066,-1.1470201203403667,5
-1.3103679890677942,-0.3782064362151258,4
0.696306455578317,0.3554594248825332,4
-1.806010704057823,1.4521613448240918,5
-0.4144772558416324,-0.2853319515282143,4
2.98927804954207,-0.9590671367329651,5
0.8567158689071689,0.11194280465868112,4
-0.3533055527158768,-1.4850971230151364,5
0.3185494910903175,0.6217605840609911,4
2.985579431138139,-0.9697018003796982,5
0.7030875162144788,-1.114827536136168,5
0.44299204562049754,0.5550236813578011,5
-1.4052285513244467,-0.7757715433793625,5
-1.6452310194952748,2.630448417906747,2
-0.6104711187289128,-0.9017273890279762,0
-0.6888898069510618,-1.5806376356094904,0
-0.5872881104359907,-3.001999498087897,0
0.11046808682752593,1.1378696492170994,4
0.8124653524156267,1.2369767531218387,2
-0.7415709647877011,16.319438681741087,1
-1.9672528261863538,0.36537593133329355,1
1.3864162470952348,0.34705853730841346,2
0.09657785618720949,0.9513624139549816,4
0.6854812004594492,0.3407580293162927,4
-0.06223453310782351,-1.623961889683531,5
-1.3896567592188047,0.11351008000743168,4
0.7623438352900459,-0.19121579865931276,4
-0.33702861010931773,-0.5264910999751605,4
2.9554281517117,0.6123113599211637,4
-2.342639119354989,3.8003422916759018,6
-1.6786703592978067,-0.761283772414662,5
0.9169668324503044,-1.0881904396555884,5
-1.7387159355619837,0.9442297653212948,4
-1.6569756431189762,0.8608354402083511,4
2.8178429427505893,-0.1769977933658627,3
2.910142558061211,1.5168567583968344,3
-0.9745609216808825,-1.2125755337374033,5
-1.3332313764277404,-0.4954771910613882,4
-1.2527510142984963,0.8119142566354878,2
-1.8935317908557723,4.283305844120209,4
1.1101443302844678,2.3241360988093573,2
-0.4688297338540427,0.28644165812639966,5
-0.29715970154945004,-1.7634583532291281,5
1.0625983403852934,-0.5550493047609236,5
-0.9410603421162153,-1.257852327618847,5
-1.5743356956310623,1.72788519899032,2
-1.9170620103101608,2.209075602019392,1
0.6872740397371025,-1.031280392267819,5
-1.2858327977313082,0.6125093493059205,2
0.15684012173380202,1.3958805254576852,4
2.843490633260886,-0.7279995635684496,3
0.6769384956190474,0.40474183581820694,4
-1.6035827982147772,9.055347705392183,4
1.1052568811286045,-1.2515194292482186,5
-0.32908290695639575,-1.43505812576349,5
-0.05828686083110385,-1.278510090754998,5
1.3757500792151791,-0.8015940117865159,5
2.77317354613049,0.14630720632154953,3
-0.634823288437371,-2.33494733254221,0
1.1731087551327644,0.8791920191386557,2
-0.14397771386879252,-1.48029249718514,5
0.006689843819343191,-1.4165241721395638,5
0.9546978640975197,1.6880469003266043,2
-2.0648067699158794,0.5005199693462087,1
-2.0498743508592443,4.216859307289154,1
0.1396977478979626,-0.7856732624246331,5
-1.0096663681527052,0.01154355563521621,5
2.8057124419908424,-0.5569206354635577,3
-2.19179454184463,2.871562256889268,6
-1.6798136830623887,2.656980277980937,2
-0.11707331278945204,-0.06973990082479362,4
3.07779374362693,1.0496800151470767,2
-1.6836309569675543,0.10523659255344632,5
0.37381600780831337,-1.4553122872164417,5
-0.952370734934928,-0.676363108974074,5
1.0407046063624903,-1.1094555464769487,5
-0.41914333068153464,1.5656519603467678,4
1.457056476803329,1.6261448470522182,2
-1.681334834393417,3.26069497351594,2
-2.171488178137288,-0.45832927079279373,6
0.4455120238968314,1.325346206945539,2
-0.9407986884251921,0.2556059984902031,4
-2.150162363519213,-0.7818095783450638,6
-0.9291951847800322,-0.009360854124270603,4
-1.0629077265099067,1.2731472798014256,4
-1.7685039248703809,0.7692317806438779,5
-1.3248291847146787,2.0734784159408353,2
0.7534475361975806,0.1609206612302822,4
0.7520600376187393,1.3586545608564438,2
-1.188306147008089,0.16077787037278685,2
-0.052295583331461504,-1.276115108676795,5
-0.7185885917190389,-0.8345580183217389,2
0.8233441044266664,0.942349795314987,4
1.4879531607090801,1.753120225159754,2
-1.3779606718892494,-0.22941963263301346,4
-0.05443759220465111,0.17127008481803502,4
0.1960483698107603,0.2944203889180798,4
-2.121967951116567,2.127283910827345,6
-1.7024332944250231,-0.5442461860394884,5
-1.880031712332178,1.4618623280687324,1
-1.873672007263298,1.8211659146662145,1
0.20833050659608923,-0.33076790443709214,4
0.019080237349345053,1.2687224928827332,2
-2.186999938219841,0.3116134253478427,6
-0.025118093786271445,-1.4789002803687195,5
-1.3775811737853139,-0.8298319201537113,5
0.7347097976046981,-1.0930304390318502,5
1.02192347479976,1.3310747011257662,4
-0.9541419759026628,-1.5299745192978345,5
-0.2965934515622163,-0.8358887323085825,4
-0.9711397763316242,-0.4169730393762995,5
1.1785739682021288,0.9217328340566976,2
2.9767873365598994,-0.8677479995533518,5
0.653161650948198,0.8890928143040097,4
0.04719442995666012,-1.4755974536638616,4
-2.1700297713584695,3.932642533958497,1
-0.015999682260838963,0.18014150151335834,4
-1.452998085205674,0.2991265141045388,4
-2.298581993662476,2.126529229311446,6
-2.1847871607579847,4.599909854370953,1
1.3267635576659635,0.6726474112936459,4
2.970209978875332,-0.9602456674693483,5
-0.2829948717693105,-1.2599881324028384,4
1.034443274986264,0.4923322065959099,4
0.03277025399118651,-0.903512832896015,5
-1.3805972912582436,-1.2529112079192948,5
0.8577740175132278,0.27127670157586253,4
-2.0724285252438492,1.0924030294334672,6
-2.0023446018716546,0.05410297636680136,1
-1.981616170767487,1.4465867911288528,1
-0.9701016096878662,-1.446485895122673,5
-1.672672492446889,1.1827849386446652,4
0.7168879577939948,0.4443990262886924,4
2.845639837644941,-0.32731062639237507,3
-1.6510220044956097,-0.48978240360410685,5
0.8444034306444331,0.2632195012663374,4
-1.8635195057413632,2.3132757203205214,5
0.10795413443509617,-0.2035082101682567,2
2.984694405937839,-1.016855517017173,5
0.6953994149837271,0.5907897963376793,4
-0.9740110445834008,-1.4911171620272707,5
-1.7378291725391135,1.487526225156643,4
-1.7034122307477173,-0.3805005833230147,5
-0.30842753804881895,-1.8083187343346516,5
-0.9545513434617301,-1.6264504086651295,5
-1.371941975119602,-0.17628351338974818,4
-0.2849764066245014,-2.0227686667455056,5
-0.3374890729931246,-1.7236237515319128,5
0.16339709026686028,-0.9128679205300372,5
0.39761481594887627,-1.2284182931358516,5
2.8684347652853917,2.418199941297734,3
2.8835315184816874,3.77931541933172,2
1.1206640555149223,-1.5214095558207512,5
-0.9831659253065651,-0.8656977980121253,5
2.9019958623990307,1.7336931356011145,3
-1.0026337082958836,-0.7368115920022994,5
2.43814097014774,0.2758463465393373,4
1.1501634578708166,1.0718003774977223,2
0.5108910438926377,-0.8723478560104158,5
0.9214333931833539,-0.33879859930381484,4
-2.0091568153190473,-0.4016937247066434,1
1.4674110315295432,-1.3482511193402134,5
-2.0196391479336446,0.7220220206391563,1
1.2594264051068036,0.572920262044556,4
2.720837357917902,1.4642289061774925,3
-0.930728703793144,-1.2133661884780742,5
0.339400554026143,0.18846471790415975,4
-0.9718942144542576,-0.012047445731209673,4
1.4142872773424868,0.29613498401256344,4
-2.226394443150058,1.3574194727293543,6
0.8395266181085287,-0.4707363913539796,5
-0.012908033765665794,-1.3190386248105128,5
-2.0869710085054,0.5253354459032252,6
-0.021376999464323254,-1.654429201003569,5
0.5112260982219323,-0.984126084830439,5
-1.9815532994012748,3.434335415346574,1
-1.8040386945318168,2.3451626127199527,4
-1.5804785804454882,1.3191559569248792,2
-0.3074043362252801,-1.5566167709069105,5
2.9513404837147634,-0.19559753058552443,5
2.8091125564758457,0.6154130963681972,3
-0.38680598631075125,-0.5008072732686638,4
-9.845311499956377e-05,-0.6131115919600982,4
-1.3174557616383844,-1.8604810952277857,5
1.369078799175749,0.6712503472110967,4
-1.4076324841162946,-0.8757570944136893,5
-0.6143727423832309,-1.8553864179049826,0
-1.6176468754688433,2.498362886963592,2
2.820647321138942,-0.4610819904432494,3
0.5028005809190241,-1.1919872029809464,5
-1.3293361096744212,-0.05000273444149149,4
2.8071673484731843,0.7357039107288491,3
-0.5782682451076167,-2.5141203693876006,0
2.941451922546322,0.2655630640941928,4
-1.2068375590674685,0.3395506079469577,2
-2.051105003578661,1.47247868925199,1
1.4446753523238203,-1.1491152186370617,5
-0.9558949065985062,-1.0189332354276073,5
-0.2753837110463986,-0.7036295174713423,4
-1.3464247757049692,-1.2796070425806312,5
0.18356515479629734,-0.6626690992521884,5
0.8388164751838618,-0.5920886339809989,5
-0.9299421083943382,-1.0892709861992005,5
1.1045774243124507,-1.3013033947726702,5
-0.5487756580623425,-2.8838483244419493,0
2.922940413430784,-0.36837480870901845,5
-2.1852315101347832,-0.814140625504461,6
0.01509328041200597,-1.7948310793866904,5
-1.6513804537180683,-0.7073063077855152,5
-1.4566832376541414,0.46179029107592257,4
0.30813520477718725,3.063393347475072,2
-0.9220823500863685,-1.1915974971724046,5
1.1012145083323064,-0.024986890386617645,4
-0.026075649182105975,-0.4776713119573208,4
-0.9431686105338724,-1.4136758602539823,5
-0.41863779243868104,-0.09165828059433284,4
1.222487928314832,-1.1360048248400905,5
-0.9621683707926075,-1.070953322685349,5
-2.167983073761045,-0.7329771982860074,6
-2.198118466943383,0.15634555610638945,6
2.7405317147790025,1.4968577753358259,3
1.2268964242509866,0.24583917668742378,2
-2.139283277810139,0.060014080323833756,6
1.5895384887243278,-1.9197263603086543,4
0.1853738223049183,-0.7023022181697859,5
0.5145229978601558,-0.6820029474830487,5
0.3853310189464251,-1.0223918313105196,5
-0.29698993527721684,-2.0926832830861217,5
-1.9799284061015245,0.13733219201626484,1
2.7717923901617825,2.078270067191259,3
0.9712102819843649,0.7857881753276929,2
0.7226179725384426,-1.0887079551968197,5
-1.87684760556856,1.593359705451547,1
-0.3097842144917349,-0.5559564186246778,4
0.978346501943217,1.1454021738651865,2
0.8374196287634347,0.5467015788181746,4
0.31274538295297727,0.5087460888599544,4
0.007426789215185761,-0.19723733185668507,4
1.5521954581569932,0.6590044577655946,2
-0.5423338572241369,-1.6778809738745184,0
0.45182528188997995,0.7840450967332567,4
2.8081211923954563,0.6162346772982624,3
-1.3229976240875032,-0.42361118760588123,4
-2.222658234044468,0.07602635183233825,6
-1.6593333246838742,-0.3564364515562249,5
-2.1740160199635827,0.25977904700009646,6
-0.9670259938487399,0.35810250570887403,4
-1.9925867920900087,-0.031864828665545165,1
-0.30083433577616736,-1.4458096556114806,5
0.878777370812555,0.5309656193899412,4
-1.3321271489047521,1.5835751581943158,2
2.7919573422990083,0.23452817203903636,3
0.015428885860114703,-2.2918581072887587,5
2.8380165855343362,1.161390994444496,5
0.800372382284342,0.6396883685920913,2
-2.152472779757381,-0.791889327341545,6
-2.046760580854834,1.794550806562688,1
1.143418448801467,1.369909312351658,2
-0.9902733708652273,1.0704198481615368,4
-0.6189659117043702,-0.8491670258948211,0
-0.8880046959819,-1.8263854879236867,5
1.4442529872019365,-1.189640182068745,5
1.413837853598728,-0.015223935598446016,4
-2.2437724090051563,1.1380413929481719,6
0.17161019208225933,0.4810567479022011,4
-0.6383204688721635,-1.0158148710382995,0
2.9912931773376785,1.6570684726849023,2
-1.8207023556676352,3.0859364338192607,4
2.9337931157442085,-0.2741680744297474,5
1.340076371489421,1.6284025441809904,4
-0.12006655497641117,1.4701572220380585,2
-0.6310051518863293,-2.2123526711630346,0
0.6305932245787143,0.9158853738696683,2
2.996711436407653,0.20694050713526663,4
1.3489258762661656,0.298323288575517,5
-1.9901082285353409,0.8640514115585258,1
-1.9901404140542518,1.5879352382136067,1
-2.1893654144798447,-1.197310590314854,6
-2.2278477370009875,1.2848564970606424,6
-0.32549692838787925,-1.7839421528533892,5
-2.054046034063944,0.3003284877251431,1
1.4364979910190747,-1.096427908561488,5
-0.7851180294516147,-0.23105481998624922,2
-2.1319090904619444,-1.2394550773994117,6
-2.1117889696188175,1.4269864373787071,6
1.2088557208666733,1.0175974358134374,4
-2.0463271773711416,3.870672174191441,1
1.25709396418258,0.2453579259950487,4
-0.6540044154785766,-1.4008895369213095,0
-0.9364353894604475,-1.2156474064486897,5
-0.6430717831868911,-2.2354885847127166,0
-0.9446202645977234,2.7207000572498807,2
-0.29832787076279355,-1.5346761486692775,5
1.2002680182915555,-0.5120767406214377,5
1.3896023130696087,-0.024911967111969836,4
-1.6731521891323036,-0.21613595145562564,5
0.8195493433597745,0.09708567901220683,4
-1.7085166837516568,0.4520499696802787,5
-1.9719650421168597,1.3293764026011472,1
-2.0280096139665953,-0.021268767549934987,1
2.7904223432205795,0.6988567343753183,3
-0.007377306410278894,-2.0055942072561517,5
2.8493449002203817,-0.5954348453653059,3
-1.3667205415267027,2.9096358318241498,2
-0.5680079380154472,-1.2065333398730422,0
-0.5672394637591195,-1.3063193732554013,0
2.855716900807902,0.8149976827059617,3
-1.873204090541377,1.5856600115399213,1
2.7656091136585212,1.1813209529198638,3
-2.0494569868392842,0.8806831738767036,1
2.6706597381115325,3.9308988440329986,3
1.0895894959325803,-1.00648945469013,5
0.695016747540051,-1.003429150714855,5
-0.9444987923139214,-1.575632080550003,5
2.9933960926956673,-1.379294586204924,5
-0.3502824542646866,-1.046415073114413,5
-0.16727184380893487,-0.7448816659715138,5
-1.395921611827915,-0.27695554548893186,4
2.8374242183694305,0.36628141785180507,3
-1.9620865653621933,-0.08207239783010897,1
0.9033750944895789,-1.223848243478211,5
-1.2993339574202458,-1.7450562368395375,5
0.12627200847688036,0.8121820217755484,4
0.15074265104380927,1.4989115281510916,4
-1.9692476588127517,-0.37929646609034745,1
2.8719302878864874,-0.8285432040913915,3
0.7497310446098643,-0.03861418283429122,4
0.10021718250245981,0.3915628725600883,4
-0.9287576256127057,-1.389602727751092,5
2.97869014355518,-0.01764400753857546,4
0.6839276647293443,0.276242608807336,4
2.900984244578807,-0.045146508178864383,5
-1.304992061274446,0.7259189046561613,2
2.871430015307105,0.9966769107782627,4
-0.03064769607447232,-1.5214668104853706,5
-2.2159749564396214,0.9629726381895056,6
-0.925112060990733,-1.2267209347589105,5
2.7584471852626256,1.1703483754761277,3
-2.1718184438808725,-0.05846006841732883,6
-0.21568490224039208,0.7752410085408061,2
0.806214426420432,0.9584289023318208,2
-1.6747826936566226,0.8004239132049256,4
-0.6521307636087459,-2.220797524780528,0
-0.18402855828444842,0.11858927560752514,4
1.0902387177977113,-1.2758352684060594,5
-0.9575429896399733,-1.3580410305506094,5
0.2950478235983507,0.34818538404924887,4
0.1072186194121941,1.3722636596001077,4
-0.29185606358776583,-0.4422527685525284,4
2.7516725346251123,1.3226208275991675,3
-0.9329444843251263,-1.636125504785982,5
-1.3689274273762955,-0.28447715242269,4
0.8533022002763135,0.4712697577220984,4
1.3739989859468882,-0.10541780682998468,4
1.0472737963669498,0.8036415978210821,4
-0.026200948242418753,-1.3894646689926635,5
-0.9196901013040805,-1.5813148797387067,5
1.4378151060865905,-1.1179451786777783,5
-1.9918849634407005,-0.2581210339681687,1
-1.3363408681392925,-0.02538382046004154,4
-2.038147137606301,1.201609440966251,1
-1.9564184023392144,-0.3741680374150566,1
2.861260688675196,0.8311872777891539,4
0.6075758684815455,0.7608597899116102,2
-1.391656593755563,-0.4044286948729657,5
-2.1705003938808938,0.9666194465818972,6
-0.30600828516078504,-0.21328564773716813,4
1.2115422859674905,0.4341554571133804,4
-0.5544640012172983,-1.5864176850751162,0
0.03742116941629432,0.279694926319703,4
0.013385412812526821,-0.9451741308280743,5
0.8710807691652894,-1.196401599994332,5
1.056690518630291,-1.0847529207066196,5
-0.332078055589197,-0.6794928513357464,4
1.0614049634687626,-1.4552296812055292,5
-1.3659654216607287,0.7295898489686994,4
-2.0034519598648535,-0.41501323650478406,1
0.050013930172546905,-1.1672213521935975,4
-1.6510577832555067,-0.7346458916902648,5
0.8044096436971956,0.6275318283313243,4
1.2532908455429748,-0.9466670948672371,5
0.9625729820941076,1.148252965314878,2
-0.11079133551201448,1.5233772750706336,2
-0.9396941274040719,-1.6947798161950076,5
1.4605728572197667,1.6770628323101244,2
-1.9542440749439514,0.9199619031137755,1
0.8231040035054307,-0.3067205763067777,5
1.0542406786069496,-0.6886147839036056,5
-0.971767211815684,-1.5149764154635479,5
0.7324108711696754,-1.0875056289650833,5
0.4412104630933449,0.641303962013801,2
-1.37498704351268,0.012460822548820458,4
-0.6315967894254461,-0.5625671033870617,0
1.0161880347581276,0.5657470138026611,4
1.2241887204850221,0.16437958338016057,4
-0.9859515182517661,-0.9281922291228053,5
0.513267074515431,0.1601957863205003,4
-0.6477699833918329,-1.4963754908499105,0
-0.6630610524578662,-0.861567889419935,0
-1.9655846753343869,-0.29711996113629574,1
0.8603270246716096,1.0573759981914561,4
-1.6477218276122263,-0.535263111444661,5
-2.041092538475097,0.7637680882836027,6
-1.9506444023816927,-0.3131914207610399,1
-0.009917716629261997,-0.5207245807812367,4
2.8978517650216493,-0.006042580264977206,5
1.2552208830514886,-0.8468709458536176,5
-1.6769790757408385,-0.07828501615769204,5
-0.9189606538801125,-0.6994114420364496,4
-2.1687811902655274,6.6602124147413475,1
-0.01637737582922666,-1.677186805469658,5
-1.8851181314292305,4.457249830496714,4
-0.6506392893804935,-2.1981575356733716,0
0.37892773162064897,0.4388899102978774,4
-1.6953499247555708,-0.2901216397048605,5
-2.2171048332488614,1.3192823512818257,6
-1.3505398616235447,-0.39964017792326373,4
-1.3858030313459724,-0.615737971681937,5
0.9058355817984448,-0.8817033053249953,5
-0.3930206884806502,0.6866157706145015,4
-0.33883111703374125,-0.24200638409312003,4
-2.05427444947606,0.7676548278841466,6
-1.6621627464892184,-0.23378676291439537,5
-2.2184298139816137,0.2601384095142445,6
0.8940823994393761,-1.0230699322660004,5
-1.6825477556283068,3.524390720817183,2
1.2502075748284531,0.525098019805735,4
-0.007932756275378483,-1.8508355467829332,5
-1.3797761194135854,-0.6848848211329359,5
-0.6614762065782802,-1.9667965728226626,0
2.8216942060376717,-0.752312620452913,3
1.0462426004471448,0.34371203444899684,4
0.49405808665802553,-0.665427531276294,5
1.2708996602462626,0.11149595805484563,4
1.2642567734723853,-1.0633518887838582,5
2.732072865199718,1.3788518150087206,3
0.45258754220977315,0.5900594235285337,5
0.3926564196409804,-0.021583264075935506,4
-1.6792157899949127,0.09140154907647981,5
1.3715478545997466,0.2907198597784534,4
1.3661002121335717,1.486537126189643,4
-0.632919056812426,-0.7153639939651634,0
0.5040106083875106,0.4951433332891542,4
-1.003522881439278,-0.38145214416098155,4
-0.18112301265506078,0.007709643142793279,2
-0.537247464782249,-0.19235389964585675,0
0.21521082340478118,0.0874122162572113,4
0.8512831409354101,-0.6118613096913881,5
-0.6326320172051064,-1.6049487625403116,0
-2.191243653889223,-0.3855141725428321,6
1.119528967386615,1.9931700215793924,2
1.2201601057116147,-0.8791986753660489,5
0.5364763876330296,-0.9740324127191697,5
0.7124592505809841,-1.1266811778038777,5
0.5320556560185166,-0.6190382499536613,5
-1.7234368110156666,1.1974730606621184,4
-1.9198527129849943,1.7871054393772736,1
-0.06485152772555852,-1.3801588832145841,5
1.459959517318017,-0.16614986561104456,4
-0.9254735669216198,-0.4933645190851321,4
1.202953911195703,0.6428769486696386,4
-0.9992082679830566,-0.5492616382787185,5
0.3791158929726741,-1.0964323802341913,5
0.03255779613224885,-2.3748792750834427,5
0.9990747351256869,0.9248235820746054,4
2.9719549681009765,-0.7082552162991037,5
0.27394783694767166,1.324780597284252,2
0.664398516598569,0.19399606356492216,5
0.29589735262943306,-0.3042637056150406,5
-1.4433334354947354,0.18192153456006116,4
-1.673721392301694,-0.17600738716016212,5
2.957909289304702,-0.565332989611472,5
1.0502256931412157,2.874325888107457,2
-2.053732773625171,3.849399389184587,1
1.1971580739759102,-0.4729638043617419,5
-2.222658234044468,0.07602635183233825,6
2.840544349398894,0.18900973614399308,3
-0.6279209842925993,-1.0378588755066915,0
-1.963605641736141,0.8015950807233536,1
-1.9839790501959296,1.5355106807590249,1
-0.958961757568967,-1.3118082378754339,5
-1.343780575226428,-1.2473500825643562,5
1.0311801838981098,0.7945454157283176,4
-2.1665671266953357,1.126509812160221,6
2.8581466255582453,0.7427690556736477,3
2.7768653788322712,4.425851435331882,3
0.18750762932220072,0.05802570473224144,4
-1.695372687954404,0.9546862530569202,4
1.0066967361792794,0.5009980376781844,4
-1.2888716507000222,-0.6860185714518509,4
-0.5668882404442488,0.8843937420270397,0
2.831116862985078,-0.24596005538678534,3
-0.5993934544885505,-2.1841160675672278,0
-2.1657718504275514,0.2915621771663221,6
-0.8890780211998858,-0.9333836848335504,4
-0.9611069783773772,-0.6238992924785863,5
-0.9177262843446555,-0.36798134400698096,4
-1.982981253052906,1.1543920514676296,1
0.8842322564627341,-0.5583339474418597,5
-1.3648993896676838,-1.4758851795529975,5
-0.9132260457325814,-1.755755354854807,5
2.6390711614590665,3.6110224374273545,3
-0.5785224902832441,-2.489465872352806,0
-0.5889495263625543,-2.2918534040715284,0
1.4568763591618146,0.0774667727745304,4
1.2249864143058697,0.06716836619348926,4
0.4379789178861826,0.9334907964588884,4
-0.9522567346975859,-0.7570297826912522,5
1.4317844914714934,0.21326097012223616,4
2.8032790766967723,0.27025389941722977,3
-1.6566747952135779,3.2274842456570045,2
0.4986689079534564,0.22984652377079906,4
0.36486105445375405,-0.7948816311479109,5
-1.6534240849795678,-0.7888354794839693,5
2.8546602124333007,-0.8354468271003511,3
0.8151529813225279,1.2438109167712268,4
-1.3060102263460833,-0.37646444318940103,4
-0.9538517105267335,0.6566617201260364,4
3.0189209568626647,1.4351319240901756,2
0.8373083701700469,0.6768816635635673,4
0.5476025366747775,-0.8485164168980109,5
1.3783840357972503,1.4263352861806131,4
-2.2429222676290563,5.4699299757056385,1
-0.051606966633237605,-0.2873145516277031,4
0.08279522763216009,0.6588180952553815,2
-1.6292294614421756,-0.8378323367630861,5
2.827382715608084,-0.3749649405140472,3
0.5604251284175755,-0.01235965822069849,4
0.997099430650741,0.9263617813228563,2
-1.3479725116200945,-1.655299475360012,5
2.7129393820998398,2.8672911703221478,3
-0.025560997915265504,-1.680857910723982,5
0.005710523502249321,-0.6355456339849591,4
2.8331415361730414,-0.33230675752383476,3
-2.117345620736088,-1.385901731339635,6
-1.339874080441464,-1.6741058779498712,5
3.0126124053740213,-1.3404129728861123,5
-2.044058096443756,1.8412131492354558,1
1.4091839684401808,-0.10573487494651422,4
-0.02758302194629908,-1.755934698975044,5
2.9409632672801553,1.6438017566266165,3
-2.219132006403538,1.0176667247193458,6
-1.991715576417221,0.8334267686676385,1
-2.1887772127014915,0.30067825517205427,6
1.6012770306205333,0.023770395545715042,2
-2.1294738920284515,0.03917918707479011,6
0.8598855792007284,0.21345231686544336,4
1.1838004951794574,1.5532361524824683,4
-1.3818692080224588,-0.8746145526560237,5
-0.6447223234807814,-0.8633932557911966,0
-1.333479496106416,-1.6091498416767012,5
0.30960205854214384,0.6970666312406898,2
1.3658964230951882,0.655596098682369,4
-1.3643422461777694,-0.7750274161006694,5
0.9419302011928664,1.2547893182579575,5
1.1132341228471443,1.5843800723890171,2
-2.1031295469751585,1.4930846676306944,1
-0.6598180773339363,-1.5975038747115595,0
0.49699525863778826,0.5391389120436979,4
-2.2086486776260603,-0.13202263459941782,6
-1.399991956138425,0.33340186516504444,4
1.5166348207143714,1.1629751162899016,2
2.835162946093622,-0.8028846257202341,3
0.9568835852307079,1.0579397909366883,4
-0.5495882092243455,-2.686123883322617,0
2.3121291222232556,1.8645022968122518,4
0.8166400583157429,1.0243123700496515,4
-0.9277642393812049,-1.559786280421975,5
-0.5449177644435401,-1.399083824774892,0
0.7445811840438702,-1.1046844056381646,5
-1.7070556585730297,-0.40026940489704504,5
-0.20980544168695384,0.014556325666534933,2
-0.25419650165577,-1.076677503988389,4
0.34748400886044206,0.10720285797267476,4
-0.4617244139154296,-0.857374254462513,0
1.4145785755788527,-1.068565408526534,5
-1.9784055119810624,-0.19677658521114527,1
-1.276163318715374,-0.7761822466991622,4
-0.9450542637145377,-0.44673019467633857,4
-0.08405186007166035,-0.04899130909122171,4
-0.5575971216358321,-2.7076378169134574,0
-1.3757522277438574,-1.4215550805408361,5
-1.344212257490362,-1.4676156058573944,5
3.0684997219813708,-1.839989582763948,5
-0.3115166919202853,-0.13477535761772003,4
1.2375612725905947,-0.6677496234033049,5
-2.2792775739833773,1.6264342760572443,6
1.1870662136809291,0.8710010399591577,4
2.7828069103854163,0.9121466113191453,3
0.6952575525711101,0.20921557639918498,4
-0.8882441653150023,-1.721012839532611,5
0.28591105258495364,-0.19363108272586393,5
-1.3637184236701105,-1.037939524496612,5
-2.0601859765449224,2.6797311685741882,1
0.019758955608605633,-0.49054910643276495,4
2.9976094967225415,1.715549459099911,2
-2.1167172581425198,-0.052033631526146554,6
-1.706657756037946,-0.5862910170038812,5
0.3158272540948648,0.7087112489797398,2
2.744759409609756,1.8097270651574842,3
1.0759260849932566,0.3529150032676507,4
-1.3737880932235054,-0.8283156558899957,5
0.847131697447042,-0.8583699360896083,5
-1.81654556640434,3.14748438524716,4
-2.234147916571359,0.9061958095482969,6
-0.5797765073323902,-2.4679234228182723,0
0.5712518211653397,1.9669898813467968,4
-0.3277275811439124,-1.353804080547308,5
0.8531224761131867,1.1379206537133817,4
-1.006132573085457,0.017334441364728823,4
-2.029067588462973,0.8363996308978406,6
0.27944281949634875,0.5391860527750759,2
-2.235678744877217,-0.1272277895697541,6
-0.170735112164603,0.277389382833885,4
0.27862648586989713,1.4412754459765131,2
0.10514040899210667,-2.6126090188968636,5
-1.3517944957331633,-1.8182517991470397,5
-1.6730023804639822,-0.5453688812092282,5
-0.3169456537125368,-1.3806940132940644,5
1.4303686479605846,-0.8540289732151384,5
-0.038768276319038064,-1.5247129702820925,5
-0.6565810503157714,-2.265645078102021,0
-0.028161311584656568,-0.8106816046490155,5
-0.5779240188119392,-2.5882512892819274,0
1.3843190491921222,-0.5495880743672691,5
2.8377712549083474,0.26488200695951564,3
0.8275842005548752,1.491985516134337,4
1.3755111180900021,-0.8264456739346137,5
0.63332590855786,1.0646318449230114,4
0.6086865383686924,4.797783544006169,4
-0.9047211290368888,-0.47096335783364174,4
0.2168536202546811,0.7435792059561938,5
0.7998264419103476,0.600943564370039,4
-1.364946309508716,-1.2246110650631736,5
1.0239682659379472,0.6610533741471927,2
-1.3282823121197018,-1.3374669575717093,5
-0.6766558366209147,-1.1742513846082603,0
-1.3310571309027341,-1.3972447134225894,5
1.0586630843590201,-1.53059423580647,5
-2.0263900260008842,1.4927323976950253,1
-0.9896457752267737,-0.5637514250413205,5
-1.3244566280446544,-1.4505622632606903,5
-0.5756927686491242,-2.432378595332595,0
-1.683347633855465,0.06499370909355509,5
-0.959026117336821,-0.7129358972713974,5
-0.9923450652667428,0.24667033358929963,4
0.7173409575585684,-1.1742419958252706,5
-1.6416937878377824,0.6925826584381783,4
-1.5113310145760686,0.8350552847061161,2
-0.3119342799930229,-1.5923399745778604,5
0.45888908947329354,0.9739322781880453,2
-1.565640726441227,3.4963490087755162,4
1.0999721636487945,0.021316415204036668,4
3.004596150961615,-1.3839735693761561,5
-1.9963579809998897,-0.2076844269121786,1
1.3547350862456495,1.0653463621868398,4
-0.015488674389338486,-1.5869631149546202,5
1.2194553463912698,-0.8859241789255673,5
-0.06818216538614857,-0.16371584209043566,4
-1.7158268680725,-0.07821424341014019,5
2.767444687094508,2.519430361873881,3
-0.03847215781779384,-1.5897069049524724,5
-1.9871247293700403,-0.1507497625238215,1
-2.1038072935226295,3.6050656305350253,1
-1.9619133738070356,0.4390664183148866,1
-2.0867674947252888,3.2615596542735332,1
-0.945738926951731,-0.31028602731332533,4
-0.4854702240801302,-0.43583674689939644,0
-0.2785048030263235,0.7382605450609729,2
-1.9401672189022576,0.5844277020934109,1
2.975646547063587,0.3938567603806125,4
-2.164743643439145,-0.7069261085393514,6
0.02740281505703851,-0.7360740559392125,4
-1.9879852958212931,0.25517985885561684,1
1.1442834841544849,1.2118780195381276,4
3.0496442823499543,0.7806906937804513,2
-0.7177618145834381,0.2962483758427198,0
-0.9664949405848607,-0.14533960455394163,4
-0.35471857510407745,-1.492105757404862,5
-2.1916476259789284,0.752604386971823,6
-2.1969441501563147,1.176141664359411,6
-1.7001387313283434,1.618435210403232,4
-1.6812883723980834,1.3289462706769124,4
-0.3639158298130063,-1.7185876685448875,5
2.9278589595722617,0.11037461385220262,4
-2.159972284149315,-1.0553363336754988,6
-0.5891277923018179,-2.4937052867798513,0
-1.3165368835380085,-1.5684647636118874,5
-0.35905855544427046,-0.9288548768498532,5
-1.7367874909957903,1.4020044371548823,4
0.7293548812700759,0.45960732815725763,4
1.0008622817885844,1.0736904888375587,2
-0.9409617316914434,-0.28740118424037375,4
2.832200532368072,1.1128461552881348,3
1.1365754118704272,0.9388564481478574,2
-1.3391155424695254,-1.568334277309961,5
-1.3449678962983027,0.15197299931085884,4
2.986125657234088,-0.8145027398691684,5
-2.1596563299203693,-1.0121415042354467,6
-0.9202331338528122,-1.190858282582803,5
0.7542175144631542,1.548410042427389,2
1.4344650494641091,-1.199996607180091,5
-1.7036974143411214,1.0389404821093378,4
2.8106120874390124,3.790931010849741,3
1.3224910081094419,0.773695484657272,4
-1.3855033695997736,-0.9944232742639849,5
2.9129407412243324,0.0064329576256495075,5
-0.1799146909628289,-0.10643190559457981,2
2.900492675150413,1.9935413543157752,3
-1.2949410753126809,-0.7508446889450012,4
2.9046947139043033,1.0750865779633347,4
-0.6176243328004253,-1.1613045775021358,0
-0.9287418100869848,-1.6096894338701937,5
-0.3572755081713116,-1.529752654453337,5
2.82762018566313,2.7760572634025182,4
1.0008622817885844,1.0736904888375587,2
1.2350751295611668,-0.7989680053656814,5
-1.326547131059849,-1.4018855985778529,5
-2.041477368519975,0.5058775021117969,6
-2.3606904457738573,1.8266990544320842,6
-2.078387361318781,2.1854694089041184,1
1.4477118551087074,1.4765848717024195,2
-0.8453110769757398,0.8280548454560575,2
-1.670363681137951,-0.746094716724148,5
1.4582565460509054,-0.14207447728192757,4
-1.2831915814106962,-0.8387287166333653,4
0.49307557559544724,-0.3338151135231795,5
-2.157658241004764,0.5176109185483176,6
-1.3557804584816855,0.02551380478674238,4
1.244565614878051,-0.2961484015074261,4
2.7910152589366084,0.43593224102564254,3
-0.9454801659819371,-1.5604243321282347,5
-0.6230281391113947,-2.249520022072347,0
0.6569582526848854,0.9355808330961998,2
0.8473332064639852,0.3946152237315026,4
1.368750834306773,0.3299578914051259,4
2.8330880567573122,0.6821711585607756,3
-1.9545598477809698,0.9381480207298629,1
1.0569753935177173,-0.638009295707045,5
-1.3032907136516538,-0.29088412339857617,4
1.2384516023998464,0.1894619820444582,4
-2.035981409574501,0.08101295746034762,1
-1.7044345757870727,-0.25068470723215697,5
-0.6566447729629177,-1.3927888178420356,0
0.48838164342031165,-0.4008037609636605,5
-0.3157088494320601,-1.404955747486158,5
-2.198890996240685,1.0505141097177382,6
0.6472042267979525,0.7702572023952814,2
2.9772816471126786,-0.11723164354776842,4
0.743430156988091,-1.2289253281291337,5
-0.04554740733816448,-1.4531544260704814,5
2.762577803654682,3.4064056729581202,4
-0.9884118268981571,-0.9824194030142097,5
0.6509491079195661,0.5177488629530612,2
1.0525789813321345,-0.5994106134884957,5
1.3763008468220224,-0.779330061188569,5
1.391284378111381,0.0824466805810995,4
-0.0005182645184510504,-0.3867426394023621,4
1.3019178936276383,4.802449717299727,2
0.6887261153845801,-0.9004754032707482,5
-1.9749023329984188,-0.006483189692457515,1
-1.8401565053677151,1.0806847793965022,1
-2.1785429476375064,-0.7307546610441668,6
0.4688393383343262,0.6367484713312622,2
1.4404516891487427,0.2974378901394107,4
-1.7451181560637445,0.8518020780535716,4
-1.7998662575789215,2.517411252224874,4
-0.16813471615739897,-0.21363513878304552,2
-1.6203646642791747,0.5929776665028341,4
-0.3363492794239008,-1.5929435000025387,5
-0.33029696345851633,-1.7207487430815636,5
0.5070214367137462,-0.43642112145405687,5
-2.0595285107734145,1.8270905992133415,1
-0.31789248171764595,-0.08136795802177677,4
-0.6135002577032694,-2.400692064220905,0
-1.979593264795216,-0.0019145833105318338,1
2.8308286109121243,0.6172241886342318,3
2.9618365593954623,-0.9947928722157404,5
-1.432103412615522,0.6889965344635259,4
-0.343721566139625,-0.5239406243325876,4
-0.28520098125591486,-1.9448585964713536,5
-1.3549111394600877,0.05061745477528041,4
-0.3481383711255943,-1.4179192804330703,5
1.4040229189949722,-0.07388567534674353,4
-0.34308807603988967,-0.23726429293963935,4
-0.6007575112193129,-2.0452806243654855,0
0.6042665045242825,1.0355859574098383,2
-0.8506473989188745,0.7818341502051721,2
-0.595315509559124,-1.4737412142983075,0
1.4093725366203693,-0.8376659110592427,5
0.2843803183838458,0.8419650390831328,2
0.9021673613985104,-0.9886380483695725,5
-1.4034624447178727,0.7447319591609239,4
-2.1866222184224116,-0.7495842832958686,6
-0.9291756725944804,-1.212745372318597,5
2.8115832362929685,1.510878130044055,3
-0.07983329155149371,-0.8927180469574455,5
2.7804956979113244,0.1895903388878895,3
0.35203821376272837,-1.1723688125581384,5
-0.33578723045628467,-0.5249262950771542,4
-0.28961684494156426,-2.036492242300147,5
-2.2286636451042208,1.0685947518083732,6
-0.041498443344070546,-1.8825656815158291,5
0.8552748531019039,3.205572898344123,2
-1.0359105570683143,1.0613327520343694,4
0.7343827560227069,1.5964373175406097,2
-0.03715196091023926,-1.2883739085224815,5
-0.6128997403041769,-2.503207999587432,0
-1.9681905263588337,1.075811379019953,1
1.202383068992341,0.13884503294537892,4
3.0092147894447363,0.0010018712771705102,4
0.46591009943228534,0.5631386729340592,4
-0.8240615357319448,-1.4879792494121302,4
-0.029357066196477766,-1.3412140102171732,5
-1.6760657145216153,-0.2576567585082803,5
-0.6345142404726087,-1.2069177768019936,0
-1.3607322738932432,-1.0743895927741192,5
-1.7045542555258584,0.6231681121602939,4
-0.997737938111911,0.3522693634077608,4
-0.9574599758206316,-0.5976852458400711,5
-2.1746079577313435,0.5695038897148623,6
-0.285965252781476,-0.8251964308398494,4
-0.7919682489123757,-0.19343713953807068,2
1.154480715303715,-0.09290639931804304,5
-0.542907538555367,-1.7184664003160943,0
-0.006333668675059731,-0.9998566596843492,5
-2.1746356311570927,-0.6952803992050172,6
-0.31505724396211576,-1.4046952715822012,5
-0.60551572980289,-2.1278949583016114,0
1.407218235363098,0.2787777529127447,4
0.008371926267523547,2.7689517765112552,4
1.1486807057219361,1.1381494853339753,4
0.26299261124092904,-0.671053611273914,4
1.0370038418426806,0.09123955427438762,4
0.18030085407349086,-1.0271791298618045,5
-2.102709887940884,1.089454394580005,6
-1.6660856789258416,1.0799495766267617,4
3.0499705265984027,1.7300367206116092,2
-1.859076568339657,5.733773173346669,2
-1.7032511793024674,1.456835093839952,4
2.713119717674214,2.7985195956935933,3
3.077202105112089,1.07419966894325,2
1.1290577911259307,-0.49439882296453785,4
-1.3893194444714383,-0.8124804753733452,5
-1.3140936026342362,-1.682112681732045,5
-1.9255108269340568,-0.9919109606527794,1
0.6253784308274188,1.388234070908132,4
2.8621616176096656,-0.7178236003423427,3
1.2171366960725125,-0.992319443147635,5
-2.196716889086776,0.08368385179996679,6
0.47822414745168595,-0.7304255508775681,5
-2.0373881761532853,3.9797138285812097,1
-1.748634894340529,1.97141042447706,4
-1.3757868630320755,0.022742284498368223,4
-1.736142734538656,-0.16060385427082685,5
-0.9710027429415716,2.4093485797975305,2
-1.678751879342717,0.2467390827741267,4
0.41681452700657184,1.7109919731949164,2
-2.1965642528528133,0.39910359531975725,6
-0.052078390767481164,-1.3594529419979797,5
-0.9159391289073298,-0.7073597033200129,4
-2.0481964202811516,1.2562607723795436,1
-1.9741101381258428,1.5082557528435567,1
-1.9495927638564823,-0.30361486963979084,1
-0.8107253920645596,0.43187526378155744,2
-0.34030188654204074,-0.10592596537143266,4
-1.3526563954267763,-1.7443278604719472,5
1.4032930962017822,-0.7346277252819139,5
-0.3441241240711431,-0.34314684454753636,4
2.906230481794379,1.2328000636825556,3
-0.32733836597935895,-1.679209918694974,5
-0.27636734324922974,-1.9477711577826873,5
-1.3809414982027606,0.8592029696416476,4
-1.4237308283445833,0.0751330023015267,4
1.4308183256134324,-0.7795807661623978,5
0.4759341992780949,0.9064775176616362,2
0.6024423697293034,-0.2441439635516846,4
3.0970453539126104,0.9702196920375059,2
1.0487769850723694,-1.308009276818018,5
-0.15228557263433848,-1.458857430470113,5
-2.3762053179306433,3.633012252267146,6
-0.9683370922041977,-0.8129701401872287,5
-0.01629355563508439,-1.2800358692951428,5
-1.6251434793930708,-1.1278480373230537,5
0.9008343942048552,-0.6140972136186676,5
1.3952782548956035,-1.1129052840944793,5
-1.3243412900373124,-1.4257599633928928,5
-2.1275335082290985,-1.1542812864961158,6
1.0453893012407374,-0.9186898620811033,5
0.6859060247653569,-0.23759236978074377,5
-0.6110816426889991,-2.018207705662022,0
-0.06609436805520924,-0.5691549076166312,4
1.0262495924099908,0.623438764556891,4
2.8473079719728105,-0.4165122255988798,3
-0.642351179000515,-2.4773372691099285,0
1.3847797347227975,0.4913460590076378,4
-0.5520059094507018,-1.7000597185764137,0
0.6698696225405993,0.4239598346515179,4
1.378669249616086,-0.8499393906504601,5
2.8834453646995346,0.42896451452953255,3
1.3916366673199427,-0.8786680456279518,5
2.9788994103644972,-1.0035720842691307,5
-2.1874477301851543,0.5837026011122318,6
-1.9551873754057632,-0.43878824729301447,1
-1.9766601841534865,-0.07229816415227083,1
-2.14178472343847,3.9686895190783837,1
-0.9148868678734765,-2.0168684380639927,5
0.3990285009747082,-1.4360776158721233,5
-2.023500164683315,-1.1694982369064675,6
0.1466042641060342,-0.0978773259780703,5
1.43863501674098,-1.0955736436230126,5
0.6622957785101331,0.782733789880259,2
-1.9538616303935614,0.9734080161451906,1
-0.06634168692381531,-1.0304370349316443,5
-0.048580874045577205,-0.14443775573206707,4
-0.3117673256162985,-0.4109246294637518,4
0.8601350823160531,-0.6330789323598467,5
0.9884238499710393,0.7788988033397161,4
-2.244272871494603,1.0883290351226498,6
-0.9858468190074648,0.3638925575247435,4
-0.6285581369330058,-1.316449060267064,0
-0.6351904314739991,-2.465318673196235,0
-1.7145756078712562,1.2898151506353628,4
0.880707640699654,0.0016828457956479387,4
-2.0737984089215264,1.5688755132654957,1
-0.6035830304984162,-2.055566299532899,0
0.5414478688575701,-0.22817017852050114,4
1.423110266593801,-0.7514620784944165,5
2.8192509459899076,2.104771051134574,4
-0.6602744123946691,-0.977790967539585,0
2.698565921673877,5.368523442208155,3
0.2977123894597089,0.9683628423897382,2
2.8512174302044544,-0.6909984902215668,3
1.333159688936811,1.1824042984742233,2
1.1226953297833269,-0.3979175310640986,4
2.840845672671465,-0.704300795919479,3
0.9309782317247762,-1.2687701033334406,5
0.8509105699309789,0.43640137816557895,4
-1.6764245492212506,0.9455921172725527,4
2.946489140788304,1.5900545952014296,3
-0.02451382296609632,0.3980488598993881,4
-2.18357019954184,-1.0556132818335153,6
1.3550997077097198,0.15663261934753359,4
2.8750404421034106,0.4605855925399008,3
0.8985517931269359,0.43984573511509345,4
-1.690628693108867,-0.3753904305145515,5
0.6158355452797433,0.7238054204495349,2
0.7918360209921689,0.9123250850390079,2
-2.1902823131653615,-0.23930536443789446,6
-2.0534682774950292,1.4139119652276084,1
-1.690790428949743,-0.09296220500387145,5
1.0649642159937671,0.1348343728805223,4
-0.4000543382631627,-0.4409909625589573,4
-2.1356981089486955,5.488528645349093,1
2.978296857542772,-0.12598201059560427,4
1.358173722230899,0.7854459044713473,4
-1.5563054266215042,1.167394552217269,2
-1.3166547027695616,2.119814513371969,2
2.7588936854436468,0.24606732315213858,3
2.8486394131917208,-0.6269167804712003,3
-0.6668773997344163,-1.3361452737989026,0
-2.3807872548174447,2.735634701098408,6
0.9569242327885712,-0.41176737528651,4
-1.3448835099105743,-0.1159547435230746,4
1.0275990723885178,-0.7148646101643594,5
0.5696702637275788,-1.1221878545853952,5
0.818584758396388,0.44430522441245207,4
-0.9324514785258856,-1.5525038317561262,5
-1.9757012116535702,-0.2360516755493018,1
-0.9095583907913409,-1.3975279073926778,5
-0.04487472585792855,0.8417654069145332,4
-0.8109952139546724,-0.17899926173678543,2
-0.348859747618089,-1.5328322360500224,5
1.1648093940240278,1.0308550967023082,2
-0.3094132281359965,-1.0767063794431553,4
0.9107850558997164,0.33282370933212485,4
-0.3329490935948253,-1.9483456042435048,5
-1.297924850146306,-0.6831937668665755,4
0.01990427769849684,-2.4854058925564253,5
-1.3207093944055792,-1.579288831443441,5
-1.9620753757481473,-0.47274156056123795,1
0.7403750989550719,0.07227038954098586,4
-1.8701164510716533,2.6518000649582407,5
-1.6449455410554044,0.9205319471101283,4
-0.5878379492185312,-2.6298580699963003,0
2.7848028705346137,-0.05353703353761467,3
-2.1581262672899197,0.53031141751553,6
-1.7760692575730714,1.3172592342347687,4
0.7514589510316938,-1.2321596311201266,5
-2.248082963955792,0.7939390778336757,6
-0.3035786311464379,-1.7100682284416193,5
1.0810514830192723,-1.2052393287872916,5
1.2412762116048444,-0.10605675358484255,4
2.858152499231986,-0.5919140533829531,3
0.8266588875989659,0.8051769640766852,2
1.362174141795931,0.8463975182331539,2
2.90484536285506,0.2497119215276487,4
1.3901072697402765,-0.8362109237709222,5
-0.40887090110196656,-0.0958636874111441,5
0.5541061877916985,-0.2285347624098097,4
-0.8661340654821187,-1.0049241983541028,4
0.695971320964754,0.21594471527965325,4
-1.3689925681566486,0.2817499771989335,4
-0.6001506319356382,-2.451311695231484,0
-0.051860544588588506,0.22176239839989248,4
0.8881080274909484,-0.8016337405179935,5
0.8149929606562274,0.19428886767920128,4
2.8816644673320493,0.49336488725647165,3
-0.9216407079355726,-1.535294746160332,5
-1.7160086834295776,1.019636994384343,4
2.8325363665789296,-0.7727345967672848,3
-1.7119136798699184,0.4350920740125431,5
1.165980087507287,0.863789818834195,4
0.16606571965226097,0.18612275727224742,4
-2.002002820616747,0.11019567414967786,1
-0.6194621742118115,-1.4913320062412223,0
0.8413985356950321,1.3920393659172134,4
-2.005599100198063,0.23253885969448268,1
-1.955520027780824,-0.32429659085351503,1
-0.033065942257113734,-1.8856386007024295,5
-0.2875529363699575,-1.8155741533515402,5
1.243650670650408,0.342740066119484,4
1.1963918394781528,0.24191847896999163,4
-0.36495649374946515,-1.530110650575155,5
-1.6962584481925356,-0.4766655168092596,5
2.854717584254703,0.8549543354664377,3
-1.694367583305347,0.9216016565280339,4
1.056034279979089,-0.5237609154930634,5
-1.387781149385182,-0.28181112499050887,5
2.9213938408142304,1.3443299227366947,3
2.9750280975176917,-0.1584886287027476,4
-0.7952535553514415,0.14369858938540178,2
-2.238016491937519,0.3174210073079521,6
-0.637492872095529,-2.401126743419106,0
-1.698416919864877,0.01861371988452841,5
1.4336343649964114,0.40018111073865886,4
-0.7687845622271875,-0.05767633572651164,2
0.09117135217330392,0.07227582228159554,2
-2.033921504528965,1.3842533444164202,1
-1.385311962597552,-1.2235959171065647,5
-1.7053205827725322,0.5211522552350186,5
-1.3387805098971473,-1.4132196403141182,5
-2.1351665734835485,6.22702002854301,1
-1.6880813059089221,3.6836032343355862,2
-0.9421265883592267,0.5661051676737668,4
-1.9741085946762644,1.3037633885563962,1
0.13154372053243962,-2.2829140923521405,4
0.3566131198455129,-0.6679541529567984,5
-2.2777370704346662,2.83027105535393,6
-0.8868611195492107,-1.720459974167486,5
-0.6612667817395379,-1.1901434393396244,0
-1.979156424215037,1.390545409306559,1
0.23891871818363689,0.8175118490576972,5
-1.9968917065850176,0.07188271514319408,1
-0.8650810323976655,0.30840990761026915,2
2.722112929451325,1.5702072062380408,3
0.5148625731747372,-0.4332866678591537,5
1.392692538233302,1.001025243796687,4
0.07742795856798071,0.34283101266622523,2
0.5559538260055249,-0.876377986943469,5
0.6298851583237487,-0.12060567299183254,5
1.2382285166904488,0.04892354352859555,4
0.9709852040267972,1.2323279576960744,2
2.898195078766022,0.5773927550276363,5
-2.011513147335853,0.31088699477275816,1
-0.6058357009919504,-2.2609597745128176,0
2.80571453141295,0.7051410608859061,3
-0.9831278326114498,-0.9335072333353782,5
1.3875998085072325,-0.8060133241354077,5
-0.8769465366134438,-0.454435882485551,4
1.0589857187528975,0.891748010898627,4
1.038818491304744,0.37194424761452,4
2.851833473014006,-1.0071574352604473,3
0.6122382578516776,0.6838408692597518,4
-1.4099740270654113,-0.7620685503724567,5
-0.143535693995522,-1.5672717946554375,5
-1.6265782054544937,0.44733210370962334,4
1.2782724381561898,-0.5468547696039147,4
0.7894474538038068,1.066350971787862,2
2.79973415173265,-0.3887296605892246,3
1.403403399421072,0.16800344677029289,4
-0.28896144145441094,-0.7026133346336484,4
2.936421542156788,0.29353428951895566,4
-0.016891663853620065,-1.8544168235793168,5
0.36111531868045155,-0.9761158133456211,5
-1.7320059334130407,1.7282593492074676,4
-0.9391147189434343,-0.3205751611771194,4
1.4629667235316481,-1.383940094566284,5
1.1063706228018582,-1.3005865729854893,5
0.7376368590926196,0.3079372903541468,4
-2.1243295426899342,2.6996722093473533,1
0.05043532678093109,-0.9873160473304978,4
0.7071472527020516,-1.314985308997879,5
0.30202410311329975,0.860003796276208,4
-1.230407824695522,-0.2714819495314082,2
1.0179435998968858,0.3010008776041072,4
-0.9536804859907679,-1.3527656213939738,5
-0.03622452793640901,-1.2137346891838507,5
0.005228168223847265,-1.2556839638921837,5
1.3206375449877823,1.5711197257101583,4
0.6863083519746066,-1.6166395279044772,4
0.3748828584057733,-1.107280698025138,5
0.1894046815766541,2.531849577189272,2
1.1523378474080082,0.8883184848914973,4
2.6654798862257407,2.2465375268931043,3
0.8968085023469401,0.0732313522824356,4
-1.6471273057398848,-0.6588062194908727,5
3.001773085018544,-1.059540722196411,5
-1.3551567826673956,-1.2610538728836802,5
-0.626044197176628,-2.154413438439035,0
0.9236790719655471,-1.3212002687639077,5
0.8771764696518362,-1.0233841778827875,5
-0.667120518044682,-1.0757933466756824,0
-0.5864136098634258,-2.6567571581061675,0
1.0305037121355796,-1.008064981760234,5
-1.7215122262666591,2.07483333324556,4
1.0518984195004895,-0.41350202066381214,5
0.03999039357786473,-1.3069002632296822,5
-2.0967568178463076,3.288766506530566,1
1.4069742575406283,-0.5625755285480862,5
1.0504900011137626,-1.1275876777793787,5
1.2214615836643077,-0.909878344658444,5
0.3886311503020208,0.9120984413267262,5
0.7730892337582691,-1.5802743950653255,5
-1.5941949856948467,4.0095642968255545,4
-0.3054942428327355,-1.497184744336831,5
2.792721577240698,1.7546311741243763,3
-0.6705648400702148,-1.871405123870674,0
-0.908177635935354,-0.28238350682859725,4
0.8384203086870331,-0.8279399604474381,5
2.863201857596588,1.425635335469626,4
0.5301556276443286,-0.03361589204889807,4
-0.543565809441858,-1.5949487387839898,0
-0.027953764376610846,-0.0005923516876487414,4
2.759543461138088,0.6267980880958829,3
2.7245295699974004,0.9458530910346743,3
1.3659554814310264,0.7580406682933104,2
-0.5600000733497925,-1.774811340952777,0
-0.08658579797851698,-0.7226316049380408,4
0.1015467830351875,1.3330366564432872,2
-1.8253424932733586,6.317668679991181,2
-0.7684106645696833,-0.0785516484263461,2
-0.938574921689475,0.24733875714449088,4
0.041141907237708664,-0.8635188644501058,4
2.905032205398017,1.3837378632482624,4
-1.9120335110207307,2.324016931200307,1
0.5490718227484962,-1.406471098780704,5
2.9545125667181473,-0.3740663785669966,5
-0.7513549218137788,-0.511919729757571,2
-0.6675128471455544,-1.6840044758195865,0
-2.169147546290994,2.8962152219610524,6
-0.748727485527764,-0.38708861071829564,2
2.9656384437642993,2.7666093946412174,2
-0.0025037528902240314,-0.7378539011233601,4
-2.077278170784551,1.7012310505048411,6
0.7454729119404113,0.1889327852707322,4
2.828839449683101,0.552960621438195,3
3.0212287876851796,1.8982842277384075,2
0.1487118842729521,-1.0984751649332645,5
0.49137557285813904,-0.6105437593277571,5
-1.6697702856426204,1.2189259755831083,4
-2.1791057050403086,0.4815688702157981,6
-1.3889099116346082,0.008340231856361222,4
0.7084914479983487,-0.551412956603666,5
2.87194905981305,1.5593565732367174,4
-1.7546037067320146,1.1966619007922128,5
-1.7108507712626624,0.305292403430183,5
0.5307489008851501,0.4536071453357341,4
-2.230246559112121,-0.041631672616209384,6
2.8276592637270825,-0.5142351108058271,3
-0.9391883203942937,-0.5159414068151408,4
1.095219784569422,0.322934293202796,4
-1.4363361069671996,1.7405435365837905,4
-2.1894294976418847,0.29648727767544786,6
1.4004705989539639,-0.9402490457795052,5
-1.4341103924414866,1.6919209658267784,4
-0.3614413441098221,-1.4259495189322495,5
-0.9917559885015573,0.5451975386569384,4
-2.1785429476375064,-0.7307546610441668,6
-0.8816006073946238,-1.799069352453067,5
-0.6577952260567913,-1.9782127399246021,0
-1.998050031297382,1.9873155917168879,1
2.8168614949596065,-0.6396198383170527,3
-1.3938642303702427,-1.168346165099451,5
-2.26000503510499,1.0964223190236864,6
-2.0331204715771336,1.450754376061242,1
-0.6176446889893067,-2.6600854755470165,0
-0.9333981576982324,-1.7885752500020706,5
1.4543377968711828,-1.2480086900555039,5
-0.3289480405129236,-1.7202095181366726,5
-2.196556975169206,-0.7196433227471675,6
-0.9646577544180225,-1.109592181127577,5
-1.344212257490362,-1.4676156058573944,5
-1.9812088860285333,-0.13278496076552798,1
-0.34344397167376295,-1.8131601702661968,5
-0.3134594735582966,-1.7296179781084051,5
0.7514342825787431,0.24998428037791393,4
-0.2923835328968878,-2.1586665821366715,5
2.874714725658048,-0.9264547907360805,3
-0.3011105346265709,-1.7650376782419055,5
-2.003414387835017,1.7779658360255322,1
-2.127263777698025,2.98492235699676,1
2.7593423854342443,1.5355772015243343,3
2.7990136957010834,3.445133254866925,3
-0.6610611627530152,-1.7621376891867309,0
1.0969875514481904,-1.4410057263792178,5
1.4508984222181132,1.4375025650067605,2
0.9034202303857333,-1.1587178821750177,5
-1.3869291310762437,-1.1499739150858743,5
-2.3407386512140813,2.328104393464603,6
0.510644837891533,0.2777023479924976,4
0.7923349312916559,0.5979488718905963,4
-1.7489553810561396,1.0703611599311569,4
0.5056953645402349,-0.989049400818031,5
-2.1738558275963906,0.07739385132577398,6
-0.9466057442532728,-0.21931911468781656,4
0.5789384657969333,-0.07007133627638154,4
2.840745839014025,1.5375556410743585,5
-2.1744335147968483,3.909906933792299,1
1.4446656494743904,0.14414169105731028,4
-0.6235896360389144,-1.4941998055018952,0
2.852567960458544,-0.5510779153896125,3
0.17021097205899025,0.21864476114234443,2
0.592985101973577,0.967793576199868,4
-1.3386256025399084,0.1389083102244575,4
1.020694290643911,0.45979353999793515,4
0.5466736279475679,0.5186414498979266,4
-2.214740153462337,-0.5251313360612739,6
2.8494854656405866,-0.4000418073101791,3
-2.194432583198613,-0.8829309653646148,6
1.0195938918568326,-0.40165943582261515,5
-1.3072240202920917,-0.40170579531039946,4
2.9970423551479644,0.28778505094231127,4
2.8372452732796485,0.3297840311199876,3
-1.6781613242896152,-0.7427679720417276,5
-0.19950302241374518,0.32184565457173037,4
1.06763236247626,-0.06316734108961415,4
-1.6570531768052787,0.8268921035030569,4
-1.6471752036520284,-0.7330938506492545,5
2.8668149649523196,-0.6104950378686639,3
0.9968711024152577,0.4319580030229022,4
-1.721838998477653,0.7631296484821213,5
2.934730039941657,-0.2490373696559492,5
-1.4019266501436534,-0.16744379544935512,4
-0.037531136592127756,-1.4499499634542987,5
2.7464727688922106,0.8077537928514507,3
2.8751677691724478,-0.762136719290918,3
0.8674818507622799,0.17491491266983572,4
1.2407211441554538,0.512149677101348,4
-0.5847300408646088,-2.479059748241501,0
-0.4604433846648095,-0.8504183477673442,0
-0.5844978018241928,-0.9968130873914409,0
-1.7198002588444372,0.23931500892692603,5
0.7056397310072894,0.08192339073474558,4
0.535727078457758,-0.6982828650188697,5
-1.6155628681161156,0.28115475799860745,4
0.24986703953971157,1.220671752009188,4
1.0011092882311476,0.4428083783253805,4
1.0319038078954141,1.2624396730204464,4
-0.35320105962446524,-0.5421121268523188,4
-1.6856745909199629,-0.6677715345252081,5
2.8144145109501992,-0.7148665156065229,3
0.20397199141095626,1.7280015371678583,5
1.4342588771191327,0.2949623456790714,4
-0.1907856218633637,-0.3437581259234603,2
0.7688200989572749,2.4257980727469675,4
-0.6437025314739131,-2.161472265905371,0
-1.7926854154246668,2.465543550159054,4
-0.34254350250123067,-0.6380943328102313,4
-2.038365717611624,0.7648581207681399,6
-1.2359487503524884,4.462894391004671,4
-1.3312497006949116,0.1354129950741041,4
-0.9343137458228697,-1.149687019791528,5
-1.4454126507634515,1.1954182643996916,4
2.8958164898628764,0.10834843053864596,3
-0.1652544842913303,-0.16297149260158666,2
-0.05056488468918391,-1.6596531086159043,5
-0.6423928538625865,-1.5620507199901439,0
3.006616216192429,0.17054377108059848,4
-0.3438651853363237,-0.44328578502726856,4
-1.9879419859507015,0.30470948562593014,1
-0.551211015314795,-1.6410734313344784,0
1.0794301700593458,-1.578248703821584,5
-0.03137070612766672,1.1594113773697665,4
-0.9616628292783832,-1.5512933814018837,5
0.403961499309735,5.093538945391028,2
1.3920728166790797,0.32368075308139077,4
2.9028245252104257,1.1536062163619667,4
-0.6156267375351807,-2.100736834867561,0
1.5507959365606232,-2.7053390332287637,5
-0.6163650485436283,-1.9460512713852043,0
-1.6799025403415762,1.0588263994562257,4
-2.0058444509659865,1.951356068252057,1
-0.5970068784959147,-1.004525896324488,0
1.0695824621717185,-0.031187830555928976,4
-1.904747123611021,-1.0890791173154057,1
-0.2194173203174421,1.467593639985897,4
2.9242922604090404,-0.7741080546091961,5
2.842330210430039,-0.5395704306237287,3
-2.0188062297608704,1.238027234126778,1
0.045832512234384004,-2.353972794191476,5
-2.2063440284333136,-0.6675995404409234,6
-0.06344471765097258,0.5500196847132487,2
2.750463901122907,0.5655465635694878,3
-1.675661631774794,0.468067391226935,4
-0.09436027971110436,-1.6127264666431356,5
-0.004392850611034338,-0.16712994311097157,4
-0.9472480930874573,-1.697799474762341,5
-2.0017342853113114,1.428319938901121,1
-0.3025471502716879,-0.7236441073611253,4
-0.6283153952362602,-1.3163520255339254,0
-1.991167649302054,1.5132561575501577,1
0.6555784400987709,1.288394258714231,4
2.8390799650214333,0.4983857327273785,3
1.0186968077060743,0.739658396843002,2
1.2592749941789505,-1.0497433893746466,5
2.811893982406901,-0.6416055756723474,3
-0.3366921169308258,-1.0813385306810819,5
0.5705635194447121,0.007293091173452185,4
1.367775052831949,0.4285924311792568,4
-2.144007775703842,-0.8939738768975686,6
-2.085269561619765,1.3568751803178163,6
0.6298851583237487,-0.12060567299183254,5
1.375114997295618,-0.9568285803583803,5
-0.19783006484818824,-0.24381806043295667,2
-0.3238752704000134,-0.17900321169532213,4
-0.06900019608644342,-1.4313296044967942,5
0.7026756614425425,-0.5472939954492969,5
-2.230724706719049,1.832023664597742,6
-1.6826894393418277,0.15512524820356,5
2.9679176837761,-1.398635596226107,5
-2.0184864220810215,0.2833433123279119,1
-1.4381789462515748,0.2582504699838649,4
2.980024001259015,2.8778283414231374,2
1.0889061051342293,-1.0691625531741122,5
-1.3570620158416908,-1.261815479954544,5
-1.3369005210855989,-1.5426926837387898,5
1.1592978851339906,0.21793420525433133,4
0.09290304398393412,1.2076301291280906,4
-0.3643619026380731,0.22397366289898535,4
-1.4103320427580819,-0.7218555449317037,5
-0.5680079380154472,-1.2065333398730422,0
-2.0480789819751872,2.694795622737719,1
-2.1495365963398267,-0.1314831662712745,6
0.7893280241838116,0.14845118112208366,5
-0.020567072180825263,-1.4926809312977927,5
0.8428277145233346,-0.7610658342788322,5
-0.9941004556743184,0.010275675211592575,4
-0.9289427695919986,-1.4483452745428524,5
-0.9840789822672268,0.0637940037158401,4
-0.35274911974639744,-0.22674412319044351,4
-0.6168208376113712,-2.1598827066213024,0
-2.1948989751253283,1.0924660237998882,6
-0.028955429448645043,-0.5699087383695121,4
-0.16678012137636186,-0.9400219263218763,5
-2.017485044989887,-0.31786686447777013,1
-1.9968663294029916,0.33234197254357756,1
-2.192577683532333,-0.3612912935056474,6
-0.6431941203965849,-2.2355374883772074,0
2.763935018882749,0.994471091924704,3
0.281822432126274,-0.19526548752912937,5
-0.6980434365348341,-0.1672552133343172,0
1.3236813187002432,1.8483855230015094,4
-1.7624724434307875,1.925522795659399,4
-1.6534696484788192,-0.5246732227555088,5
0.6792212029709966,0.4944542131926561,4
-0.31013899464390804,-0.3295614654846413,4
-0.8941056669939397,-1.7169121861629526,5
-1.657223624111174,1.1018045048676819,4
-0.340811870523273,-1.87722026016326,5
1.398677996586396,-1.046434056129445,5
-0.5079076991014235,-0.8914356950157317,0
-0.9952939766514896,-0.2882942812698185,4
0.6925527777532381,0.9372570249626735,4
2.899175299114683,1.17312265147642,4
1.059341483123076,-1.1396493419470666,5
-1.9637527620331028,-0.27163146920593356,1
0.5496202322754004,-1.002690615231967,5
2.809141481601131,0.5099562680544829,3
2.8766927893471217,1.9097590307910153,3
-2.2173227529408917,0.37520551246024225,6
-2.1239700397038423,-0.37133809825817116,6
-1.7467730896102263,1.9915355892869668,4
-0.5352790153563405,-1.8456414670640244,0
-1.3393295128820166,0.08804606940431953,4
-0.03025565702071603,-1.7726029813997513,5
-1.3097310646985996,-1.6464564416392191,5
1.2138844964675592,0.36475353085333545,4
-1.9888226301738425,1.4738374263699112,1
-0.5927388151504112,-2.5327924539374758,0
-0.011176689172228804,-1.1854095734719896,5
-0.9373322376309029,0.24783551364580908,4
-1.999699995766713,-0.667518740554347,1
-1.662549025370842,0.805314258594014,4
-2.207830043301343,-0.789261937859109,6
3.007898754273716,0.10594418659971143,4
1.0015289661872229,1.3154097224813603,4
2.8398814463739885,-0.751486113355542,3
0.14153090056136072,-0.8656527162897986,5
1.453651259725327,0.10093370808267144,4
-2.201070476663864,-0.24361787679225944,6
0.015850119982379784,-1.7487476814433345,5
-2.1852900084920823,0.298142016973917,6
-1.6666227743056103,-0.7564678128561774,5
-2.2244638990027177,-0.03932008425676726,6
-0.3055786041622758,-1.7356237657422586,5
-1.7334699836256524,1.166419793375873,4
2.9242922604090404,-0.7741080546091961,5
2.763407360001391,1.8251198147153975,3
0.4623821056198457,-0.5349777030351617,5
0.0723214563068614,1.405113594230758,4
-0.9806919335178973,-1.4534316722934593,5
-0.9038269789899721,-1.5997298594785285,5
-2.069734307222929,2.6420020107259776,1
-0.3235103918816281,-2.186709288846697,5
-0.7329731220284453,0.9229781445653505,0
1.383981201458739,-0.7671037191530078,5
-1.2955539561376492,-1.7123452607824945,5
-0.09367710271844708,-0.42415377011933303,5
0.1631903223697901,-0.5785452964992255,2
-0.3049091938434477,-1.6115754467450822,5
1.022363724617044,-0.757313539226684,5
-1.717044768880884,1.9124823882822808,4
2.797776215012351,1.7254518229449758,3
-2.0458556100014005,1.8820685589017743,1
0.5547120544982576,-1.534440998631727,5
-0.3507819159678488,-1.728937496504455,5
-1.3897952629389572,-1.265744215103233,5
1.4369999975843002,0.3869950726293842,4
-2.00831250777701,0.5258156254951656,1
-2.164163639953792,0.7490595576243322,6
-0.053758832361311334,0.6284950758263859,4
1.333499129545076,1.3531206580759811,2
-1.8839528440411848,1.7115878003615312,1
0.6183584745885871,4.428904075469814,2
-1.3861285380465915,-1.1276100920925716,5
-0.9218506693272109,-1.362085561569633,5
3.1061927307043464,0.27324118560752136,2
-2.1691709954111835,-0.5876275488176586,6
2.8342236740658806,-0.26031811391694537,3
2.863366293293099,-0.6769858970885297,3
-1.4308124725594116,3.4232260678344617,2
-1.0302244269773582,0.16641596682156168,4
-2.0323880476160787,-0.08813129429877217,1
0.019796207207703476,-0.7536956823472815,4
-1.3559088137090267,-1.301710613743929,5
-1.3894226073792042,-1.3554637031496721,5
0.08776848419052781,-0.19597738719394747,2
-0.40552020297302016,0.02176619875258974,4
-1.7533044685619636,1.5073140540930805,4
0.07632209834879353,-1.3428854383195694,4
-1.402878627135299,0.46998483248103057,4
-1.6974327491112249,-0.1203736083259107,5
-1.8574348239017209,2.421176535041896,5
1.1075500094319388,-0.09672276139655489,4
-0.6303828065605969,-2.432196849993099,0
-1.889341562360905,3.633686741582907,5
-0.17204688058057163,0.5071827288243175,4
1.2386069133371957,-0.6269755135876985,5
-0.9566625379068789,-1.376001425316895,5
-1.3488716410300152,0.21445621599310077,4
2.7962610199233007,0.009711777232720722,3
-1.7544651723882094,0.48963839481846755,5
0.18169597784774108,-0.6634162930339903,5
-0.9306126181942234,-1.4307003757707104,5
-1.694367583305347,0.9216016565280339,4
-1.3597530325976304,0.3010434219114178,4
-1.8298106349194687,1.1902888743729148,1
0.10439380953391382,0.16098604593519167,2
-0.01374212413749365,-0.8203462004480238,4
-0.09501384140847899,2.312435101444913,4
-1.9665234428299652,1.101233939845939,1
-0.9856075365707898,-1.0647230353334174,5
2.9298260989397105,0.15256352898740944,5
1.2304013268772784,-0.8164363094226721,5
0.0051765155921956185,-1.684170691561271,5
-0.6070511283137965,-2.7457191356731103,0
-0.26880449270757967,-2.074972524670454,5
-0.5549585594872789,-1.4133222779371908,0
-1.6820150395494922,1.3496309915767195,4
-1.7880878044099289,1.3775671597326262,4
-0.613742735500318,-2.140339839199374,0
0.886421205385009,-0.6720835096030169,5
0.44598857221300314,0.4744628955123432,4
0.8389336130766079,-0.6975102164693214,5
-0.08132827765675224,-0.007546430756541413,4
-2.1511236320165037,-1.1416675119332629,6
1.254241922410923,-1.1077113986727996,5
2.9071331468754833,1.354229270051738,3
1.1361134490775884,-0.6126467213921538,4
-0.028827133171165628,0.7362681377993132,4
1.0259485624865288,0.835473086685362,4
-1.7290403146278055,0.111840574361887,5
0.6839440235917642,0.7632350286699887,4
-1.3296766408106264,-1.4370489916339217,5
0.6303616125040951,1.2340275706006794,4
-2.2353540955560725,0.3991975391796143,6
-1.698852646236418,-0.43734641365479965,5
1.4214495651243289,0.3301980140705226,4
-0.13943504099110463,-0.1681213100157793,4
1.387371664666745,0.4376439233645605,4
-0.6479260004257869,-1.6917746936484266,0
3.0129643635679764,2.2737857003642263,2
0.4680671228907256,0.4832886815302663,4
-0.6416937985647536,-2.210181663995756,0
-0.643840696554321,-1.4527827253940322,0
-0.3264838759987384,-1.6137560342570765,5
-2.221049880661451,0.8203453966967752,6
0.025366758105701326,-0.7331565472252423,4
-2.004259238303764,0.8348563186163691,1
-2.1733290536224725,-0.6048896787496576,6
0.30077135726775206,0.747590806643252,4
0.008894638754710136,-1.716596713499743,5
0.6482200260487956,2.020000151927504,4
-0.10331644056503037,0.782897624478206,4
1.183380990408352,0.6476053416892612,2
2.802726790085719,0.6140782929786897,3
0.11349341214416064,0.9801680858035231,4
-2.067123368361132,0.4773132547758833,6
-1.6876976007762972,-0.7896485937041998,5
-1.9935196891126823,0.2190551908989657,1
1.3147777303523807,0.7889245161508629,4
-1.9987341272548382,0.8370649530758896,1
0.8313877163891982,0.745002419087225,4
1.28090919251387,2.7493033101302946,4
-2.0223909498055184,0.14114598757877217,6
-1.1989735593511877,-0.023223284722572603,2
0.5170193379854029,-1.2266594538237432,5
1.4281558615451513,-0.2192193402796676,4
0.27960130968482166,0.7501862462947124,2
-1.8185653234073347,2.185421485974547,5
0.5319769469873429,0.27707356619658374,4
3.0007617166736797,2.4394884012562232,2
2.930928935249912,0.27695654288761334,4
-0.38439875153429304,-0.824359933696466,5
-1.6870869618480333,-0.2620624449128557,5
-0.3208746724068263,-1.633557544428346,5
-0.29559653857177814,-0.8656216797887257,4
-0.01513626638458436,3.5629455380462756,4
-2.086446809491502,1.5557096516991311,1
-0.05477821936584676,-1.4660005434402603,5
2.784721566639883,1.988194749356323,3
1.143567997003761,-0.6317104727346456,4
-0.5904858668799706,-2.3979359392002118,0
-1.9480569065723359,2.610421990646935,1
-2.117626799229579,1.428621029535334,1
2.998659980737917,-1.5945709825114045,5
0.8544618199811828,0.3870908129633803,4
-1.8179572060907918,2.8471833884803677,4
1.4209867363132314,0.2740569097254103,4
-1.3713546136036139,-1.4849094157854823,5
-0.962353389620492,-1.6387254321318763,5
0.9192344002954692,-1.136796315572715,5
2.9602008338409904,-1.4420764872828382,5
-0.8919261195443285,-0.3969554286309673,4
-0.9884030466925505,-0.17902483577929684,5
-1.3680459551605193,0.49199662856326054,4
-1.9489623943921337,0.5900680343803173,1
-2.052179045756871,1.904297012221977,1
-0.5847207503735019,-1.2600141699644718,0
-0.059427396096586135,0.7564536441337818,4
1.0445534518856356,-1.1299607825151519,5
-1.390186095160398,0.3593654692747901,4
3.0240149616277177,-0.20774994632912414,4
-1.7615340596976303,1.6889871275653323,4
1.173371629625525,0.8172322429016506,4
-0.30308209736178815,-0.32674050743030236,4
0.41690815616244215,1.0534628409236757,2
0.025972125951682856,-1.7226576965332205,5
2.991319482606064,-1.137987942089908,5
-1.9360709317485838,-0.6393709186183036,1
-2.1826340860009763,-1.0799952055987487,6
0.9611312742401393,1.0825643776636418,2
-2.205790931218367,0.6467082088585703,6
1.0623114335027954,0.6390721476129231,4
2.8326692476214808,0.7536093464341872,3
-1.3604359284542584,-1.489700982356822,5
-2.178441206802054,-0.26577187270538594,6
-1.7412422807747099,4.111694574545675,2
-0.05109791464255602,0.6686970285254161,4
-0.35271934842929464,-0.13686378683536038,4
-0.3121721565723893,-1.05305306061461,4
0.024303564303794836,0.20662653768366002,4
0.0021271931090157264,0.27081220894236485,4
3.0343961998377376,1.7953670472459016,2
1.1046672850101227,-0.12263125777178228,4
0.5589697732713196,0.4439130692370931,4
-1.336334993608317,-1.3993545116403887,5
-1.9649777578799639,-0.09238431357475949,1
-0.7865138445570918,0.21772933823464058,2
-2.0233259029677266,0.07047195446523688,1
0.06358333425544896,-0.31145732148584615,4
1.2300665571864664,0.23562242026130908,4
3.0049532107903563,-1.0986256037833342,5
2.7923496924824147,0.575846395141267,3
-0.34837718864287803,-1.8178446320497985,5
0.6768359548234929,0.8594182180667487,4
-1.3311022771995078,-1.1836135325170907,5
-2.1681418557095102,0.04847801362094065,6
-0.5977743631716005,-2.8447668417607104,0
0.2914317242622376,-0.35284872034173326,5
-0.6094141692406099,-2.0670534247783356,0
2.9466558931105102,-0.6284999553647949,5
-0.34379447460402746,-1.9279249152944753,5
-0.3622652201487846,-1.6592593691784712,5
-1.716565866031596,-0.2555341275307237,5
0.886284632398062,0.20947376499307369,4
-0.9784759947974063,-1.393877407223193,5
0.9021311181586331,-0.997808695022679,5
0.8677250793761415,-1.0024061718091741,5
0.05272437446091806,-1.3421660448419923,5
0.28793249806940935,0.8803447584177556,4
-0.9416658709704122,-1.4781873467876838,5
1.1003085997950377,-1.2782536570833696,5
-1.7422078760689315,0.07266459107269865,5
-0.11783711666067903,-0.0802700128896974,4
2.785175006124881,1.1995163362765406,3
0.02465394281598698,-1.999233686060192,5
-2.1176192469137276,-0.027638054672086444,6
1.5463894142898547,0.6878834860950431,2
0.9094114726769934,-1.0756106614318122,5
-0.516860044426825,-0.7244337812356775,0
-0.9822298540840281,-1.2743096263063403,5
-1.333400261695229,-0.2911012107619937,4
0.8704688277656227,-1.0443778632339908,5
1.055050441879745,-0.8029156703383677,5
2.85299641744886,0.8295101477658205,3
1.0754410318408782,-0.8012084258496041,5
1.2165096469524366,0.3462727010225148,4
2.9789805390817867,-1.0035396534855545,5
0.8553636315797051,-0.7743670023956961,5
-2.185964796481537,2.433706671274821,6
2.849255927239746,-0.7660510391887093,3
-0.3438651853363237,-0.44328578502726856,4
-0.10811420845224917,-1.6833367988842318,5
-1.3744361023166398,2.3608973051295927,2
-1.4418277551525345,0.8999763588423622,4
-2.1685648005616236,-0.011577396852732048,6
-2.068068299226857,1.1804924292507113,1
-1.613138213075267,-0.35441772418550493,4
0.4980308313357322,0.6945335742893699,4
-0.12471937357235408,-0.5308686438540864,4
-1.3207114255433787,-1.5636897465846835,5
-1.4110040542617288,0.14804510285192068,4
1.4092786985742205,-0.7881911202535189,5
-1.3340012589594854,1.7378066760052806,2
-1.3051224715625298,-0.46597800068097694,4
0.9347660135684626,-1.3571244618164835,5
-1.0058769529889717,1.1551193080221414,4
2.7947600780956674,1.795802170604548,3
2.5351804828622515,-0.8692246899424719,5
-2.1215299288122482,2.8919707443096088,1
-0.6461648408510258,-1.3794433413056173,0
-0.9507764172927341,-0.6676160876010188,4
-2.028591360408239,1.0007269016038678,6
-0.8042132172316042,0.4344784718646388,2
0.5353358936405641,-0.7571077154048893,5
0.4863548365713465,0.4369294054207091,4
3.0086625715689626,-1.2833234377614224,5
0.6455526920795984,0.6580198663191446,4
-2.1973651791505246,2.8784915556878814,6
-0.0008413605749463815,-1.6553764298165867,5
-2.1644270436303,-0.6637310370006394,6
-0.8995341384488713,1.1566969974020793,2
-0.6602239963913117,-1.3694635036985574,0
0.09193019358388488,1.109099480712095,2
1.1879282346067495,0.48426720566749526,2
-0.10716700495265169,0.047236936790020466,4
-0.022336646487096434,-1.6887251332805289,5
-1.392587465011922,0.12542495808265425,4
-2.3313745577482665,3.7919576457321162,6
-1.7125117964834615,1.215153852270591,4
-1.6806539027424794,-0.008197940563169588,5
0.9229259741518931,0.19185246105953824,4
-0.6599032262989519,-2.1523484816986045,0
-1.843684763868692,1.088430512459736,1
1.3459744352916616,0.49143382849643885,4
0.6688268979670592,-0.6910494041849776,5
-0.9103911005484143,-0.448424221148946,4
-2.257488632077363,1.454189554925065,6
-1.7930346522884517,2.585254445520131,4
-0.3392063363562725,0.2604294665570964,4
-1.6727312381062274,1.1058301425642514,4
2.93193048607848,0.4167376122985992,4
0.025518307973491694,-0.8450081668781129,4
-0.7092665699710251,-0.420493521783892,0
1.044468189532077,0.5135833964655533,4
-2.001242773588163,-0.0821249266641699,1
0.6770461416622127,0.07693706388351235,4
-1.9341643604153418,-0.5331403896525184,1
-2.1896422644117677,-1.2377773799932859,6
-0.6001987745592359,-2.134925711123399,0
-1.7941997049997604,2.8620557065227326,4
0.1529903609347646,-0.9366716370670634,2
3.073995512806981,1.0481616920944055,2
-1.6575974246495482,0.8164498219731156,4
2.946421299892167,0.2024372744699719,4
-0.3432811786459944,-1.5709583524185748,5
1.3081040782583606,1.7400865773978358,2
3.032872028213333,-1.5992072699935913,5
0.886869068473091,-0.6535921104026805,5
1.3145174183901611,1.6976799261351798,4
0.5472013228852455,0.4860086187168994,4
0.0010620626949260914,-1.9371084143942219,5
-0.01320130167357969,0.17859790171103512,4
2.796017637111099,0.716864751658897,3
1.4504122042605894,0.04097045748878113,4
0.5682567756308746,0.04028330861959438,4
2.88689439708384,0.27536253187656234,3
-2.0151369965889727,1.3110501036165334,1
-0.018003274354059573,-1.383475301258966,5
2.7906537793722266,0.934813564611804,3
-0.6262321779696981,-1.2491891397465136,0
-0.933477483566461,-1.2795772575908775,5
2.947399457234553,0.8264825169116419,4
-1.712047902246603,1.6540307055171655,4
-0.5615419556302707,-2.5138779140044543,0
-0.015783623730390828,-1.466012638308711,5
-0.19473457635076052,-1.0071526850658412,5
-1.457357048212589,-0.35269227138385856,5
-1.3653513342842039,-0.9056553524274059,5
-1.717787038381554,0.9382138599001184,4
0.9217201837944778,-0.07823483786066746,4
-0.5737143734241834,-1.5602006131284916,0
-0.0646199831261734,-1.454334775069024,5
-0.9553804146117592,-1.790918756922861,5
2.9466142063519745,-0.3524675502717876,5
2.823760857679727,1.3699215395906792,3
2.9479509779355713,-1.2451926617165163,5
-2.015191196683462,1.1404477459032114,1
1.088161834425225,2.374352260506081,4
1.0320103678026176,-1.19364326953128,5
-2.232859802581466,1.6046334148435344,6
-0.031802287324766684,0.9628334677758165,4
0.10876591177100584,-0.8610939761369981,4
0.5753195932994434,-1.2253979434395765,5
-0.7632853058036868,-0.09210274883425354,2
1.1890587807726665,0.0353769273738979,2
0.9880664723378437,1.1492876815715454,2
1.3693754228100472,0.07996110846249005,5
-1.6773965900656083,0.46093004458359316,4
2.9580388914505287,-1.2476038886900958,5
0.791846322713565,0.9123292030986571,2
2.862095787841653,-0.5811815401955237,3
1.5173045353233234,1.187998984067752,2
-0.5956304640381711,-2.3596363448519155,0
-2.1806468021472223,4.530008748811928,1
1.0496366417775531,-1.056372752635263,5
1.0518773782373227,-0.048639414004876466,4
-0.9701541492932125,-1.424463189284081,5
1.011449645535756,-0.5938080902375833,5
-1.6423449484998631,0.4969855365037315,4
2.9378807678911025,0.48945443186910204,4
-0.36201510664655534,-0.04033724210151927,4
0.35745326960753887,-1.064735785122309,5
2.8264003695500213,0.939946887176151,3
-1.9818720958876983,3.1829149918639446,1
0.8563741907614588,-0.1815088191586819,5
-0.9673325322767673,-1.3334667579178086,5
0.0285652272419068,-2.031582491182544,5
-1.3298142827559518,-1.3472355134868061,5
1.4653937498940408,2.1412196395448735,2
1.4666784132490889,-0.24417629061974472,4
-2.086558409030681,0.8602179116152929,6
0.7280857737431436,-0.8599854379059934,5
-0.6365461005718696,-0.606545521109521,0
-1.7192893460646306,-0.3648036175604153,5
-0.08338820434864389,-0.9070267289990401,5
1.1402979442345158,0.6954953882636072,2
-0.3629995777380588,-1.758577501841976,5
1.4357936220266594,-1.1774217211298945,5
0.8445107384066876,-0.5989685623722388,5
-1.3594119210359121,-0.2024746612081597,4
2.3993357109186975,1.3564207407675357,4
-0.02671505746263797,-1.7959438590434351,5
-0.9871872785319634,-0.7397931435570446,5
-0.4078573540733137,-0.7099566330530563,5
0.5830947961333506,-0.08400981694614709,4
-2.171763289158,4.015374139728592,1
-2.340453244259599,2.377730791696807,6
0.8952730269066936,-0.10440692372544867,4
-1.2743412968548258,-1.9863584728898327,5
0.8819118116642938,0.8642237773016299,4
-2.155063583993552,0.6563850086575935,6
-0.31492888141971664,-0.3562323506973081,4
-1.6975344628920286,-0.38730714429509533,5
-0.33338552291728607,-0.1919610658872733,4
-0.3297087728283824,-1.3949521920414387,5
0.010015799086753537,-1.6666362708108275,5
-2.417585851599775,4.861691586544609,6
-0.3407676897986053,-0.6373844609010622,4
2.8326304684873924,1.3422671698744375,3
-1.4112815200171995,-0.8863719716889632,5
-0.3300525716014171,-1.249265094539986,5
1.110541608222999,-1.404387570463606,5
1.074635685816983,-0.22987994650904148,4
2.956229515059844,1.3986114270402425,3
2.825359952589,1.4292293059265122,3
-2.214291465080329,0.662840378705547,6
-2.4548997796660443,5.353092766016227,6
-0.999562928515204,0.0694729487560991,4
-1.9131264268180845,-0.9218480544930359,1
1.0966981753793639,-1.248496905399249,5
-0.038719677622908566,-0.2574067744753935,4
-0.6160363010109028,-1.6852994148488496,0
-1.4308682775047081,1.2885871526624062,4
-0.31801797995566206,-1.4150349885044127,5
-1.9414415904696487,0.7324551765083728,1
-2.440005997345294,7.444150827051093,6
2.9955591010029856,1.7733983063207408,2
-1.9910108208748973,0.8401523047075796,1
-1.9878742802190914,2.821041970320648,1
-1.6693097546577456,0.8429678165231829,4
-2.001143306634653,-0.4076465184010818,1
0.4428962404701533,1.0812809975191569,4
-1.7632346169456379,1.7481936171938568,4
-0.60815385856404,-2.4049986271567803,0
-0.3381261149927287,-1.1066679221832025,5
-1.4240774442304125,1.614150746326244,4
-1.4452586632570505,0.26186418589198024,4
-0.04529703610438063,-0.9891587279696166,4
-1.9712614432207043,0.5551801052160323,1
0.48024931234794577,0.6339829635060593,4
1.2319553105371948,0.72336333205957,4
1.223598388450545,0.14854361472594563,4
0.8770163451669432,0.797154581314903,4
2.8371160282570367,0.9792113159107422,3
-0.13225871185762822,-0.9391097596738833,5
2.804476446272883,-0.4831461997759414,3
-2.0585483027018063,1.218210325173502,1
-1.6599679964683693,1.0511951593646942,4
-1.6520762310434913,-0.4590039048653046,5
0.22648995148809795,-1.2600081643014984,5
-0.579453013453138,-2.4338817336725915,0
-0.6403554747029155,-0.9384296614423175,0
0.7893280241838116,0.14845118112208366,5
0.14613492357596267,-0.6840754378568583,5
-0.2808589550000229,-0.764486678362664,4
0.8888265893972174,-0.5225850519498781,5
-2.0031949258409214,-0.05814913117194841,1
0.6865647814092753,0.36072139930565034,4
0.29589735262943306,-0.3042637056150406,5
2.6998681171706798,2.847534551720402,3
0.8960343775774563,-0.870021306125145,5
-1.2904592985268504,-0.5967848066393002,4
2.765482880908295,1.3466252209124276,3
2.93923770266757,-0.8827582707718987,5
-1.7006633659205312,1.1091958677760696,4
-2.140751718373779,4.124083021337441,1
0.35809547212464354,0.369230994053917,4
-2.1760219459212693,0.823962948064445,6
2.843897036448217,-0.5572564762620461,3
2.7719721037231553,1.6903806690660517,3
-0.9828588177858405,0.29581733404276417,4
0.4389738504484597,-1.736514818467434,5
2.8509810387016876,-0.4893123646731009,3
1.231017270432081,0.7348073715508778,4
-2.0114226222934843,0.7419529652707921,1
2.7570699459777384,1.4239744546061606,3
-1.9723455145474018,3.484816117929452,1
1.1425747243237592,-0.7558883398340297,4
3.000315788217677,0.7769804539220979,3
2.834704240606477,-0.14550141885822054,3
0.006073786589698593,-0.639131823373054,4
0.8508616842095958,0.5418502331380328,4
1.4322272877295503,-0.9679105946540374,5
0.5530018982877263,0.13049747749596913,4
-0.6058846668937127,-2.1802671076671616,0
-2.0204999331336153,0.48950699278427484,6
2.9195960024000946,0.7737942718966518,4
1.3805222968248376,0.6302427575339263,4
2.8386385240590353,1.2639566085661886,3
3.012952048393179,-1.2008965009580403,5
1.0089575033529827,-0.6416042334870966,5
-2.1249987801683234,-1.3082488053919996,6
-2.16969434897863,-0.6437928447923238,6
2.820388802672436,1.3034613194386784,3
-1.7886060997993556,2.752379448135558,4
2.8466369728851295,0.957192555595275,3
0.5052690970232779,0.6540234789909108,2
2.834661086074184,-0.33169932533923163,3
-0.3633688718443957,-0.17919058736316168,4
1.2257453688885587,-1.069590421212914,5
-1.0091103089662754,0.6969722865141559,4
1.247278685557717,1.9220945021480829,4
2.7439804183300813,2.020352437443165,3
-2.0310391397777234,-0.04723595503757548,1
-0.5696247694379954,-1.7253655267149002,0
2.9953549812298004,-0.9969940552408723,5
-1.7184905562250818,0.0665454664370009,5
2.7645712864196157,1.4764853570019894,3
2.8200955902497093,1.002538870554335,3
-2.160226878307943,-0.6244083104056045,6
-1.350905156920266,-1.5014910497424319,5
-1.191719889167507,-0.09459212662623476,2
0.6122332146983258,0.9984144840797431,2
-0.3654616851592304,-1.4560441355142268,5
2.768592484180284,1.4479614594292107,3
-0.1887613928421482,-1.0698772065936655,5
-1.6455822682693744,-0.6921009610402108,5
-0.003551155615361512,-1.4363666424577517,5
-0.4559522295652202,-0.6258176635565723,0
-1.3334337983935785,-1.5687754490864059,5
-0.2944633229873962,-0.5993442686804987,4
-0.04909537395297352,1.00543293628764,4
2.711185739416421,4.911338329133964,3
-0.2823822396512953,-2.033600246392079,5
-2.0639600203112938,2.4188419295254597,1
-0.36498628891676144,-0.6782655982794643,4
0.8688478317107289,-1.0514696419667653,5
-2.230490729564023,0.9883699957893217,6
-2.159604617369666,0.8084818873760631,6
0.9250812440630399,-0.343784163918018,4
-0.5833080964218019,-1.4585672490425872,0
-2.0189807682538947,1.0802643963273373,1
-0.5754364472371294,-1.1546153794520906,0
1.0540878558705358,-1.2563740311488258,5
-0.6406538201829423,-2.265722003023293,0
-1.371938642733469,-0.09034398649462652,4
0.9385204793896108,-1.6225164542924975,5
1.2095189574801262,1.1755556928307827,4
-0.8951360208291808,-1.807192497617491,5
0.5480973563499628,-0.22822442101132545,4
-1.6740343091893433,0.9960599082220821,4
0.005103093301216777,-0.4835201378621694,4
1.2355519912042427,-0.87304584904365,5
2.9129624210494818,1.0758780089258753,4
-2.0590295942007084,4.318667981238828,1
1.3403492257391523,0.9587414984425459,2
1.054932941131443,-1.1166554834506361,5
-1.3166650973556422,-1.593272190539894,5
2.7926401975786606,-0.1714724838511949,3
-0.046347348651370135,-0.44019277404626184,4
2.9726557313087993,0.6191979954322598,4
3.071648844591186,1.3076727420424614,2
2.8387891232290237,1.159616978587491,3
-0.8861914875732162,-1.720192292261316,5
2.5615008362769425,-2.2949047583365836,5
0.9342746492182178,-1.3820769406346318,5
-2.1749770316246577,0.6134438487609631,6
-1.0309141633441623,1.4916474286178316,4
-2.1444088002272585,0.4889949653195946,6
1.2151015309046207,0.9888942556826724,4
1.4152689635344584,-1.0306456449323584,5
-2.161485210740163,-1.0467849222089634,6
-1.99331045690291,3.070161837416427,1
-0.549813097979455,-1.3359284263568878,0
0.6865647814092753,0.36072139930565034,4
2.8556777476987625,0.2213098860382391,3
1.5050447291146976,0.9786051716246398,2
1.2649017912248384,0.25870377884872375,4
-0.5724229333983898,-1.103898436416095,0
0.853289516267844,-0.7321276446625797,5
-1.016935874118779,0.6378879751187992,4
-1.9874722690473512,-0.2875570368935811,1
-2.043682754139969,2.4597914540533976,1
-1.5129275455061495,0.827973305688408,2
2.873450984196006,1.639451340689405,4
2.7922126500587052,-0.357824047393917,3
2.813210760759271,-0.5356108053697776,3
-2.1882495221593685,0.30733300280009757,6
-1.6710029944787328,-0.2803890807179392,5
1.379398491306257,-0.20872780945218278,4
-2.227986732248372,-0.2764212627542443,6
-1.3292527804509324,-0.028994179806272537,4
-1.4507577001012015,0.3990467173451639,4
-0.5409145757817125,-1.6681573652158281,0
-2.1394090985435623,-1.1342723377937878,6
-0.6690005370228412,-2.0101605252602655,0
-1.6990922257703474,0.6696379308448491,4
-1.503445026234243,0.944017418384979,5
1.5313593332244166,0.8029436623089087,2
-0.9738473935996746,-0.8151728545646635,5
0.32490411875805236,0.6777433519533387,4
3.025248073561333,2.0430030416661404,2
-1.7869719209654262,2.9392132784092744,4
1.242440447865146,0.6027053982493152,4
-1.3363726646858671,-1.2599887892906596,5
-0.30573269542313586,-1.6522607623933692,5
0.13018477561516892,-0.4235585222922569,5
-1.7194275277205628,-0.29059038831576145,5
0.7012040880571986,-1.1403365004709412,5
1.3531318108076553,0.7247619539111374,4
2.89123592814872,1.6165786873151566,4
1.3644448329588663,0.7136843240082007,4
0.13154372053243962,-2.2829140923521405,4
-1.3845159937690312,-1.3195899595320224,5
2.631580315250789,3.980389401955858,3
-1.3059102145014276,-1.620172878500254,5
0.7247354436768321,-0.9759492645460701,5
1.1800281528401186,-0.1698499824813488,5
-0.3184883244669592,-1.7811404998194866,5
-1.7158486969970284,1.8386920253257157,4
-0.5675907897353544,-2.5905643928382758,0
-2.006261059711089,1.287129639572297,1
-2.0055176709924396,0.4123082734845833,1
-1.3858030313459724,-0.615737971681937,5
1.5057112282532825,0.7770909889937355,2
-0.050609902879050706,-1.5542028052229737,5
0.526107808605779,-0.0052519502279790645,4
-1.3301247456771579,-1.5179403703636356,5
-0.9917724744154203,0.5150100209065959,4
0.6356974299231497,4.683731678620234,4
-1.0127962880729313,0.6239427830673121,4
-0.7703144721061038,-0.40216168854423334,2
2.902194730041689,2.085901501888419,4
0.715489355211241,0.45943990632664566,4
0.8012582115450759,1.4491933246898379,4
-0.3358116557846076,-1.7789092712822892,5
-0.34127184929580034,-0.3264066949972322,4
-0.05018473816173746,0.5049753599383542,4
2.9705764217204504,-1.3480605148686367,5
0.6805131275852451,-1.0027831593102918,5
2.4173878454848423,1.3573645447616527,4
-0.04722487626076116,-0.5695502905094935,4
0.8682459761068974,-1.0021979460451649,5
-2.0584448624636487,1.7882362214116128,1
-0.6101340999221623,-0.9199050136779565,0
-0.6114052561977384,-2.1706054063070344,0
-1.4132440985403785,-0.13161176232922367,4
-0.9989175940528349,-0.32905248284055627,5
0.18452442966905894,-0.873222409720816,5
-1.9165462212597593,5.279277686566392,4
-1.3614406520435713,0.34072492515411956,4
0.810316890943594,1.2677024164710904,4
-1.7835722431803023,2.4028562786848218,4
0.6261433535521352,0.9948188121627775,2
2.833653475488142,-0.505395211969036,3
-0.5485048757495817,-3.051608360023909,0
0.746398139646186,-1.1690703457364782,5
-2.2861941989189596,1.101553312440841,6
-0.9247533064165288,-0.3487465874538181,4
1.38270479491971,0.33030997203005513,4
-0.3334230405504889,-1.6009299950569646,5
0.11607601148758975,0.8000186052257099,4
-0.3411651048181371,-1.8030930449305993,5
3.0104171038694796,-1.201909831871833,5
0.6526752596822106,-0.7378620781451374,5
0.856054839317882,0.4528399027389822,4
0.48725381695107006,-0.7919282579975949,5
0.030092523033845964,-1.3118531824775728,4
-1.97403915925819,0.44066304047908134,1
2.7853816940424654,1.8910778472286838,3
-0.39123295674922165,0.049521219997429325,4
1.0614049634687626,-1.4552296812055292,5
-0.20662486105008168,0.19285223607168278,2
-0.08955722429993938,-1.1075419384974423,5
1.0300559189410363,0.26297304981991343,4
1.222135497816229,0.14795883178912345,4
-0.020725296358585166,-0.7359816246788624,4
0.5247459357135769,0.24027068024527665,4
-1.2895459526151012,-1.89612423234535,5
1.1002865448501167,0.07095438793094089,4
-0.34913017614011455,-1.5329403384478373,5
-0.029522349171294426,-1.6108853639723548,5
1.0278306391483718,0.36179204312219576,2
2.857923446567541,-0.5424932859914121,3
-2.209099822260549,-0.6687011547173186,6
1.3820372450454979,-0.5138754792573681,5
0.9723196168990748,0.7211193555739586,2
-0.33578723045628467,-0.5249262950771542,4
1.4036341530094025,-1.1563649755408751,5
1.0130528207877671,-0.8444601396620209,5
-0.6410547196712344,-0.5259917367374235,0
-1.6423388695702592,0.7170809485855396,4
-0.011045825461998948,-0.6147753647390173,4
1.3900968941212226,-1.1397327401508996,5
0.5299170387377469,0.8778605938068454,4
-1.3275223017827613,-1.2225385843032945,5
-0.6027828156515986,-2.6385445846254494,0
-1.6687750233716925,-0.41616682960373785,5
0.017522297636367378,-1.3158817679445685,5
1.0994642903779015,-1.287747289653111,5
1.2704115987714926,-1.28742833168166,5
-1.3227591151785807,-1.3756152206508725,5
-1.7608340421189415,2.5837443063468677,4
0.8864310307946279,-0.6225672634646413,5
-0.053847748653373106,-1.400516333935214,5
-1.642830531257485,0.2858546533018138,4
-1.69506516838965,0.21257804088951537,5
-2.2242206528162702,0.9908764264196375,6
-2.2698118528421576,1.5703317925112172,6
0.417104657521695,1.915600937817992,2
-1.7333164149401667,1.0271004403798016,4
-2.3123061792579973,1.3251421770261824,6
1.4149787264081106,-0.940893261588643,5
-0.6014558895636736,-2.3958773905825477,0
2.8722509055566414,-0.7477027861027864,3
-1.662481459764366,-0.5126756056966429,5
0.39067984808831924,0.28216326038791517,4
0.008106410012161834,-1.608731048234016,5
1.001539594394944,0.8648540052214796,4
0.7309219856731917,-0.9239639475375139,5
-0.5598373401112839,-1.5977218654686194,0
0.009748128657796853,-1.5455262636187852,5
1.2650558124351294,0.14951604261330365,4
2.8351670413105747,-0.4617216255731106,3
-1.7355924921723975,1.002480833104537,5
0.9240692713880116,1.44926651575066,2
-1.6270330508761095,2.702835232018916,2
2.6074919781489667,3.6412464547118515,3
-0.1375043476471782,-0.08813188637884131,4
-0.0373192781051192,-1.7167581505372602,5
0.6837049006667639,0.23579743566484024,4
-1.6992429838958498,0.3906447968817152,5
2.8323466652617397,-0.8847226801212237,3
-0.290023230709057,-0.6223255282406225,4
-0.09000105582906408,0.28979189241559516,4
-0.2675403665314514,-0.9453432894939278,4
-0.5650056549409223,-0.2034500920618047,0
-1.3482680332721746,-1.6957737329712068,5
1.417623039331616,-1.3773098308335148,5
1.4030816600892997,-1.2620542705359152,5
-0.09392635754500427,-0.27947535818202324,4
0.7358850102215394,-0.9623361245940081,5
2.9621832325746706,1.246010696838104,3
-1.2423152363699423,0.6326176390205475,2
1.071868682231791,0.012794576886205847,4
-2.182389774895539,-0.8598045833894262,6
-0.053551662803027866,-1.6113347929953559,5
-1.6668577889041618,-0.5300250623892221,5
0.8670654540102661,1.1343380691469471,4
-0.3300486218986943,-1.4510441214531136,5
-1.459816476234709,-0.11798244115770622,5
1.2179221901723545,-0.9112931988329405,5
-0.6148244494587362,-1.9142354806521285,0
-0.03112491796994382,0.3979698052485004,4
-0.06655758392826999,-1.2258601708498176,5
1.0591792729387108,-0.1004587220732075,4
-1.9913152166733148,-0.2826494173644906,1
-1.90639596055634,2.4904073823369846,1
-2.085511740865404,2.992456328698065,1
2.8251403764967207,0.55148193613479,3
1.2174882993657974,-0.660173738100738,5
-0.5043160722756354,-2.2368254349532535,0
-1.4309195011814038,0.22724006632658456,4
-2.1821709902627116,-0.05615463303800412,6
-0.04761673208377132,-0.3092578144553612,4
1.4423766468775563,-1.4416831632749068,5
-2.0513136185999947,4.938962925966806,1
0.01823590590059304,-1.6450379600042795,5
1.2867055310922364,1.5701081137748578,2
-1.7044523442853956,1.170081107849695,4
0.48468133890808707,0.8753778317234241,4
0.3076170130286533,-0.7214524322486301,5
1.371507850184281,0.5771269767723667,4
0.017881243757757848,-0.5408120129069602,4
-2.000940555611217,-0.2461409722723748,1
-1.3751467541937412,-1.0801517064449286,5
-1.6851033497712973,0.6752299114055773,4
-1.712047902246603,1.6540307055171655,4
1.5550861769332416,0.7188284987690086,2
-0.035890275623079324,0.11440472199830048,2
2.88124379951844,1.7097976460436124,3
0.0009438178618345061,-0.8887439957940207,4
2.798059718421295,0.9182438421501959,3
-0.6143522212477764,-1.88013437153676,0
-0.8628620652080989,0.5853459728674514,2
2.799905370209192,-0.21536818253977813,3
1.2753903870901462,-0.026089626523728128,4
-1.7530115357223668,1.1026520468440733,4
0.9216816162938063,-0.6523922204207324,4
-0.6540446878930145,-2.13440662717736,0
-0.09942556885959568,0.034731577555758585,4
0.05946647985818941,-2.252210499395606,5
0.6207708648714202,0.8083201077156287,4
2.9538440030864948,1.108888717160508,4
-1.3311534285847497,-1.403726942100944,5
-0.6275333915842202,-2.5833261923638164,0
-0.904032842107916,-1.3118944707846498,5
-0.25929244193668477,-2.1922384888107933,5
-2.169396367741499,0.17282583796512108,6
-0.0204498517135126,-1.3468095977031247,5
-0.9706246418639718,-1.4154950063553475,5
1.1353910735287995,1.5555934561705744,2
1.4813702235568234,-0.4739962838316917,4
-0.599783538269067,-0.8011428393107209,0
-0.5929486402732629,-2.7465255613303508,0
0.7410716008248847,0.30179798070683905,4
1.1952213255343385,-0.5544502502077866,5
1.1358754372177835,1.6052993745746245,2
0.10724640818704878,0.3540166486816193,4
-0.6303496213518975,-1.1609666411033512,0
-0.6178940400500893,-1.3433860711065186,0
1.2500615462192044,-0.2627514752790742,4
-0.9666190665955269,-1.2277131746921228,5
-2.1280083683203164,3.8687280507770816,1
2.980850085672809,-1.0367045903462524,5
2.9996515311801026,0.2586966526766427,4
1.4707682552742265,1.2904647127756501,2
-1.3863196884630586,-0.11691865245585702,4
-1.3624885309623438,-1.239228503095902,5
2.7722946096134122,0.43655840986927513,3
-1.3156462844238421,-1.624064821909269,5
1.2474536734423656,-1.020556514796077,5
-1.6646348087119893,-0.3897556548262258,5
0.14884740885218026,-0.7325034388283528,5
-2.185257138391843,-1.0966437672846108,6
-0.0737528634156273,0.30287949643473433,4
-1.3257326690865656,-0.10829929432067063,4
-0.23789176385476177,0.8353365154225874,4
-0.32307246355526764,-1.522523903114405,5
-1.4013098942027173,0.4995254713903019,4
-1.6995483066987682,3.9486245867688416,2
0.6894570659559639,1.0414879092657536,4
2.780102567262877,0.3928797218139303,3
-0.9352817070036035,-1.7581281729190246,5
2.7702974136116536,4.299445094129697,3
2.840392719167007,0.10179306801261512,3
-0.9784999160700206,-0.2907370909159689,4
-0.7089945049264947,0.9729195725801659,0
-2.0688373594004354,0.7502016744327756,1
-2.222320192956108,0.9184362005674785,6
2.975371105654866,0.24520975472585682,4
-0.31505938344706474,-0.4397091490690437,4
0.3055278768604095,-0.4214823186238591,5
2.8139323059465275,1.721127512683652,4
0.042504695763651526,-0.4657079432520871,4
-1.3524727141564155,0.34324125293851304,4
0.10890137895358826,-0.35135420890938757,5
-0.909598624279168,-1.9899982561551628,5
1.005486223615094,0.12815281052154354,4
-0.5451326794292438,-1.9614925708656155,0
-0.33237653973008385,-1.6317115382888054,5
-0.922565673980159,-1.5421082490193943,5
-0.9613809746401888,-1.1357508537265315,5
0.4710289258619781,0.5752238711143214,2
-0.9292321399087481,-1.656685328886538,5
-0.12893039082528496,2.611501454032096,4
2.7963323128698514,1.0881339931488192,3
-1.0031075655145711,-0.19510548800376665,4
-1.4017617370497935,0.3104517901611639,4
-0.5729869841721433,-1.1030553850242737,0
0.7192525201527078,0.05467057621829396,4
-0.5233463217201249,-2.9425267916845375,0
2.8890277274079454,0.17016691026329556,5
-1.9307176831905208,1.7736060498155688,1
2.856683320960459,-0.7291696491220591,3
1.200319423780982,-0.2699194493640263,5
-0.876191340392409,-0.5585337656790049,4
-2.1317700768204095,3.093815320419726,1
-0.03551641083560603,-1.529856828002785,5
-0.04275328612432855,-1.5795496456611389,5
0.4937997827120475,0.662326269526547,2
-0.9826769696700767,1.0083441157644069,4
2.9400347967710503,1.6434306053605336,3
0.21022490575596733,0.2936435718976263,4
0.6795762489950059,0.3613241342328209,2
0.17489873191204547,-0.6166211439420112,5
2.4647259100831063,0.8920142059808637,4
-1.9123838396264068,1.8056910606422476,1
-1.363051519773252,-1.0753166992748444,5
1.166919219603972,0.5291126173035177,2
-0.9065114216719363,-1.0119086408643974,4
-0.9193295679709506,-1.4482338071644998,5
-2.169618931772922,-0.39246977684148937,6
-1.975895524148831,-0.3324415897521268,1
-1.7374002532626904,1.7832770239956688,4
2.829132210516799,-0.12297265371539177,3
0.9393206700429098,-1.48552831474831,5
-0.38397985109734534,0.3140875830093006,4
-1.419871678138424,-0.6202005518282303,5
-0.39063526044860364,0.5966324062363757,4
-2.0113651397536403,0.47755856883758613,6
-0.004005225038145821,-1.5667726836474112,5
-1.29378838310331,-0.7127401559681673,4
1.0606237426679972,0.89240280245528,4
0.5404894614936081,0.49785700583235215,4
-2.2134282380104793,0.8885043853871133,6
1.0722077319647227,0.20555456356983004,4
-0.3550811649511535,-0.3566830594734037,4
0.6868266299730776,-1.0067031076952229,5
2.8196034446296028,2.950778019501534,3
-0.9774703690753824,-0.18109831268438148,5
-1.3782193945502208,-0.058942376125717164,4
-0.07983329155149371,-0.8927180469574455,5
1.4013596035242692,0.9549775576103653,4
-1.4218663834460432,0.19965905986172905,4
-2.180524750005699,-0.8526152477436925,6
0.0013590245205296614,-0.6216355568462258,4
2.7742531616340855,-0.12931029949526185,3
-0.05163061729974072,-0.19245677713710324,4
-1.9464731043568404,-0.5160170138148008,1
0.5217674050571279,0.5710852056831823,4
-2.2316224510844616,-0.25583086996365134,6
-2.220207758262196,1.2932857391311832,6
-1.6709765184884526,0.9569261222218072,4
-0.974696333460119,-1.40796648773332,5
2.900475332034811,0.3286772891612705,4
0.06668751754666202,0.9055015685103946,4
-1.0963952047769296,1.1946485755383387,4
1.4091455955906955,0.3812356667963807,4
0.5738559317334095,0.04252154220490771,4
-1.7234530605408296,1.1468857060600925,4
0.12698764739517499,1.671815256674416,4
-2.2552042831575383,0.8718046282098876,6
-1.0039922283566278,0.48808142486367295,4
2.831393853777934,-0.52834220832873,3
0.5939871500721863,1.3478820441365504,2
-0.19354676065842577,0.09905553128656132,2
-1.3729966562225049,-1.3488975144461643,5
0.1328794144597176,-0.23630069608439325,5
0.7922185214159888,0.8317657348584001,2
2.7990439883451157,1.074835842688003,3
0.5087350355279259,3.3672149024595477,2
0.1925670886974711,-1.0039634220495917,5
-0.054018249345854585,-1.0438231393653177,5
0.8798442524145625,-0.8269809157529203,5
-0.026933597020584454,-1.1384646191704415,5
0.14183759784067299,0.4627115018381953,4
0.9042867234113023,-1.2078838783139083,5
-0.6189084463592286,-1.264573864262673,0
0.8564404051120761,0.282413351115716,4
1.0517361156035752,-0.7455720784095361,5
0.6631257737689633,-0.7557283074583431,5
-1.9781229459382348,1.0433533996411486,1
0.7483769718078356,-0.03915546640755827,4
2.7592231711170467,1.324592722681141,3
2.9646509743107625,-0.6213065150721387,5
-0.1384656694588061,-0.4255994066073153,2
-0.33783326340725783,-1.730205068429672,5
2.9042919956269113,1.671310071096526,4
-0.04719620589992422,-0.6529861179048425,5
1.3699779211607899,0.7055221048965373,4
2.7806179247792695,-0.20747826479318948,3
0.5277268714010158,-0.17247299798697496,4
2.7937257131076283,1.1625783166486054,3
3.0162278837775025,-1.3545677660486166,5
1.3557750099333004,0.39720975622245,2
0.8439339850673958,0.6628617041037889,4
-1.8327393264938596,2.52902656772066,4
-2.0020772248708156,0.10372216144819653,1
0.3247740343423485,0.25310536142384393,4
1.415523379906072,-1.0057878098073145,5
1.0125386842361013,0.6088017159011923,4
1.0022217709934078,1.72947270094672,4
-1.3407879828282445,-1.336022264460406,5
0.026595566177685492,0.8590092406651957,2
0.0023187667148363844,-0.8542820630614103,4
-2.2115081164473693,0.5337284606389022,6
-1.7029570910263454,0.9090118692981277,4
1.3969557620841817,-0.4519557806231431,5
-1.39001065989449,-1.086093475586404,5
-0.022336646487096434,-1.6887251332805289,5
-1.3424024863882191,-1.464179825095689,5
-0.33673577019717926,-1.6426103819391333,5
-0.01808028850280341,-0.6866298279210761,4
0.08759278142241901,0.5083188292554308,2
-1.6648520155280173,-0.31828639921686674,5
-0.6732603290719876,-1.3526309017096443,0
-0.6101194496779373,-2.181959940101297,0
-0.01394872550350923,-0.7956726200613785,4
-1.6980069975093885,1.0763453913357077,4
-1.6752242285203298,1.0762964888669517,4
0.5199168043262264,-0.3478416237433943,5
-0.10575258245494677,-2.2656909885433216,5
-0.9745656964949801,-1.2464897688250547,5
0.8601611169622191,-0.1864387609986562,5
-2.2379862685414476,1.8538770070021797,6
-1.6858909609238628,0.3260920467645841,4
2.864224040552617,-0.6922430072057734,3
1.2611502983008787,-0.9499690894845829,5
-1.540113947364374,1.706633863073359,2
0.003958556102768407,-1.8369258977845493,5
0.04654459476110595,-0.8338906554493466,4
1.1557403450374166,1.3344788060504664,2
2.8402973005432104,0.4364724567250052,3
2.4493372234397985,-0.5769597123692181,5
-1.8121081689018057,1.555192249963844,5
1.2720803645044438,1.6605740142061274,2
-1.6772727532878475,0.5313177764096113,4
2.915310202049204,-0.6318740585040526,5
2.8653319712127177,2.2958912503989968,3
0.501477830791193,-1.068735156869457,5
1.338406625163109,-0.04704310869771759,5
-0.9107032577244144,-0.569666921513266,4
-1.8383650057392038,3.1204498214859466,4
-0.6844702372251892,-1.1305751883776995,0
-2.055620499337845,2.6072877917564488,1
0.9352438082594063,-0.038916500845966186,4
0.02970487457148757,-1.9907707979119325,5
-2.155900563962577,-0.6382788508392807,6
1.4654954058421272,-0.16122457028639853,4
0.057054935104961194,0.35028699643955125,2
-1.6415741159359896,-0.9051668969889047,5
-2.170014962387302,0.9006326568880078,6
-0.35729575254675494,-0.2988998231846733,4
-2.2039936855282756,0.6565828311794658,6
-0.9175104567072397,-0.011133726751481977,4
0.6551126402064534,0.5303989968785756,4
-1.3864126341042076,-1.4441288629707476,5
0.11338530336576425,0.2023727290498631,2
-0.297857090402856,-1.0693744514244314,4
-1.4059381723667344,1.0106351843875743,4
-0.3133228487727895,-0.3867902953182706,4
-1.6794369546714378,-0.2746043643408351,5
0.0026330246411208624,-2.14741723486013,5
1.0222768289764177,0.32226328354304307,4
0.23712422009472658,-1.1513077933175404,5
2.8278025364385746,-0.8800954002981639,3
2.8264901043838933,2.652725707295169,3
0.5737768801345281,-1.2663707553739716,5
2.797608344915964,1.0430620118788163,3
1.096422641094247,-0.15712696167278722,4
0.8487317732234189,0.46028656595415524,4
-0.9202770515245792,-1.3211003916571846,5
-1.703071493080488,0.9101839775653439,4
-1.6555552280775452,0.5815732306482209,4
0.006625577354496273,-0.6067150007729396,5
-2.1874477301851543,0.5837026011122318,6
-0.32890307252361617,-1.4780548202843147,5
2.835442415796637,0.3290633482002558,3
0.00020278255827788083,-0.8239279621416604,4
-0.3035265671397577,-1.7348034745951648,5
-2.189234424710547,-0.97716526568175,6
2.835255801209832,0.9133554172195072,3
2.7793738006353212,-0.07130725210928737,3
2.8314106915330512,-0.31739866719540666,3
0.4897421535998837,0.4488846181200616,4
-2.174847809675232,-0.5156283643274534,6
-1.6463676636739961,-0.5621903655629358,5
-1.3937741481726156,-0.5941682314136632,5
0.09193461663153286,0.10649324617384023,2
0.8132839159800981,0.014915299242488314,5
-2.107751631560669,1.0782828010547465,6
2.8729868243273846,0.5577207386024775,3
-0.34485477495920003,-1.878836390223754,5
-0.9965113941094129,0.5249841738599218,4
-1.6968597329331314,0.40886337192053196,4
-0.5797574985154968,-2.3688911793685645,0
0.8958495451687234,-1.4286371685862267,5
-1.0682287068881595,1.0041273650252343,4
-0.7819933944725761,-0.1619811348098969,2
-0.03235620395035799,-0.33557525523331233,4
-2.036062383253752,2.4483062852863946,1
-0.19061248171948497,0.20704358894329017,4
0.8736312631214868,-0.9844452314243006,5
1.4035824940881243,0.43123652181077393,4
-0.9295770695137759,-1.6998917525362682,5
-2.1673218119085784,-0.732712862293266,6
-2.0151369965889727,1.3110501036165334,1
-0.349116336414249,0.45824862131339383,4
-2.3599822407599023,3.812790363043033,6
2.9853021138807425,0.4380726434465582,4
2.7434379122186145,0.562737960978732,3
1.3534666841847582,0.8897166836146314,2
0.040130942810484474,-1.0711511152996729,5
-0.3115569276426302,-0.2741721889689156,4
0.029107861437460927,-0.8646207349515894,5
-2.073044925693977,2.836015432018582,1
-2.2112701786530904,0.7343863435663593,6
-0.9889616161865872,-0.33527522158350664,4
-1.6816962086444007,-0.7441810237120495,5
0.8728452807484162,0.4231258922008177,4
-0.9192857461874379,-0.8216782809550084,4
2.7852426953877707,1.2242995509591834,3
2.8418282032481703,-0.38479040197353814,3
-1.2370070555968984,0.28713440801947226,2
-1.7438471772724249,2.122929736849925,4
1.2898165457367736,-0.22210349037656518,4
1.2881741811090455,-0.173247698628671,4
0.9019859058659113,-0.8181299047288231,5
1.0280078892553906,0.5785595655388917,4
2.63489986977826,6.317044838389407,3
0.6589008181966581,1.143897767060844,4
0.30288243383627356,1.0290980079119474,2
0.8423828349453334,0.02383503941826022,5
1.44594151758694,-1.195408948625319,5
0.8753948433082573,-0.9837402493998424,5
0.5132992370517802,-1.2997026230943378,5
0.7873570024385548,1.6545731585200811,4
0.8492459916143251,-1.0528615818122122,5
-0.5978658243427984,-2.1248369483065876,0
1.2482720403915775,-0.7936926087698197,5
1.1418095893512912,-0.48552034972801716,4
0.92607640030476,0.12799954138573033,4
-0.6515629249906109,-0.8869536665261353,0
-0.5868920125433648,-0.7922085909224993,0
0.48749905098806934,-0.8165863652770828,5
1.352212402853912,0.5186835631272667,4
2.9876616519640367,-1.220162401658799,5
-2.1721686809470504,0.08722443149187613,6
-0.4322295416372125,1.4549524205985822,4
1.2028625967873663,-0.8118447981183761,5
0.35572752244685246,-0.9287572723457083,5
0.3682512868561484,1.8933596958832761,2
-2.2019952557071867,-0.06696308265507986,6
0.3178404497978107,0.5758950919879005,4
-1.7018518899372368,-0.5036576522583721,5
-0.6508340041742753,-0.820481450231793,0
-0.9345325829421222,-0.36554340611390607,4
-1.0737807647172677,1.212844768831608,4
-0.9556028598766193,-0.8261920516000845,5
-0.3285395405419298,-0.7927029011111039,4
2.9563024041426957,-0.2248139788791148,5
0.9824926041274312,5.191626996804677,4
0.09033192870384288,1.5238904004836809,2
-0.054684920533044135,-1.5310755661792033,5
-0.23726501618552273,-1.2716898764492868,4
2.9033558995243545,1.6160483771104353,4
0.6894398286887082,-0.2673797058606375,5
-1.7439619428373818,0.6735738355139854,5
0.09203559583941848,1.8935363037152184,4
1.0153554644470886,0.3742347601609541,4
0.4914236004127255,-0.8709736550293029,5
-0.7655326832134339,-0.1672696492045665,2
1.2094086637592103,0.5864536683766087,2
-0.5067236186990162,-0.8506063449053912,0
1.5604204498651877,0.6466923833099184,2
1.366950721299455,0.37875061443424807,4
-2.166412976766677,-0.87173027315051,6
-0.051832521556239464,-0.48274156379537025,4
-0.518018550506328,2.592679712491917,4
2.7750705528674646,1.0860785066019814,3
-1.4239207179558908,-0.04601128058527919,4
-0.40356656930271384,-0.9466467243370948,5
0.19897991353256453,-1.4232735565555465,5
1.1729475894046935,1.5424539019598922,4
1.404237744567574,0.1918752665467206,4
2.869681213969826,0.6096430330660623,3
0.4428962404701533,1.0812809975191569,4
0.6733453802140326,0.6027997226317491,4
1.4817849613007328,1.3755808245298518,2
-0.04477044657982848,-0.022914741484012992,4
2.9457581921558815,0.9184072905047251,4
0.3138345287103954,0.7943867219107434,4
0.6847954443568792,-0.706709844768812,5
-0.30776608080994594,-0.45239368334229224,4
-0.8142337351892291,0.055399120315603075,2
2.886373336300519,1.1576311252459348,4
-0.4390275278801026,0.531335549299897,5
0.5094271154576627,-0.5721278150621633,5
0.7304467374802084,-0.9892661961625657,5
-1.3361705891878122,-1.2443080301508356,5
-2.1477985693707393,-0.12957048898600726,6
-1.3805306802409782,0.31371286924327385,4
2.823633554123008,0.46101116029714306,3
-1.3142963789094777,-0.6429383036036082,4
0.9225766481783814,-0.5465659849454289,4
-2.1997481934057994,0.543655372917269,6
-1.2685790707788773,1.2888415795839996,2
-1.4820567420726403,0.3716402348264895,2
1.192245109408517,-0.7106206925975446,5
2.9906292760347375,-0.9924392854004855,5
-0.6248387321674403,-2.436424457076928,0
2.840747461884854,1.100662771899928,3
0.36373018170447124,0.3144587155392285,4
0.9116967469345214,-0.9848287259710697,5
0.8672143108277707,-0.1507534419808041,4
-1.7247861078533175,0.5106586284609905,5
1.0636866275544516,-0.6509264878697657,5
-0.8838388039937689,-2.0512570181694185,5
2.8256207849617536,1.0295036906993875,3
0.8892142782290466,-0.7360792638602238,5
-0.812482300110554,-0.14568137442837814,2
-0.610931350415921,-1.9842352991217385,0
-0.9212856931603746,-1.8736017201559765,5
-2.1054614606906457,2.0128139296100276,6
0.15422852063310794,-0.16265422929944806,5
-0.5707746465661553,-2.4212564414209274,0
2.962155339667565,-0.476479622697471,5
-0.9961436711981294,0.27906419799108717,4
-0.3269453332956468,-1.6451404277636443,5
-0.15376402840254969,-0.6206079988972847,2
1.0615869517428302,-0.9305273115843893,5
-2.0118256261414773,1.740691168676694,1
0.8419392439442632,-0.510128077056058,5
0.7422626221642733,0.21240565441655967,4
2.6886593040696583,2.375825358677174,3
-1.2206678942889768,0.650427217760181,2
0.4944853037449133,-0.8046374843893151,5
-1.8069978912502913,2.4090920435337,4
2.8721316164746225,-0.797262726337535,3
1.0795419647416313,0.4377355231707517,4
-2.0467199137124212,1.9662162466412432,1
0.5529857483195517,0.25155939873430605,4
0.007518284710561816,-1.8694152666553745,5
0.5252031723154041,0.2652096164243548,4
0.7082837239280242,-1.1687064432624994,5
0.003723565678940291,0.4599174677633637,4
-1.3953389797537945,-1.2028480164940454,5
0.8402689826200359,0.6978225112065405,4
-0.6491868795140675,-0.7950668964551253,0
-1.9940992276719391,0.8335424819170136,1
-0.006656642992670214,-1.7292570556319142,5
0.0013590245205296614,-0.6216355568462258,4
-1.3679943265931174,-1.0148926762278552,5
0.7159974231915386,0.5651114152048092,4
-1.0164069300313188,0.23976412820319487,4
-1.5231789541635201,0.9357875711801301,2
1.0641040718465986,-0.20124611623883654,4
2.8105569083908932,0.8308575124976673,3
2.8411486084967312,-0.3382621520475986,3
-0.28636680007129134,-0.7107323083695756,4
-1.3799023394006489,-1.336058087231204,5
0.4852381474711043,0.019649492501764856,2
-1.2663275772445703,1.1476484551731085,2
2.770989788066954,0.8186008106831729,3
-0.03767860031044484,-0.702402479521465,4
-1.6703552131097796,0.11987110113435907,4
-0.3560601219092533,-0.2372238592351369,4
0.15204724991940274,0.24170102329621734,4
-0.38680598631075125,-0.5008072732686638,4
-1.8231755912491359,3.411727003302561,4
0.2181121169223277,0.07670348716099323,4
-0.6240447063826422,-1.4045132807814893,0
2.755908092128546,1.9352520581942574,3
-0.2146375578972972,0.19609300911239735,2
-1.9558785881486365,2.5109830791894936,1
-0.5729920883689963,-1.2241257263231062,0
0.11682703510045245,0.811802832977587,2
0.005441055655358795,-2.0693138804811717,5
0.01825884020064822,-0.5471048680755688,4
-1.4098203418662913,-0.9573439399500026,5
-1.7113214104440095,-0.4670869235668663,5
0.49802705580176343,-0.040186740813468104,5
-0.6335455944694917,-1.184486769525458,0
-0.6293965664029035,-0.9900049751898659,0
-0.6094011638421883,-2.5760779284530475,0
-0.26457313930494597,-1.9898564183907896,5
-0.35243516213149817,-0.6969580716345675,5
-0.6885136762424384,0.4941208269304712,0
2.873340658274332,0.3259006256830352,3
0.5519949460274718,-0.738579816821148,5
-2.179953287481774,-0.9798989913080496,6
-0.03583699488685671,-0.5310856777109983,4
-0.928417750777594,-1.8269404785454781,5
-0.3641422073263191,-1.684765819361907,5
1.2262692619866336,-0.01181322292194329,4
-1.0474138348786328,0.41188404544705187,5
-0.05725373253621552,-1.0451165069744301,5
-1.4258036461159016,1.4805238666873322,4
-1.5089277833693773,2.2506863639592574,4
-0.9219932294395762,0.0026742730818166832,4
2.731023673706527,1.9305305553053735,3
2.908452960168979,2.1425479721837593,3
-1.3778533684268772,-1.4719073330321226,5
2.8173639640061947,-0.11207698004639409,3
2.8624673220322348,-0.6213891456964745,3
1.2196917884099445,-0.982141887684788,5
2.9503966297905198,1.396279761433854,3
0.39237806939172715,-0.9765063230270128,5
-1.3336440554152713,-0.1765741023564002,4
0.024133383108426606,-1.67388042396571,5
-2.2147956766239587,0.07645695033366423,6
-1.7159568015853197,0.27849514625944427,5
1.251817841243936,-1.1646364647612297,5
-0.9111896424714663,-0.3653683553515809,4
3.0912514502443442,-2.144587522360582,5
-2.059023694070621,0.9922931520945492,6
-0.7918294893346555,2.034846907794146,0
-2.1658541992880744,-0.12884978507097727,6
-0.28074477904164385,-2.008189451642586,5
2.970403559018893,-0.6098507750593585,5
1.482960144356716,0.907377097050056,2
0.009588770797347598,-1.7970314785298096,5
0.7020687872563961,-1.2858154469304848,5
-1.6644417968099827,-0.25301015774583413,5
2.578955883992502,-2.052234205464723,5
-0.6304750231908852,-1.1104359319664068,0
0.13624903937408137,0.14656376488633305,5
-2.0553549738207626,1.0397500057158224,1
1.0807359009673676,-1.2301216672229507,5
-0.33736982160222173,-1.819888261938206,5
2.7780876349915506,0.10791546747810016,3
-1.7287702397486195,-0.1732567078346941,5
-0.00701357880798914,-0.44529520398922917,4
-0.955628233062026,-1.313188082771303,5
-1.9510131308100622,0.7754289289523387,1
-0.5483088939992141,-2.9891302326739506,0
0.7042949865330447,-1.1455447342505773,5
-1.6677180091532633,-0.5303689309681735,5
1.2021070260838647,-0.07386802882423929,5
-2.02489414926296,-0.04206712623945373,1
1.093546176874199,-1.3525129452339384,5
-0.9599144517717845,0.14893994834820606,4
2.9626027062403466,2.4425468513391575,2
-1.7268961581856126,0.21816610259281777,5
-0.6006106818132683,-2.5386516526545337,0
-0.9593824958775706,-1.3055326338252307,5
-0.0146554359742469,-1.2949809854909158,5
-2.2409806649818744,-0.24397177905062295,6
-0.3147985858945126,-1.8668215846746363,5
1.4578964520781699,1.4063876573827392,2
-2.0424707249795087,1.3053495141635953,1
2.7957541090543123,1.3990821075733284,3
0.6157595396423845,1.578507957115981,4
-1.7073176828222316,1.144179557873722,4
2.8687005895175655,0.5699634523678271,3
-1.346251357724399,-0.19076998468338136,4
0.6298851583237487,-0.12060567299183254,5
-1.3751952245077872,-0.0017773672544056512,4
-2.2505428979382187,0.8801117753666468,6
2.9626027062403466,2.4425468513391575,2
-0.9695771483262844,-0.9345342128639993,5
-0.661493076161031,-2.0970279413178345,0
-0.4984446572712993,-0.5685353482165495,0
-2.1897102561493282,-0.5242819526845874,6
-2.1847055211700424,-0.41410052679448006,6
-1.3360392093202118,-1.0462063162512445,5
0.866441993384743,0.1222745768274488,4
-2.073802903365954,1.2715905025788143,6
1.42228312544625,0.7222734585349538,4
-1.7269173914268507,0.4043382659641915,5
-1.3207244345612332,2.273168382747863,2
-1.3346117227804961,0.07433201734622785,4
1.3857777458258813,0.5370999315619746,4
-2.2207364741717806,3.784452430297147,6
-0.039811216692459184,-0.30735541209537964,4
2.884608456655882,0.5036979292342515,3
-1.3938642303702427,-1.168346165099451,5
-0.05175354450757935,-0.3265114118343072,4
1.2791343611045065,-0.02188061165514108,4
-2.024864618444168,0.15972529636702332,1
-0.6183383263780978,-2.0302646899110814,0
0.11229236485559177,1.8795900300071298,4
-0.5791538598949643,-2.7345673474446555,0
-2.211572929583087,-0.07079170806677573,6
2.7612460636095,1.587068317371527,3
-0.9760142025443855,0.30664107407897506,4
1.3025700582481747,1.5379233235853067,4
-0.06518933932761882,0.5428785239639407,2
-0.013144961268243271,-1.5860262278012864,5
-0.013553894534285627,-1.4247651912727666,5
0.17446306311361098,0.20507952990058242,4
-2.0456764038547264,0.8649285570684475,1
0.8658655158040648,0.20546872942814814,4
0.4776893815272586,0.5348178391723727,2
0.8053520338720497,-0.7024340672562202,4
-2.200480102914141,1.0902349969393954,6
2.992413020631819,-1.0229262189413315,5
1.4789322788416497,1.2469283358460146,2
-2.225486398773626,-0.4643148092518714,6
-1.7413872944817612,4.6610223652744915,2
0.26174688676677194,1.3758594298577411,2
3.0406068593469655,0.6441410796047088,2
-0.1908181866190822,-0.36208349967298986,2
0.9854898620447754,1.5522034938885991,4
0.004163085827616875,-0.7270517009933135,4
-2.1934785325818007,0.2804865748077511,6
0.26426323966312004,1.152158099945374,4
0.8722456889263367,-0.8795307109201628,5
-1.9992963498372271,1.5842752004152054,1
1.3947496504959558,-1.153472711314461,5
0.020542455765665824,-2.274213974085639,5
1.3560389768867842,1.2441098651423024,4
-1.6980069975093885,1.0763453913357077,4
0.006842582282286402,-1.6770608880569304,5
-0.36824716493135456,0.10299603074540399,4
0.13659769121564957,0.7573061640934251,2
1.2204135359351154,0.9506616018100676,4
0.6743788021460493,0.603212827684311,4
0.3771573114990303,0.2740453045320172,4
0.7142264474455973,-0.7353010784329908,5
-1.5683331026072478,1.0571181621683088,2
0.3379854047050769,-0.2691268576299226,5
-0.6445417874397259,-0.7890526447197057,0
-2.2004526465476317,0.43790536250994144,6
0.3078072793286447,2.421459386671891,5
-2.080107552472964,2.1744077155303794,1
2.9152654049854227,-1.3762059691323056,3
-0.9783913675214876,0.419097507504056,4
-2.111019601552803,1.362181717642063,6
1.0295661270042908,0.41882650992686,4
-1.853080982648681,0.9140937812190164,1
-1.6598720985127302,3.0088255321754147,2
2.807491251158623,0.881657922431675,3
-1.9165462212597593,5.279277686566392,4
-1.3328638967560222,-1.7299721297210977,5
-0.6233109254036777,-1.292307770547792,0
-0.952761228113514,-1.547735012546753,5
1.2355519912042427,-0.87304584904365,5
-0.0504494963030267,-0.2152957623329378,4
-1.873028741401023,4.583150842419561,4
-1.9519183941344445,-0.47783761416675397,1
0.028558018878716063,-0.9373928910329871,4
-2.061469709007041,0.6033540788177181,6
-0.2598660440662157,-1.0477439059703684,4
0.23652021885282104,0.920974985924824,4
-0.09022548928514544,0.044853007535449706,4
-2.0982494380340193,-0.18025094161632832,6
-1.4395998388510478,0.8852669508575611,4
0.13771402122631501,1.1826734203507765,4
-2.044597507021312,1.6521044927920159,1
2.7541021866274282,2.2105791375435992,3
2.971535562253377,-0.5442859854384066,5
0.39116506027231135,-1.1502842807075897,5
1.0549015024165935,0.8664277921542478,4
-1.7022288485200072,0.2463390889863577,5
1.0614457842567202,-0.7416906887708555,5
-2.103380274351653,-1.1483574883586911,6
-1.6947000114161332,1.2234918588101806,4
-0.0029748365380123376,-1.5572046229644398,5
-0.4027900436009163,-0.033098546737794256,4
0.9588684373383556,-0.3119656047014241,4
-0.32711765682507965,0.09468120379377322,4
0.3136407910692255,0.09994659881615997,5
-0.9521937692613014,-1.5787081076380924,5
-0.04379405980718526,-1.6138780159184372,5
1.242250931568982,0.27333684107123735,4
-1.0098838372161811,-0.35174855993107695,5
0.8852095891435467,0.36295618966838805,4
0.8401543073246529,0.7173068785028387,4
1.0859419690916428,-1.3151965634546903,5
-1.98765963431001,0.41961832419410305,1
-2.31300148004291,2.521812850272086,6
-0.04308174682642561,-0.6265852455706206,5
0.10184282200147922,0.21320999030854376,2
-0.30956371684286343,-1.5483237975242161,5
-1.7102288269972414,0.6650147254334573,5
2.914612069376207,0.9111826877667645,4
2.9547618145578105,1.1420993600067944,4
1.4355282660707909,0.1964451779234233,4
-0.7881990239766918,-0.5642916347276186,2
1.4014928171802084,0.88991855040973,4
-0.5629364515186971,-2.662972323761943,0
0.5265697901094578,-0.7670557320637721,5
-1.6894393500125309,0.5432720646053679,4
2.848829466762394,0.5297515881272732,3
0.41426662802585057,1.2387512792427462,5
-2.0267447075943275,0.304798257630422,1
-2.0560975493914295,1.9483126492947715,1
-1.700285309289697,-0.35720685251453116,5
0.015055007312981384,0.6011154959801618,4
0.48527143970628983,0.4654098536645782,4
-1.3186181985216945,-0.07154298569773188,4
-2.1253652098835487,0.02522163536983381,6
0.9629271764053671,1.6665803889977713,2
-0.9060572854550879,-1.5758652323745632,5
0.5272423053340629,-0.10633656019836212,4
-1.3932751822660967,-1.1525107161050165,5
0.2992108754715691,0.9781180305027537,2
1.470833734206866,-1.4367513724983751,5
1.01802562880941,1.1514235264718518,4
0.5797326807316199,-1.329102273466411,5
-0.06927163511027255,-0.8147348910683687,4
-1.590409909320372,1.9571525776474008,2
-0.9132119807644592,-0.11488384384650217,4
-1.345873175804181,-1.2481865887820796,5
-1.738292621178671,0.4896594997913551,5
2.8158283662684225,-0.00722242971054602,3
0.003384992659438646,-0.7731436000548606,4
-2.0875748312822453,3.2467054773733346,1
-0.3136031342474781,-0.5822391701931626,4
0.9591445797966371,1.6742245056776088,2
0.18478794436817375,0.8538858554111206,4
-1.0033146632226106,-0.08056368913808698,4
-0.34297815725115754,-0.2856640885535617,4
2.7416622498659597,2.2771625101227793,3
1.1737654926160583,0.9198106709032128,2
-0.031553457211331015,-0.30012418113200195,4
1.0505932964887232,-0.4543798571678782,5
2.9041479787915474,2.1811832186295534,3
-0.3153536775498814,-0.9461440680940412,4
-2.021483564529928,1.6652743934105798,1
2.802902627256499,0.19854739257342763,3
-1.0554796855355437,1.3100288790251917,4
-1.363797333368996,-0.8178781201545743,5
0.9048072573451215,-0.9875827636693009,5
0.5399994577298624,-0.08936836844414933,4
-2.1645513902384486,-0.9672983507875776,6
1.1904915156610902,0.6596038773389099,2
-0.24930311071938024,-2.25980137426471,5
0.5446423804644025,0.5269856512798802,4
-0.9636893684948181,-1.574147164288457,5
-0.004581182893714009,-1.666027616568968,5
2.973115305141118,-0.8692158750505395,5
-1.4867111079852118,1.129397131931918,4
1.3993374260081406,0.304540977378358,4
-1.9968917065850176,0.07188271514319408,1
2.9614821752839338,-1.0692030060784594,5
0.6749577108482194,-0.6455301450826294,5
-2.287648873428779,1.2898648337333598,6
0.3111516040851672,0.2629248782998778,2
-0.6511601861112494,-2.198365761437381,0
2.8131828220344217,-0.6098904483933941,3
-0.15426033189874508,-0.3396791470186956,4
0.1070245424119542,-0.2869921873692692,5
-0.937777122152248,-0.751070255757237,4
0.013652996013665762,-1.7302946267249533,5
1.1594599871372049,1.583862261058029,4
-2.054046034063944,0.3003284877251431,1
1.4003930570387872,0.9298350674054827,4
0.730011314638294,0.35977658583072125,4
1.0778247652948383,0.1701561831752577,4
2.9776540717301296,0.3699031076727821,4
-0.5810210493122897,-2.856382151892361,0
2.958731921965692,0.5329197641709762,4
0.10829265108317494,-1.560373528994378,4
-0.9150432839665409,-0.28619656777549163,4
0.8688596222623176,-0.8561281288328378,5
-0.23873826305839504,0.49913265477822844,2
-1.7186196128158864,-0.3801358374664621,5
-0.11442026524172033,0.230518107247299,4
-1.6668309315450198,0.22030447538560383,4
2.8284375684462644,-0.1388503119916744,3
-0.40962447955749226,0.3102800719944421,4
1.3518164131115413,-0.5690246323952498,5
-1.9710813389420228,-0.35527327690671323,1
1.0423669414846555,-0.9198980347037418,5
2.813306787206833,0.8032704080567364,3
-0.005294149697232242,-1.396707254890499,5
0.11410607186219082,1.5778660466157621,4
-1.8561918533786117,1.6511290160078715,1
0.07074485286010682,1.1306629633607845,2
-0.6784267685141036,-1.2088716038921512,0
-1.7278203895950002,0.18388429509480253,5
0.9929137801625654,4.185196266711988,4
-1.303081593796957,-1.780466653526929,5
2.8455238277068653,0.9007914815269534,3
-2.0142820645475865,-0.21756186874793093,1
-0.2925573323479673,-1.8267308865369545,5
-2.063279688032029,0.9621042464133897,6
-0.26555106093965164,-0.9262357306424324,4
2.8750404421034106,0.4605855925399008,3
0.6994650776468904,0.5208589352221212,4
0.5468163861317908,-1.3422603913556501,5
2.923601859251373,0.5748328084775112,4
0.5140592234488813,-0.9178812871014119,5
0.9303118353565026,1.2225127697063183,2
0.5010488569829238,2.982624933083742,2
1.042195785999995,-0.7493857756422359,5
2.7481535396049726,0.882694120558232,3
-0.320867435075446,-1.5959109569477286,5
-0.07692091894104647,-0.04614075239282808,4
-0.31479883834248135,-1.941090133929074,5
2.8467140298940965,2.173824241878018,3
1.0304007294787612,-1.0888183932629383,5
-1.4008032815279532,-0.9849393615023097,5
2.7570699459777384,1.4239744546061606,3
1.4095084121038737,-0.8779677207068942,5
-2.150699742237838,-0.9342927355384514,6
-0.018851999864472835,-1.6469760475370558,5
-0.9361112172809443,-1.0357809665463182,5
-0.012395102960833071,-2.072712399718547,5
-2.1780910734761836,-1.0873354077886874,6
1.4384066361900494,0.08568358847082125,4
-0.2679230385348149,-0.8620716337865093,4
-0.6056104458107362,-2.1930451090995864,0
-2.2541278811446133,1.5466193222616382,6
-1.9922305463467656,0.8788029781760693,1
1.2570367142173504,0.07204198461983224,4
-1.9857170425977315,1.5245911993224293,1
-1.2773636289799384,0.7423879812486978,2
1.2938423104718144,1.904966197259065,2
1.0868958227111425,-1.1065908949831798,5
-0.37013021427424564,-1.5816911150306443,5
2.8491870146060245,1.4188151547527994,4
1.2181579646069949,0.30474585143678146,2
-1.7132625509823578,-0.3779943798084096,5
1.0195457278511104,0.9018067993069269,4
-1.6848244636432959,1.578825654480972,4
1.3617157963926783,0.40785791864566423,4
1.0966121477770356,-1.1742628477508397,5
-1.4489996797451554,0.4621493614093603,4
-2.0158159977591876,1.3043348344734227,1
-1.9726616888262978,-0.11105591076736103,1
0.3480290870280369,0.8575681076000954,4
-0.35276500692369883,-1.8507985918949117,5
0.12437855671792739,0.541819836537819,4
-0.11295330654836683,-0.07831773515042853,4
-2.156791559723211,-1.4264261232029103,6
0.6463723111378988,0.03180949209426197,5
-1.4290166085572895,0.34262531965244913,4
-0.3805887635264824,2.4500597463590537,2
-1.7544854710636038,2.068096307590037,4
2.8984538555127815,0.05931039682827543,5
-0.6263037403473249,-2.4461663102970044,0
-0.32616113740289243,-0.16431698867519334,4
1.2567788331437963,-1.1874095321107314,5
1.2188981957473626,-1.0814837447612669,5
-1.7056809632039223,-0.44007599791499097,5
2.8689920322177684,1.653268879826324,4
-0.33642949137128253,-1.7856000179075728,5
-1.9011249695924954,1.9560162550374618,1
2.9803180172471784,-0.6865997665713823,5
-1.9701339958244675,-0.15955778149123712,1
1.5318627222733712,0.2720714165663707,2
1.1827353929933515,-0.4292168872979414,5
0.8753236230291495,0.02428675894383754,4
-0.3363492794239008,-1.5929435000025387,5
-2.0388078407738672,0.553981398803779,1
-1.1847317872583223,-0.10739865120773272,2
-1.9574371006068167,-0.3993314413040578,1
2.969398101906826,-1.0816385817618244,5
-0.9166142020009507,-1.369148476693459,5
-0.44422242337910955,-0.906334017151304,0
-0.3996679748246026,1.3469003968781277,4
-1.9816597742573143,0.8035342126843389,1
2.9838578045336877,-0.9337653232804368,5
-2.1319915174734048,-0.026939509192715573,6
0.028285310058022428,-1.9821821315802066,5
-2.0555324188488204,2.4900355282156856,1
1.4296157444264952,0.16288172786351568,4
0.6963092440254236,0.04549912069092319,4
-0.06873483833714016,1.2488751484563991,4
-0.9163118116715423,-1.4836522350400818,5
-0.5945380232571177,-2.287643578570015,0
-0.26782347121291006,-0.9766564273548848,4
1.2947159031317461,1.942275163743813,4
-0.6373255467795285,-2.4258160460812164,0
-1.7083527548612294,-0.2614071590951297,5
-2.1592405411613296,-0.6487701659303962,6
2.8714642060564812,1.3729821396006312,4
-2.002692040508978,-0.09830422572645797,1
-2.0370427735031704,0.8891676959886264,6
0.11095071397570874,0.40318016046166133,2
1.2460381639270641,-1.055034743552011,5
0.3870514452691598,-1.2078847476201928,5
-2.1553495436550136,-0.9425951759487996,6
-1.260460467448573,0.26860281977737754,2
-1.3016594394247556,-0.6690866952889454,4
-0.6805642212624504,-1.729577815225085,0
-2.029067588462973,0.8363996308978406,6
-0.581069968010126,-0.9927304945998008,0
1.0978807834518751,-0.044631873799827235,4
-1.438254267017657,0.4444010241766445,4
1.2724030319872577,0.08734077290190295,4
-1.9963579809998897,-0.2076844269121786,1
-1.5240607807463913,3.506526598626548,4
-1.650540651562701,-0.5235023714434751,5
2.755077594049789,1.8800324943608637,3
-0.051831084860444354,-0.08169328992318117,4
2.820968918726136,0.6132828278671085,3
-2.1891427702531363,0.26540195719357984,6
0.8604378228016766,-0.6889140202656684,5
0.5271253456292909,0.46131483102719756,4
0.2916874865396626,-0.5012834021679912,5
-1.4387571757400834,0.9779857799082221,4
-0.9097305907127928,-1.6176897414471534,5
-2.1822337978536255,-1.0486353143838811,6
0.5009833000115959,0.3258660729099782,4
2.899775293464572,3.478559746982135,2
-2.1188293766193755,3.70181671555196,1
-1.6781322208844451,3.116150726179798,2
-1.478276038357781,0.9045663822366306,5
0.029797722766667978,0.7236209309313713,2
-0.32919343344644736,-1.5066583727560026,5
-0.35863730135384075,-1.2918916260555513,5
-1.3801157183967792,0.2670788288889089,4
-0.9865304316507914,-0.3020569767911679,5
0.6153663742810773,1.1876771615620632,4
-0.37775309886770425,0.3203576428388434,4
0.47492400056080464,-0.4868956301587004,5
-0.7396394703399805,1.618236070682481,0
-0.9047782823201916,-1.2626801586275078,5
0.16807981068873262,-1.1063328751087242,5
-1.006220336934086,-0.8528699226717765,5
-0.15983140761669298,0.2753042920879782,4
-0.28031570249744475,-1.9337494837856417,5
2.8971141547556334,0.42364589086624865,4
2.996522252039592,-1.4743571072516195,5
1.087830399801013,0.01917519062307678,4
0.3210434746032753,1.1954544744947684,4
2.9490682401165014,-0.1965058481681224,5
-2.2897774605750003,1.0753647659442866,6
2.8382239662979156,-0.42929967947317926,3
-0.34673586009108004,-0.3414785090051555,4
0.8807787817176614,-1.2576371763254497,5
0.16361222543506765,-0.6614889914818111,5
2.9882180183078,0.057720798219368034,4
-2.2374687237020896,-0.12794332431275157,6
1.4039213767623913,-1.2773185404505072,5
-1.7249135239222992,1.9351615665649835,4
-2.15848766732476,0.2944739915475747,6
-0.20139690526123744,0.17404620944552057,4
2.8362485189544584,-0.5759138592857905,3
-2.0234961014277646,-0.08457678497039797,1
1.2812825995949966,-1.159301922519803,5
2.8205144349897933,0.8762626708728575,3
-0.9339059725888215,-1.1284992662078854,5
-1.3757331282280982,-1.5765282088883084,5
1.048206381815873,0.8782828587570206,4
2.892677797992411,0.5595872285417844,5
-0.5899276085401952,-2.438068898682296,0
2.7353618105901485,1.5829936568045564,3
-1.332965395069564,-1.6153881041864175,5
0.3955916499995007,-1.4401637893091321,5
0.7893280241838116,0.14845118112208366,5
2.9415242415455336,1.228596214616198,3
2.805011164546993,-0.3031956015805459,3
-1.2756209055782128,0.6165915001815333,2
2.814423656551706,-0.5846382347327562,3
1.221851316752067,0.7246995472039781,4
2.8372785400051077,-0.8111950627248428,3
-1.421386874478297,-0.4841379343912816,5
1.2527146150998003,-1.2541464886794305,5
1.0641004462304426,0.5526312574684766,4
0.8597274497692062,0.3891957211358895,4
-0.3376302805749951,-1.2275380800243152,5
0.9613745282965019,1.0753349921972337,4
-0.9285379750490059,0.22121958867806552,4
-1.5104803725716054,2.106953599221662,4
0.8966210702607347,-0.16626793642431043,4
0.516689461511839,0.934972826901976,4
-1.7073779995363285,1.9916835819024064,4
1.2421874827689559,-0.771368732830804,5
1.279728458327962,1.6076752055602828,2
-0.6317425319415936,-2.529052699761123,0
-0.028414411142629603,-1.38119332915611,5
-1.7026290331571234,-0.5443244315815149,5
-0.9190731569639292,-0.23722665430269108,4
-1.775497366616433,1.9854284088997498,4
-0.143535693995522,-1.5672717946554375,5
2.7765780903580604,0.3925172915451611,3
-1.7228995409890853,0.9921262577816156,4
0.9240692713880116,1.44926651575066,2
-2.083084962649373,1.797934412469619,6
-0.9387290336413312,-1.254208017024478,5
-0.8814347274119028,0.8970392485838519,2
0.7115562192970645,-0.5749439908138968,5
-2.0001503243941054,1.8535391405856345,1
-0.94895702249104,0.36696931950399114,4
-1.362797179826558,-1.528288584352942,5
2.9742026763706146,-0.7724689772137975,5
-1.6556477557676628,-0.3953192848700611,5
-0.6153945022910637,-2.069444031869791,0
1.2528561095846766,-1.1174215040421918,5
3.010776274805852,0.026382219783784813,4
-2.3320941472004644,5.824549683276328,6
-0.6155840904897006,-1.3036011026454497,0
0.6759447914710727,-0.6854916890927413,5
-1.3344859543331804,-1.169366151793905,5
-0.9869429277856013,-0.2042437320796549,4
0.019484710716831055,-1.783919503656122,5
1.037351703249075,0.36742766272726296,4
2.8140669119566297,-0.5040685952086091,3
1.072675986766143,0.01684873209913669,4
-0.020826717264606553,-1.5422971313858593,5
0.8362042564741476,0.6194156648703233,4
1.2706562365733258,0.4315847875017327,4
1.3727070374132146,0.2599832908043542,4
-0.4730088721342236,-0.9581973509107675,0
0.16344906145575464,0.6639750375553206,4
-0.14234760198618687,-1.0357235645614027,5
0.8854801431786749,0.028346775148473686,4
-0.3281186403820836,-0.2963926111665563,4
-2.1579642591461417,-0.7042160848617696,6
-0.3510458766748765,-1.5832184662120858,5
1.1020109456467226,-1.3426854596705025,5
1.1103206864133437,-0.48357647122194947,4
0.12151117780079636,-0.4558255967312672,2
-0.35977947271292976,-1.2272359259225487,5
2.788769172527459,-0.09230766530922455,3
1.175426055090247,1.5003762650418981,4
0.8836417214398499,-0.7695068102887924,5
2.9222867881150676,0.77986866534481,4
0.5537216607994607,-1.0661632893441386,5
-2.123124926120444,0.14074176867496857,6
-0.3091876503079287,-1.6811104524678881,5
0.6605156434583119,0.7911783481653794,2
-0.11498982458576718,-0.014019550242892066,4
-0.009504066784665033,-1.6991954420567068,5
0.002233780421925402,-1.6137910338020383,5
0.8952992425366006,0.5779262842263222,4
-1.385951305900547,-0.4031944967480106,4
-0.9882526949816922,1.0803837349991445,4
-2.1487269589263804,0.12135130040825724,6
-0.9195370285236574,-1.6307659439309334,5
-0.02384709953358838,0.012917812246835381,4
-0.5477645281729392,-3.2218931752936695,0
2.8502487121065845,-0.3254682527521987,3
1.4321935839653044,-1.0706800724673828,5
1.2199966342504798,-0.3492096133644596,5
1.1334917957195247,-0.45871397048040874,4
-1.457596378023845,0.7439181304887004,4
-1.358625379757816,-1.634801674121166,5
-0.6144674948225908,-2.531303265451255,0
0.5604646208833951,0.3298860317214505,4
1.299488218140715,0.9671636809963157,2
-0.36010181199884905,-1.3915016815880177,5
1.2141839468541658,0.43105405506581795,4
-0.2896696129101919,-1.890688734555689,5
-1.6630725797137662,3.29648285704505,2
-1.7686063894120179,1.6458038600731633,4
-1.689255092247778,0.23321292329690801,5
-2.196617911853263,-0.378506318764875,6
-2.348892184726115,2.913739340938231,6
-0.30030015957535316,-1.7986260892604125,5
1.0576499596382671,-0.792720352034504,5
0.9480461798186287,2.326670505799719,4
-1.4912304642440257,0.6911633579433019,5
-0.0733700101257763,0.2287640913440761,4
-0.1666501201477034,-0.44873460352213657,2
-2.057709433296164,1.2341456472012162,1
1.2497857685910387,0.42052956622329885,4
-0.3250283415260029,-0.8876115563236052,4
-0.2954161266291663,-0.46950059975646063,4
-0.3212648599416926,-0.926463244452834,4
0.09719817721267855,0.2049095435993638,2
1.2653976789356316,0.2303649466924123,4
1.0942051530703236,-1.1843812792522779,5
-2.2007956920274707,0.42609847768612896,6
2.8110297786404566,-0.5859949198092754,3
2.9278589595722617,0.11037461385220262,4
2.7322847310097873,1.524761044631476,3
2.8116331065472866,-0.3995731172630817,3
0.8721746879095675,0.24418952833533325,4
-1.5534989064948128,1.4913654470069013,2
-0.3179919636035511,-1.793829702027869,5
-0.3133872717186006,-0.30610379692087564,4
-0.04149626283827984,-0.26767286014151387,4
1.5415990011729446,0.6052562985995874,2
2.797460463971605,-0.20074554718505294,3
-1.3112160353586224,-1.6562061551671658,5
-1.7192886442769986,2.0574098621446195,4
-0.29834983738553,-0.42653627270926686,4
-1.8792143541241377,1.2173399085579593,1
1.2730796878819444,0.5396657566724088,4
2.863980148436645,-0.840877359338056,3
0.8422842827513598,0.863982865991514,4
-1.9869624550309004,-0.19104101615832814,1
2.843936508308098,-1.001158081643166,3
2.7715972908674873,1.3996502944857514,3
0.7477564815986351,2.445530564401951,2
0.88511313254061,0.041137184600833196,4
-1.6864486629873108,-0.10682657879258149,5
0.1547898896490667,-0.467278738731511,2
1.3931943761068764,0.7967328609216046,4
2.8409970607932284,-0.45294728765723724,3
2.772999518236117,1.5358105893564862,3
-2.202017278354874,-0.4237331919536236,6
2.7687058521607795,0.5901045859875046,3
-1.3751193065378542,-0.2087536070214393,4
-1.696300970254892,0.7762221293017859,4
0.1052129019284699,0.4126064067530372,2
-1.3383826164042973,-1.1461676779360463,5
-0.9470294502169292,-1.5050876236845976,5
0.8967990492393998,-0.1845091409210589,4
-1.6866551831299281,0.16913995104907165,5
0.14538365070666,-0.5541511954957821,5
-0.5840861338511614,-2.733826592023234,0
-1.3608048390966647,-1.344023898841002,5
0.681202307565952,-0.8878830258796994,5
-2.1995545730697934,-1.0060468297264902,6
-0.7755169459040947,-0.5253097315514221,2
2.8295046526318983,1.031056246638361,3
1.3925235733960928,-0.8847573218076162,5
-2.03860571602868,1.608917605700657,1
-0.05986791685018028,-1.3781667106383715,5
2.857125513897354,1.325676307414501,4
-1.360093272839631,-1.3189832574198301,5
0.9596038679668044,1.8697449036614866,2
-1.3378607664462092,-1.2449836697357302,5
1.375107980272736,0.6067186526254909,2
-0.6652240479837029,-1.2439500052542236,0
-2.2094283321082306,-0.7990570340161269,6
-0.6690005370228412,-2.0101605252602655,0
2.9333490546459506,0.814422153420795,4
0.42920256082355224,1.4398949568433745,2
-2.1406815669100943,2.765738146556073,1
-1.4264716524837142,0.8878024490366393,4
0.9494473111690662,-1.730060686672051,5
-2.198065691174101,0.69515125625935,6
-0.8525896267773796,0.3225594383612222,2
-1.4132440985403785,-0.13161176232922367,4
2.8115487084833957,-0.5050752339743855,3
-0.39031989017102164,-1.158732058547483,5
0.9060181182597378,-0.03499936459008505,4
0.28956198523111454,0.5203045518311021,4
-1.4087058330705733,0.025183061290247152,4
-0.3423704394438337,0.5131699571838384,4
-1.3297548768548593,-1.2976994873247767,5
-0.5672256312139123,-1.6318752208204685,0
0.0001310410326304523,-1.5651192327580508,5
0.33666404208922196,0.9595619586425607,4
-1.7165857371931321,0.4084682911098174,5
2.849569410659095,0.24755445017056177,3
3.04784825519358,1.623719957039021,2
2.8274553123594517,0.9349933624979452,3
-1.3539379800528473,-0.1405494451212531,4
-0.35271934842929464,-0.13686378683536038,4
2.6859978511999514,3.6507563245347114,3
0.7270149101485207,0.5146280433957331,4
-2.002643705437045,0.4602570550604534,1
0.3716147501787045,-0.7270696116945055,5
0.47210767834062317,-0.26148468089029875,5
-0.00214397148095552,-0.36263634298115466,4
1.0524021113808428,0.5818672111645902,4
1.35649853537161,0.01781105603300416,4
0.36809454474601755,0.540027799084142,4
-1.9811886909763992,0.7020350686801103,1
-0.24791986517339168,-1.1301245856823618,4
-2.1430847135300226,1.8427935060669947,6
0.8766689223831042,-0.8465625837568312,5
-2.1516937301614756,0.46239525802175885,6
-2.214823398384939,0.15715812946211388,6
-2.0119573929319228,0.45653395683414916,1
0.5770696913293004,0.0933185348345954,4
0.20587047238815517,-0.9362455389014435,5
1.4070724040352836,-0.8073854313388663,5
2.788510522197826,1.542011032668525,3
1.3687277389838475,0.35470480382799463,4
-0.958754336755335,-0.6477149819739394,5
1.0985951648616288,0.09503442177250793,4
0.2688261656671812,0.8128207537758754,4
-0.9205321258688028,-1.532139142276469,5
0.07674504799052753,-1.1290671355066557,4
-0.9508870333285914,-0.9857314058399738,5
-0.9947255797659237,1.2639768648112149,4
-0.6586094354288411,-0.6384775390242946,0
-0.39559221614133344,-1.0085713006438106,5
-0.6023285524845872,-1.37901453891846,0
-2.0591208889599906,1.9327219389091357,1
1.0467583137720269,-1.2528602090304282,5
-1.3516065896908454,-1.5760399280678041,5
-1.3995842238943867,1.0626874666264077,4
-1.411758486919965,1.1073331567661002,4
1.4932524869379031,0.9922036522869102,2
2.7760870442235537,1.3560901342291072,3
0.7046681022769954,-1.244420258275991,5
0.7704592465179122,0.9212093479050087,4
-0.6993269128800809,-0.8201088863099034,0
0.9630704416803283,2.426276293354778,4
1.071322524083206,-1.4760213779927795,5
2.925561388358458,1.1836703536745699,4
-0.632840711964847,-2.0828618855214653,0
-0.41484606547812364,-0.15525482207323738,4
2.8521101174305095,0.9685365932593784,3
-1.7233163084379326,1.1365663395956838,4
-2.1882495221593685,0.30733300280009757,6
-0.926799747921654,-1.2521517291200228,5
1.4297202773926603,-0.8946442779429754,5
2.6579523857510785,3.428608565402641,3
-1.965753436646982,-0.5888364254316505,1
0.08550620118043041,1.6521858941708838,2
-0.3955878447742982,-0.46396164963182707,4
0.516068295637453,0.21998402257574623,4
1.369505141200406,-0.4317290953779851,5
-0.9220120838200981,-1.1668132503761017,5
-2.1726246828324025,0.8748332884256778,6
-0.8908434889055892,-0.6020842023805092,4
1.2216303307618108,0.0901569272604355,4
0.009743696041999091,-0.42028419415403384,4
0.2836748110319329,-0.07345662756393681,5
2.962590087023121,-1.211872273433435,5
0.7430323216256898,-1.2043281323787183,5
0.30341985845168107,1.3487654147081298,4
1.2125033458552006,1.1363925646318134,4
-1.345195305714763,-1.3781401908639022,5
2.764176510484762,4.380422945582436,3
0.07290384019708882,-1.7725692508839739,4
-0.4183321961154661,-1.3738142255604022,0
-1.689597636198766,0.907908431930281,4
2.9754565821186434,0.6606737413588954,4
-0.9498364256809689,-1.180648260706435,5
-1.0012454780778943,0.3433548886334078,4
0.537436871643416,0.41592450176053863,4
-1.1270207095057088,2.6940939612821775,4
1.0966121477770356,-1.1742628477508397,5
-2.1750939255647475,3.6389691137918034,1
-0.3024115870619547,-0.2511354604247443,4
-0.970927819659367,-0.7516058439110974,5
1.0090019299031021,-0.6415864742043161,5
2.9012852969446987,0.42635980417526653,5
2.70996487903205,1.6057072065019689,3
-0.2982347206164375,-0.2908904559987945,4
0.38671991554267315,-1.1429050162392487,5
1.166438325725023,0.7802132927414103,2
-1.9787519664561937,-0.3023835174074067,1
-2.0839272988277577,1.220952790818629,1
-1.955182085400206,0.8636308384035579,1
-0.06037674953713995,-0.7530499988944174,4
-2.218879155736703,0.2847149297328759,6
2.990845115664128,-1.315202007567479,5
-1.66979204790396,-0.2368365365492514,5
-0.9712720085419658,-1.4496661061856102,5
1.17392715004884,-0.43273793668913074,5
-0.01465672343835589,-1.2949815001480098,5
0.0520466999787803,-1.060940372033803,4
2.8244144241551967,-0.33579537524826086,3
-2.1133585541713344,-0.16260324958231426,6
0.5216088349837856,0.8002710032530876,4
-1.566184725473552,3.520887782319469,4
-1.9856502615162681,1.2496373520826216,1
-0.6620527880571994,-0.96663326992861,0
-1.7221068808949025,2.0159271863792654,4
2.9850836678194046,-1.2367928797331027,5
-1.35447541310713,-0.4960806068121879,4
-1.3004476088230856,-1.7234576690565062,5
2.759281732188188,1.4899708752888743,3
-1.7315706747963795,0.3621220157287207,5
-2.2858597159786185,2.696799480874439,6
1.1825669816239484,1.4160746747676798,4
0.5438174728105393,0.5422558649410184,4
-0.4135176009019911,-1.51127031751197,0
-0.5516605200348793,-2.826333072355755,0
-1.6493285226463166,-0.46434929676401826,5
-2.0469509427616353,0.23679653667627054,6
-0.6086460912365745,-1.3723837401024799,0
2.7929294702891783,-0.34838132210962086,3
-1.268370319645221,0.5011338736261298,2
0.004743964721809157,-1.5541190722311302,5
0.17464076696680714,-1.1935785519179551,5
0.5846247314865833,-0.058642084929223,4
-0.974912037196289,-1.1815159460954143,5
-2.176431073064331,-0.3704367347541278,6
0.06483535730948209,-1.2016526799832747,4
0.002217122743932598,-1.589041510483223,5
-2.047636722780083,0.9968450347552134,6
-1.4372491779816492,0.6713395773672719,4
-0.18282439315283083,-0.7978986468506611,5
2.9970119191042666,-1.1604686062993477,5
2.8531916784867564,0.8791005147987098,3
3.032872028213333,-1.5992072699935913,5
2.7513279206352874,0.9490753454821003,3
-0.4949513149194401,-0.49185143425290956,0
1.0667306949452926,-0.6588658220228975,5
1.2700617771041975,1.7404793110252224,2
1.4092939894660912,0.5217442830577491,4
-2.165798992843731,-0.6266357342649906,6
-0.9429879249640253,-1.2494666942810082,5
1.4263244700929194,-0.8960017342825283,5
0.9365036593259196,1.404724796869189,2
-0.06518933932761882,0.5428785239639407,2
2.988170949889441,-1.6326762204649403,5
-2.1425362439008597,-0.8594733373752873,6
0.2209237963092208,-0.0523971177928325,4
-1.9924421151418004,-0.45368063610345577,1
1.1893051660346863,-0.7117959196992231,5
-1.3446925206756823,-1.4026953896994723,5
0.8507213442251887,-0.7111104739982932,5
-0.5832809472927242,-2.460168068665871,0
1.0262495924099908,0.623438764556891,4
-1.9673897663237994,1.1999122398951796,1
1.4522650193836228,-1.1525250332345713,5
1.3388453372527995,1.7452474722389915,4
-0.04305125918410041,-0.41411898128490604,4
1.3258180538108733,0.863064310654956,2
0.5740235197807504,-1.3469844031664557,5
1.2168233502177161,-1.0640007917198133,5
0.014240844412038432,-0.5175111033645106,4
-0.6268845341294659,-2.4060423592410185,0
-0.6164356001290775,-1.9643918263025317,0
2.876098367772314,0.21179841213591377,5
-0.8802727735749899,-0.763014487086582,4
-1.3815375348014707,-1.4889799856721342,5
1.407373496887103,-0.643128181015963,5
-0.9382404268061352,-1.5171741636207308,5
-2.142330340499331,3.254948641282198,1
1.083590088495835,0.5044660341716624,4
-2.1596825394477537,-1.0552205097351899,6
1.481117671247731,-0.5117409967448051,4
-0.6742538131288829,-0.7019052518205627,0
-2.023737166469571,0.7590740923485537,1
-0.02426600209517965,-1.1777543622547357,5
-2.129830012676089,-1.2386239768475493,6
2.9434693911743746,0.15052710530985453,4
-1.6826493687669632,0.24500970863277538,5
0.5653817793317926,0.2016270990308623,4
1.392502769591479,-1.0801024379426503,5
-0.1541164829647965,-0.9607348706267147,5
2.8737164951805156,0.36911936558284925,3
2.9762133801177764,0.3225272782306914,4
-1.6984058947183045,-0.6481045771519948,5
-1.3339439366546426,0.09935511763458144,4
-0.973267558519263,-1.2212146986460952,5
1.0601640004576858,-0.9714522493290612,5
-1.6675199180190823,0.3007413253969155,4
3.086334260345063,0.5440643696120022,2
0.008964991367954754,-1.6670563257414013,5
-1.8044199221288568,3.468736773252241,4
-0.0013422888578679543,-0.43931942816881064,5
0.49989057891073974,0.033780212510435434,4
-0.5964867813709287,-1.0419617360731244,0
1.3064847189318554,1.1423707671249224,4
2.8561275253289686,-0.8596164505075096,3
-1.2850856163565534,0.8329010020719034,2
3.0454725559063434,1.3650335512705016,2
-0.19745816582557052,-0.8220607561401656,5
-0.7795544507837907,-0.2783431489347654,2
-1.8789082473334777,1.4779113915436006,1
1.223043463266408,-1.266007377594166,5
0.8227626468082397,-0.5177938222104822,5
-0.8999747938646578,-1.7284145216854594,5
0.6602337312315993,0.9426499703025366,4
-2.0803660430410438,1.7680307534354818,1
1.3570003890467206,0.6911782207095054,4
1.0615003812898776,-0.8718934171033591,5
-2.1738800864502177,0.7898877305723669,6
1.3608318894833458,0.3111923546146712,4
-0.015376093550124204,-1.7978549291903394,5
-0.6621967731337192,-1.3573644509777472,0
-0.6489079465768184,-1.1631593096096438,0
-0.29383817263672984,-1.8767552042860423,5
-1.085720306313104,1.7693262763428257,4
-0.5855166342443556,-1.1522010758061494,0
-0.0016685455182383624,-1.4603702090684438,5
-0.9562812719758225,-0.7118386595875442,5
2.8281652641307464,0.4472227016558786,3
-1.326964255914463,-0.01892319238450458,4
-2.2193889169441063,-0.3811651278238833,6
2.9331515054144934,0.6737445952987572,4
-0.03932941130266153,-0.8607782171293749,5
1.064188368121147,2.4359899707990107,2
0.5212095937619936,0.18934474383066752,4
-0.5763354961698098,-1.4025362758344713,0
1.424627544022599,0.13613156242597158,4
-1.7006597395174015,1.2211094884401965,4
0.9591445797966371,1.6742245056776088,2
1.0854363356050964,-1.098018067910655,5
2.886593286794458,-0.2306360681013241,5
2.855596606179749,1.0377549835266713,3
-1.7350120636404738,1.1982211590840957,4
-0.5853705462544195,-2.6159840784879362,0
-1.3795318229904334,-0.4243380548921276,5
2.8108346775832778,-0.13299938863546135,3
-2.064849792077647,2.2963493330270692,1
0.8793533508093229,-1.0876262396088885,5
1.082995279963822,0.40791603979546437,4
-0.9353123598665132,-1.6838719835155571,5
-0.0050722407618142284,-0.33905076124187866,4
0.46086040460948474,0.6757446577473626,4
0.810316890943594,1.2677024164710904,4
-0.019165929867744055,1.1890463435016294,4
-0.40242980017381846,0.2807382955206855,4
2.7871445572979017,0.654477886025799,3
-1.3802345726206895,0.7540171804498502,4
1.2342923800057197,-0.12323058622553905,4
-2.271934818610417,1.9091994675305706,6
-2.0742830825508785,0.44325132370389014,6
-0.345732649283095,-1.91309964230796,5
-1.3658237136113185,-1.2561617127020541,5
0.33624336363107643,-0.3284917175191112,5
0.7339440000648751,0.19076797225897202,4
-2.19340835419686,-0.20019886275679882,6
-2.03661212545329,4.442253810728903,1
-0.16785459629748375,-0.3856408789429027,5
1.4100987190805352,0.39077285846344406,4
1.290543632221279,-0.13194440249164696,4
2.884943912012197,1.282058335408452,4
-0.6094293772419938,-1.6982582615675939,0
-0.4370913861082789,-1.7848743179296516,0
3.0074112779994255,-0.18589976081782822,4
-1.9864186728708357,0.7692140354125352,1
0.5527514072526878,-1.0014389442895397,5
1.2247507970680738,0.9367953973416775,4
-0.07508284817371758,-0.467279563054545,4
2.420330099048201,0.16430456940743854,5
-2.030025595839312,0.8959410286474608,1
0.3659631420906845,0.4896634874431243,4
0.9269287589524448,-0.0018842822950558696,4
0.9496257984576104,-0.6659777568355723,4
0.13327957863276327,-0.7882388922700113,5
-0.9650295614790741,-0.8767602443710051,5
1.0884846334234293,-0.15385632697822993,4
2.823809312205472,-0.2058127058183426,3
1.0467861804002352,-1.0171560878141908,5
-1.695423627806009,0.5003523653430817,5
-1.6909559023136627,-0.319565128227868,5
2.805872286372674,1.1701462224097534,3
-0.3502105174338419,0.3431866209441966,4
-0.013383797995219868,0.5544312613076442,2
0.943180128719106,1.1652569386699545,2
0.9892451403052682,0.3729534821343395,4
0.7107517541185152,0.5630144862245,4
1.4315432141892004,-0.9498716732953059,5
2.9247979674954903,1.11180918095418,4
-0.7125035793584633,1.315390667175141,0
-1.8401565053677151,1.0806847793965022,1
-0.26738007040008416,-2.0248907828272023,5
0.057912058381755074,0.06813675646556225,2
0.013739462455981509,-1.9476406342829407,5
-1.4177842774865,-0.7248345370779009,5
1.0358825649811556,-1.2168516111915701,5
1.0961842179122698,0.06015832792497743,4
-2.1901117639355547,-0.7170668830152825,6
3.1043474231836115,0.3779720282487215,2
0.8246359246718233,0.28905848839042986,5
1.1375605698825717,1.5381483387992227,2
-0.2851915914267211,-1.4458289834576106,4
0.7124592505809841,-1.1266811778038777,5
-0.6202726155759288,-2.2301061795946273,0
-0.6588541474126777,-0.5578631142434829,0
0.9831561533108046,0.7502073429922882,2
-2.2213684925192267,0.12978556782173273,6
1.0966121477770356,-1.1742628477508397,5
-2.096476673377871,2.489268221185628,1
0.4989763066879873,-0.26905646091736907,5
-0.02793032120418454,-1.1388630544885814,5
0.8827282861774075,-1.1201894530961665,5
1.4185301728691464,0.4500993752665537,4
-1.9258172665795357,0.047221984194932794,1
1.1865726138986945,0.02705649461548744,4
0.9877286637132192,2.203152635463172,4
-0.9306115739191131,-0.33277604324901705,4
-0.04877382228200228,-0.26142586660918743,4
-0.6379113601882694,-2.255469512435158,0
0.553709252963613,-0.12966885561157548,4
-1.3400435954483443,-1.2706123810065817,5
0.2967454900905361,-0.21405622882858422,5
0.36667928069506217,-0.8189109728570216,5
1.4611996083557508,-0.12529801327232026,4
2.7603932395948556,0.3273790028501998,3
2.9639653765002136,0.18347643324449897,4
0.8195493433597745,0.09708567901220683,4
-1.951183702242193,0.42775559667726093,1
0.3024848187148005,0.680451097260806,4
-2.0611714643537744,0.8210907911437336,1
-2.2710442739359036,0.563001488231756,6
-1.330992519306846,-1.6953117181004727,5
-2.013781629044122,1.0850550886945105,1
1.3612288458594364,0.8634492049231672,4
-0.9428700917284153,-1.4759563575396173,5
-0.5908659754012174,-2.3265318208670793,0
-1.663377459220724,-0.014179344002675294,5
-0.047784931360178085,-1.559517235617302,5
-1.7315706747963795,0.3621220157287207,5
-0.5902800311335324,-3.00590797686031,0
1.2908328997991443,-0.08231645874660545,4
0.5290446160747809,0.06603314959805667,4
2.9337949984190526,1.4328794011182038,4
1.005869841852805,-0.6767508285043223,5
-1.659916024075687,-0.11826405980173714,5
0.16248722327725423,0.8734587782496538,4
0.08935318944335668,0.4770884865697564,4
-1.994914139246178,0.0011171631959992073,1
1.4187630054293425,-1.2493419760443114,5
1.0593266913887982,-1.1800113752214019,5
2.7768826127186967,3.6967355877180763,3
-0.8630313149277113,1.074976614307809,2
-0.39658344835469905,-0.9099429437071854,5
2.8414565218498837,0.9642778737316074,3
-0.3519709845559513,-0.5077080837508672,4
-2.0083318065872824,1.1080595591830138,1
-2.07929737176461,1.4924088711029155,1
1.2929094799970031,-0.2951355525587403,4
1.425340316088866,0.1364164893592767,4
2.76603668803582,3.294381541142953,4
2.8430796255094855,-1.0574566787444284,3
0.5402665304027114,0.18136269275326916,4
-2.1868869974400242,-0.14807966217772744,6
-1.0138441542654795,0.7837305654319268,4
0.05342491160110098,-1.3418860087568745,5
-2.187895221381182,0.3569869295829224,6
-0.41020850827228705,-0.09473250762052926,4
2.7381803999478924,3.1340987666762303,3
-2.180798495189353,-1.0636615034244783,6
-2.155910817324281,0.17443569685389188,6
0.8270528526846351,-0.4106104371231317,5
-1.6616205439094527,-0.6333998241284756,5
-2.2004480029584665,0.568131771973685,6
-1.6553336247470858,-0.4199499107329935,5
-1.9820169723890282,-0.0405271857082695,1
1.233021706684237,-1.0107256261200508,5
-0.31353475042291434,-0.4519872743237642,4
-0.5904208131620191,-0.8522877072115131,0
-1.9817347628166009,-0.3100196488344235,1
-1.7979675603917558,2.3072334167680606,4
0.07659065967655557,0.49476466815774395,2
-2.065450866580984,0.5718185139966584,1
-2.0071455834788723,1.3885130483300947,1
0.6855474386756455,0.4006708421845179,4
-0.009980712878128961,-0.7628864909501479,4
-0.15404743986826105,-0.6051212690212003,2
1.0287341984332035,0.5574901198907879,2
-0.6373255467795285,-2.4258160460812164,0
1.0586383951009462,-0.7675690666908069,5
2.999164159712577,-0.995471355916818,5
2.7601189514984994,1.7259985333045862,3
-1.3696215248855037,0.7179035708315553,4
0.1905985421690462,0.4133102217044929,4
-1.3985271524279699,0.37434353319946756,4
1.381627210667285,0.27914905594868694,4
-1.3036431616919224,1.9635913279500812,2
2.8363184755105575,0.48168187986291494,3
-1.7553673228835296,1.8632507600865937,4
0.22444477891124706,0.2616841936853726,4
-0.22441903130940363,0.45004849333735397,4
-0.0336585191470527,-1.5759140597752725,5
1.3302090131817275,0.064304539536584,5
-2.2156208430327697,-0.6217956020187502,6
-1.3538457667528514,-0.47629868884141124,4
-1.415315628582416,0.32334606721606846,4
-1.414946164522032,0.6906291212885894,4
-0.14003732915203607,-0.43568091829896116,4
-0.3371832650038238,-1.6427892656650276,5
-2.144153879328402,2.691747533689411,1
-0.14831945862152865,1.3471374652980268,4
2.726747984904298,1.4170793421088097,3
2.8674360476457617,0.5280332707056493,3
-0.9606646342608033,-0.14300896986753553,4
-0.5893013000331412,-2.4469747311251635,0
2.8725235620040035,0.3659301160460759,3
-0.9618772198832327,-1.1267930386526397,5
-1.0552771929265308,0.5314749611828868,4
-2.011129488900303,1.1876534609603706,1
-1.3429947206581694,-1.334192008478082,5
-1.342016716781367,-1.4914941798316887,5
1.3002347028572316,1.661988356615495,4
2.8137275812870435,1.6263599437001859,3
-1.3805839285736095,-0.13022580055346833,4
1.384912610147634,-0.9868243913946164,5
2.812842452694249,0.6767904635310996,3
-1.3375275757768939,-1.3438750739687597,5
-1.9729325686888188,-0.3807694896839801,1
0.40696730134199965,-1.401704129415788,5
0.6968770955655819,-0.9935293261089477,5
0.4390524005558768,1.788041194930816,4
2.9020772917795328,0.867033699181839,4
-2.1752413606387595,-1.110952322779881,6
1.0350001786889178,0.42637399746593263,4
-2.019174617689065,1.4396606148372062,1
1.4275223991661492,-1.44762107168528,5
-0.9027218068535566,-0.4454080024609751,4
-1.3182300813028627,-0.6665544995518027,4
0.2797480096043736,-0.10622630429471368,5
0.17248377832052503,-1.1944407969318176,5
-1.7561033376181816,2.489323153940779,4
1.074490392399322,-1.2482182230863148,5
-1.7214203269959225,1.3338789324831006,4
2.7476098693889197,1.912404654664018,3
-0.9404578783176943,0.45107905940156595,4
-1.9917788027850254,3.858565161448138,1
0.11682703510045245,0.811802832977587,2
-0.9050943405374705,-0.5830247680974595,4
0.5113461181593378,0.40427697834694404,4
2.9575144585006723,0.23807165272446568,4
1.0580443220731377,-0.8915873390487917,5
-1.6941869511087602,-0.10720753118420633,5
-0.32409825324080965,-1.9604075790214641,5
0.6836264925990844,-1.0730946046657819,5
2.9878062184577274,0.5041859228582907,4
-0.034575229379284866,-1.5789928841859413,5
-1.7271831471891643,-0.23773454645010572,5
2.8401884390451815,-0.65505114781822,3
-1.9784543292961887,-0.02621545002900414,1
0.4738179094424547,1.0358560949991307,2
-0.5834072629217089,-2.404262492012882,0
-0.01754618237592398,-1.7271662944855375,5
0.527685389288748,-0.6546975657325755,5
1.2169683841390968,0.14589330492052022,4
0.32444685762726544,1.1462340784661653,4
-1.339636799407403,-1.3484496729530744,5
-2.393421120058707,3.6745740155689823,6
-1.7111349982772497,2.2275185455683415,4
2.809434320582514,3.6198795152653425,3
2.8123631019068207,0.24268526851065625,3
0.9105985042996247,0.10349999817616462,4
-1.4068527732304903,1.295474866005499,4
2.810457833608565,-0.8219165008736009,3
-1.6376548021169992,-0.7577756602982059,5
-1.6745857735516858,1.0555765038111675,4
2.997942402852126,-1.1353404641028455,5
-0.02422167691420639,-0.07983550140747067,5
2.9485347064115595,0.08743966815350727,4
-1.3034343074400658,-0.7165960641472845,4
0.36265582885751124,0.7084344041770958,4
1.2002680182915555,-0.5120767406214377,5
-2.275085253380654,1.5473978696867066,6
0.8472420231041243,-0.9298819225007919,5
-1.6887210183694943,-0.5048523886948103,5
1.268500933664709,-0.10955589448585355,4
-0.8086539313217872,0.36487865080011617,2
2.9888068052664414,0.2780491442128454,4
-2.0900317264459387,1.24950313064868,6
-1.967787136919248,2.813471691397931,1
0.6660589914186082,0.16990371148937122,5
-0.3245809692598913,-0.5920027509567503,4
0.8054666734011275,0.4729736703949861,4
-0.20839534182517913,0.42783745914849725,2
-0.7774457438324741,0.18744190406720518,2
-0.9587344319832022,-1.444654275042064,5
2.764347096822612,1.2211725926060721,3
-1.8476128086018493,3.7248073955597243,4
-0.010856961142857988,-0.65405967914576,5
-1.2290621646270068,0.03630503208663062,2
-2.0349739932793245,2.3238920745598866,1
-1.6765661812902426,0.6786426001872178,4
1.164126849033604,1.1112944976059056,2
0.9839453284792536,-1.8841386190194758,5
0.7089439813805423,-0.9483495227722933,5
1.089147334597471,-0.06372300675409877,4
1.2139227440997917,0.12098822176186291,4
-2.1816871793863397,-1.19424125569594,6
-1.7009302554471863,1.4227819729261104,4
-1.400316922845835,0.9816823333135061,4
2.867938759922106,-0.7338266001051122,3
-1.3567041747714719,2.2028295818102,2
-1.4117895841183479,0.14773109136962698,4
-0.1880376466669936,0.08565781485067638,2
-1.3301850376499067,-1.4033398328519096,5
-1.7330974523860805,0.04510647740018337,5
-1.962108867453611,-0.6589356683212859,1
1.1307903482177972,1.4813154491883993,4
-2.057229802550841,1.0984786399294764,6
-0.09408914952340994,-1.5071497750762308,5
-0.5666711711910585,-1.3803606559367556,0
-0.931762560188042,-1.6980529716124617,5
1.0457391141078645,0.7158720838393509,4
0.8850754531418741,-1.0046266085727373,5
-1.6337808313483986,-0.6443148396206627,5
-2.262721778090523,0.07934246417152063,6
2.800317537095303,1.4348186271301449,3
-0.17929644871899333,-0.16214089700165463,2
1.5080037818837704,1.0632126830682038,2
-2.129951070238949,-0.02612385100323398,6
0.3062518468953357,0.5868625826660928,4
-2.0938340323735725,2.3003630794897263,1
-0.34370914764582816,-1.6545541254728604,5
-1.3321845606357061,-1.6242320939382686,5
1.134504649444535,-0.5390213281725138,4
-0.6227953523024349,-1.5159259987560343,0
0.1858503907060011,-0.7177116889243866,5
-1.6770778190500175,1.2057800884554553,4
-0.004829502909539096,-1.7376829097220474,5
2.977431147532962,-1.5718572018307537,5
-0.10335714632525171,-1.1917369835412872,5
1.191973379457082,0.6437134862107966,4
2.854430356577757,-1.2886122471677524,3
0.7262103487894873,-1.1303403775572092,5
0.7450780142886854,-1.6318278589996742,5
-1.2867060378212616,-0.6108844362195373,4
-1.0219861639214909,0.544782877205265,4
0.4012947593338405,1.8536600546683288,4
-0.3169139166838689,-0.6642748830052282,4
-0.04827156431710128,-0.11540056231884503,4
-0.37846581262332246,-0.35164881037053364,4
-1.0358158142531209,-0.12642172281359348,5
0.025211084842042722,-1.0120029804426522,5
0.5241084826776491,0.05383521995152595,4
-1.3846959394021785,-1.2728619974429676,5
2.927283188193392,0.7963973807026672,4
-0.981596983464457,0.059560228153028145,4
-0.2499509901050261,-1.2299611141978593,4
-0.3146505509935186,-2.1584115549754745,5
0.15458959156373173,0.9198140674021529,4
0.460598196811865,0.5857714061158312,4
1.4288167102997071,0.12220619776398062,4
-0.2959483181832363,-1.6887056343536948,5
-1.3918495347806876,-1.4463022357918056,5
1.4083629827573332,0.944889562010596,4
-0.05395111314563422,-1.6857629898950302,5
-0.5996531207173588,-2.419912817603053,0
-0.02687249891350424,-1.2035524661463561,5
0.9110538212629683,-1.0841103905770169,5
0.1502698853438059,-0.6420663839909192,5
0.7101606408424964,0.643490438085109,4
-0.02701669117652554,0.1940498200718071,4
-2.2023483174284326,0.22621077590368377,6
2.849879570357149,-0.5209526390903495,3
-2.105568174974963,2.062283539665457,6
1.0194152300295136,0.6310807935139869,4
0.4931972388094631,1.1456749069427596,4
0.617394511557953,0.5758916518500258,2
0.8014043160704506,1.362779719858198,2
-1.3747994356975444,-0.8717884478701653,5
-0.15789398935547325,-0.8961136128022823,5
1.1285821657205348,0.9283345925188743,4
2.9847838738810175,0.817571566265784,3
1.4114155408124311,-0.03701816236219794,4
2.874560362624336,0.36616427811942626,5
0.4503975926730093,1.3199725883640487,4
-0.37595867440968744,0.016488764000117853,4
1.1249244932504596,1.6599253056470777,4
1.0267214882618831,0.5585151252694608,4
1.488841032276709,0.9161717334827041,2
2.984874644454871,0.8579639917346132,3
-0.46335830742164485,-0.5975782819060486,0
-1.4206862794895407,0.7938029110633464,4
2.9441362120363705,1.393777191936089,3
-2.0797539876620736,2.045542361966833,1
-0.5768804042905665,-1.8127590776468536,0
-0.9198480994980163,-0.2569173192189389,4
-1.7859081628583127,2.4670348014649344,4
-0.323585250222282,-2.0097148108054737,5
-1.295029517014952,-0.8655046782403867,4
1.1587550545271206,0.8954979758828874,2
-1.403000899089668,-1.0509301303002383,5
-0.007630522968385012,-1.602134220093903,5
2.8326548754939913,-0.6268627782465416,3
-1.3737990781713088,-1.3868620108358767,5
-0.9568142464455799,-0.22611230002211297,4
1.2000365756724536,0.44099870497043403,4
-0.02134185611074152,-1.6883274709917964,5
-1.7964741352030822,1.4403735327563385,5
0.7376368590926196,0.3079372903541468,4
0.5232437697915445,0.23967019721607807,4
-2.1595160734836094,3.474615549799352,1
-0.9578978357163846,-1.2489830261872676,5
0.6052527155894574,0.7370045308944213,4
-2.045735291141438,0.9069270467038292,1
0.0008834826293235287,-1.6390868908621812,5
2.8565885471240184,0.7798073059992909,4
0.598077071795814,0.8442187100243184,2
-2.0050744467621886,1.1497178002377586,1
-0.8622395233689701,1.5310790710982998,2
2.7305042843394203,4.407318828480859,3
0.4908279860385647,0.08055265417520835,2
-2.209531468376802,-0.051663280898979605,6
2.9762175677823723,-1.4421176990690026,5
0.6334874703151803,0.8766862092131332,2
-0.29484065931622094,-1.9056434694372841,5
-2.1986124673377923,1.0167131318393707,6
-2.1918752658734895,-1.1579577660152671,6
2.9535936968618803,0.5061096371275148,4
-1.722232967109383,1.2684418131893274,4
0.35037313504788004,-0.49342409489243366,5
-0.5901385940351485,-0.8440872573006124,0
-0.3680921380991097,-0.29798967977489005,4
-0.013402366066853855,-0.594891455800548,4
-0.0005462619982410793,0.3082701455437311,2
2.9294498532828466,0.6722648790753698,4
-1.6522889242715668,3.353018190070329,2
0.5949322954003945,-0.31497078423108926,4
-2.1993698807622057,-0.0723573892731861,6
-1.3182300813028627,-0.6665544995518027,4
0.5770530337146412,-1.5071978922153584,5
1.4832500005832174,1.304610419185966,2
-2.1483694203732706,-0.1351738737435419,6
-1.3629885460036966,0.1539255042607534,4
-1.9605267341093757,-0.30154184945510093,1
-0.29276019281511934,-0.9866247523623632,4
0.5802906073877315,-0.0173061602346549,4
2.809772634403987,-0.07475545429096578,3
1.4911151817438015,1.2361984139433264,2
0.8774793996360359,-1.0700630156022426,5
0.38484679546757095,0.9692541455102409,5
-0.4936523080889308,1.8262985942018672,4
-1.3846568217425446,-1.0839533065783296,5
-1.9580816090874817,-0.38772047815421135,1
-0.01685787959429469,-0.04940054203334007,4
-0.6129394560015908,-1.446873866808758,0
-2.0737984089215264,1.5688755132654957,1
-1.6332918074334513,-0.7835000562436515,5
-1.9361975826685096,-0.6824901049407812,1
-1.2106907042456723,0.1023174006456834,2
-0.11295330654836683,-0.07831773515042853,4
-2.0129714134788883,1.1881350014883212,1
2.9641373300993843,1.1054910533184545,4
0.12152696731124503,-0.1824826088155031,2
-2.1366098474110498,-0.059985590818638926,6
-2.217102895914097,-0.5325196156943016,6
-0.6480586237743661,-2.423662769368992,0
1.417815455226558,0.26363302508360537,4
-1.989078722014994,1.257423025482537,1
1.3824439362741503,-1.093279657819383,5
2.8790383971693285,0.3932905378549097,3
0.8784780436880401,0.09066001079234526,4
0.8648448910899287,-0.4945278774933387,5
2.779020968414075,0.1147323527035467,3
0.9744363913040726,3.5346256480130815,4
-0.006596303241007073,-0.9789142171574483,4
-0.9394790155369404,-1.1765079397693685,5
-1.724266619038915,2.205025465877258,4
2.8581807787743507,-0.6973711772458929,3
-1.7561564073454914,2.455389637269642,4
1.392375641992118,0.2926018376243329,4
-0.10863069257557634,-1.6679433708388798,5
-1.6033168129507316,3.112487026579927,5
2.9391477733715115,1.4789391442094266,3
-1.3668100282225024,0.31382239206083484,4
0.7437742806379963,0.1634976141600813,4
-1.8592984396763819,1.367394311727217,1
-1.646044508468524,-0.627173384820214,5
2.9386693997991724,0.5457257953088255,4
-2.083834372633179,1.1712682299047654,6
-2.2084406148336817,1.2522582730442609,6
1.0639432336695027,-0.8305607735773565,5
-0.7351334396037603,0.5249970830691381,0
2.7636071231110537,0.7182909367727919,3
1.455796805185476,-1.2070693387006113,5
-0.05655853919711579,-1.466712217050707,5
0.7371948806299282,0.365360558540508,4
1.117606700000057,-0.4650639550306044,4
-2.179772328104325,-0.8340021483780832,6
0.3713186304318389,0.2717113220855188,4
-0.48510044360480997,-0.9318309716068391,0
-2.0380546439887572,1.584381755575153,1
-1.7102392525570729,0.029487781936078917,5
2.8278716737873237,-0.35272571395215563,3
0.7137390989793797,-0.6703836108663715,5
2.977482920963561,-1.3113873514085057,5
-1.8477853447141561,4.336573648560346,4
1.2714879805629786,0.10257496591802112,4
-2.015191196683462,1.1404477459032114,1
-0.9077702802848335,-0.39791381338864923,4
0.3057818482303435,0.42131996126774524,4
2.8281777788601783,-0.7314084634635082,3
-1.7732386565185698,2.18045036013707,4
-0.9621079441497206,-1.2818659713613738,5
0.8771381886262242,0.8870716917335061,4
-2.139955509646548,-1.0720909141194168,6
0.8351450707450931,1.0720657730592993,4
-2.194961909846417,3.658087311208652,6
-1.945687723397444,0.8060948030054844,1
-2.1673612155482282,-1.0894899650302639,6
-1.3488512361109466,-1.606138432420713,5
0.3411741993652474,1.0318523814143477,4
2.8911141038384787,2.532734276122817,3
0.8581548274714046,-0.9594319359046661,5
2.7190155729690146,2.8449638420465617,3
0.7049226257040239,0.12427928377571335,4
-0.04655227643578712,0.8514688523648465,4
0.160061590425656,-1.0691819966788776,5
0.012265917163502059,-1.7803614167970092,5
2.8090416066777246,-0.642745798062662,3
0.9185896455033361,-1.251678662337251,5
2.8016605027791304,0.932769655486095,3
-0.0269397886084069,-1.755677569787413,5
-1.7448294781996523,0.332065716089328,5
-1.4056515844747304,1.0758621007496485,4
-0.5783660874300538,-1.6088599692524808,0
-0.40335671495850034,0.3142801160797416,4
2.8623757790725817,0.6067227233903008,3
-0.2780298858951541,-2.0539041295981,5
-2.109507808367413,5.16699297102178,1
-2.04156957040902,1.1022631426484117,1
-0.6125707140509321,-1.6420632939478388,0
1.0982625776127404,-1.1240908364743434,5
1.1323670666087549,1.8501496690275685,4
0.7189055727406537,-0.6683183398008107,5
0.14246585836948542,-0.7598105759657487,5
-1.6720602739355828,0.474732909543295,4
-1.8644949171142429,1.3873608125239483,1
-2.0091830460284887,1.1884315413938873,1
-1.9624656820850248,-0.4169415312672604,1
0.34057023461683733,0.3077142590319499,4
0.8478459501179414,0.2386216299638358,4
-1.83628705851077,3.211148878694666,4
-1.6759389381862209,-0.32271833899438573,5
0.16131777789309992,0.5969422204006631,4
1.5163353713228065,0.830850243892032,2
2.449908364771214,-0.09992073696906945,5
-2.1894294976418847,0.29648727767544786,6
0.10190591217334727,0.1328352780719414,5
-1.6879127244947811,0.06316883780906071,5
1.3557645450960913,0.16334218663535416,4
1.4122394222618364,0.6090091858469449,4
-0.07405261506660077,-0.09450645723365678,4
0.155999353947428,0.2836369767203664,4
2.913216742827423,1.8840031511862831,3
-1.7190347433423476,-0.3307894991645213,5
0.659077717638932,0.7832769512894404,4
0.5961661465831496,1.5193337738252515,2
2.976808655494248,0.5961019490652887,4
1.3823584130498552,-0.9227330999619348,5
0.4628985004609143,-0.06982916853315649,5
1.488841032276709,0.9161717334827041,2
-2.0163684291257886,-0.18719592595167234,1
-0.48305447521716016,-0.7383886527695606,0
-1.9611178126980033,-0.3017781300524622,1
-1.806010704057823,1.4521613448240918,5
2.758372065947757,4.548683418599953,3
-0.9262541163766492,-1.218021277769039,5
-1.4262353144638558,0.49600544043771366,4
-1.3292416539418983,-1.4185627102434302,5
1.0627232505146809,-0.554999372585142,5
-0.19306903151745336,-0.36452029221934673,5
-2.181648785029671,-1.0300890761329393,6
2.8003846020127696,-0.25824511717130927,3
-1.3832862408881135,-1.1980299967013903,5
1.2622925462133179,0.18339232743375888,4
2.89322873862833,0.3860754610887766,3
-1.396578114029762,-1.3427241415709106,5
2.8260426595556436,2.7580152981954225,3
-1.7766499377761071,2.2716674973476207,4
2.9017198114146736,3.2528002418761783,2
0.7221062994728586,0.22639203726480012,4
1.0299341060286265,0.007701195305945721,4
2.8354614158667086,0.18969019400994735,3
-1.7182474136150852,2.082582282933905,4
-1.286778708091574,0.7854242646101958,2
1.2024144472196299,0.40052456257538865,4
2.8632038221932525,2.3913527446705785,3
-1.6369614916435757,0.4991375454351082,4
0.13067730627161098,-0.3426493950085079,5
-1.9839199060408224,0.8261690450047331,1
-2.234436419161474,1.4920909536559641,6
-0.33804249119452867,-1.584464188398447,5
-0.3571912657019587,-0.5438786159097095,5
0.29042523260398034,0.09877600902890321,4
-2.1809381535912764,-0.7720682565549548,6
-1.3844594824512118,0.21583013165016063,4
-1.6907349478169666,0.3564021358364194,5
-1.504423471996584,3.1484588175374117,4
-0.29306743404814795,-1.3838649921969617,4
0.5141772041991166,1.0238369979407316,4
-1.94401183204722,0.902008414906592,1
0.004474780858313557,0.6775983581189852,4
2.747664307491934,1.0530792367162085,3
2.9794194065895634,0.7871071728951234,4
1.037240256355763,0.7996307422883249,4
0.8623709188847142,-0.9173904548936769,5
2.8592195714335196,-0.5419751668047584,3
2.8917509937531167,0.5205266160225894,4
-0.27276206377723555,-0.8575622229811201,4
-0.3553564825836443,-1.7216098958699093,5
2.9867929913754954,-1.0590851387408842,5
-2.0130387720370178,0.7816630582038132,1
0.7508522758797223,-0.2023028337341894,4
1.3677040696966951,-0.7488542538754336,5
2.770039143406275,0.598127795275991,3
-0.9664322762425531,-1.162526235591155,5
-2.007059271298332,-0.14311851808105952,1
2.648066129607777,4.027335661066061,3
0.37645979307824307,-0.8553573841603729,5
0.5541081779730924,0.34187651958710663,4
0.6805942215028175,-0.2305595510102057,5
0.008404559755029975,3.718180436440359,4
-0.10545772884686248,-0.10652133970249865,4
-1.9740555854904547,3.549244760697453,1
-2.180934206503818,0.8779553874702727,6
2.87427897715205,0.1798711439967452,5
0.1762463134784795,0.45171004505912843,4
2.5268593182592003,-0.43863741516801025,4
2.680034979603884,2.949232133382839,3
-0.6006033539792962,-1.1297443634778366,0
-1.9502810608851358,0.8160776904598082,1
-1.4073236813447956,0.9541253236305334,4
-2.0604935447163655,0.744380920956313,1
-0.9441324294132426,-1.3489488353435521,5
-2.2006229942016713,1.1956462678713804,6
1.2244773167311815,2.5843167537371725,2
0.5283146560442548,-1.3249001597936196,5
0.8836316693087279,0.19925712863687517,4
1.202214353511246,0.4903129990228794,4
-2.0115920343393907,-0.014705925321883952,1
-0.20664684139908773,0.31898995001776126,4
-2.210058936797632,-0.1820986808955647,6
-2.154779198553584,-0.8982796972644967,6
-0.5752710181639684,-1.0727684414720948,0
0.9997512862502465,1.1722709810654919,2
-0.9921259217643333,-0.05133491556028462,4
-0.15575878279322727,-0.3545124590624997,2
1.262774090617275,-1.0144322575626754,5
-1.434537798082949,0.858604089147179,4
-1.0392125937237304,0.8607456641614588,4
1.1863905326427813,-0.5176241934678993,5
1.2125092438644323,-0.5566956607211582,5
-0.11763077985407555,-1.5257165575733334,5
-0.9570158173110306,-1.6861040203533668,5
1.5551152719947667,0.6106593576941352,2
2.6398441039301335,4.244141867171139,3
2.7719424390152003,1.5002578671300224,3
-0.5514891804774332,-1.827365318250694,0
-1.4356552981453317,-0.47424165907928184,5
1.2388059785451362,0.7169456693657064,4
0.014073636669932442,-0.3615286784997084,4
2.854257947376437,0.8935002449145659,4
-2.1057302178919755,1.2991838446953727,6
-1.6238961321769352,0.3090235072981085,4
1.0622340448672405,-1.5695228832364387,5
1.5166348207143714,1.1629751162899016,2
2.7718805614608244,1.4351208552923427,3
2.8208661577216865,-0.4857507097630068,3
-1.9892525129150849,0.18956101819633692,1
2.988611516770247,-0.903377469261564,5
-0.9431686105338724,-1.4136758602539823,5
-0.14869867934168066,-0.629276376905932,5
1.4331810367833058,-0.9180170060101409,5
-2.161345115759053,-0.3211663202604613,6
0.690881625976096,-1.3214874088424826,5
1.237189578955698,0.495137992095679,4
-1.3987079739300787,0.07990981255447924,4
0.3306323236647336,-0.04552943953788251,5
-2.159282954212481,-0.6240309816485992,6
-0.3184596015497281,-1.1116939135586617,5
2.8219767166917014,0.07594760221196484,3
-0.29222613413309384,-0.8185429273706745,4
1.1680071852523675,0.3763963942205107,4
0.15952429834334142,-0.5576547293008719,5
0.15239963340426116,0.7887140718449756,4
1.4194897447862629,-0.7529093632919098,5
0.8434995954650544,1.1910986262152217,4
0.6953695791347445,0.435797166127155,4
-1.4210619049061692,-0.04486848490949473,4
1.399414762415455,-1.22316397348987,5
2.9329480153791128,1.3801485882848232,3
-1.2987739743888458,-0.5936647631465833,4
0.6267449122658322,1.2117558513053546,4
-1.01853103120275,0.3443834267485625,4
1.406038342579096,0.5909303618504308,4
0.18572072857360528,0.3801604033726196,4
-1.6484982715252625,-0.5226859406260348,5
1.3991144529057697,0.15446990277307376,4
-0.9645509947432299,-1.5185355378708993,5
-1.308053111781457,-0.5128808614877406,4
0.17636400340799724,0.5873569099891234,4
-0.13140687445203653,-0.19116291082588627,4
-0.618788989158686,-1.924976460994718,0
2.946299522351585,-1.2210967439953422,5
-2.0142218787780175,1.3609281937665716,1
0.7589696729266863,-0.45408232290526385,4
-1.2057791424700988,0.16939305455431192,2
0.5224765342244497,0.4998126171662063,4
2.9799734514026586,2.0991732490118005,2
0.007031901135223173,-1.7173413331931777,5
0.4354707219282352,1.6285812633874546,2
2.9608602978697696,1.3601064340640077,3
1.2262193648258153,-1.0850009259099587,5
-0.37921852779328213,-1.3991434894870007,5
2.475401374751157,-0.5665407031882879,5
-2.0720728911645776,4.784839839284007,1
1.0522535440465914,0.805632226104854,4
0.9884732396586026,0.873401197761719,2
-2.0765493396765375,1.090755755256219,6
-1.6545352821634194,-0.48474308393360077,5
-2.1511057225472996,-1.0334796155462365,6
0.8586536470897288,0.3979226461884022,4
-0.9539068434491478,0.26596605128475165,4
1.0522628697092167,0.30576248948794177,4
0.6608676014714958,0.6576981278700369,4
2.7690462324775353,1.4782741934580346,3
2.9524495245727107,0.6929014783499153,4
-0.5602667030520745,-0.24191184501027452,0
-0.0025037528902240314,-0.7378539011233601,4
-0.573484973486458,-1.3114788214218156,0
2.9886574259506733,-1.347276501357214,5
0.5753860731519884,-0.4556715921229797,4
-2.2794712902583902,2.3033042533911123,6
2.8481821755539674,-0.6518556931463974,3
-2.1318179789651857,5.620304415847233,1
-2.0864061952448143,2.368444553572177,1
2.9641249260982994,0.137958143911848,4
2.817709514244326,1.35834635431943,3
-0.31423789118071177,-1.5841045873382886,5
2.983765624069109,0.01558485237108194,4
0.38798817232493144,1.8452933428595528,2
0.309639473046869,0.7621938461627755,2
1.4148211075243793,-0.5841949532328118,5
-2.1800314678891097,0.6114233641031411,6
-1.8876925005638063,1.7504490180488719,1
-2.0574512849755537,2.82291751063393,1
-1.348080996456632,-1.3297814047620724,5
-2.1873867457798752,-1.2772318805131955,6
-0.30411956457939016,-1.4966352238413683,5
0.1465920628298495,0.7551925993484128,4
-0.9215910556228353,-1.23175722912595,5
1.3754948569494088,0.2115854087575647,4
0.14241520301403598,0.2965191091636016,4
-2.095295358907104,1.3476794982846139,1
-1.0846349907757338,1.7999411277871855,4
-1.9487543467795325,-0.5572850529956548,1
0.13551044830840506,-0.1453805357702782,5
-1.7289255241097925,0.7436504490284988,4
-1.684797436505128,-0.24554723699990988,5
-0.33739878885085917,-0.460458236552323,4
-0.9942375222609138,-1.052572857228898,5
0.31216745514336897,1.4082183435203695,4
-1.7606092789964831,0.8374998830168596,5
0.6778150101868204,0.6004290537655774,4
2.9754408205875484,-0.9177985404827318,5
-0.023203854024496984,-0.5767658294277818,4
0.5155906344422923,0.7419091468077393,4
1.0779912977664428,-0.9304135294775306,5
-2.238209099680055,-0.10348313549476089,6
0.8964563359823972,-0.7148719325718706,5
0.11289556623700411,-0.19477683783393396,5
2.8227114023442685,2.677782775781624,4
-0.31865017836965737,-1.6170683339764116,5
1.21810712583403,0.3065551645571582,4
-0.5510622613256968,-1.681370108102702,0
-0.3885967566468701,-0.5225203956671596,5
-1.7807815998370562,2.927156438637092,4
-0.2855904451557415,-1.9202581005043824,5
-0.4797236479135554,-0.5793641498888041,0
-0.47817259206486995,-0.9629739652547562,0
2.8609250619187243,2.0107356697372123,4
-0.9056487895905501,-0.42182190315513357,4
0.15887998531153452,0.5213642507712635,2
0.7192811022659428,-1.4963154456116,5
-0.982044611271668,-0.07084325836453492,4
1.0391745453830052,-0.8001058029723662,5
-0.3161960631913292,-0.5025634289423522,4
-2.1475879668032576,-1.0100296427417181,6
-1.9625164088801288,1.1119919163657428,1
-0.01631057418945797,-0.3279432685638149,4
-0.9350648259190544,0.34883507251997126,4
-1.2677983483811184,1.109416783825046,2
-0.04817177707567383,-0.9763737777783236,5
1.1286267893889708,1.4942209860691376,2
0.856054839317882,0.4528399027389822,4
1.3626722818684722,-0.3537482547140855,5
-1.6990594376512302,1.7087350532987062,4
-0.6229687145394995,-2.240340127315769,0
1.392502769591479,-1.0801024379426503,5
1.0562740020011334,0.37892199739930754,4
-0.3382839299364542,-1.3983800665795205,5
-2.194490482386254,-0.777485729637085,6
-0.65969981529651,-1.3041416764615368,0
2.7591062979286667,0.37637686112288266,3
-2.153161712604821,-0.8325208450262253,6
1.451070672065461,-0.11374702887921494,4
1.1736588519145787,1.614294317985303,4
1.0644915803802788,-0.7184293634756934,5
-2.1851318881409574,3.886249360674968,1
2.9511901783586074,0.03254504473494278,4
0.04325518625479724,-1.957885645125582,5
-0.3228725753056422,-0.8540553615968439,4
-1.4078686633551898,0.38227904879674557,4
-2.0476312413955404,1.409801476084165,1
-2.2090888275739045,-0.5632283698340445,6
2.9562956709693986,0.994175611397059,4
-1.1366022703845662,2.782844661136198,4
-0.5672523794086488,-2.624341477185062,0
0.4849685610659973,0.8541328643383272,2
-2.1664888983913815,1.428365179624651,6
-0.9110075211676967,-1.5100193947428446,5
1.3261291972936478,0.3204104028036405,5
0.21665807450971056,0.026609942820774626,4
0.7239918966907193,-0.7937972753454468,5
0.455443351008465,0.6873496134457141,2
-2.3241531523568937,1.5652555234551435,6
1.0391543329047357,-0.8743823160483436,5
0.47367537334124143,0.973399232379405,2
-1.9980289333860368,0.92721528608972,1
0.6161947012948632,1.0586665442944307,2
0.6898566033675841,-0.4845936787078252,5
-0.6605693147956938,0.30351081451827555,0
-0.23357698823798265,0.16919069647454787,2
0.3962744110475628,-1.1390856562610392,5
0.8366126976461833,0.4957981503645968,4
0.81649346431753,-0.21949466260518324,5
-0.01143766638017174,-1.619256123689142,5
-0.5673867974021662,-2.7610635254006746,0
2.9700941801232963,-0.7493551809982525,5
0.8380112572941266,-0.6107228943330301,5
0.644999940666092,3.8932155766573406,4
1.2402219938978838,-0.7382420884641548,5
2.9847838738810175,0.817571566265784,3
-2.2969880436644545,2.4970141060169757,6
-1.036649796711592,0.9112824595431683,4
2.8501834182294807,0.8127857017709845,3
2.671944780273587,2.1985631251615256,3
2.7143611182830925,7.145347905851411,2
2.95079089925799,-1.1202767066477575,5
-1.379956699730992,-1.3177674054087969,5
-1.338894522500738,0.06724474482258974,4
-1.952393357518359,-0.5495834847942442,1
-0.3389842522650174,-0.5364290319135226,4
-0.6094293772419938,-1.6982582615675939,0
-2.181331393214749,0.9025527703956727,6
0.034806067719448386,-2.463849017011344,5
-0.29069063165254716,-1.8415846232464517,5
-1.4107201868903652,-0.551430004535854,5
1.3765189861104656,0.6833806998449717,4
-1.3397354071336265,-1.6116506096337682,5
-0.02427729790253791,-1.4107394678235148,5
1.4173077406506298,0.403879337330667,4
0.3584977468937639,0.2665862404477129,4
-1.7059582882624846,0.8830560116246617,4
0.005691807171572527,-1.9013453102945954,5
0.4382421161759543,0.617190804906582,4
-2.160675971547673,0.40822381578569056,6
-2.179233955566575,-1.0877922689713233,6
-0.9619399425948717,-0.7124347892909312,4
-0.055579817029914824,-1.3204964384708293,5
-2.0574512849755537,2.82291751063393,1
-0.6583476232219897,-1.9251898375597292,0
-0.5726558292267157,-1.1863475822838847,0
1.0341792062935062,0.28022128711876193,4
1.338880328428115,0.6188225433386734,4
1.1142877207558624,-1.4836023421841285,5
-2.2519013186085974,1.382154605773222,6
-0.026421777337728825,-1.6564458247697096,5
0.8600725659023978,0.6612253797931317,4
1.45528958069047,1.4145017515592453,2
-1.9497236044508635,2.7894926263163407,1
1.195222597933582,1.3377090367677285,4
2.822903160065695,1.2641103003986054,3
-1.3744905505007194,-1.3338947527124603,5
1.0563395886098261,-1.044537082805186,5
-2.102654880219956,0.8446272527396054,6
1.338886843737633,1.0544691516411182,2
-0.5502858629146898,-1.8516403764710276,0
-0.6503150294761205,-2.220071694486959,0
-1.7176504064629696,1.295029798242366,4
2.747078326435598,1.1739133669256343,3
0.10566206581060973,-0.07419992340707707,2
-1.354670018107888,-0.274847553207597,4
1.2183448673754957,-1.1441048338930726,5
-1.989103111894486,-0.0772721599222623,1
0.4060877970354059,-1.256231167222273,5
-1.4323691140731298,0.9285135159063069,4
0.08811082792435378,0.16767688110306056,5
-1.6848898026527925,0.746871340359507,4
-1.6614563202048311,-0.7140464236810679,5
1.3501319782057366,0.8232713815837995,2
-2.0268920402612642,0.47532004529727734,1
-0.25695963003226874,0.44606785733045173,2
2.85266037420123,-0.5042410466810506,3
-0.887045099894322,-1.671021218811958,5
0.02073463153591959,0.6118171841294213,2
-0.30936453167276,-1.6720249717377578,5
-2.1008754573150616,1.689085789578573,6
-2.0988733335431413,1.4165494197187039,6
1.0011031764486025,1.098542938066939,2
0.3474714541268431,0.9380574494820311,4
-1.2671321602326202,0.48976027287357243,2
1.0381790812779796,-0.9463282563432276,5
-0.5914771426701407,-2.631312818686582,0
-1.4149639572265569,0.4940673305783131,4
0.9762246196796556,0.44846084132740927,4
-1.3970391326325664,-1.3429084313641142,5
-0.9294197750427494,-1.9172094175654673,5
2.8289875844605126,-0.7402408760121443,3
-0.3222327325313823,-1.3516075433396368,5
1.062274354321182,-0.018509234637686035,4
-2.2761297141681474,2.6667766765646936,6
-1.3565218849739902,-1.286355751592819,5
0.7174352049764599,-1.28611658738274,5
-0.6998902888532927,-0.8606902132859092,0
0.6572586454159629,-0.7021175507067613,5
-0.5877766575320028,-1.3392851520350917,0
-1.690120337876035,-0.10185051575426463,5
0.30526430138027305,0.155266619169675,5
2.789872866238825,-0.29364707526395406,3
2.893372954562878,-0.007832961495201442,5
-1.9669612509648524,1.2598205790843702,1
-2.293248418187133,2.3123283262293004,6
-0.9052444200790892,-2.0350576240175346,5
-0.1375043476471782,-0.08813188637884131,4
-2.047691200182185,1.071091701020768,6
1.2691681564855,0.16675989293340587,4
-1.6902729642813836,-0.47427285068797953,5
-2.183161587678266,-0.4382395092049324,6
-0.7416585506991895,-0.9804485460505807,2
0.3585439634306956,-0.2763372657913164,4
-0.04540661451396605,-1.6080788522248666,5
-0.31500922943932574,-0.4525766896561707,4
2.9163792551344483,-0.47646599864874606,5
0.014114584742980383,-1.7952223078997198,5
-1.721905902995771,-0.037575785565382776,5
1.083605214683943,-1.0336377903250111,5
0.0994735723879377,0.1407068503814621,2
0.5526225130582064,-0.4125961648493497,4
-0.31643114202786515,-0.7943064495557804,4
2.9294498532828466,0.6722648790753698,4
2.957863833478437,-0.7698441750775691,5
-2.110347048516665,0.010249931214696431,6
-1.391656593755563,-0.4044286948729657,5
-1.019586935295519,-0.22540275186541636,5
0.8499726368664197,-0.9939026444516841,5
0.8111488249482608,1.205250540840026,2
-2.080470933200237,1.5761740110544489,6
-1.9827060242131707,-0.025202642260325293,1
0.2007728324926721,-0.2961453491308624,4
-1.3485999867206804,-1.702350211794212,5
0.04138253273268262,-0.1212637571410473,4
2.8047601363508403,0.6552472377593601,3
1.0331109453806397,0.214681982943571,4
0.012779044509112934,-1.6472193120175376,5
-1.8722403271335843,1.6942260440057053,1
1.06131725460401,0.49285019886518866,4
1.0646470907762597,-0.6193426100137679,5
-0.28194794420885494,-2.1205826715323606,5
0.003546663779750825,-1.6536223398601717,5
1.535569339402525,0.9036511874309178,2
1.3283043502023584,1.2109793680005976,4
-0.23118292902408516,0.00974224153410215,2
0.7131407322321146,0.12005208938478995,4
-0.022469180827962162,3.7031263688284994,4
-1.3852743728997445,-0.4697021493546394,5
0.1804926043668337,-0.7446095816600333,5
-0.6042790836655745,-1.0294767179361464,0
-0.6271166163918537,-2.3996913588541933,0
0.5151943597055326,0.10894031659383235,4
0.8092646080788669,1.2581256140543877,4
3.0212287876851796,1.8982842277384075,2
-0.5557707054412123,-2.7408201187347694,0
1.5262841311379223,0.8154958850214017,2
-1.6853116215879607,1.4134254766267966,4
-0.9586268924751792,0.6455967177500981,4
-0.3511967079025603,-1.167848906335621,5
-1.9674594401648577,1.0696598409053275,1
-0.5440574984099578,-2.171999623031683,0
2.90752601366323,0.4508982065593989,5
2.98585668385501,-1.4565769284105736,5
1.442257014339629,-1.084969630187997,5
-2.1193310858244705,-1.3124269322377538,6
-0.9752372030684723,0.030902582671703763,4
-0.056656582453042004,-1.2375022550334218,5
-0.9811154688790827,0.30188945729829636,4
0.12829589677790088,1.048683984904394,4
0.04394800163947443,-2.1841454879161666,5
2.7481983032839357,0.5334409283112695,3
-0.9616540610563872,-1.387152926537252,5
-1.3339580346310393,-1.6873409513915265,5
0.02215803367554214,-0.9023075316807623,4
-2.1637650871578833,-0.6102227045376065,6
0.017918306981164978,-1.694677212651683,5
0.9639512314129932,0.6388914425202346,4
3.012732275239646,0.042764084309288006,4
0.5036574401318217,-1.043107727097881,5
-1.188306147008089,0.16077787037278685,2
1.122376240339356,-0.41635747744731344,4
0.47822414745168595,-0.7304255508775681,5
0.9138722077297908,-1.179295944569655,5
1.5895384887243278,-1.9197263603086543,4
0.16221441609200832,-0.33004259907514,5
-0.9901308745559408,-0.13291556369254914,5
-0.631439834873322,-0.7744601969825847,0
-1.2692295968896783,0.8548393422557216,2
0.9651178983383759,0.8237088969477017,2
-0.45681201209418687,-0.5427367423336386,0
1.4203440795627378,-0.49856252101983844,5
2.906150326891674,1.6171654349439224,4
0.5356966521683107,-0.9743441079233814,5
0.07979841158224077,0.5485839273745394,5
-0.9249076963931047,-1.431132213093301,5
1.2131699818422612,0.28211180641682126,4
-2.1218300954476548,-1.2574697518584679,6
1.0661249697880644,0.5507281507066186,4
1.3374345947760322,0.27708326125472393,4
-0.6245068197263387,-1.3631240358435008,0
-0.2827804025350086,-0.9358354207000403,4
0.046809285669909995,-1.233614650865434,4
-2.1617783528976275,-1.2825951283028696,6
0.17902487219086133,0.8332697051913823,4
-2.0131330325806114,-0.21065873129122703,1
-1.6181435229586765,-0.8802006689968761,5
-0.6334196125453897,-1.2871924697386363,0
0.8880868870840716,0.5814869765502284,4
1.2271156194304413,0.22761439074980833,2
-1.3369983024569676,-1.5702003410814784,5
-2.213632430372095,-0.6769568482893584,6
0.6998603724635659,-0.34392638829308086,5
-1.3444091444308433,0.0612593658082887,4
-0.5761938646155119,-2.470222591940943,0
0.4827201452393718,0.6266972857585895,2
2.9547092485647903,-1.1122665727393188,5
0.7356096950510337,0.23178994954753857,4
-1.3049128978959261,-1.7252426451828977,5
-1.689817096242064,0.9768632245699549,4
-1.342808997707622,-1.1662494531708503,5
-0.6423671025389389,-1.029102217418368,0
0.10248742234670057,-1.4819819384302404,4
0.44535760744061936,-0.05479725265607853,5
0.016301103953775598,-0.8330927222428848,4
0.7431052675853923,-1.1951428443371777,5
-0.48142045276572143,-1.0422720372165986,0
2.9701935556704138,0.08049768656701012,4
-0.9167017691174298,-1.770032305018916,5
2.801059462076735,0.6681500442224511,3
-1.2727723922413632,0.6177301786005658,2
0.19304397468719284,-0.7056799085475691,5
-0.6577399717426115,-0.6081478866797052,0
0.8965511447179622,-0.9037270870552744,5
-1.7213907579867853,0.9694677752845225,4
0.6938313512483554,-0.9635468823638544,5
-2.2040933648369547,-0.07424557751123315,6
-0.14787035245381966,-0.35780293806521574,2
0.6929570315669016,0.9530185895395586,4
0.2645637727158512,0.8991557663907265,2
1.04463089737722,-0.8942368618782842,5
1.0142236476247528,0.31782622219984413,4
2.9835343279261113,-1.0603877725382063,5
-0.6165878229702466,-2.2249017591012357,0
-2.264801707510765,0.5580066927284186,6
-1.7163377745685457,1.8724088812235413,4
0.9031566323704375,-1.0065550045163707,5
-0.06451673477049064,-1.1131321429789827,5
-1.446674958488284,0.37592261030152474,4
-0.05448963482596658,-0.16239970432527134,4
0.0061536475731835405,-0.7316807186571692,4
0.9061754637207787,-0.9063235855530959,5
-0.3007207192987764,-1.7309695012897623,5
-1.3308144008649938,-0.18459914131609045,4
-0.990954276078236,-0.43238403987970864,4
-1.4659590123168662,2.301775309339147,4
1.3878878747609222,0.20215732149933763,4
3.0033848920957316,-1.0497402085485137,5
1.3914246021265049,0.1463971590169113,4
-2.2045037678802863,0.6107968593530478,6
-0.6438242991238006,-1.4995760228231572,0
0.8633952547947885,0.9219341504443495,4
-0.02432439086061093,0.5283491316337487,4
-1.991089531041663,-0.5962520474428157,1
2.841155390217089,-0.6923083882749949,3
-0.9927086940189481,-0.7915126096495555,5
-0.5915809236110787,-1.4878482629408312,0
-1.4408541457176203,0.6542985345321113,4
-1.7141498308015406,0.3534859435753768,5
2.795523568914495,-0.3721004833296086,3
0.07491667504107041,-0.07660920547885933,4
-1.387625983451436,0.2000329150681614,4
-0.0814161708007586,1.420830243485596,4
1.5437988408190628,0.6648041256730254,2
-0.9607697661134361,-0.4633864833591298,4
-0.970927819659367,-0.7516058439110974,5
-2.0257441877813243,2.091888577259556,1
2.53061149049813,-1.0168755759857255,5
2.8802383568059526,2.568742853012941,3
-1.2229905511919101,-0.05113632472817574,2
-1.7115638799133486,0.9261701340764728,4
0.7890060461689212,0.507796127540465,5
-2.171198191100377,-0.6223502417646005,6
-2.0836220711816082,2.369557492713332,1
-0.06876958607281451,1.1692175394391278,4
-1.9422693652058498,-0.6445611441249761,1
0.7195953455756323,0.27490061154967477,4
-2.0073399767743023,0.9561876849964719,1
-0.039901635537969715,-1.655390530123405,5
-1.67514429402103,-0.1114639141087702,5
-1.783052211275035,2.2480834914799646,4
2.862356238319649,-0.7204581358824694,3
0.005987673269901864,-0.45859679678916254,2
-1.4180170327277848,1.4524365327450102,4
0.531470579702767,0.7482570724886899,4
-2.199441891756087,-0.3311694224984073,6
0.8940707739335683,0.6829036251799359,4
-1.7810431080232216,1.2996709998316711,4
1.357978678796677,0.8908363199039938,4
0.7510255796168152,-0.16560889833156817,4
-2.072150524453866,2.941841299328856,1
-2.1836613191744463,1.2142951317071493,6
1.4137399210372112,-0.7552078254867634,5
0.5394845319262465,-1.078298301677411,5
-0.3363492794239008,-1.5929435000025387,5
-2.228752650008523,0.7521539684636264,6
-0.33401967058448034,-0.5408882595360549,4
2.5025254474820677,0.36248906546912846,4
1.4920768307179384,1.2833827369011208,2
1.4738168033583334,1.601644790315558,2
-0.8248895751384537,0.6032376691529818,2
-0.2992375585487944,-0.4306720721614681,4
-2.0924266512481817,-1.3301594615781556,6
-2.1645487745422094,3.576854248701004,1
3.0049696353991053,-1.2379998032604307,5
1.3999576920452181,0.2667191982356826,4
2.811766911321601,0.6424481911304218,3
0.7000572489451516,-0.43371611721164127,5
-1.3570302196390722,-0.28616506362846794,4
-0.00738716060279293,-0.5756690945854227,4
-0.9444405581062205,-1.5820525463325146,5
0.17650819388064526,-0.957139109498417,5
-2.46184017001127,5.431030661811383,6
-2.1747219766397063,-0.7604272039289839,6
2.8509792323661145,0.8534599487057312,3
-0.32193271369972853,-1.7238489062279745,5
1.493891851607658,1.271220681609628,2
2.8635442787779555,0.9429759494415664,3
-0.26615394145515847,-2.0152444840063706,5
-2.2292667466312044,0.8430347373474208,6
2.9346764632622455,0.5545036776775707,4
-1.7129349951750268,1.929725111299627,4
-2.2069944416021055,-0.8787963492548964,6
1.0260937065324407,0.8301558730566805,4
-0.6660849264294953,-0.25350456380212605,0
-2.0426045047928074,1.6217012404740143,1
0.3185494910903175,0.6217605840609911,4
-0.26738007040008416,-2.0248907828272023,5
-0.6142488859445997,-2.432191221023992,0
1.0804854943373312,-0.9385726435467185,5
-0.3602951684599034,-0.4993659154936867,4
2.7252048214920896,2.109159217048133,3
-0.0462144663944653,-1.4534210794653606,5
0.0437437546149866,-1.110063028881654,5
2.857843232629243,1.66834242517644,4
0.019765638383151096,-0.6546833250467722,4
0.8907809520512192,-1.0179458566680393,5
-2.1729638935119135,-0.3534507827652679,6
0.14162147042983672,0.6046686960402344,4
-1.7788599633883846,1.016384878320525,5
-1.39346376552202,7.603036334595525e-05,4
0.4815839210504812,0.6292905350761857,4
1.437242721380063,-1.3850668870331917,5
2.902538912404722,-0.4507986649411433,5
0.4428962404701533,1.0812809975191569,4
-2.1665784705092435,-0.8314403064558104,6
2.7690081262329205,2.412943155171349,3
-1.970172662534349,-0.07886099118179665,1
0.17442231423788518,-0.5113432028273324,5
-0.9586015487054839,0.7602314716670692,4
2.533145487276949,-1.6083169855829962,5
0.9053190453227565,0.4269509448899077,4
-0.5662843190353194,-1.550786671395622,0
-1.989304353390686,-0.3625578323321605,1
2.9630084770364977,0.9748152708716413,4
2.936399497853201,1.5612651663639183,3
-1.5138265534598214,3.3152809138106623,4
1.0349519531347777,0.4068244994417048,4
2.8735467388765197,0.0187339764887859,3
-0.31441856441761196,-1.7364451437669417,5
-1.8671929007899792,1.4825945405069547,1
0.6354140307891317,1.1287492704748519,2
1.195158217978847,0.7174254978989602,2
2.929081003867089,1.1942335496353578,4
0.5602849642026816,0.18292113630010082,4
-1.3549651731429087,-1.6957384459581288,5
-0.4477005344609667,-0.963680410275588,0
-1.3038956196915084,-0.15281380810765455,4
-1.6698082139836343,-0.07541850139605735,5
0.01748608678905672,-0.531813799111144,4
-2.108492057773563,2.17699517805709,1
1.3773110004896505,-0.5249209582632275,5
-0.6510904240319008,-2.2698939812327903,0
1.4124709903796038,0.04140361597066304,4
-0.32174600937047015,-1.4568813893129573,5
0.6821100556295785,-0.8315640502922509,5
0.7926261387629271,1.163933853250198,2
-0.651105118980899,-2.099319153164482,0
1.0010243225200437,-0.49895095403557177,5
0.3356787650434361,0.45551370474425906,4
-1.6642706215762655,0.9348506192386765,4
0.9553467566793059,1.9528714195427157,4
-0.60215902429699,-2.3035776302812834,0
1.3170695620235804,0.771528289728585,4
3.004405034527066,-1.2134693213984797,5
-2.0268920402612642,0.47532004529727734,1
0.5795643977743983,-0.04506495500757711,4
-0.5842165735107065,-1.365330571223868,0
0.6852383992497666,-0.8523572852176721,5
0.00933613537238048,-1.859532388659632,5
0.5090578545106117,0.047818809473476366,4
-1.0314751212215423,0.8638386786269772,4
2.790877392599822,1.8098501093718533,3
2.979226938610692,-0.9722411762901049,5
-0.6919288299752513,-0.8822638117011131,0
3.003714030174971,-0.17177770028353623,4
-2.188560917212401,-0.5641786307664134,6
-0.5649094304258965,-1.3430316346438618,0
-1.711586018597366,1.3561224940549088,4
0.4517264560522448,1.1095669866093483,4
0.3601929398458741,0.189264012315414,4
0.9250943401883761,-0.18879824537292061,4
2.9275712037249564,-0.6856412753454125,5
-0.3561171722140448,-1.7558262959621076,5
-0.07061398602696554,-0.44557310366323843,4
-0.31856647452329745,-1.6170348737983578,5
1.2612083311632902,-0.9251897448869593,5
-0.9325900495497679,-1.4562469899518673,5
-1.2543080139661094,0.8791165167815259,2
-1.2792449940957875,1.0736410783889068,2
0.926628198027935,2.179412013631463,2
-1.8710612519949676,1.7726972378670796,1
-2.0013785230954673,-0.3243159580622358,1
2.991553791481592,0.19572260485832244,4
1.4103086406265046,-0.3567496146773467,5
0.5109566623381854,1.1527741443045818,4
0.0026070003116132057,-0.8150285748148837,4
-1.7052909041647115,0.12133427790514474,5
-1.9053915084834872,3.65098047181308,4
-1.8428167181455326,2.0638149035900373,5
1.4074153748677207,-0.9622290737609971,5
2.7606128201781424,0.28711063864532377,3
-1.7498208450817292,0.18424590590075796,5
0.10192874354514143,0.20680056293316623,2
-1.3651184018724323,-0.7688939039079198,5
-0.6380167941068511,-1.7577035913285715,0
-1.3504922893479443,-0.1989090847450215,4
-0.7198491119330392,-0.5993690607771252,2
-0.5935658880081532,-2.4578356022928607,0
-1.7500033273201783,0.6152027769561789,5
1.2755412041616832,0.06383909664536047,4
-2.034431959355349,0.30172531864547625,1
-1.5457326467610006,1.5375384774179377,2
-0.9777611111200385,-1.1578986844055212,5
-0.9769606503367497,-1.213534812809971,5
3.009776196551751,-1.2764345337662346,5
-0.10535829929388685,0.877325067146518,4
1.3787400702098884,0.05145814439471458,4
-2.1503784667909294,-0.9460328121625614,6
-2.049841668742575,0.8869732113355522,1
2.803287218833792,-0.29744095156848904,3
-0.5763528688577297,-2.789403872116306,0
1.5507959365606232,-2.7053390332287637,5
-1.7132521918977752,-0.03411650947762302,5
-0.760974992539723,-0.9322140428172712,2
0.041141907237708664,-0.8635188644501058,4
-0.5977502457040045,-2.264171453719564,0
0.5440648242329346,-0.9241991160371243,5
2.802332603912064,-0.45009085727043585,3
2.8259321410985265,0.5829983856123202,3
-2.2122002397561205,-0.7598089645418602,6
0.3471081027066477,0.2905703553864832,4
0.44870145987710375,1.1278879503037054,4
-0.03711361023130694,-1.7349882721911218,5
1.397409086152006,-1.2239657321641968,5
0.16456919796171837,1.0136717705889413,4
2.757147552671983,0.5370183442962613,3
0.35610450334700994,0.37109796231861386,4
-2.1408693233292397,-1.1623246336395798,6
-1.6804544365880123,-0.13834274625748944,5
0.478675891341829,-0.5257519564628438,5
1.3259497064545722,1.0850395002942872,4
1.0047831951329422,0.6689842318190289,2
0.6925941372158814,0.10912631459542788,4
-0.5672523794086488,-2.624341477185062,0
-0.6423691097572699,-2.214182980213841,0
-0.026272230311469913,-0.6730867240629016,4
0.6505656702786199,-0.34803172130010035,5
0.05272437446091806,-1.3421660448419923,5
-2.154061382337733,-0.6036313332502823,6
1.0866204929857206,-1.0324324484769691,5
-0.09487093635927216,-0.7442559183305357,4
0.3361086147787823,-0.7907753134918746,5
-2.0394845597620117,1.714034683462953,1
2.92084106753203,0.35241834031755,4
0.5128580298132503,0.23551855157483126,4
0.40618979039217884,-1.4606834716895134,5
-2.197151272217254,-0.7198808899069741,6
-1.0266651818871193,0.7211547675613678,4
-0.9318700907076923,0.11441919518154867,4
-2.025532169212072,1.1831139045901296,1
-1.2828810646692927,-0.789092276814945,4
1.0884846334234293,-0.15385632697822993,4
-1.1961499399304811,-0.09365058603313439,2
2.968993390574681,0.76355853300124,4
-0.4948340010941783,-0.08281852279385557,0
-0.2959640077487785,-1.8033365027986363,5
-2.253449456884112,0.04540531628428993,6
-0.9892542250495263,-0.27672374384211296,4
0.4714045044075601,1.0325635577166634,4
0.6777029380671133,-0.9048818611792263,5
2.8714583840344687,0.6361781370365746,3
-0.9597300812967732,-0.23372167034873204,4
2.8764571375351102,2.4334428761145652,4
-2.10155799073722,5.2664830365268624,1
-0.564404959389976,-1.4940793087452142,0
0.005226530700972856,0.3109127989814775,4
1.2710661410265096,-0.10853046615963212,4
-0.02574753919133016,-0.737989240179484,4
-2.141212349452448,-0.8341879552115233,6
0.5247459357135769,0.24027068024527665,4
-2.1598331004566864,-0.3636304623465662,6
-0.3270032291084052,-1.7662319444089585,5
-1.5754632502088706,0.06318481239754117,4
-2.0220218645472468,1.931952075227449,1
1.0276639107722965,0.17737436623564057,4
1.2597185392864532,-1.0743221630382178,5
-2.2243925272428395,1.828111082391365,6
-1.643501866258371,-0.7719815782622065,5
2.8481727349661234,-0.49687879141514724,3
-0.24821616348364514,0.29729470994896556,2
-0.3571141995315571,-0.3431136138788749,4
0.0010730161923311332,-1.5243865426748533,5
2.7478669913152696,1.149472478777534,3
-2.1841531475204676,-0.9439341327785169,6
-0.0530738005327166,-0.5391938068388178,4
1.3837600388397133,0.49215628734379663,4
0.7013887749045042,0.7793646771076961,4
0.6790792027547813,0.20919217871659385,4
0.10588141683383312,0.499295515821491,4
1.4388533102405845,-1.1358425022851093,5
0.7054537781134296,-0.9277009572310269,5
-2.2023090522847144,-0.634786647018471,6
2.866504259342176,2.7044449109070574,4
0.8440563261782144,0.1251945564604383,4
-0.20198434355591707,-0.23361016169615573,2
-0.9381476279833527,0.4116464448127916,4
2.7834814597435495,2.0269865854111666,3
-0.660610469446086,-1.0467689512619593,0
-1.7068514582900178,1.9020256431334646,4
0.8239679557205293,0.75458897959352,2
2.8449174075893326,-0.3275994140567824,3
1.1631672489556175,0.5432127525883803,2
-1.3077083105356067,-1.546623219199432,5
0.7176303573842643,-0.7678527094860931,5
-0.5957626621631438,-2.3284892459801854,0
-1.1076595356589283,1.3698825356238264,4
-1.7517593627020442,0.6053445807949798,5
0.18478651241506222,-0.9551612349608164,2
-1.9767891314682062,6.4089045827210045,4
1.047139150204281,0.2864705028351519,4
-2.1870901852166207,0.05528564344579639,6
0.542742850956245,-0.6707222077044809,5
1.083590088495835,0.5044660341716624,4
1.5012718079912275,1.1724337898318715,2
0.05272437446091806,-1.3421660448419923,5
0.14345610849529863,-0.3195411053047094,2
-0.023816384378132105,-0.46116823043520627,4
2.96775715878472,-0.6760209424008548,5
0.7365700378161133,0.1450177872013328,4
-0.5692234847113977,-1.4217370463625738,0
3.0034050646245105,-1.3596936214384374,5
0.3660150445082384,0.41541577486643666,4
2.9470298918697595,-0.14780836638865252,5
-1.5300767067723118,2.576949852620504,4
-0.35990415205503834,0.7391415365786242,4
0.9720469127730587,1.3348244008616994,4
1.4148664351506282,-0.029194895651886467,4
1.031511557978682,-0.09713666528434584,4
-2.043096657894247,0.7968792602523426,6
-0.6683068260215266,-0.6215281035555459,0
-1.6870120848366807,1.3723895848675225,4
-1.3144402975150096,1.5998015334015794,2
2.9490201386939687,1.2113602714735483,4
1.1866091054703503,0.5959870770757192,4
2.8553912600537434,-0.534349343839957,3
0.021835383013464438,-0.7932366567697255,4
-2.5242178290266453,6.205755188352844,6
-0.9278650452739067,-1.1131968484186023,5
0.9333656495449915,1.704275632489988,2
-1.2172879688706493,-0.33779332751663327,2
2.741167468488526,1.3496214741674835,3
0.29139008596084237,0.9624391559483692,4
0.8647514960007706,-0.640389723033126,5
-0.01119309483134856,-1.603558339701886,5
0.4299110113903314,1.4493343304185615,2
-2.0285613476994255,1.4423521162289228,1
2.790880771020328,1.135467066084679,3
-1.3553089631500652,-1.1373339171058967,5
2.783943499221395,-0.0850805169944511,3
-1.3337429736994368,-0.11421375449223019,4
0.5488979649020348,-0.9534669600239374,5
2.8111573183053253,1.144790360062692,3
-1.3531039040245583,-1.064896397545121,5
-2.0389368219957262,1.0382032995323012,1
0.6662799477883303,1.5531211894490118,4
-1.9591195806946384,0.8529006624139192,1
2.8173927238752037,-0.4935829613551118,3
2.8204380437042964,-0.42080952765598967,3
2.9676089242545127,-1.2190221794445266,5
1.4303686479605846,-0.8540289732151384,5
-1.1504546021973912,2.106654301148348,4
-0.354411298828041,-0.4683274623479238,4
0.12002313496373675,0.0773653603955203,2
1.0309384409057236,-0.837310455868772,5
2.804502705241657,1.757714219156534,4
0.8677221014047942,-1.1665442195171818,5
-1.9767507649346694,-0.15575898831422624,1
2.7481983032839357,0.5334409283112695,3
-0.9574771975891737,-0.29293459053261883,4
-0.021782314249306753,-0.990432227419122,5
1.084021805370499,0.6440193122848662,4
0.30755275619848244,-0.5912535653698361,5
-1.4239466067430422,-0.1762461587886413,4
0.30135800566995385,1.5368342416562102,4
1.2803048278627447,-1.4045419658723917,5
-0.6153270936117027,-1.5052789953116945,0
2.805553522628204,-0.6129402212253529,3
-0.5849628420460397,-2.659908608846628,0
-2.0608582124104697,2.5336378704253657,1
-1.6084497001049627,2.6478639493356564,2
-0.9354061366483042,-0.40896110350503156,4
-2.0719891828792334,1.7310232394433611,1
-2.1510560114878947,-0.9032351905952215,6
0.04044227145944712,-1.24260365364563,4
-1.976268016420721,-0.6581519284522834,1
-0.3010324584094919,-1.715494137674361,5
0.5369076752314629,0.2542884551690512,4
0.6152539217454709,0.8895393705766768,4
1.4034736782643613,0.43119302325011594,4
2.7763572716332376,1.4720405632189706,3
0.5440595115210546,-0.7353081441263726,5
-1.6934349478493935,-0.26460001936285393,5
-1.996071311240908,0.9579799211256553,1
-1.3599464977531288,0.1605167838562076,4
-1.8552946099470162,1.5121069887144964,1
0.8278544287710643,-0.515758408803607,5
-0.9394777280728314,-1.1765074251122745,5
-1.3931828246239129,0.6928850759179339,4
-2.0187859392860843,1.9644455716783575,1
0.14907589659494944,1.1468591466820337,4
0.41716313141246986,-1.4783406399850132,5
1.2417555689803514,-1.2805710347857444,5
-0.9263736681595819,-1.3014937223196028,5
0.26255336809365415,1.7231028950163336,4
2.703810654045205,1.7409618753686111,3
0.5145229978601558,-0.6820029474830487,5
-1.2600183472441144,1.2583513222579688,2
2.9561255814477785,-0.6155583224727178,5
-0.5946060152019792,-2.66647584764355,0
-2.167711158073208,-0.5375316769633055,6
-1.0171333317286746,-0.6059393959802565,5
1.0709980452378094,-0.24277664845631225,4
-0.9195454420644442,-0.33750858461658867,4
-0.27391310240434463,-2.1017708309774936,5
-1.6844250719352798,1.3486675936416057,4
0.7067244804573295,2.829293149588251,4
-2.152815706362408,-0.9965194598604108,6
-2.181618994168695,-0.3413106404187565,6
-0.2947871967939987,-1.9982029384456998,5
1.0213771549426574,0.4665103329002451,4
-0.23728039685771082,0.11277319345410654,2
2.7619417289903976,3.6320945905446713,3
-0.647782166001775,-2.3089276482280043,0
3.016514079244854,-1.2150725677001588,5
-1.371608549658397,-0.24519279277165185,4
-1.4486978462507112,1.1485229859992248,4
0.569524282818798,0.04723379411121579,4
-0.9254773514119509,-1.8349211854075909,5
2.769124287822726,1.4835313557369392,3
-1.9663008766167116,0.7198054234359637,1
-0.36124778076587405,-1.2617352174610366,5
-2.045606494770137,1.5058766242833548,1
1.4156559067469263,-0.4848366200383408,5
1.2537597649723444,-1.3500409104564826,5
0.6620181783601571,-0.24714141237320142,5
0.16709617941200555,-0.7252085875311748,5
-2.128777469459835,3.2889034171778384,1
-1.9198527129849943,1.7871054393772736,1
-0.14748641063796822,0.67952990170149,4
0.056175997624031616,2.8935296007252336,4
0.152156970337126,-0.5853559231140191,5
0.05452572907298114,-1.2498614366263272,4
-2.075606529513522,1.39757205484678,1
2.8621631672616616,0.5473891633165486,5
-2.209042819477221,-0.848415209512284,6
0.02740168777849522,-1.1515043244233325,4
-0.8791884949281656,-0.7744496666332062,4
-0.899695281667362,-1.8897272912086165,5
-0.23146615201697748,0.6178121263774704,4
0.35277625338068275,0.264299103117619,4
-0.9264718083402836,-1.509757361266989,5
-0.6096351404886353,-1.2841285826058315,0
-1.3633061750521953,-0.9882624416672872,5
1.2926748177752068,-0.23656088105088208,4
-2.1845167231497298,-0.1142662981507138,6
-1.9201247779629669,2.245495026660496,1
-1.3162857491899642,-0.24927889904510026,4
-0.6217204120459884,-2.702070865083932,0
0.13410070301030438,-0.5522176978782327,5
0.6777572827268795,0.2569581965984321,4
-1.7859844369259072,1.8341939056130698,4
-1.7633555578157578,0.5199968453438051,5
0.36235320232585366,-0.6904157470142344,5
-1.7599812849953151,4.721414118739225,2
-0.3395556650787702,-1.8767180985581091,5
0.5478224968338938,0.24949541575669515,4
-0.07502810045229635,-0.5076138023020219,4
-0.6398037654181585,-2.361694382653914,0
-0.9832599746578664,0.6018374286055599,4
1.2598331891478702,0.2437405393359774,4
0.38632924813641534,-0.15976185148845207,4
-0.3694092460168822,-1.4043784282006748,5
-1.3270664824908598,-1.554361547945241,5
0.18169597784774108,-0.6634162930339903,5
2.908768429997519,0.6392414474428377,4
2.931900331737294,-0.8114228999752282,5
1.448159165875122,-1.0642979139804196,5
1.0838092911376422,-0.9528439614884241,5
1.2099890194201948,1.321568136916393,4
-0.6408708147707934,-1.0532602329806953,0
-0.9239992064504383,-0.40440124237477487,4
-1.6670931003205447,-0.24491382638208425,5
1.0256265676634266,0.005979279206008506,4
0.09033192870384288,1.5238904004836809,2
0.16710134338087596,-0.5390258632050003,5
-2.0111514533838775,0.03498250312074232,1
1.3799877652602306,0.4594484121231135,4
-1.7007436749755525,1.7979303008721246,4
2.951348149647024,-0.7137803043084302,5
-0.28734455599483044,-1.9301154270829177,5
1.3265891735723934,0.3782162570257434,4
-2.0342382172181734,0.2366904936381537,1
0.10714960436541161,0.16208766061303553,2
-1.399588652102,-1.2293029496219607,5
-2.1704027649395843,-0.7339444572733825,6
1.1160763511386995,-0.14927049311003582,4
0.7832078329450156,0.6906125765812514,4
1.3689791917484997,-0.22100254163572536,5
0.43729972575859566,1.144156096422715,4
-2.2089576590156654,0.11914678792125781,6
-2.0744435984224943,0.7127923888675514,6
0.2007558718658741,-1.1583830957871146,5
-1.7112243424748086,1.035931631662137,4
0.5573344977882374,0.2532977887589241,4
0.29990626498115536,1.4528293687014073,4
-0.6033209547291418,-2.0958176620733644,0
2.9455734948110734,0.3531488356497626,4
-1.6444008312767364,0.455807583671393,4
-0.9412144180032535,-1.2148454041368548,5
-0.3030055586203777,-0.5780028443509995,4
2.928167308052585,1.2745805491969933,4
-0.32746184709309245,-0.688021583538578,4
0.010069383864023576,-1.238148794833919,5
-1.6435295246598247,-0.6261680330986211,5
0.7763278382305121,1.433467774344273,2
-1.6917374627955224,-0.5620143031722001,5
0.004656655853220115,-1.7586469655672878,5
-2.179233955566575,-1.0877922689713233,6
-2.0574512849755537,2.82291751063393,1
2.907024808885228,2.222689316832675,3
-1.7335757677485584,1.6556497889852841,4
-2.1134539305829447,2.5334390492263523,1
-1.8306487908259226,1.0129293342997667,1
0.6762575024939461,0.745630970075519,4
0.8225304094019429,1.0951756790617544,2
-1.8049732199427468,3.4997156276409376,4
-0.1866848849566338,-0.5126995191946194,2
0.5430490070167138,0.40256794582921857,4
-0.6180599992193282,-2.207177913586054,0
-1.2066144531124137,0.20025907764915907,2
-1.3747701200085485,0.6259770257600721,4
2.8736127344280833,0.33245315676993464,3
-0.04268406138943254,-0.32017354252067765,4
-0.03311169601717662,-1.5784078443220209,5
-1.6975344628920286,-0.38730714429509533,5
-1.6594803357387458,-0.2730706075068907,5
-1.2209600042802842,-0.11272445256071893,2
-1.9723095385667722,0.010153234971232786,1
2.8695638924494506,0.4793715746068114,3
0.7106998488408522,-0.05421670072186928,4
-0.6169424346001502,-1.9489944286607934,0
-1.0613014760518091,2.348003632262581,4
-1.6781681199595575,-0.5749024328786528,5
0.17206715768674713,0.511370803909871,4
-1.3538213243952795,-1.6081251994113548,5
-2.210467910910742,-0.5793796197882746,6
-0.616430223209064,-2.489019297659999,0
0.4024565741255771,-0.023090477452849124,4
-0.622897492400797,-0.9158509410420954,0
-0.9151991651331652,-1.9766371569169916,5
-1.692177600519387,0.33751305226811346,5
0.016119969764129105,-0.5754284214409217,4
-1.3741617804661013,-0.04172038574764357,4
2.779345087991558,0.41566714657350057,3
2.967243958818099,-0.15408790200044192,4
-1.6035640079289268,2.544348564519752,2
0.020924200200378384,-0.7780010109983767,4
0.3025550182960399,-0.6739636362873275,5
0.8772703285295247,0.4727632603261508,4
-2.1803137885971036,-1.1936922498575715,6
-2.1975485800364645,-0.6393274669249246,6
0.8793000694320933,0.3616624256908888,4
2.954338264112077,2.631867677192318,2
-2.0666583411241524,1.0508314994697276,1
-2.067617760454994,2.6391165813779693,1
0.5480973563499628,-0.22822442101132545,4
-0.5453306254925928,-3.1154517884250534,0
-1.8043873440271472,1.752568990327839,4
-1.9548597604972107,1.0682526794120546,1
-0.04975928929328338,-1.6749311178760564,5
0.14179616443177478,0.488896105072662,4
-0.7850573318100075,-0.007206230540123572,2
2.5366906529809894,0.28525903453503804,4
-0.3383325802364794,-2.096322230556972,5
0.8871896578821875,0.6801529347600588,4
1.142354030437333,0.7054734560804474,2
-1.5160838127127183,0.7863554638544408,2
1.4210270936061282,0.5318097510892483,4
1.0762270640952494,0.5079665074941738,4
-1.9627401659825319,-0.14744595387111564,1
-0.9311481544365159,-1.4336268038003146,5
1.0818535634179105,-0.9353134308751434,5
2.851772568404508,-0.5201959229479628,3
-1.188072699564044,-0.2857585749678304,2
1.451625387321378,-0.01450069534690638,4
0.8427151216228355,-0.7363547040274901,5
-1.765398362055671,1.0702319570132761,4
-1.7184251433963393,1.1202092036083178,4
-0.29858814865339167,-1.6246486222530494,5
0.5056544565269313,1.873989571892334,5
-2.0093306983526285,-0.3210509808072749,1
-1.3186007541590397,-0.4713658741796628,4
-0.6556477701337602,-0.9979851756689848,0
0.829535355151277,1.0667759139071977,2
-0.8156722736648958,-0.11575657361309676,2
-1.993018781549868,1.4850971746288264,1
0.9086022545984133,-0.9457096128627693,5
-2.1946965908426934,-0.8426803790906342,6
0.9033261126467257,-1.3293362585941035,5
1.2639896686215983,0.3196705271392025,4
0.09996829970856125,0.5941268451290483,2
2.724429332859625,1.3106840664615966,3
-0.9565975760726734,-1.2145509597012836,5
2.8627957684109555,2.1379767558864065,4
-1.7820117845637642,1.9972064582505067,4
-1.364281679468406,-1.1344769258791048,5
-0.9045826235864806,-1.5661195439211486,5
1.0625761529789433,0.6639341241004804,4
-2.00854662562625,1.2225982614279955,1
0.14014227020018985,-0.484690348109875,5
0.0158293394376941,-0.41140770377335284,4
2.9947696848534022,0.4025697073045652,4
0.6658191332120948,0.7909706000177648,4
-0.9178491727412473,-1.5558227840043406,5
-0.617851632743785,-1.5218881608652122,0
0.19300387142136036,-0.9413888958440491,5
-0.32680096188661156,-1.9679317350189547,5
-1.6945690429276168,0.08526416591935872,5
1.2372414946833141,0.6200080397203397,4
2.8448197478553703,-0.6375998734911462,3
-1.9132827214088834,1.6595072097779069,1
1.3826545326716195,-0.9877270461433858,5
-2.033053928404104,0.43250074214479495,1
-1.6872579992371997,-0.14750622711234518,5
0.17116411123555514,-0.7483385983626288,5
0.07408356692879592,1.7998880647487938,2
-1.694848072622355,-0.25600873247645617,5
0.9298323262296833,-0.14010432166147802,4
-2.234217891537471,-0.1110438368789101,6
1.3498341340025724,1.2104295592840033,4
1.0778563032854933,-0.7754867933452795,5
1.0547641226536348,-1.060766849254847,5
0.6833645993485452,-0.7971502448773566,5
-0.6593067795114557,-1.9971293317984071,0
0.17759903606284316,0.14766464215518582,4
2.958312693633183,0.15646063841232144,4
-1.7076789505423386,-0.3601624222229605,5
-1.7416988273655312,0.9166153465943071,5
0.7702347604007763,2.718012627127207,4
-0.044014402330956603,-1.5176538859041213,5
-2.203958626539106,-0.9426950685702113,6
0.72427630943152,-0.32212628558396206,4
-2.113953208493927,-0.22150941064424762,6
-0.63453773120801,-0.8813657900483183,0
0.3792396089494201,0.2748776921280631,4
-0.6086460912365745,-1.3723837401024799,0
0.34441382956583066,2.159879836571366,2
0.052107443526678135,-0.3811570138778871,4
-0.8908636274749403,-1.771572292353114,5
2.969007768188582,-1.3981998406411287,5
2.8321048701760625,2.7448385893641967,3
0.6455526920795984,0.6580198663191446,4
2.8719302878864874,-0.8285432040913915,3
1.5153244627591282,1.0973390249136648,2
-0.904746003891431,-0.3563487486314622,4
1.3850609980012052,1.0447745214735102,4
-2.065121162163228,1.095324109890524,6
1.3978888219603998,-1.1183055174373016,5
0.5652718343427966,-1.1083460937890113,5
0.3153837307537899,0.6296512704870003,4
0.7508406534626944,2.220226705865066,2
-2.0736523215101412,0.5554156004065507,6
-2.0004897267631416,-0.023155427601860713,1
0.017496829226132715,-0.5006095602650362,4
2.7884608434100975,1.3310544038252414,3
-2.0574207490144447,0.8839435133418482,1
-0.9375398160734971,-0.05305269752002821,4
0.9352139891403125,-0.23426525668314307,4
-1.2919729271062923,-1.8658945062492087,5
0.03580639351110017,3.096323787025752,4
-0.8371213364986282,1.144002420822118,2
-0.3091224103650252,-0.5400918981130253,4
0.30652421702550836,0.06590185109837221,5
2.8987811293143535,1.9204000850620784,4
2.860976478794101,-0.6558974887170338,3
2.9596016893087134,-0.6233249405395568,5
2.802070269338228,0.7284404340958351,3
0.5021263589836649,-0.525533942060129,5
-2.0147490784615805,-0.18654859893012532,1
0.006903358756436773,-1.6027681342123672,5
-0.5859874973664306,-1.1615454589954544,0
1.0542462781839703,0.7413165406044265,4
0.09033192870384288,1.5238904004836809,2
-0.12006655497641117,1.4701572220380585,2
1.0904841173628532,-1.4252930681980913,5
1.4549428253729166,-1.4027475604555621,5
1.3968781058004733,0.24488938972279223,4
-1.062915199326254,1.4320552422221402,4
-2.0222374722040573,3.9674578876761872,1
0.05469251665602084,0.4300548485818471,2
0.896412517754096,0.07307305949710513,4
-1.943382969642369,0.015444111075518921,1
0.09577798218244357,1.665783212802482,4
2.765179979290635,1.7786024794343946,3
1.283827432589009,-0.10987302413690701,4
0.9292332489577971,-0.12203145549245885,4
-0.11295330654836683,-0.07831773515042853,4
1.5629585137663102,0.4367701652849342,2
1.429934357641643,-0.9935833677021608,5
1.4383478064438777,0.19757227455059773,4
-1.8673894769081358,1.060642320322063,1
-1.6332620479748894,2.3435839013259034,2
-1.2565878705421096,0.3573069371187778,2
0.24092777803691112,1.3271809748554797,2
0.12852628658629983,0.7935529460092289,4
-2.0124021273652986,0.6920491007008098,1
-1.3892323680613254,2.274270333998726,2
0.8996597840520315,-0.9024844246192351,5
-2.203031385037302,-0.4241385758354326,6
-0.8685544521391393,-0.6453494983210627,4
2.9693687204281893,-0.9670257876917354,5
2.8530751852493195,-0.6407435857307481,3
2.842983490487128,0.28779146731053684,3
0.654681371112606,0.8869879289681816,4
2.762804396424702,1.677559677732995,3
1.2440595850204201,0.2218351544213995,4
1.351740788495656,1.0302370748454581,4
-0.19076668451906828,-0.1355260719958714,2
-1.3397593703954538,-1.4631232531986833,5
2.846272992302648,-0.4508382614250789,3
2.788063681163994,0.3292838964609682,3
2.7387460728052995,2.6758265990422885,3
2.9535810468518755,1.2022158917828696,3
-0.30762623570882064,-1.668617674999303,5
0.13018477561516892,-0.4235585222922569,5
0.09386620420234651,-1.0193184302250373,4
1.3129418268102575,1.0037416414468225,2
-0.45708202091332084,0.5101842622935762,4
2.973115305141118,-0.8692158750505395,5
-0.2617767856705022,-1.054951536909915,4
1.2740435630866136,0.022884302044900065,4
-2.2712227923191692,0.28688105590446844,6
-0.8968524654542884,-0.22670019202106695,4
1.0806356027228516,-1.1402932563138255,5
-1.6465980348780032,0.740134526213348,4
-2.043312829772886,0.7940804570881506,6
-1.335490782792077,-1.6007976605640815,5
-0.3098808668420999,-0.3945705574403672,4
-1.286733385788381,0.8597108507192023,2
1.2395347411185085,-0.626604619248714,5
-0.9953440615132702,0.5658069494084479,4
-1.9913624271850516,1.652559015435401,1
-0.2517792039422103,1.289302413558801,4
2.8481727349661234,-0.49687879141514724,3
-0.4331757055598171,-1.3485478569227527,0
-1.386297319535577,-0.16642202566349557,4
-0.01566865452907068,-1.4595229417778832,5
-0.6347912744038521,-2.570627559136741,0
2.7793738006353212,-0.07130725210928737,3
1.2585055700345409,-0.811645576557694,5
2.724429332859625,1.3106840664615966,3
-0.29586879450334536,-2.0545913226756105,5
1.0279241201696852,-0.42037323484897104,5
0.9139604445438938,-0.04742441500376808,4
-0.014022452986311593,0.508779663396565,4
-0.29171452590143143,-0.5734893126362869,4
2.9907598394542387,0.3164736037612753,4
0.5429112965427274,-0.9714600912878031,5
-0.6328090859944921,-0.8455446048531524,0
-0.17952561772694856,-0.28330086317938535,2
2.7302730780550903,1.288263921201536,3
1.4394563831966187,-0.9714645713260461,5
-0.9424184191564549,-1.1098582997877284,5
0.10821478763769317,-0.14744795836620256,2
-2.023693533129889,1.344055545358611,1
-2.2236151287883463,-0.1875176982701357,6
0.5334658315546652,-0.5937183969152962,5
-2.215789908202623,-0.6401755491890271,6
0.48775415901435104,0.23175582857170685,5
1.492806447956487,1.0415376554247255,2
-1.3999105924446453,-1.2294316436026573,5
-1.9681905263588337,1.075811379019953,1
0.9345823791443025,1.5094251720523382,2
-1.3687147386403495,2.0586476839822567,2
-1.4085914098910237,0.3272518840068011,4
-1.8537071098591105,2.771937755674145,4
1.2763122404073106,-1.19520108823649,5
2.852892830196777,-0.5445042487703876,3
-2.1863660991820058,-1.0658871242176615,6
-0.40470088627042444,0.42149757173631763,4
1.085889015878264,-1.178549364060808,5
-0.1410506934165114,-0.5751697287360987,2
-0.9333069335253835,0.09446389321976742,4
1.5174951711757714,-2.104152811485977,5
1.2311834723882331,-1.092172701872673,5
0.8600996078051076,-0.9247421697636387,5
-0.8967499529491136,-1.773925320403969,5
1.1722194757546396,1.0212646653327673,4
0.6713752215219588,-1.0064359898218445,5
-0.0026338621560637043,-1.7771613541321327,5
0.1077130313502169,1.3477051838109935,4
1.4543702326774133,0.2653580168776014,4
1.4919850184271548,0.8523162549980516,2
0.49747381730917506,-0.35681309129608035,5
3.0587196212711736,1.2529920446801648,2
2.8341921291185397,1.138398436021936,3
2.986125657234088,-0.8145027398691684,5
1.5004096156745519,0.6135471938144319,2
0.07836105054807044,0.513784704957569,2
1.2729609104723774,-1.3176091541133106,5
2.9679176837761,-1.398635596226107,5
0.7462195847638906,-1.3644785459638755,5
2.7820129261907285,0.8870730568603807,3
-1.3180816900807533,-0.260221559018273,4
0.011147410009731738,-1.7533399460341994,5
1.0555506604726157,-1.2805454567229422,5
1.455061746822267,-0.19930767423684442,4
2.8635871464840004,-0.9034343802586385,3
2.6956630083577373,3.4033270506208617,3
0.5874380582416382,-1.3416220110550725,5
-1.800621649064477,2.5730654748593285,4
-1.9720888833250911,-0.6381689297493811,1
-1.7869719209654262,2.9392132784092744,4
2.827472801045875,-0.8931147561064346,3
2.41293365931284,7.754961191095151,3
-1.6932201096228123,-0.4194948821290062,5
0.002110490988505409,-1.5148156693296262,5
0.41313398455962924,-0.005885063847469875,4
1.0910199783225647,0.23783081824126034,4
1.0657117449286349,-0.08346531809316407,4
-0.2237520025814208,-0.3703418525787366,5
1.0964079389024541,-1.158744544911999,5
2.849141270202532,0.7666377385737694,3
-0.07061398602696554,-0.44557310366323843,4
2.9958515365019394,-1.3315131367892066,5
2.4412170846680303,6.171132702316503,3
0.5471639618714521,-1.2861653751482645,5
-0.3310320028764089,-1.913666929196607,5
-1.3466504388301637,-1.2328973079857168,5
0.9139711584008232,-1.1480563990738977,5
-1.7301446368028515,1.8980895682293217,4
-1.335062624914312,-1.333733582356133,5
-1.8242703499697002,2.824061088029208,4
-0.5911912631576873,-1.058157240324836,0
-1.9752091949791932,0.9610935101202083,1
1.043455864449166,0.11213105510588267,4
0.8503825649134281,0.6706654169956743,4
-1.972771258471301,-0.5082171763765979,1
1.1410766773049432,1.8339152978223248,2
-2.2010470673593887,-0.14563039549508322,6
2.875902082041277,-1.4478972355936048,3
1.3432482561099917,1.028060094963311,4
2.8931609195881762,-0.20325454521573438,5
-0.6023493550939549,-1.5221350319720544,0
-1.9732028119581555,-0.37172131639737865,1
0.512010178486601,0.3261166180635063,4
2.7558064998258027,1.8388991764699498,3
1.48155042729064,1.7909169061171313,2
-1.7423430987773416,0.9739797682982194,4
-2.0574512849755537,2.82291751063393,1
2.4375733247394695,0.7438669831856174,4
-2.0035831912240156,0.3947692143204917,1
0.8476939779897479,0.5508086965845754,4
-0.6171416405270943,-2.4241914124126858,0
1.2088151922860433,-0.9149336739611997,5
0.8842673153747752,0.10319896200304263,4
-1.3389112266031526,-1.651677273713976,5
0.6795186412804263,-1.0499805585927866,5
0.5257019890730693,0.443502069171597,4
-0.325385324572648,-0.6429051341294751,4
1.4392990887402264,1.6034464592530606,2
-1.7065308340368186,-0.3349472905501776,5
-1.364278604535947,-1.450880947005329,5
0.49170324671485577,0.7232041050452358,4
0.15601570939189596,-0.5434572878436871,5
-1.4192074838322695,-0.1651955708258211,4
2.70543926501487,1.7992349396323648,3
1.4161190513273096,-0.034069433082325,4
2.784189379628146,1.204348285301991,3
-2.0634200390496757,1.0960041250241943,6
-1.6984604990046406,1.7999115065247473,4
-1.949791567181309,-0.4925873699627603,1
0.5148848566200146,-0.681858296322298,5
0.019773310966745672,-2.333189944106426,5
0.002093838947356985,-1.0093526563355937,4
-1.9476077172228201,-0.7274073673512376,1
-2.174999633189471,-1.0247187315100064,6
1.20978198823193,0.6947837119595723,2
0.8938759804218985,-0.055453075272860905,4
-1.8428167181455326,2.0638149035900373,5
1.0202416778694168,-0.9874109905365662,5
-0.6383204688721635,-1.0158148710382995,0
-2.0029475901978,1.5526842556355975,1
-0.04734386496215509,-1.1466235178250774,5
-1.7118546887735742,1.5852642391539504,4
-0.4646509025848998,-0.9236563737430139,0
-2.2621392914840404,0.5994271056825371,6
-1.9987341272548382,0.8370649530758896,1
0.17345455102116764,0.009339558586951971,4
0.4242426464233232,1.0811509235513488,2
0.6621205819496754,0.5735565095752866,4
0.5021263589836649,-0.525533942060129,5
-1.2611529783458695,0.3958381873473516,2
1.3247836047811496,1.3918223979383362,4
-1.4340548993381985,0.4460796996064987,4
-0.8328232668033587,0.876115303242482,2
0.45507368019667516,0.47809462026565863,4
-1.3902488169890874,-1.2998379175805819,5
-1.6907040740633636,-0.48088895865173853,5
1.1935249983756973,-0.6137968327850128,5
1.1225317916675464,1.7800372167242802,4
1.255294525683431,-1.0109784406367384,5
1.1003085997950377,-1.2782536570833696,5
3.0015801588153597,-1.2237546750628412,5
-0.31075886995786595,-1.4928454577252113,5
0.20376413969949747,1.9047792861222772,2
-2.048063448278065,1.7561873977291171,1
-0.9067313164460299,-0.4717669198150404,4
0.35313164656235463,0.13155371425603896,4
2.7966097230790705,1.188487340914239,3
0.9732603080950254,0.6582126715290962,4
1.2903227838702838,1.4660857008123935,2
0.4475535832193618,0.004749021169678527,5
-0.06087164087796969,-0.3237352424672718,5
-2.22887900256526,0.26616401382097293,6
1.1134561166513646,-0.5565915659054097,4
1.1517542670805254,1.5495819873414796,4
0.2017623436799704,0.03896779995724707,4
0.7112630116573201,0.483575171482554,4
1.348926969092943,0.8102371289592009,4
0.16476491194616502,0.33020943758783206,4
0.7053501592599635,0.513720266564433,2
0.6307119635361865,1.1763819521551213,2
-0.013278567628006166,-0.7394486458061638,4
2.815969221996381,0.12950222526508326,3
0.07413753929020053,-0.4218629560378594,4
-1.9873946337771267,1.5825890277229389,1
-2.035684380190447,0.04993175361348485,1
0.14987765954794438,-0.40008643604635635,5
-1.4132440985403785,-0.13161176232922367,4
-0.3408824628429483,-1.588311818556967,5
-0.2984264365116637,-0.7063969172725351,4
-2.1728431474684573,0.14169308759359822,6
2.728875081301101,0.9879462869271953,3
0.11682703510045245,0.811802832977587,2
-1.3918743840434358,-0.9071016159749643,5
0.8633162556308285,-0.5080265136333877,5
2.9256446379141368,0.9663230283851149,4
-2.1760906255292563,-0.6463497231387021,6
-2.171964270785297,-0.49243191894915095,6
1.4489461617057005,0.10549667923561923,4
1.0212394115379717,0.6755625188984419,2
-2.027694453345053,1.472680747897799,1
1.2422680056448236,-1.0785855650552267,5
-1.340060353940191,-1.2302629557617943,5
1.2103218819801715,-0.9546875045367593,5
0.6148719852356662,1.5020551794685284,2
0.8852447288232813,0.5555946767310301,4
-1.7790824906228309,1.4866353999941315,4
0.3082342167887836,0.8377301007284732,4
1.2139050263696434,-1.099079670971699,5
-1.5855133738041776,2.0957782695803067,2
-0.05548969312523755,-0.6052718658241691,4
0.49060085589367397,0.19270903546275375,4
0.6769406602644941,-0.2008201113526401,5
-1.6748370735491078,1.085607448157731,4
2.755874640514227,2.3075999535504956,3
2.8614863933503916,1.6541987538014973,4
-2.1289842671760595,-1.1392612378112559,6
0.2629702377308989,1.4167045784102634,2
-1.9593727666477574,0.30985747158376853,1
1.0041122492368628,1.648447511551341,4
0.882558728883281,-1.223013289568051,5
2.8085025414850904,1.3051536322891812,3
-2.1604805316240645,-0.7052219517221947,6
-0.3342178247745854,-1.6636475449778991,5
-0.8396633433633994,-0.9485617400937345,4
-0.2786762886129571,-1.9486941467055017,5
0.3106949244874525,0.6663035065070886,2
-2.1868894503941836,4.453244959446061,1
-0.298794017037453,-1.8539800433735023,5
-1.6934600005273115,0.9737631862344419,4
-1.035232940529153,0.5981560256459513,4
-0.6119030973902755,-1.8883115187218946,0
-1.3626138865709148,-1.0439418134275371,5
1.1766288114442356,1.0034970781933505,4
0.7658265505263496,1.7144751917877485,2
-2.1556589678293343,-1.0132559835032275,6
0.013179629789426215,-1.9010645460319515,5
1.5584671648680435,0.4817746823386122,2
-0.6419472320408808,-0.7372853122930567,0
1.1549223757415312,0.8068098198216997,2
-0.6017917446292809,-2.0952063682744724,0
-2.004901726863071,1.737015155605326,1
1.2396628119791249,-1.144739248325896,5
-0.9813136663754017,-1.379411764049381,5
-2.0975847615013397,-0.41030300885396254,6
-0.010470450363885053,-1.4482887427948739,5
1.0178741749503173,0.5237784858102675,4
-1.4222089948959982,0.6721258524183903,4
-2.2357125735211953,0.9862825907753917,6
-0.6096487640617964,-1.268534036317723,0
1.4845698686702777,1.053845097912646,2
1.333919312663199,1.092839527237204,2
-0.05112739286596374,-1.0803112948034748,5
1.2704115987714926,-1.28742833168166,5
2.8517276293025633,-0.3899893279280969,3
-1.6553016575127038,3.4325260822503973,2
-2.3274965324300347,1.319069912202733,6
1.0403698833431727,0.08735914592053212,4
-0.40390763673879504,-0.9376269118007915,5
1.3210947791179295,1.5960586969175483,4
-1.7037746993377643,0.40443327554452035,5
1.041351848527988,0.19322008434690818,4
1.176580886774094,1.7860430158539915,4
1.3895094204232523,-1.1620112640670297,5
0.0036971645504185746,-1.7030744904607757,5
0.8999176925878954,-1.296786370643156,5
2.645989231923391,3.44858251090575,3
1.3991144529057697,0.15446990277307376,4
1.4244649033646068,-1.0022134822225381,5
1.0767534818075408,-0.9244645699244218,5
1.416260296939184,-0.15886225985089092,4
-0.9044693167181701,-1.5257181177047219,5
-0.6255684732889104,-1.3791483744794164,0
-0.6797860377521296,-0.6756291717217847,0
-1.6357792639685538,0.5647224054379907,4
-0.3454497461023618,-0.3996328557466908,4
-0.9694427333205905,-0.571275372303964,5
-0.009718601532387572,-1.64332501896765,5
-2.001143204074567,-0.4232464634554203,1
-1.3724102786620906,-0.40422536330681974,4
-2.189707488005222,0.6570677278057945,6
-1.9960021202014329,-0.17634222557112278,1
1.2298995551708434,0.16021865609764152,4
2.8620967960203765,0.5974550186772041,3
-2.1712743925155746,-0.4985999370690598,6
2.8404640152593554,-0.4284042315295201,3
0.4031500921953498,-1.356430100568489,5
1.3946243197532622,0.1736502443491179,4
2.9682462342698224,0.04973718122890967,4
-1.588054583191411,0.09308280438491513,4
2.9585942881071534,-1.281294174082962,5
-2.1585421706435586,-0.7631155786349746,6
-0.05162044833025792,0.5953383891499919,4
-0.19770740080244878,-0.5574618530863839,2
-0.14881513901260376,-1.5225824132727914,5
0.3239217212623664,0.44917004736085525,4
-1.0312258319470364,0.6384480738654676,5
-1.9975568413661653,1.2841653350847013,1
-1.6121266223622381,-1.008020021349813,5
-1.7300594507919935,1.628518320212424,4
3.1000187831906674,0.6926468818365982,2
-0.04111373625336662,-1.5164943596977163,5
-0.8521162345755078,-0.9067397922810252,4
-2.0574512849755537,2.82291751063393,1
-0.6035830304984162,-2.055566299532899,0
-1.2967908997630337,-0.657984298027621,4
-2.2123000222447518,0.5138816802980758,6
0.024716746217738558,-0.5536795379599811,4
0.7133897026272153,0.6044251144057459,4
-2.14208794075935,0.12400521345565844,6
1.0098454919087978,-0.6164931040448212,5
1.4276955201571155,-0.7808290914322655,5
-0.12052271179460364,-0.96408124001285,2
1.0580951511630938,-0.05137979569096539,4
-1.3470693312300552,-0.4919021801684682,4
-2.1823958945279087,0.21336071574557985,6
-0.3099452446174247,-1.6071448022187316,5
-2.1946965908426934,-0.8426803790906342,6
-2.209099822260549,-0.6687011547173186,6
-0.039827588676689285,-1.6553609302750047,5
2.918001063404255,-0.4198615998854023,5
1.0319556375225778,-1.193665147676607,5
1.4013043876602809,-1.0857402902872837,5
1.0821701167260949,-0.3425611820773774,4
-0.3410071640911072,-1.154619520582017,5
0.3803254742428712,0.2295803965901546,4
2.8302061001287067,-0.33348018284394587,3
-2.062007023677701,2.4029541097899743,1
-1.4356552981453317,-0.47424165907928184,5
-2.1698359075755147,-1.0721668780819056,6
-0.8134802209047045,0.5179300820376417,2
-2.0095669040710407,-0.1102085932907924,1
-1.0244036043546665,0.6831972468974375,4
-1.3442625544773215,-1.0274497819674704,5
2.751996869748135,1.2565917738016346,3
-0.33570648965709404,-1.397349748208009,5
-2.174392656792211,0.3532283371609336,6
0.8322514198151143,0.7982563717190603,2
-0.911649046334469,-0.5049327249732571,4
-1.339921682614281,-1.3421197355039192,5
1.2006135705656549,0.4206305773411988,4
-2.201566777877743,-0.8050705763280628,6
-0.07055064887866103,-0.34439945880033496,4
-0.04306931174971246,-1.461319968404694,5
0.805502338246278,0.5472563745654878,4
0.5108910438926377,-0.8723478560104158,5
-1.3763359836558302,0.09156526298594225,4
-0.9527449903901695,-0.3299540677093702,4
-0.520163124949452,-0.5917981213424152,0
-2.184780781387744,-0.6277798117212182,6
1.449358092727839,0.015792917675102616,4
-0.016951254355272505,-0.235618538154791,4
0.9119414193453845,-0.9847309194449854,5
1.2439960048154486,0.4978588254991881,4
-2.0703994103999546,0.8887211775181489,6
-0.5680079380154472,-1.2065333398730422,0
-1.749019649701293,0.5660836665369219,5
-2.194202217386391,-0.5077652160368689,6
1.0435766338252015,0.8425198166910951,4
0.47728056082371606,0.908845299833216,4
-2.0827233407400136,1.475439396837842,1
-0.3271417829593348,-1.7103312161649327,5
-1.7060961938042933,3.5397335090442827,2
-1.7591219781291432,1.8605320161097099,4
0.06874860985601908,0.2834054155748718,2
2.8559991907306737,1.33271631923319,5
0.029262817598437976,-1.0195394814471328,5
2.887381185903202,0.07964029294565744,5
-2.2761027654533037,1.5378349763365766,6
-1.3086604515325093,-1.7358968345578676,5
-1.3121851415358223,-1.4429443962209354,5
0.5146635155302273,-0.6443030101249714,5
-1.6979567281178267,1.149416070651867,4
1.2655682555621357,0.12496472686240723,4
2.8443688478691236,-0.646936257117596,3
-1.84742512314891,1.4748966428254624,1
-1.690570761085525,1.5167915577667823,4
1.189055052480378,0.6608592548307477,4
-0.8275394038467087,-0.07098813277087501,2
-1.972709197385333,1.4178788050342008,1
-0.6554508357319468,-0.4327219048078448,0
-1.6167869067904723,-1.0254828681049246,5
0.7742459217228828,0.9456496585357944,2
-1.6807777750499295,-0.3090527166633199,5
3.016503369888266,-0.39320203820844907,4
-1.6949084816101527,1.5398137348658016,4
-2.0317902161435457,0.4693937505826031,6
-0.16691117575978884,-1.39959166876716,5
-0.6016891887804644,-2.7252633918611404,0
-0.33702861010931773,-0.5264910999751605,4
2.9661551769507026,0.7624239718389596,4
-1.341646629579491,-1.1162725076157725,5
0.0036599245335318664,-0.3199601653713505,4
0.4711035615572423,0.06367533319706653,5
2.8371726526904237,-0.7003442565389603,3
-0.9878222951658636,-0.15508295619080315,4
-1.4190348178908103,0.45852768120779336,4
-0.3266130966510331,0.2197322161396349,4
0.46491983061323394,1.93883082500338,4
-2.0907820514180147,1.5069399184680472,6
2.8683527444405237,1.2816984615337887,5
-1.6826631541917265,-0.2419816944705271,5
-1.7193351002422885,1.3087384816966061,4
-0.5900580821228042,-1.3897094521741862,0
2.944509525485034,1.4902386548612996,3
1.4082962771245584,0.0488909785430812,4
1.4614098938632245,-1.3194501226403048,5
-2.161363141888429,-1.0806485039755245,6
-1.3112829975519598,-1.6562329229563342,5
-2.007251177066857,-0.28901973480409565,1
-2.031526339445744,1.9593526628532631,1
0.45490941999633094,0.876029205718997,2
1.0646470907762597,-0.6193426100137679,5
-0.3585696478614814,-1.651338361190103,5
-2.0731624443667696,1.0765096869398312,6
0.6892730035309034,0.4459126423264622,2
0.7239430327277303,-0.7809292267872245,5
2.944703363201026,-0.34407520798648783,5
-0.29310150582056016,-0.6391560153063323,4
-0.9236288710898133,-0.6463899689741041,4
0.14485233081607737,-0.27187072532860496,5
-1.3589637129799659,-0.8966581462073305,5
-2.2745569522699047,1.6869897528373314,6
-0.05776240082649048,-1.4580373063062328,5
-0.6030213692752314,-1.1527546966899032,0
0.5475151525025509,-0.8393951825135894,5
0.8110519651351514,0.7585820374382223,2
-1.9973451380141933,-0.4712405386753513,1
-0.3086286508239784,-1.736843006061689,5
1.0211336430326934,0.17852279667632986,5
2.802820450768107,0.981101798981015,3
1.4233535360205007,-0.9219454984229609,5
-0.3374415331545928,-0.7219929996180363,4
2.946625376510763,-0.6505559359316148,5
0.014740434905172182,-1.7949721275463344,5
1.4387753427896024,-0.02879360603980672,4
0.1478253947214435,-0.9686049095624407,5
-2.237177021057422,1.0040095018854285,6
-1.4354722872586736,1.2931905120253286,4
1.4199920930950543,0.5900645072067962,4
2.733581076494012,5.146827505137759,3
0.8767729991865404,-1.135457684080354,5
-0.1965466536622366,0.032744069004468815,2
1.4348462248052085,-1.1998442343162667,5
-1.7384285626921325,0.46484901161491826,5
2.8667920682708212,0.5433758348667014,3
-2.2360462651838096,0.39892084796415905,6
1.1374934145110869,1.6961496588943628,4
-1.6387281569001606,0.6286558893625845,4
-2.2663758680845048,1.7306162191256556,6
-1.0362501269254512,0.4492124896174419,4
-2.142043750376137,0.23593509733559193,6
-1.652479262222808,0.8588519068022226,4
-0.36718092769028865,0.4225398485847618,4
-0.2212287685870573,0.0045651056027240094,2
1.378888151481711,-0.8094957638068835,5
0.5381648816587904,-0.6725522271657096,5
0.7049226257040239,0.12427928377571335,4
-0.045870206036464134,-1.608264170529361,5
2.810872394418603,1.5105939746949424,3
0.2792234302259309,0.36207390928847866,2
-1.9789090851339757,1.1366389679969051,1
1.0607005021897187,-1.1079060889083103,5
-0.9790831596293049,-0.2899237944618083,5
-2.2278477370009875,1.2848564970606424,6
0.7383510784440964,-1.0017064590080675,5
2.8988963492277193,2.1295715765331074,3
-0.6198550489065255,-1.5083068459306088,0
-0.9723137828306833,1.1050675447892293,4
0.09058785921959045,1.4020414698773949,4
-0.5659096434695797,-2.5495362229426544,0
-1.6859527391673346,0.5043096948259265,4
2.834439329846654,-0.8187738298539526,3
2.7652828998609564,3.6581862605066093,3
-2.069734307222929,2.6420020107259776,1
0.32116944577183426,0.5824517729791562,4
0.021319013485028904,-1.9418983440941726,5
-0.5711471765455115,-2.6662545184674036,0
1.411371091346683,2.054512103568182,2
1.4234437286369712,-0.816441049400791,5
2.881302833636916,1.612607984349339,4
2.8332294909594014,-0.18000327269420696,3
2.9399190678571276,1.4663598655498724,3
-2.1200334111934773,-0.0625154386402987,6
-1.9089061911896597,0.27407511265123724,1
0.3334871651549227,1.9226951091227533,5
0.713731170632151,0.08100054152303432,4
0.3124026489464168,0.7782143532960261,4
-0.6049870850464598,-0.5820614258579032,0
1.3759495988628605,0.48781625803715883,4
-1.389061373096866,-1.3956754235797377,5
-1.3790759753768755,-0.3837997118196857,5
-0.39714046083783083,-0.11426477155422436,4
-1.5501591141272868,1.4927005116680894,2
-1.3137616482888783,-0.2245823220153123,4
2.990336955400696,-0.992556139056431,5
-1.3901854645582887,1.0912007661170944,4
2.93956478180667,0.24527848481753473,4
-0.30275848492063584,-1.7996087920553832,5
2.947697361590201,-0.48870290998232124,5
-0.30129024156964646,-1.8302218216635187,5
-0.9494079763650669,-1.1465646659757152,5
-1.688311583937722,-0.11672746989814274,5
-2.055310000439143,1.26338296037039,6
0.3333448494283996,1.2240595230563758,4
1.4172149999613552,-1.1417799542922815,5
-0.6386194457378545,-1.3452271865504306,0
2.817261092825635,0.204287114646162,3
-0.018205602559064726,-1.4734246037772574,5
-1.7422078760689315,0.07266459107269865,5
3.007320470027364,0.08095686362511167,4
-0.5731277405100259,-0.9895556303868036,0
0.8589641219017946,1.253236562512321,4
-0.2964935223141205,-0.23961358613511852,4
-0.5607156725243702,-1.622829160439777,0
-0.31603226620724634,-0.4282294952373098,4
0.09724920362974232,0.5930399005870751,2
0.3367878134534672,0.31264605780138655,4
-2.257314241670689,1.5545017393638232,6
-1.768725687748678,1.4100632174197272,4
1.4117868216807719,-0.6844324862450141,5
1.3584969443740507,0.9274694180929355,4
2.8353697177795545,2.3169253183309424,4
-1.6957311292484722,-0.4360986034434745,5
-0.3673389174215701,-0.46826926727669094,4
-2.1969909244280927,0.5539137429971551,6
-0.36967362319445907,-1.3302156927966589,5
-0.07786592432722994,-0.30425522762364277,4
-2.13449146206088,1.9113409082770128,6
2.8141200000693294,3.8574455154632874,3
-1.3147266832807547,-0.37350498356743994,4
-0.5849166785144102,-1.5411402958548606,0
-0.045928985617578896,2.8562736530647377,5
-0.9696546300571683,-1.0895458960359428,5
-0.6116998895273953,-0.9764870298440136,0
-0.2392551326317354,1.7916687286161206,4
-2.052946608334085,1.3011618341756375,1
-0.31474335507749496,-1.5439505035038883,5
1.2590146597838145,0.21870678799684656,4
-0.5879384039052545,-2.176824629988789,0
-1.329504236907058,-0.7673735074808385,4
-1.971598575265582,-0.27205545815734483,1
-0.9954044635999034,1.4278423161410814,4
-0.6110826191593244,-2.117232763228335,0
-0.3049243476561809,-0.4980576191715823,4
2.9282518229237584,0.32146844899109195,4
0.6286299446021159,0.7041637769165816,2
0.6360666830237118,-0.7058201658393488,4
0.8430745820916117,1.351284678401698,4
2.7677618259890844,0.8485104418216219,3
2.8503206586432746,-0.3749517945751842,3
-0.6326212967084484,-2.399179356447735,0
-0.04243401340622571,-1.8425835704838425,5
-0.6365081828778965,-2.205396319093998,0
0.71688320891958,-0.8424198608887238,5
-1.970868984995442,-0.02047084728218638,1
0.3583605509868051,-0.546187255740456,5
2.8081920024780063,-0.2771679215128722,3
-2.269582111610959,1.67860444578437,6
1.2362669608043635,-1.4781019251694152,5
0.5113813981833548,0.04752977609189061,4
2.85266037420123,-0.5042410466810506,3
1.3569600732327467,1.076609865052373,4
-1.3980597137745905,-1.2626041426190457,5
0.8450860363489893,-0.924299996957014,5
1.2628416373090405,0.27992403264288696,4
-0.332731625200148,-0.5990418652688876,4
0.6888935729906509,-0.7949400663662645,5
1.3296952249554572,2.3012002330067682,4
0.15951964380576084,-0.8740617892686834,5
2.6836563743714397,2.6850047506008186,3
-1.7315341357511904,1.4001741951941602,4
0.4877313494383314,-0.667956611636129,5
1.3647808653648055,-0.7500227896319928,5
0.5105355650721166,0.23459015835108127,4
-0.6361374402299568,-0.749494310441189,0
0.10445690953577659,0.16101126983336783,2
0.17943941114231157,-2.3627431114571267,4
-2.2456874464292884,1.0316360168977898,6
1.2144432068684972,0.283046762391633,4
-2.146515016635267,-0.9353322658281917,6
-1.3748155927736552,-1.3899807468490837,5
0.9179847392651012,2.070488464926872,2
-2.179095538810952,-1.0473808116230912,6
1.0105395095239336,-0.6409718347328643,5
2.9516103553720328,0.22533749806600617,4
-1.2943705475558833,0.9007454672150472,2
1.1031384592274134,-1.3174785758689584,5
-0.9071100174005643,-0.4433812293212219,4
-2.0666454959348073,1.823027797345593,1
-0.9470294502169292,-1.5050876236845976,5
-0.01896254818708404,-0.6922084846481883,4
0.00017243098215030672,1.2024956671578535,2
-0.9159263724316384,-0.612110954858278,4
-0.6218267609008242,-2.4599766152588964,0
-2.1229254778509343,-1.3477761339090202,6
-0.7999311014536179,-0.15626406800545045,2
-1.6990757691558125,1.3675671896866712,4
-2.2196047586546355,0.7010725431506355,6
2.8844819087698923,1.3769680094174577,4
-1.3795196822646723,-0.9140314662962528,5
0.5540163993995224,-0.8771524631715332,5
-0.5535869281236301,-1.4025492779521256,0
-2.1986151426280727,-0.8194906631157379,6
1.026571720660337,-0.042108770153436434,5
1.0423669414846555,-0.9198980347037418,5
0.31674099591030225,-0.1904631545942464,5
-0.7961120968961252,0.06908694526335085,2
-2.2240412825903046,0.006602287804489029,6
-1.7487913609488053,1.0209144110473163,4
1.1847399664113403,0.5738800723455464,2
2.8433450211408497,0.686271326826526,3
-0.018979325092425947,-1.3709778404895374,5
-2.147285701130986,-1.016352611732142,6
-1.6400275222743588,-0.7302366021240033,5
0.14875233430144116,0.12968953488144802,4
-1.3229387555880079,-1.375687030971981,5
-1.7853226164813691,1.8097023466351867,4
-2.1477677437365337,-1.1403260130146335,6
-2.1519902031588303,-1.1172578447406343,6
1.2161527700666335,-0.3259900258758187,5
-0.3735995302309959,-1.3409412138943617,5
-2.1777107218513843,-0.631397386098918,6
1.3742751140194698,0.3752346849669949,4
-0.5586012700902717,-2.7548390722621763,0
0.9175767665750406,-0.14500341801162508,4
-0.6022161443047792,-2.346668926240954,0
0.14835087003340153,0.41080406427609667,4
0.9020706948958273,-1.0134328405738973,5
-1.3620180968369733,-1.074903593820834,5
-1.0587676178894518,1.6785623484942243,4
-0.020924460078111495,-0.6526366243769265,4
-0.4621038915514879,0.9439844728248337,5
0.04892698277127616,-2.1261990315117627,5
1.237189578955698,0.495137992095679,4
2.949775517690381,-0.9345019403982997,5
-2.0016677449159257,0.4063569526673022,1
2.888562350864978,-0.20509279919046713,5
0.7682519870760801,-1.787720063292107,5
-1.3253750836465144,-1.6187976906647488,5
-1.3855467203125986,0.16466534960335322,4
-0.33185494686156325,-1.7525714009267588,5
-2.0428754758661167,1.8778846357826386,1
-1.7553673228835296,1.8632507600865937,4
-0.33380406743635194,-0.7517388938458602,4
1.3926043106518295,0.1233304411269362,4
-1.7027059858960691,-0.17843764779490184,5
-0.5689377096704749,-1.1272613665474622,0
-0.6050037943540382,-2.2487586958773584,0
0.6276966199778139,-0.12148052983434852,5
-0.958466788115114,-0.18786176528726245,4
1.0966121477770356,-1.1742628477508397,5
0.9305441611496525,1.191569411188515,5
1.0831430395871264,0.08241372888461629,4
0.5109560808473015,-0.1808429474866759,5
-0.3620980497170144,-1.5472803746078319,5
-1.7036868284311697,-0.3338104140732918,5
2.853920493085428,2.6967021859803335,4
-0.010479802428710938,-0.7878421480749638,4
0.880807007807993,-1.2420258472452008,5
2.9644238972666,0.7068443291052082,4
-0.9694307907372289,-1.4306177590229603,5
-0.9568137744272831,-1.5897111172532061,5
2.9919068679815792,2.1873681255096953,2
0.5224765342244497,0.4998126171662063,4
-0.36600611403775385,-1.5149302567433394,5
1.2708996602462626,0.11149595805484563,4
1.1755875427767721,-0.4815865122303621,5
0.3442826043088848,-0.9333323189578153,5
-1.730711711136789,1.1308976820204875,4
-0.6682147089757055,-1.1552770935111694,0
2.9865472810342895,-0.9849148895203994,5
2.9225818395444487,1.6768100006769435,3
2.943353022140532,0.2324106920551975,4
0.0035642310378452557,-1.1961633904233169,4
-0.3891836283461778,0.23129513530018997,4
0.5162827591242333,-0.34929431444761766,5
1.085891113834686,-0.9024994727521111,5
-0.8768395733425289,-1.8283661340694013,5
0.35809547212464354,0.369230994053917,4
2.88689439708384,0.27536253187656234,3
2.9174313608839286,1.5619379408136917,4
2.814975182433033,0.59421838475421,3
-2.265107499358405,0.6633528446410457,6
0.5519857480684053,-1.0265010870818982,5
-0.6260398891060039,-2.1232118542424434,0
-2.243342019915351,1.545555630352047,6
-2.176480877315969,-0.9381547930151073,6
-0.3713150266120625,0.8970731180912626,4
-2.2078828563188564,0.565159727939126,6
-1.8495387715777463,4.058755062969728,4
0.45974785830571263,0.698226470013104,2
-0.6053811512917684,-2.4066026712939284,0
0.3521558780919104,0.09225258174564038,4
2.9589506982263845,-0.7694097065367745,5
1.4413557530880667,-1.0358175786991064,5
-0.0651443072299957,-1.371119726184607,5
1.5174951711757714,-2.104152811485977,5
1.340719059093805,1.2596945817600518,2
-1.3620065698790287,-1.3665480446710574,5
-1.2328460553842728,0.5492468562674953,2
-0.2618953932222575,-0.9586867388686682,4
-2.1678832575726807,-0.5467566571348816,6
-2.0433695886058842,0.44397709468235735,1
-0.6211752662967631,-0.3135520328771326,0
0.19878394169483232,0.7394808395303661,4
2.458445731726936,0.8060791864730761,4
2.8917380900435132,1.0139511339723382,4
-0.572716414001108,-1.6652700729028638,0
-2.190498167374787,-0.9685143001589114,6
2.9766888123702815,-1.280504799974358,5
1.1621987995853218,0.5198990575283571,4
1.0060665277217926,0.6942533756023272,2
0.16762170297618822,0.8443113391602172,4
0.5495128321176673,-0.11303400879185464,4
-2.1060501247251127,1.9934566252899872,1
-1.367583208945014,-0.39463410530976134,4
-0.9224872558335415,-1.4457647164301595,5
2.68527294256225,1.9929541787450793,3
1.2266462138086687,-0.10274880319071034,4
2.7694294679906197,1.5240094702801306,3
0.021873215606460772,-0.604328531449339,4
1.2094705619831647,0.49965741910787187,4
0.868036613946743,-0.9866816633886262,5
-0.06628994763855478,0.20524447530940454,4
0.34850276612120523,2.3008951450995627,2
-0.3018478520328113,-0.39135940147182235,4
0.5212095937619936,0.18934474383066752,4
-1.6709388796696707,-0.03551435877912535,5
0.5399167724490415,-0.6562519314288275,5
-0.01708768956700979,-1.6215146911273413,5
-0.022336646487096434,-1.6887251332805289,5
0.8260577748188866,0.04373126023612143,4
0.019446315974990747,-1.1885967933018702,4
1.4125980481038989,-1.2022940796441672,5
-0.9193832113366354,-1.4692799692741607,5
-0.2720452286783739,-2.06066802977769,5
1.5521954581569932,0.6590044577655946,2
1.0004108570971146,0.5086879196799747,5
-0.6057103512132255,-2.8167393074922593,0
1.0807644858146044,-0.4485915145556134,4
-1.3491959025211788,-1.3888955473668156,5
-1.2129977388539783,0.3682880799479934,2
-0.045573182230105244,0.013338972867138602,4
0.47039441182260155,1.0344875695978606,2
1.0689023314732344,0.6519315628469434,4
-0.3680226566485394,-0.8161477376837051,4
-0.5264715480957499,-3.132669096143319,0
-1.9948887027673659,-0.13825339649139096,1
-0.2785048030263235,0.7382605450609729,2
0.7402397466106445,-1.2302006781152683,5
-0.45442599602649114,-1.0158812312207763,0
1.3349561102507959,0.9565856285231399,2
-1.8826404810299286,4.005166686052652,4
-1.7488068830423493,0.5597249268994021,5
-1.3221060681750938,-0.8047722683391981,4
-0.9074498315392255,-0.3665857594605911,4
-2.1394363043057907,0.21493362063267196,6
0.024550074772891964,-0.9379987611010381,5
2.8498518652773415,-0.48060758808344883,3
-0.3390794684331676,-1.6839033634497689,5
-0.8595335411771574,0.4995205063334868,2
-2.1842082161408736,-0.9907560550298251,6
-0.9409221926352683,-1.4778900652338376,5
1.0631524236502388,0.43762771124359806,4
0.8165456051859558,1.0120710399248374,2
0.8677631759254667,0.296095727999864,4
-2.082215323460818,0.9921785847593436,6
-2.122039452876194,-1.241953523165584,6
-0.6437991647773023,-2.0404425278873317,0
2.9984740458117143,0.34702585004219977,4
-0.8172469699962803,0.4513120610564208,2
0.648399745671194,1.5798860082788229,4
1.1428453694670162,-0.6007994273104234,4
-1.3162829039849304,1.422040503912265,2
2.989931466752077,-0.902849826108531,5
2.9743167529641914,0.38416902399205766,4
-0.33302110008650376,-0.6498877457078214,4
1.0780966233654725,-0.9120590859271611,5
-0.31465242615846034,-0.9329761648169373,4
-1.3680397017578727,3.0512016516329856,2
-1.6990757691558125,1.3675671896866712,4
2.8404617271944765,-0.20831217606931468,3
1.0864604390239596,-0.2913338594265816,4
-0.6461186231660555,-0.7846841741740731,0
0.5446732351313484,-1.029424226167331,5
-1.34447923755627,-1.7658152702116432,5
0.5324418282655549,-1.3480065462406108,5
2.9453396295367966,-0.17324019462903412,5
2.889609372663036,-0.6793829499425542,3
2.8486473262430816,-0.6177574571297458,3
-0.9323779912886855,0.28479683454166893,4
-0.965007900805524,-0.28412590786850334,4
0.9427210374947778,-0.20650818887385675,4
-0.3281155138872057,-0.7338649279844058,4
1.4149280247005978,-0.6648644583669041,5
-0.01120071130679301,-0.6212810679686287,4
0.89477220392103,0.2532227680513348,4
1.4465601872015008,0.21916747778582862,4
1.39056500726122,1.3763170814830772,4
2.967243958818099,-0.15408790200044192,4
-1.3026499229270456,1.6513146128237657,2
1.1978470133898058,0.655217621438006,4
-1.9931458743412438,0.9123494349397185,1
0.7023068376797071,0.15607742064393376,4
-2.027655988673939,1.4231838206490888,1
-1.8027465851742692,3.485005686973738,4
-0.30941593721941185,-1.9141822734429004,5
-1.9663175946020992,-0.3065690660720605,1
-0.007124227155442531,-2.0339806466519947,5
0.11259403394371001,-0.3902342096019639,5
2.8585920964206095,-0.31504233234359225,3
-0.018060494492575796,-0.7361342956150341,4
2.9939427485451775,0.019653105048291278,4
0.9259743904952267,-1.304682665211856,5
-0.9499976085989273,-1.5622301563631575,5
-1.424893999997191,0.7517647963262385,4
1.2550069834550086,-1.2037177541020452,5
-2.1650343361238824,-0.6602423930912661,6
-2.1785382607403982,0.17977261197373895,6
-0.345762877692401,-1.7672872823643229,5
-1.3866335340936873,0.043162520322459944,4
-2.0543069886850844,2.6078128608211144,1
-0.6045092542737773,-0.982768793416088,0
-0.26614693178375837,-0.9200301289346412,4
1.143278662925154,0.934209440983083,4
-2.073748415560444,0.7442702588911777,6
0.8762655585525547,0.1133138656949535,4
-2.4114428453098986,4.245292725958039,6
2.9203206441233562,0.6138772841286328,4
3.0842300303664754,0.8504722414768856,2
-1.4019739279047638,0.07738640590691981,4
-2.161592877474435,-0.7239789584886998,6
-1.7324994209804425,1.313850138025296,4
2.827955644846264,-0.0922430524900916,3
0.8715068687866928,0.027986937493578518,4
0.006903358756436773,-1.6027681342123672,5
0.8329197631727082,-0.6192019746229601,5
0.9027908806619913,0.24620345613960642,4
0.987998957431054,0.843841231359125,4
0.06668751754666202,0.9055015685103946,4
-0.02969228905661546,-0.47540834561371137,5
-0.36314081128974485,-1.4083164758619653,5
-0.624392368478305,-1.2588277455616914,0
-0.9282163629156055,-1.2774741519225432,5
-1.6464906052628063,0.7557774381600886,4
-0.04870708221606196,-1.5039297542272707,5
2.723790858094753,2.561667524753756,3
-1.3632125363738312,-0.47359920437809944,4
0.8281947380899088,0.7745909621114031,2
0.9893021088071816,-0.12211937464253463,5
0.0014580836585047496,-0.4446210310459066,4
0.8764544125177041,0.6199054537092706,4
-2.0401076213297795,0.47003718537065553,1
-2.0191248934363353,0.1308197827775061,1
-0.3300104380197848,-1.7206342060248587,5
-1.9561442099447433,1.0532078075297606,1
-0.958754336755335,-0.6477149819739394,5
-2.1603132734905794,-0.79502352400935,6
0.9336937284238404,-0.299985243639528,4
-0.10330372044848624,-0.6664073043222999,5
-0.5199634485328118,-3.6858970384411003,0
0.9292146741290512,0.08889793370960991,4
1.4136870247911082,2.4837552879495366,2
-2.0439873326219873,0.8581134715454826,1
-0.9627710357642655,-1.2977310152909503,5
-0.2792432647294426,-0.7950407608506317,4
0.713257467842101,0.7685091338304453,4
1.366223696870439,0.5380548879930299,2
0.23150202372972187,-0.19399305768134995,4
-2.0429123504425974,0.46891600946788453,1
1.3659332004592482,-0.49182545132547106,5
-1.3843476957783718,0.8330852415783487,4
-0.5752032250665301,-1.2508343950105512,0
-0.01533923552266453,-0.620421847553734,4
1.0195412191613975,-0.7363980370239299,5
0.8912457922720299,0.0489639142184952,4
2.84745898831421,2.400658851201197,3
2.756552751985749,1.5280182743757147,3
1.492481158363232,0.9111830729731019,2
-1.0241247419497475,0.05694209928906669,4
1.3819321509642788,0.7427185383630968,4
0.6152539217454709,0.8895393705766768,4
1.0444524472403922,0.5200209156188798,4
-0.008255114636818994,-1.748208468364271,5
-1.9593138139511077,1.0078037265244757,1
-0.33407999458793525,-0.29335090187016083,4
2.9063231632864457,-0.05803227878956867,3
0.5056747816555419,0.4215401051507488,4
-0.9537545950080664,-0.27813292708399195,4
-0.5821025835005905,-2.394584765189108,0
0.7920730343538154,0.977532094547475,2
-1.721151420487022,1.2193618337674417,4
0.3126007609918373,0.49831423298125194,4
2.9607544532281898,0.9308457158312692,4
0.09063697960618705,0.7363848705209431,5
-1.3381465419178074,0.13803126835279322,4
-0.006455343973164662,-1.617264466171472,5
-1.5578444346921445,1.4896283446687846,2
-2.01696665785588,1.1137639907256964,1
1.43069794190925,-1.0987464480835776,5
0.810316890943594,1.2677024164710904,4
-0.5219220072705557,-0.5311204388053758,0
0.17994209013685084,-0.7448296468656065,5
-0.049846451118097754,1.7444801195124207,4
1.0547641226536348,-1.060766849254847,5
-2.2725738760799903,0.6366584966191202,6
0.996162557760068,1.1749523730150453,4
1.093546176874199,-1.3525129452339384,5
0.006280425628690578,-1.5039925654874458,5
-2.238361577314021,1.4264781649362643,6
-0.00189625442974789,-1.7585540831808282,5
2.9383655265805495,0.2383552907821364,4
2.9902961033396256,-0.9339040268499854,5
1.417447723397981,1.836848211525689,2
-0.017844003331229985,-0.6461792537950118,4
-0.02317958230266165,-1.847774227730988,5
-0.8285748586909611,0.6356768201031501,2
-1.991665384094768,-0.29838938343134286,1
-0.006271725613071322,-1.446610324372408,5
1.1892494968271266,0.5071741215743502,4
1.0985951648616288,0.09503442177250793,4
0.88511313254061,0.041137184600833196,4
1.0389646199756237,-0.5332968035607449,5
-2.0299289575652164,0.6875184110407861,6
-1.7282843540416974,0.9090900963024554,5
-2.0746295397017365,1.739123970171023,1
-1.2178457757426044,0.3727938883945938,2
1.3942510230575371,-0.4961055008921412,5
2.8634233770335644,-0.6054069760072386,3
-1.3237222433842728,-0.27163251702858104,4
2.8341921291185397,1.138398436021936,3
1.1039992220907313,1.9218498278482579,2
2.8634233770335644,-0.6054069760072386,3
-1.8282163829215337,2.848457716112922,4
1.267577144715241,2.2291843947086227,2
-0.9223010408542958,-1.5420024633011098,5
-0.8868919732404712,0.6903647329558775,2
1.3809354458540635,-0.9233019237114597,5
0.025767251835713323,-0.7329964519357369,4
-0.5702647901913054,-1.2332602771061298,0
-1.9305214823405719,0.6313520362580528,1
1.4739466848507081,-0.23211463464238363,4
2.7921111206801825,1.151558870688795,3
0.7980485754208113,0.7598278159661566,2
0.9954007371558865,1.9613703347746554,4
-1.7157835606465446,-0.028684624968541413,5
-0.92126229804081,-0.7325999904671603,4
2.9316740279469817,-0.9912502054684011,5
-0.37804798382579385,-0.14577092806200376,4
2.841878270298684,-0.24810204227622068,3
-1.349516552989486,-1.3890237257269413,5
0.6253362990726913,1.2393453306132036,2
1.030638554640743,1.342646139320401,4
-0.013983681381159171,0.17300906321376958,4
0.6978100900271769,0.7790026531128303,4
1.406320327663983,-1.1800473852654498,5
1.1767964962074837,0.03691890488309528,2
2.71814467284056,3.1050648226264363,3
2.6423368080578427,-1.3912038112403267,4
-2.0615405155407642,1.2544485642568286,6
-1.6670441899605906,0.07422332629725417,5
-1.3508769774096496,0.22116693744412358,4
-0.021724861213896163,-1.477543853263065,5
-2.2520733950566814,1.1906792273534437,6
-1.351944459691916,0.1508279605701648,4
1.250364628499254,-1.2055735113959365,5
1.147154112273836,0.9742851744055502,2
-1.3333377299434743,0.199690602395229,4
3.0170957710477815,-0.7002141815837581,4
1.3934266695673365,-1.1448454321865238,5
-0.023873153419872062,-0.47800872158406166,4
1.0644199815253428,-1.075219373860099,5
1.1025526130241117,-1.2929565667397762,5
-1.4109337388427996,-1.088013573804006,5
2.939647666134063,-0.8395258929663206,5
0.6674799259657516,-0.7319439896531635,5
-1.5963125546336698,2.252885834526454,2
-1.336482138675196,-1.4462131986809057,5
-0.3733583780933242,0.07226645352974027,4
-1.3076927779599525,-0.5880738243766943,4
-0.5605084686077233,-1.9676389627699935,0
-0.0458466393936488,-1.6302984996496828,5
-1.4034624447178727,0.7447319591609239,4
-1.688852636940639,-0.5388173887108295,5
-1.4113079256763064,1.0176448773923232,4
-0.0855302194761405,-1.1532394549128793,4
0.11089518697346432,0.8280789792931889,4
-0.9462387076487252,-0.45364749189266296,4
-0.48854526789926334,-1.184500932644498,0
1.524224050880897,1.0761404447730647,2
-2.0639586423919205,2.669066897106114,1
-1.9933161085233666,0.838012909976063,1
0.9413366848149715,-0.16670545230616923,4
-0.3824413846754606,-1.4747002764392392,5
0.23238108974358818,1.227452255539576,2
2.747158497002705,4.9660744327338895,3
-1.7454528288881066,1.3946102698682328,4
0.4845500722241409,-0.7774090838737023,5
-1.969190052716499,0.5077137043141998,1
-1.6888963100286776,-0.14171734134143554,5
-1.3658600138434558,-0.1582523188084372,4
-2.120116945912021,-0.4661100147160413,6
2.900822368394518,1.0084263513416096,4
-1.6444839645843465,-0.9558423824647073,5
2.7570699459777384,1.4239744546061606,3
-2.0047222686988495,-0.12387196113660841,1
-0.3721164125088653,-0.6316035676535992,4
0.556376605085344,-1.1770142339702478,5
-1.4318046463086085,0.23604242325855002,4
0.6561184725630632,-0.5723487816521902,5
-1.7099042274112441,-0.2281150138534042,5
-1.7544893637445622,1.8376277255189546,4
0.73513731473031,3.2964370346107126,4
2.97128538564536,0.10419578798963951,4
-0.9375360783728766,-0.3968754406600293,4
-2.244398102012646,1.8669138961188223,6
2.8357107519959013,-0.8806654999007651,3
2.650789820174996,4.053180476782872,3
2.9742229410777545,-0.8192607888625687,5
0.18030085407349086,-1.0271791298618045,5
1.3460094071944335,0.4602478597108102,4
0.19938756454170398,-0.06134109828804209,2
-2.1960709340813676,-0.5176684125305028,6
2.8709112794896168,0.17910496273984788,3
0.3024848187148005,0.680451097260806,4
-1.315869542816007,-0.6408547482331464,4
0.701449228068929,-0.6844525946960412,5
-0.3184059829632556,-0.6336713861119925,4
-1.6883348245948084,0.9579255432280716,4
-0.4742255289295336,-0.7504593053575181,0
-1.6471752036520284,-0.7330938506492545,5
1.0245407457505418,0.6681105795671982,4
-1.3326529045780384,-0.29995864713771914,4
-1.5378069111078998,0.923496279378953,2
-1.7239192217306665,1.6116414785123911,4
-0.07699251291393845,1.039863280224511,4
2.9208014330391032,-0.10233696657457886,5
-0.05667171620824622,-2.100246659933624,5
-1.6973138277761903,0.3758160124888424,5
-2.2422407781808857,0.04612704044059427,6
-0.9061592595467799,-0.7045188530761154,4
-2.1392035684325146,-1.0039656190062791,6
-0.6299927912772801,-1.2690047736019479,0
0.5292329503005238,-0.5146982228985774,5
-0.042721023364277966,-0.20033780048439864,4
-0.8738467609043795,-0.589865074339478,4
2.834335790158803,1.4419735025899527,3
-2.0261497429947144,1.663409112792627,1
-1.6500897462923734,0.8845632498429787,4
-0.415101384005659,-1.4220350616118695,0
-0.9627933623165134,-1.6077013168505836,5
2.7520909915224774,1.738389308407451,3
1.2161995032672819,2.1720217369395285,2
2.964144992353496,0.7616204109816169,4
0.003325267893988515,-1.6693107759228485,5
-0.4439386258742223,-1.222625701314251,0
-2.002712186837389,1.5700221571672646,1
0.2281198993322965,0.1329287328436105,4
2.830708697070285,-0.14065484665773886,3
-2.0051971278450913,-0.0369057449201081,1
2.9853824753715497,0.49406089806992287,4
2.8452278061333365,-0.22200692529540983,3
2.815557725797503,1.2364178269922697,3
2.8585970466638537,-0.7843607897003603,3
0.7214011899160048,-0.7727891327317442,5
-0.5674866983278473,-2.745503526070437,0
1.3535639141078237,0.6632187826849657,2
-0.30436489507599085,-1.7351385918356956,5
-1.7907526839168768,1.7332632286637157,4
-2.235864049259353,1.854725353143205,6
-1.74565859437304,0.5270711146104934,5
0.6071279154062852,1.6878525576209953,2
-0.03296163715747619,-0.033794185756983154,4
-1.3816667039379775,0.43703952678877245,4
-1.5883448824618227,1.4370798246437042,2
0.9350097794963576,-0.21874692235412152,4
0.029949007740933176,-2.232809963559093,5
0.09966451207007168,-0.5951269588122952,4
2.597284123035347,5.085407403363464,3
-1.940156708660498,-0.38055509226134293,1
1.4593966833877594,-0.19113099379586623,4
2.8498411758799005,1.4594327726814558,4
-0.32642509659644225,0.02068959048513204,4
-1.993018781549868,1.4850971746288264,1
0.6968770955655819,-0.9935293261089477,5
2.9106585527623587,-0.16234762038375888,5
-0.011335515383227301,-1.4954344903033134,5
0.34415410022122706,-0.8994713854766149,5
-2.1641407510781976,-0.15563345325283867,6
-0.9499478052479773,-1.6337663641795772,5
-0.8243628455889915,0.47051129479664416,2
-1.7511594176424996,0.28917923129250583,5
2.832937491919858,-0.040739265904649415,3
-0.38035810940321146,-1.148306091013292,5
-2.0277114713306794,0.3160435002927551,6
-2.204961393165088,-1.0173644274579652,6
-0.9460951586106964,-1.3066648817357254,5
2.9826335255458836,-1.0203917376446736,5
0.7147138006059978,0.5985106217241849,4
0.37137573058281914,0.35515877632891507,4
2.8336940996891493,0.5457450638996714,3
-0.30286583716366366,-2.150988254848687,5
-2.0083382961377976,-0.3114980950949725,1
-1.419322745983544,-0.33477585489322115,5
1.2326654251418159,-1.1658487496980388,5
-1.721795134727132,0.7879033770261687,5
-1.3913789242456207,-0.14491507051760433,4
2.817482358981539,2.8600617376328787,3
-2.1957369709752435,0.499676769804363,6
-1.9164538019253987,3.9226074623839633,4
0.14385640963196245,0.7015393240640116,2
1.0976785321400375,2.2201283237505467,2
-2.2013228253364705,-1.056266054024044,6
-2.1428288812286955,-1.2255077911184973,6
2.849093109990399,-0.514823252482382,3
-1.7518818105929572,1.522264876400862,4
2.769723696774049,0.4769333160084881,3
-2.2676151903730575,1.2704046560799838,6
1.2421874827689559,-0.771368732830804,5
2.8902052854606373,0.35577184158376357,4
2.8291211667777754,-0.33391387931880967,3
2.9108419890554273,-0.0008498056431045925,5
-0.6372507243769417,-2.295561559083137,0
1.1933686591446953,0.6442712420226605,4
-2.044164479316137,0.15845405852226208,1
-0.10209043145210349,1.6913273056965608,4
-0.5935070082801044,-2.237719103274404,0
-1.6925722613759153,-0.6613726607601859,5
0.9100211105900234,-0.4864727252902715,4
-0.0767502493181132,-1.0281540141021046,5
1.0587892932167993,-1.3443630289691222,5
0.8647514960007706,-0.640389723033126,5
0.5610092274879437,-0.24132577571141994,4
1.0140326781223947,1.0766274598899988,4
-2.233446040710182,0.9726572068685275,6
-0.6275875301033265,-2.4622794528419463,0
-1.0022863992345359,-0.2663333356740092,4
1.3899349359016198,0.6652053693865706,4
-1.6499397849608006,-0.34081290394268615,5
-0.013742191622473698,-0.8854584980518379,4
-2.0630413329369093,2.7932142379182556,1
2.888359599483876,2.531633177306413,3
-2.179794672435687,-1.1036163508451504,6
-0.17799924761170235,-0.6345453184999986,5
-2.14723827554783,-0.9447775370146816,6
-0.27511831084790417,-1.0382409781423934,4
0.9631022524944801,1.5432541631907701,4
1.4778969330890916,-1.5641524007892142,5
-0.4972076925093616,-3.5401322397402626,0
1.4258692205729975,-1.2163203345474887,5
1.064298711761645,0.4472421040947612,4
-1.7298131460204713,0.9633885892965232,4
0.0864686542727008,0.6217599179774566,4
-0.04913288702116235,-0.66936028181533,5
-0.606139860453163,-2.5096619208905406,0
1.3799061398842443,0.06857072590256952,5
1.268163793934169,0.19111456243855024,4
-0.3072753168319807,-1.7207021314532036,5
-0.2238356779228342,-0.08092059765639215,2
-2.013254863084243,-0.062170538861216776,1
-0.004108329020176882,-1.591570076988861,5
0.9212008350736169,-1.2167224962177956,5
-1.7680528723719795,0.8162120069876404,5
-1.4184270921344238,0.02129703844505608,4
-1.93222933401924,-0.7616160708828168,1
-2.0044762324368754,-0.5639595360598311,1
-1.2919729271062923,-1.8658945062492087,5
-0.06344471765097258,0.5500196847132487,2
0.7361648161261487,0.21641189418132428,4
2.8139323059465275,1.721127512683652,4
-0.038190572596640104,-1.2080768073461268,5
1.4182771289287883,0.44999822226501246,4
2.900475332034811,0.3286772891612705,4
-1.9083106725532315,1.8073192880348805,1
-1.2468750496893246,0.2960773162058569,2
-0.36611423181134206,-0.010775925411851718,4
1.0263319098335064,0.41253485798971223,4
1.0263737063727663,-0.7804667085155095,5
-2.1882495221593685,0.30733300280009757,6
-1.6718803097082486,0.4722913175315491,4
0.49920664281513627,0.44099829141630803,4
2.827564900100104,1.291798508500496,3
-1.3124005880443073,-0.48719973649651205,4
0.913602613962141,0.2284816165790169,4
-1.3588507157811305,-0.7572322443803233,5
-1.7137550688308414,0.645292776278818,5
1.07733747125789,0.0617806148970556,4
-0.10090310294534648,1.5992211388807624,4
-2.1260827422879496,3.261443534321691,1
2.984694405937839,-1.016855517017173,5
-2.0581184592567903,1.9605912088970285,1
-1.7061596196503603,1.0783123542876467,4
1.3187403760034422,1.3160209938982776,2
2.9033307500418353,0.5638456908212981,5
-1.1957605895227965,-0.06229509721177916,2
2.8328354597490395,-0.44705368268998524,3
-1.9203094913155057,-0.7788948880630164,1
-2.070057396823079,4.422440419438157,1
-0.9370720598305304,0.12687115169143706,4
2.4590999283002257,0.2852710022392491,5
1.091883716015344,-0.9808162138789196,5
0.9997512862502465,1.1722709810654919,2
-1.0313467484193366,1.4758745588140318,4
-0.06860864137442274,-1.1798801320287973,5
1.1078365649586506,-1.5238249684785259,5
-2.0168714424201086,0.18767667744970956,1
-0.3444330679823119,-0.4838689191357053,4
-1.3469643139374285,-1.1339981869023887,5
1.2511606585585977,-0.1085492913420285,4
-1.3384719163648389,-1.6423454856179789,5
0.9376254899771744,-1.6228742216639962,5
-1.0192356188237353,1.5119158721241392,4
-0.4060125405147633,-0.1377895811433934,5
-1.0068578410878195,-0.2789827789053558,5
-0.05123044192792042,-1.2784016980449981,5
3.017673589615488,-1.611726529031456,5
1.0868057166737943,0.21139003217534763,4
-2.1296369914042885,2.359911251765188,6
-1.6616283947020805,0.4085648342695268,4
-1.8024320541810002,3.345750702230397,4
0.04678848454496726,-2.1362101051508207,5
0.8395340622964421,-0.6908264016493221,5
-2.1377931193477564,-0.9969580032921892,6
-0.9072632646923108,-2.029420824629561,5
-1.665678443510882,1.2205616682334546,4
-0.36728112257058754,-0.33157781288755556,4
2.9347205437848736,-0.6644709995242541,5
-1.764750176863603,2.0197066543044344,4
0.9064974869812611,-0.8814387121642863,5
-0.04737499396771688,-0.3156049268282035,4
1.3800467119537432,-1.159350134669934,5
2.96387627476826,-0.7921968783443343,5
-1.3384056324068219,0.06365923857409958,4
2.82223640095853,0.752101718436161,3
0.024217148177083255,-0.6749476251836419,4
-0.32626572365298934,-1.5054880359645704,5
-0.054322690724024125,-0.6468273919632055,5
0.0008003076741699561,0.8063540663292965,4
2.8566570048780977,-0.4778872688552953,3
1.077608489998541,0.18295733033597805,4
-0.9953545692314557,-0.11024755016102476,5
-1.7183585398527925,-0.20029463113734197,5
2.9501757903548698,-1.0893226010167023,5
-1.789060479375603,3.134783849716357,4
-1.9796545667632035,-0.13216362970808776,1
-0.07119996950612073,0.21243790410683155,4
0.9073126753507453,0.4369040542638926,4
0.8800759617136916,0.13436727468713627,4
-2.185734991137452,0.09095757215355697,6
-1.7595079039455546,0.7104279289119192,5
-1.669584403133924,0.8364142376074952,4
-0.0684940017640559,-1.0340097540063433,5
-0.0019047299562920395,-1.516420733058253,5
1.1500752178288758,0.6994038026265835,2
0.0003001556568871244,-0.5074838412519389,4
-2.1404668282109203,0.26239018979246387,6
-0.0026338621560637043,-1.7771613541321327,5
1.212347607529969,0.3849650717345175,4
-1.7564660218075503,0.6282192945500393,5
-2.1610945163868975,-0.7237797412310785,6
-0.594343176758914,-1.4485962787983597,0
-0.9538764444263405,-1.455599951650756,5
-2.0223111833261225,-0.07494692759732721,1
-1.7665116569626844,2.7531240365338405,4
-1.307621292349045,-0.40186460275282393,4
-0.046154113149747544,-1.2763724619684658,5
-0.32572804526095434,-1.6382101010398393,5
-2.1978270138653073,0.5391974103739213,6
0.010512794244846467,-0.519001372065568,4
2.9155778711421076,0.2770924031866663,5
0.004851747493535966,-0.7284924571557226,5
0.6761079892026597,0.3434549548073695,4
-1.3815196887291519,0.127136864699598,4
-2.0356276193247798,1.8861571450785948,1
1.445472549898004,-0.13802864127975734,4
-2.1926228853519274,-0.7180706907655934,6
1.3734645927689668,0.5779091744626353,4
1.24310157551268,-1.1525208204816646,5
1.2300770473931941,0.0053089156380688035,4
2.9054029447266894,-0.38454151046748036,5
1.0045329597805015,1.0100455407233466,2
-0.023032034172548344,-1.6890031108978498,5
-0.3277726759955304,-1.9527201625800141,5
-2.1362734034936564,2.503082896040157,6
-2.055900988211178,0.8699974807316894,1
-0.9845816830755602,-0.33519028655501776,5
0.5376844934461165,-0.29643066548767955,4
0.3630699098035033,-0.22894602758339916,4
1.4070716679659023,-1.2448593473841847,5
-2.0954672306320217,1.958377379021469,1
-2.2028055745646355,0.5528072215411792,6
-0.6292695427728423,-2.431751828573186,0
0.5357979774279953,0.7655869133169038,4
-0.29512891471456526,-1.7626465567342253,5
-1.6999280816004587,0.6849037883039067,4
0.41141248958252885,1.2805151368777872,2
1.0778779592509313,-0.8901027099920072,5
-1.9510147172443848,-0.3380955904480186,1
2.771343610973108,1.8515539137732713,3
1.2795293251630324,-1.386539577016302,5
-0.25046215663781235,0.20652845041949974,2
-0.1857182787247186,-0.19590791243785854,2
-1.7869719209654262,2.9392132784092744,4
0.08673697293538275,-0.1560336032965312,2
0.14866851836271885,0.6505542367678807,4
-0.9673007731863353,-0.8997119061675382,5
-1.6965926823625208,-0.5419114316876387,5
2.791833640620103,1.8349884427231347,3
0.044718085201951266,-0.033793392367618226,4
-2.2123000222447518,0.5138816802980758,6
0.002518576531185493,0.053162137785704826,4
1.2662298674149681,-1.2148314746095197,5
-2.2105371893638837,0.8413655984770434,6
1.4277000218998304,-1.2457694501046097,5
-0.33610523652094204,-1.406665305337085,5
-2.1620197321971975,-1.0313985922961328,6
-1.778305436488209,2.9582776665496953,4
-2.184691265017025,2.8340455744274022,6
-1.953451815274622,0.6872980271258786,1
0.08736557498551341,0.5329841929197536,2
1.2493096518789482,-1.1591953064643783,5
0.1066034440447904,0.29853768902754735,2
0.897293493911621,2.886968154205442,4
0.03844510601120345,-1.3478741082773709,5
-2.287648873428779,1.2898648337333598,6
0.5172127442227158,-0.4727033155288587,5
0.8936909707735777,0.7075079391510914,4
0.012124624796053527,-0.6017816581159406,4
0.8681251855610052,-1.2067392138850686,5
-1.9950724639449067,1.6914320678557597,1
-1.8115867362392588,2.472369911321311,4
-1.4228126516746589,3.315530799662737,2
-0.9006036942263765,-1.6791536184608251,5
0.3054738630907362,-0.582928407807508,5
-0.9592624193441933,-0.9395671364458107,5
3.0242372557568595,1.8811744710270388,2
-0.556394008642288,-1.4881646225738985,0
-0.31568319305534254,-1.389345539337597,5
1.3741578288000549,0.47543028705874113,4
1.5115385102628494,0.5620397931472065,2
2.751525646313523,0.3797902928816655,3
-1.636223216761452,2.0755072731061146,2
-1.7038421241883768,3.9157082434870047,2
-0.15780508136478708,1.933064755306938,5
0.6984531344049237,-0.8158748267773037,5
-0.3010324584094919,-1.715494137674361,5
-1.950752149798346,-0.4682151597696147,1
-1.4345196803052522,0.9680099585745101,4
0.063843228767435,-1.359765044608289,5
-0.9035756676929517,-1.6308292771981305,5
-0.030258043829064885,-0.44936108021498283,4
-1.370951746882361,-1.680085195745172,5
-2.323687495220908,3.0551078920731447,6
2.874896398792315,0.3011863362060809,5
-1.407213928020611,-0.9563020395457635,5
1.4695633278494502,-0.6492966548305015,4
-0.5653445684942016,-2.623578839675954,0
-2.00626807595077,1.177927025396506,1
3.061021420247052,0.9622631212252106,2
-1.3625658435518075,-1.3447278512301135,5
2.749291442441561,1.8830947741888715,3
-0.02032820339967216,0.43886031066219633,4
1.4237354470972088,-1.3501102294526448,5
0.8966383603300947,0.4493055782282798,4
-2.0113651397536403,0.47755856883758613,6
-0.0548956026305088,-1.6613842906310663,5
2.819301557430142,-0.7532690693129122,3
3.0011344645507867,0.3233331863805835,4
-2.2924861662377345,9.020935330096473,1
0.08776848419052781,-0.19597738719394747,2
-1.9549679685280343,-0.47634425337158537,1
-1.9494395742983064,1.268468624587218,1
-0.6414425568865689,-2.079856606472121,0
-0.6125978685554815,-2.2609505656953135,0
1.0066564835663818,0.9705382839680828,2
2.780221939505388,1.3329868713343145,3
-0.32876560074716354,-0.39296345525268633,4
-0.8884242585799959,-0.992809728400373,4
-0.2664414230801917,-0.9825477468138109,4
-1.4399945921742743,1.2327143073461169,4
-0.6340189141617522,-0.9710268265151896,0
0.18895049280514922,-0.7659847333317887,5
-0.9550225170918425,-1.310233546944325,5
-2.043748927494769,0.23288863657765418,1
0.030510387862989485,-0.6320758109241389,4
1.0586383951009462,-0.7675690666908069,5
-0.9871226549966906,0.08210753145204508,4
0.0013477861460710616,-1.8003257693630637,5
1.4471760560089997,0.3587943890253952,4
-1.7103808206371307,0.054187333013884696,5
0.8888322246526108,-1.0773933110129301,5
0.5205108881736562,-0.7291216214924563,5
-0.12459436057774259,0.17854652771297186,4
1.422134398011623,-1.3168379420601894,5
2.959832845935021,0.7754966094268209,4
2.775943441276869,0.08230217135333362,3
-0.823592129196596,0.7495808553459663,2
2.8255860972296727,1.2807827367677416,3
3.035366743061671,1.9507356964281188,2
-1.3895462416404907,0.044284602350427145,4
-1.9722622030841745,0.10919677961402803,1
-1.9590578945708468,-0.43762305971998483,1
1.0298851671154912,0.5061101067095953,4
1.085014966329258,-0.8533374076953862,5
-0.3096009057579677,-1.7372316599243232,5
-0.01808943603393315,-1.2651537529824541,5
-0.3012796750692812,-0.862518158527448,4
-0.8030343075498299,0.23690052497594077,2
1.0431446898177013,-0.5719819827443489,5
0.6777013836845406,-0.247315922495344,5
0.6668116704369422,-0.01597608463926884,5
2.8419536399030605,-0.3287841648036811,3
-0.31096828067105753,-1.5827975775104526,5
-1.795083492560775,3.1625075555346904,4
-0.011261905153213847,-1.5788297477053022,5
-1.5096899774568524,2.526430885366518,4
0.27905863761164507,0.9205499775600446,2
-2.0149357307255142,0.9660389494791167,1
-0.6086555995352074,-2.681248315841559,0
-0.033499545476985845,-1.604845577792139,4
-1.013502341316549,1.2575394855963948,4
1.4681884984722546,2.002956148304396,2
2.817492444091053,-0.7448359987005736,3
0.5206700108234069,0.0029484022245869906,4
0.8474621848484154,0.36346684490994857,4
1.358309871076767,0.41565260377953395,4
-2.0904097507222996,1.2364644154583255,6
2.945823674960809,-0.26291512285226964,5
1.5472447355957881,0.76249384906224,2
-0.6042118583063358,-2.2199545314736873,0
-0.6269683168291048,-1.9658898429913347,0
-1.3650596444889476,-0.0445256441772993,4
-1.285073651799009,-0.7991249481549912,4
2.868068121043906,-0.5604818027719206,3
1.0553085015370574,0.7444535470586909,4
0.3428100564886368,-0.933920962304581,5
-0.33577199150431347,-0.8829214957815393,5
1.1081456948355546,-1.5108138191455707,5
0.28205416468510325,-2.042206819682883,5
3.04784825519358,1.623719957039021,2
0.5771551747247613,0.003484281117686852,4
-0.6058981674816188,-1.7034618318201138,0
3.0038104024721957,0.3254714224719119,4
-1.687762157042543,0.07882898449111189,5
0.12682421508175165,-0.7009509710431399,5
2.9656669129746573,1.2006033319828167,3
0.6219634010134089,1.2040846973717976,2
2.961604519791235,-1.2956909114795532,5
-1.6879872749061187,0.36289784633897754,4
2.834934763416092,0.48906705628377817,3
2.806897898795244,3.4812962677211035,4
-1.3692683001803536,-1.3942070259140606,5
0.8367810836892671,0.5102475836290666,4
2.820642008400276,3.275853594085085,4
2.987423959819323,-1.2046574636052603,5
-1.7029118642729546,0.7723615911416594,4
-1.3454932188944702,-1.409459198835675,5
2.9312118923838986,0.5987007899516684,4
1.4086275725749715,0.7873022169400403,4
-1.7088110891397463,1.1215388078913582,4
-0.10685583335322506,-0.18134875959747349,4
1.0245318221511057,0.14220998778943567,4
-1.6489161108151038,0.7951639808757168,4
-1.6464906052628063,0.7557774381600886,4
0.9033261126467257,-1.3293362585941035,5
-1.420717693743924,-0.3051800425464123,4
-2.344031687732285,5.249367108570562,6
-1.3816667039379775,0.43703952678877245,4
2.9045156606044014,-0.11800330572922006,5
2.9070869558404033,1.403723102325204,3
-0.036055417026123804,0.03114992430478166,4
2.8728481286434304,0.24499147876144112,3
1.265972659201586,0.23059479206885564,4
-0.34474562256738295,-1.6054561384397512,5
-1.3902171342471006,-1.3961374330996876,5
-0.05326920940568208,-1.580021867576182,5
-0.07008938507904222,-1.3574965432384216,5
-0.11826490796418526,0.12405198107841842,4
2.8098629591711606,0.160973608720276,3
-0.9499976085989273,-1.5622301563631575,5
-1.7369406418425781,0.21415087239447184,5
0.6969799196963031,0.12526160852656137,4
1.0243967785753452,-0.0348684429531426,4
-2.1823535105054006,-0.9432147372241275,6
-1.4087225540605735,0.6762991671446887,4
2.775431556794876,0.08209754818898235,3
-0.6464144976630828,-0.8445394890734352,0
1.0938254791548125,-0.2700773786696213,4
1.2202051644440475,-1.0653613509895306,5
-0.3070242578380884,-0.14857950691369814,4
1.0542019482133442,-0.899567072495954,5
-0.31587252163906876,-0.8150583863721668,4
-1.390585342047565,-0.012086879120292778,4
-0.49141021374124805,-0.36665513964313906,0
-2.1438231145186197,-0.750140986939446,6
0.5528109772419905,-0.902390474693045,5
-2.0819916842520314,1.8572493625967412,1
0.5602849642026816,0.18292113630010082,4
2.4672730683159707,-0.5697899514896019,5
-0.05480631098823284,0.31794353549346666,5
-0.1909421948637541,0.12485285714263174,2
-0.30956371684286343,-1.5483237975242161,5
-2.2244638990027177,-0.03932008425676726,6
-0.5065010403530762,-0.12783850157411097,0
-1.9997624545008408,0.2504720008117602,1
-1.3720330377816057,-0.016113271719304552,4
-0.5629709484966152,-1.2303446017529058,0
0.5344934488357828,-0.1115255535990841,4
2.9638229070269846,-1.180179499821686,5
-0.10779163487930153,-1.642851831656662,5
-2.0469073649350373,0.3031821336507362,1
1.415559592267998,-1.1424416949240492,5
-2.1944785104675466,-0.3464511653021302,6
0.21822189136417028,-1.182601041713258,5
-2.075671791609935,1.2995678505711805,1
-0.2992375585487944,-0.4306720721614681,4
-1.2470407748321501,0.9132215161443558,2
0.8832047553537818,-1.1199989870163862,5
0.7229994347971821,-0.9206871720557621,5
3.038351265861327,1.8152603847769309,2
2.8340724178458743,-0.6079837109679439,3
-1.252049204801442,0.8525509216940051,2
1.384647734680655,-0.8227933588830523,5
2.7859169158895294,-0.14940393651192052,3
-1.3922617780909077,-0.35620478666240246,4
0.5703744102139715,-0.4366998762833404,4
0.8722456889263367,-0.8795307109201628,5
0.545334128268852,0.4034814111871023,4
1.1316885218092916,0.6443710716126627,4
2.8002001842947055,1.0740801807407219,3
2.9977184868465394,-1.238624977666883,3
-1.3531239660756353,-1.049304427114445,5
-0.5921846240755603,-1.2070912606133248,0
2.9444350133046426,-0.9457929434523633,5
-2.169533040285991,0.07790401512911854,6
-0.9181023171077441,-1.5403240452800924,5
-2.1441173516506997,-1.064598340992607,6
1.2324824051052938,-0.04324186957568325,4
-0.31972715012167596,-1.5028742751388628,5
-2.127465868072183,-1.2349664884052174,6
-2.0553049699949217,4.40358155083148,1
2.9329504595113933,-0.7302908641096474,5
1.0859228604334938,-1.398628880671648,5
-2.0729651921122687,0.8136638892799037,1
-0.9786916509543694,-1.0619584459604137,5
-2.1927839222999843,1.0685553549153322,6
0.05201132946689764,-0.15194625675647044,4
-0.9131220573411668,-1.8428698686960499,5
-2.251509336991449,0.6128325513526973,6
-0.05220211457102425,-1.5704391937305628,5
-1.3917463824367429,0.27681164632533367,4
2.838160402042716,2.61703466770199,3
0.03892792172266979,-0.9634285504688823,4
-0.2975313035026175,-2.014899777652648,5
-1.697797786307441,0.9709606206542586,4
0.7450189945187546,0.14839521378248288,4
-0.696160029996099,-0.10139006072066722,0
1.3771233792177424,1.078226188177102,4
-0.5990322883065075,-2.28944013769261,0
2.953323179119893,0.9343188909456119,4
0.8394795733125071,0.5113262908473957,4
-2.326887861555532,2.6868424709528718,6
2.951195087700665,1.5020673493931986,3
0.3993965464081286,0.1150670281454309,4
1.1039300830170395,-0.20363821921912045,4
2.9871466785026484,-0.863606906389775,5
2.7076763876733256,1.5149239871310336,3
-0.027178955911715305,0.7317010240332317,4
-1.9954172956561436,0.007359832630917343,1
0.8011549259450829,1.1887029184222675,4
-1.688852636940639,-0.5388173887108295,5
-0.7903776726048499,0.0025355208828856807,2
0.3588021513018764,-0.7569475258741871,5
0.6548187098489522,0.7543047038337211,4
2.7932047025525977,1.8705174577854309,3
-1.2157188794219524,0.4231563966120931,2
1.3660866177584388,0.9171897726789151,4
-2.180334250224062,1.026732104440463,6
-0.5930650907091252,-1.3230868596821306,0
1.4325646343006118,0.32548502874186125,4
-1.6947345050230538,-0.6466369581804566,5
0.18356515479629734,-0.6626690992521884,5
-2.1521607674204177,0.6252769000667947,6
1.0594622621895995,0.1927979728334872,4
1.3999290921611158,0.9635618942975922,4
0.38188569790465066,-0.958656809884368,5
1.1911026391138426,0.31407261596357056,4
-1.7635389782595372,1.8587663432373807,4
0.029455971046634513,0.19308622125138897,4
0.3214667978106045,-0.9020966988073743,5
-1.7125005567170568,0.48165740006603336,5
-1.595343573481916,-1.0233548288351366,5
-2.012120255645306,1.083006850627916,1
0.13410070301030438,-0.5522176978782327,5
0.8761754686912662,0.25116406585027184,4
-0.39559221614133344,-1.0085713006438106,5
2.925242950539395,1.4036360817572897,4
3.003693787689843,-1.0991290516297716,5
0.7672819123041623,1.1152760584547494,4
2.758507069513588,0.9271890147562408,3
1.4128001294065418,-0.014420894535411045,4
0.8978459320993878,-1.008677929380497,5
0.1808114156505186,0.6397155926727619,4
1.4094841346242646,0.5299079227983967,4
0.6331701507107286,1.273676819972187,2
1.1521987035048875,0.14831818063516333,5
-0.6354454582844284,-0.8933983933502115,0
-2.169646676451005,-1.189428127152921,6
0.7711486049291134,-1.621406275730377,5
-1.6127700442257278,2.432487714156003,2
-1.9303281049291796,-0.6123191071476155,1
-0.6192153029670108,-2.16457124178196,0
3.022301863230481,-1.3585834825311294,5
-0.9189459217199606,-1.2059436883491619,5
-1.7259589511925677,2.275905057413605,4
1.1808269615571445,0.9877457211020378,2
2.7594165261698542,0.4324569617208779,3
0.48948558471391823,0.32126992090736084,4
2.826287011949251,-0.6046521165021977,3
-0.9484225410257133,-0.343826134844498,4
-1.3410413353618866,-1.237098919894977,5
-1.903514510921724,4.865325834912082,4
0.07654752450769733,0.26821064491288754,2
0.8673272406711892,-0.5247355193908524,5
0.8992934523666466,0.46761074386587026,4
-1.3508692613219702,-1.0860468668344287,5
0.09067518890991129,0.3325265720804383,2
0.7198986806922499,1.938252510434512,2
2.824552543324026,0.9236082680845161,3
-0.08371248556072172,-0.8447564281018365,5
-2.2137245670748693,0.5719806930191408,6
-1.7449057943630186,1.9627258789517004,4
1.2708730768584997,0.1023291613542806,4
0.6722352811273525,0.6408825230674161,2
-2.013581626455778,1.1124047665921148,1
-1.6812260764467268,0.10619793105728705,5
2.787784071498314,0.05312307508388769,3
-0.03641199739569306,-1.1982096530638529,5
1.4703049917526352,-1.607543356272507,5
0.8673132594092878,-0.2890481557609516,5
-1.383801797587299,0.2096492437854543,4
0.6615997205794726,0.4926360532262239,4
-1.6700307814030042,1.0132602699706759,4
0.5442473237905052,-0.9305698969662632,5
-2.085912625484677,1.8895942891561324,1
-1.0269665989502679,0.21078678955244184,4
-2.2122161946045393,0.23142230336950254,6
-0.8217411489817703,0.4742716865394346,2
0.5485495580128512,-0.03270683190395766,4
-1.1504546021973912,2.106654301148348,4
-0.6143930516984815,-2.1405997997236295,0
-0.6724216037207417,-0.9616219540062889,0
0.16151874610071643,-0.776950431671557,5
-2.020660310714377,1.0939751375389297,1
0.5386346533747437,0.4266280445035827,4
2.7256280946952076,5.338985345174709,3
-0.32311104267970403,-1.8701444461223924,5
0.728596675337263,-0.9588058285715009,5
-0.5052272999429833,-0.03746091764755816,0
1.2702107794916853,0.17633285875385252,4
2.951149776958274,-1.2842700787683337,5
-0.8871357585665505,-2.0057750761817723,5
0.5197645647575133,-0.7423075428793741,5
-2.040494945946546,0.3760456911404204,6
-2.1399127457012295,4.124418396307967,1
-1.6265710999622953,2.4700393641651464,2
1.3938616756916986,0.3739081406589633,4
-1.7598371252058744,0.46273485254906205,5
-1.4639832523540033,2.122828231453153,4
0.00548024109505979,-0.05500241689222804,4
1.283837995656216,1.2837565887408737,2
-1.7027956482927926,0.4634930900253253,5
-0.012615370182717245,-1.725195227908431,5
0.52204010002211,-0.9550470934774145,5
-1.9358499293911426,1.982491256989152,1
-2.2068207904881225,0.5512021598197951,6
-0.5751729399065483,-1.796476597635186,0
-0.9277034187795893,2.2964327305581405,2
1.3777452991319827,-0.6641280798150591,5
-2.1745849423837273,-1.1574898710005608,6
2.9734823636707635,-0.7636007487130372,5
2.872031656758739,0.3253773591225441,3
-1.7016947205506008,1.4133201757542104,4
1.3111137764402487,1.0204404260988982,4
1.0458119289415484,-1.0826578462812322,5
-0.32409825324080965,-1.9604075790214641,5
2.829802418109271,-0.8792959579822087,3
-0.5708649467267299,-1.7516859852074784,0
2.834706800101838,-0.1051442713483317,3
-1.7196089175177247,-0.05496995375006532,5
2.8687005895175655,0.5699634523678271,3
-0.9212094179564052,-1.4672976156454451,5
-1.9666476043983159,-0.07473950104351221,1
-0.6334967151852694,-1.0111741965309966,0
0.003904641525645902,-1.8396598201015246,5
-2.34426579559663,3.045813305066015,6
-0.6275333915842202,-2.5833261923638164,0
-0.9203109494009042,-1.4448947492314852,5
-0.32952494850465286,-0.5875352390441733,4
-1.7890399658159715,1.507411096748106,4
2.905580430278321,-0.26068977479566585,5
-0.030733868980512058,-0.13837207357004583,4
-0.568017762586713,-2.8420279911683832,0
-1.7322598126286155,1.0275228116687471,4
2.815490428193843,0.8784117304818844,3
0.29394138699145334,-0.17482103413026884,5
-0.6402224940734889,-0.4266344542841567,0
1.0149702403899277,-0.9491620999482442,5
0.1708324970635255,-0.7081150374472329,5
-0.15350600940543127,-0.44348031348740935,2
-1.9968917065850176,0.07188271514319408,1
1.2625412504276499,0.45954080679155507,4
0.06292143132912567,-1.4839144116048135,5
-2.150039430573304,-0.8872288415888058,6
-1.903408568009239,2.0697279847064545,1
-1.303081593796957,-1.780466653526929,5
-1.9714250796145385,1.2553237947012204,1
-0.38909501896792664,0.310824955355123,4
-2.1678912360974647,-0.6210283036694497,6
-2.0012884070784795,0.6174454309974478,1
-1.6870303769728876,0.8853964032115147,4
-0.05713924829375944,-0.4838164353124532,5
2.9722352904537046,-1.4593095758007415,5
-1.9247488586360149,1.8007482084831854,1
-1.7653739529944343,1.0217758409661206,5
-0.913085353433382,-0.26981393307477414,4
0.37292061120203057,-0.4072586266751246,4
-1.3577045702476576,-1.342784582462913,5
1.317210869924168,0.909135936457821,2
1.436231100691018,-0.957153880755877,5
0.05039529728135841,0.16144420508883733,2
-2.263133858997516,0.07917773696816938,6
-0.594857890108755,-3.0636938988034386,0
-0.9133222231312638,-1.5916569496046113,5
1.2079265267209118,0.5393963193826202,4
-1.9393145691263494,0.4481001731697205,1
1.016915049987442,-0.7686477987427457,5
-0.9656660834925116,-0.8953270615652612,5
-1.3593053086976963,-0.23634435417384925,4
-0.8012336771454761,-0.3429654176171413,2
1.2374251822458262,0.8950619747627206,4
-0.969350156624896,-1.3407171106697897,5
0.36644663509998265,-0.028329077473827437,4
2.8879948914827214,-0.018559007785716654,3
-0.4647776704223976,1.3117169457874087,4
-0.049290010010838714,-1.6591434840814419,5
-1.3879797779481227,-1.3392870013584732,5
1.0321721469235228,0.7206734790446034,4
0.06076934950214194,1.431524276894081,5
1.421583837648205,-0.7832722047878696,5
-1.9967110354049742,-0.6415676891911197,1
0.013276245922891115,-1.9817381649448493,5
-1.2665033990296097,0.5890362202535694,2
0.7140881579590864,-0.1637059208862353,4
-0.30436489507599085,-1.7351385918356956,5
2.9883640025990235,-1.163925566028736,5
1.429197099992135,-0.9535219422171104,5
-0.26448402097789714,-0.8348722003114761,4
0.030153536415585727,-0.9045588521628002,5
-1.9976876495786924,1.2997130132945134,1
2.9118077051851543,-0.21140055357780452,5
-0.1915329946268286,0.23665771705977628,4
-0.02560086841553927,-1.575405429978925,5
-2.239691637808542,1.1956287705364663,6
-1.8638124312710938,1.6545265432262193,1
2.7652227400377245,3.903011384149073,3
-0.5910149389901658,-1.3911109484397457,0
-0.5680405379961012,-2.730124854707728,0
-1.6506668623416811,0.6889957184868074,4
-1.9814112925324907,0.9769266056157262,1
-2.1687681243466983,-1.0093401007412126,6
2.8833797423196432,0.5483801905843946,4
-0.031091048365474272,-0.3548268626803619,4
1.2903752656304674,-1.4317162171073452,5
-1.636987775325528,-0.7290214790613249,5
0.7468792856620838,3.2295746939100334,4
-0.8663227222274675,0.6453434678741597,2
0.08753290920890804,1.3213258526152027,4
-0.07064603799683272,-1.1779821900596612,5
0.21384319154237888,0.11535313477592557,4
-0.6511340362215244,-0.8216699342934309,0
-1.3756385823919046,-0.6428747418322039,5
-0.9322198427368734,-0.5143736340806078,4
-0.9739493523045021,-0.06882505854153642,4
-1.9170671193849782,2.023911923730364,1
-1.4132914538266197,-0.13807453831881378,4
-0.029968053142257256,0.34998851370328493,4
-1.9919140071310502,-0.09670815699784668,1
-1.3210468469783638,-0.24580687700336878,4
-0.4914883953900402,-0.12183727468468027,0
1.2908499386137446,1.230603472627981,2
-0.04289227343305896,-1.6070737574303722,5
-0.6833937924728722,-1.696796581262229,0
0.13952725698780385,-0.8820536421134842,5
1.242327983748631,-0.6410880150804751,5
-1.9289497221234875,0.6981611370350053,1
1.000296515071657,0.24714665263406632,4
-1.8824819615764175,-0.3051037138390506,1
-1.3134030627777527,1.4947477916686533,2
-0.9007745590673683,-1.0343715181802708,4
-1.720216275233192,-0.2909056860393415,5
-0.2893280697838678,-1.1375210883198001,4
-0.3814760905889578,-0.44272056069608534,4
-0.6140354599351531,-2.0780570055963636,0
2.974933076746293,-1.110625996525128,5
2.970665602165777,0.10544253286540455,4
-2.239506355801574,0.6251209078278184,6
-2.1435453968599405,-1.5082870770576862,6
1.4459236997952039,0.11988845146337157,4
-0.9246218720322296,-1.8969791604636708,5
-1.7296772168334136,0.17941067010073997,5
-0.9434399736913338,-0.6478655124442889,4
-0.9123739113368579,-0.8280714889333622,4
2.857182073321121,-0.8032387286061821,3
1.3061168420994465,1.3981308194633073,2
0.7586136397527753,-0.12115091262268728,4
1.1145644028666772,-0.04169408947883545,4
-0.3200895972563822,-0.9168372992030235,4
-0.9758018786867894,0.6699310582981135,4
0.4637500560706559,0.8383242783776553,4
2.9503852651957034,1.0981823737788416,3
2.9260359042507442,-0.17451298622250927,5
-1.0552771929265308,0.5314749611828868,4
2.844920861613695,2.318931967422452,3
-2.2086215867822965,0.19999337176259974,6
1.4310363124419843,-0.9473619221511587,5
-1.679953140445815,1.31925529071239,4
-0.603923672555868,-0.6983485191896712,0
0.7161152279174089,-0.033739582840606665,4
-0.9390783034222571,-0.4884289153916592,4
1.2127563857243424,0.36037233403733004,4
-0.3041020291926335,-1.4067597787359212,5
1.2161164568794054,-1.0917518691306898,5
-1.6991359809743336,-0.5832842264696919,5
2.9435011978614236,1.1752417173505245,4
-0.9470294502169292,-1.5050876236845976,5
-1.4124253643904547,0.6119931071225992,4
-1.9876075839590681,1.3532547697110502,1
-0.934444271258421,-0.1938588609345137,4
-0.9820109500791993,-0.5423870997223997,5
1.2291201090191262,-0.6060116700731778,5
2.75903928125049,0.497418436629279,3
0.1387233305627715,-0.3835205668234722,5
0.3927111397578059,-0.9672170113656811,5
2.775972325886187,4.198957625990743,3
-0.3561171722140448,-1.7558262959621076,5
-1.6981667745024636,0.5541654680598923,4
2.8390490413464775,0.538729496315665,3
-2.0470647229760743,1.3686253734868414,1
-0.19518015525784851,-0.18409029631775925,2
0.7137455306906565,-0.9087864379762567,5
-0.9570030466341058,-1.443962162736834,5
-0.6434225740973886,-2.2915849793644782,0
-2.1149229010795496,2.143224549402782,1
-0.5602667030520745,-0.24191184501027452,0
1.2016459357220008,-0.7784188256827489,5
1.267577144715241,2.2291843947086227,2
1.3095936303646176,1.0831154620192869,2
-0.9468936496680513,-1.3317402385913568,5
1.2624256929737463,0.31904533599297785,4
0.8454095024781886,0.5498954893581358,4
-0.9395941249089351,-0.2749858605356846,4
-2.2175211620325954,-0.4584183831581595,6
-0.5777976188584939,-2.3928638779216205,0
0.4519318509129343,-0.20443757699281662,5
-1.713190171016675,1.5077495660700426,4
0.9670387169070702,-0.643417110832714,4
-1.8951173610099756,2.0730423516625986,1
-2.162598089730569,0.09105022564723735,6
1.0860941772858408,-1.0665552266212248,5
-1.6943358943591396,-0.5410092923988602,5
2.9999957059419344,-0.1081518164453578,4
0.2572686901598291,0.7522446098601122,4
1.3981033999714085,-1.068707456416488,5
2.8508530945810606,-0.48020735186692864,3
-0.622610697395065,-2.332777846581593,0
-0.9534551931464736,-1.6443245541608935,5
0.8147144299418457,-0.2202058223614331,5
-2.030668658891274,0.027180601538048396,1
0.6647272094078595,0.34927957760267425,4
-2.0469328710125305,0.3774404048644906,1
-1.9761353261224381,-0.726942556912364,1
-0.04305266661706392,-0.7542344619651173,5
-0.943783980342953,-1.8174830947896714,5
3.0183918128827796,-1.2051657753474598,5
0.11000796004136937,0.43583280941970126,4
-0.40506857393727025,0.003634379485887143,4
-1.7176299165983453,1.1244573213704516,4
-0.30158855019197917,-1.5607357286267014,5
-0.1880326461108109,-0.004208625040180859,2
-0.6023285524845872,-1.37901453891846,0
2.8476644861260865,-0.8382433323750261,3
-1.2967908997630337,-0.657984298027621,4
-0.6365450804356065,-0.08400306416741751,0
-1.9838460364443924,-0.31086361950696284,1
1.3502739896641152,0.6554598404147411,2
-0.9112696450334262,-1.6274611002988504,5
-0.6118140807139129,-1.544230811007672,0
1.3837749918039828,-0.14186601959374456,4
0.20688654843254686,-1.2430883886034485,5
-1.2763844566889384,-0.957076009034592,4
0.04584581957863766,-1.5310963990656772,5
1.2329124269589802,-0.10024391701341484,4
1.263972195129503,-1.1038217726659225,5
2.7098368967888384,1.6955244791223696,3
0.8808829769938473,-0.7366972641164019,5
1.247408599875384,-0.7940377646338238,5
-0.6024835713627459,-1.515744858107744,0
-1.636987775325528,-0.7290214790613249,5
0.6351028187317275,1.334947438145265,4
1.41997652390915,-1.205788320056983,5
2.8572003697670914,-0.5427823321887121,3
1.0301956830875654,-0.16444083109865898,5
-1.6704861477235982,-0.2371139993488991,5
-0.15789398935547325,-0.8961136128022823,5
0.19716919194439217,2.5966692764000006,4
-1.3088990255596027,-1.5562553815370141,5
-2.21363726924931,0.6227457657279911,6
-2.1728964367412766,0.2639580220941725,6
-1.9779296578254257,2.53336825474268,1
-1.3289342738851484,-0.4103843564806533,4
0.9039375053947551,0.5420917929635004,4
-0.14120656910229865,-1.0105112923177686,5
-1.6700441925260265,-0.2148935459466848,5
-0.7387254445414887,0.48049274723791113,0
1.0513551198249311,-1.201510357596461,5
-0.15575878279322727,-0.3545124590624997,2
0.9062832927995281,-0.01929336633345028,4
2.848004222983518,-0.26125319304138084,3
2.9432192243015045,-0.11813172116571462,5
-0.9683798905267628,-0.9927240846949732,5
-2.004410252241802,0.9298903345071401,1
-0.593425615810431,-1.043450431125961,0
-1.3256670020324341,-0.5602780229848311,4
-0.5760475533523853,-1.2199719521229888,0
0.6550532040204551,0.6069301020472399,4
0.5139206336525272,-0.5547315844071402,5
0.761664171669506,2.7796989331140334,4
0.8765121174362235,-0.6668884219529109,5
0.8862162863286513,-0.9482145134008102,5
0.7185928286069516,0.2744998605957709,4
-2.2115215997389246,3.6083991107448092,6
-1.38061335236401,-1.3336298810023182,5
-1.2530403742069178,1.016291610015042,2
-1.6753746187863932,-0.10239978711150721,5
-0.5692234847113977,-1.4217370463625738,0
-1.3938642303702427,-1.168346165099451,5
-0.4114488870859583,0.39280394465059454,5
-0.631398421141618,-2.308822129396211,0
-2.1917392480834117,0.019514858410360617,6
-1.6858213603138144,0.16947326739122215,5
0.46856245397002705,0.6769939085993577,2
0.31927025892814387,0.6559610339951474,4
-1.3418025281369383,0.03110140987898467,4
-1.3178193949998565,-1.9972948787277627,5
-0.013653961822780447,-1.685254275160042,5
0.0030159413803946267,-1.7033468058865862,5
-2.1299143188577845,-0.14717751688587605,6
-0.20219940413503576,0.16715275853578793,2
0.6830975619229053,0.6509844889837636,4
-1.6854822030477787,-0.1064402414488984,5
1.2698461774323708,0.12667480392222907,4
2.937511234838966,0.5947751057260909,4
-0.5717002308071337,-3.148036645408127,0
0.08258286942300568,1.8090453606337673,4
-0.9602493441197283,-0.32902361787600914,4
-0.014493747188880787,0.5383876468504584,2
-0.03004446104628411,-0.36085231226687475,4
-0.9087513576473167,-1.5494736294528095,5
0.6182100371489164,-1.4202085808719795,5
2.819430564312029,-0.6385928661801287,3
-0.6096628632068654,-1.8782598250035825,0
-1.9123165080718398,2.0505671081827677,1
2.70543926501487,1.7992349396323648,3
-0.6253424939175033,-1.1121651499171803,0
-1.3616591149746835,-1.2544969360165734,5
0.7167724649124401,-0.8424641302306771,5
-0.2838422609485104,-0.6418985016796899,4
-1.3439910958280608,-0.1155980056263433,4
-1.338614336704822,-1.3599095428456487,5
-1.4146327362078739,-0.16336683921167322,4
0.8454516169127692,-0.775616928606103,5
-2.1602042450463292,0.034833236228160855,6
2.958823140645482,-0.6080362051713181,5
-0.9204093975721798,-1.3798217968728583,5
0.8165108715604564,2.056900973831464,4
1.2247351078861708,-1.0296381434391855,5
-2.1915269058057003,1.1185701372672592,6
-1.3711921346580411,-1.5564005782476926,5
2.8598354047513737,2.7340475412896725,4
2.856907506894724,-0.5584993823082048,3
1.3860949902144775,0.5280705656731666,4
0.14185720966218585,0.1669543915084281,2
-2.1577314981059996,4.319076104456063,1
-2.1651726562891875,0.45700712727481574,6
0.26426323966312004,1.152158099945374,4
-2.007482326212945,8.810013048976842,2
2.931701507188268,0.6328088376606762,4
1.2973150920601573,-0.3245743763930852,4
0.5380045507695181,0.5006446075824086,4
0.3307352733540493,-0.8020794469913706,5
0.5471738478205285,-0.9450000082708157,5
1.3992254107795004,0.5230946415575074,4
0.31142901069657847,1.3933917698971587,4
1.0558987850401496,0.8813578570126602,4
-0.29695528816013184,-1.102926279160148,4
-0.6632630759698721,-0.9983170044470826,0
0.8229804300128745,0.9898871655138578,2
-2.1138391529318583,2.835308057523739,1
2.9711822762135727,2.874293907735915,2
-0.3043461324884825,-1.7103750331188028,5
-0.3432811786459944,-1.5709583524185748,5
1.4147384414470145,-0.8850332133906108,5
2.8577797277626673,-0.6727753139686466,3
0.14229358509572795,-0.18062504485042702,2
0.49255572371744727,0.724613437132692,4
1.0472898660244432,0.12010746933720634,4
2.8157195057699114,-0.33927112373519686,3
-1.6507946164195388,0.42849555499022035,4
-1.9385247295101797,1.851197469901767,1
-0.318761889305906,-1.5299569694527664,5
-0.2922302870665394,-0.7598761272364115,4
-1.3673815293110947,-0.7901763402335126,4
2.9288830386121476,-0.8373851795019739,5
-0.30127797627387676,-1.684392367450932,5
1.3858694995534657,0.12586420934132103,4
-1.0531780504316364,1.382505118430224,4
-0.434560954681635,0.3421625084065566,4
-1.892725452437345,4.16778569075882,4
-0.971447550552022,-0.41709607052316755,5
-0.055470402472723446,-1.4259211397363858,5
-2.2143056363582456,-0.06106200289577486,6
-1.6768782718370892,-0.07180092233606519,5
1.0919627464718702,-1.2568336905639388,5
-0.6588653756853835,-1.0369151869911089,0
2.4590999283002257,0.2852710022392491,5
0.1351340327891285,0.6359877198762673,4
0.46488657970616665,-0.45055191507931136,5
-1.7420728837356418,1.782477682131757,4
1.3128904856582457,1.0532334181954284,2
1.340719059093805,1.2596945817600518,2
0.4975529939911011,0.3584071282090393,4
-0.9226960616705645,-0.6955293637468124,4
-0.36704602322270463,-0.3067276868815628,4
-1.9691707018548912,3.169679987772445,1
-1.8062051785733908,2.9315248835253307,4
-0.9700471370731895,-1.2419711174609216,5
2.792780583854892,0.47970639491985434,3
2.7548078309194786,1.3411400811923293,3
-1.5578857443946619,3.3912681579511363,4
-0.15187775013354873,-0.45063888526615503,4
2.8191787538823294,-0.29108839292992617,3
-2.230556838317795,0.41942756205529597,6
2.977119000294979,-0.04302820967121791,4
-0.294772944092629,-0.5747118994311742,4
-1.347737297839832,-1.4598685901553032,5
1.4275246417523784,-0.8551658499328932,5
0.10874442390200262,-0.26154852160642705,5
1.007204357333562,0.905645029014811,2
-0.4014212712413301,-0.9301891944492029,5
0.677798933428063,-0.16012092080347667,5
2.9137527444435,0.985107619951555,4
-1.3639307139571402,-1.2554049959173497,5
0.27862648586989713,1.4412754459765131,2
-1.3541505458898926,-0.8855779254914876,5
-1.3593608858733677,-0.912416890072784,5
0.28358597002726726,1.0987001930278848,4
-0.5921858408456329,-2.3023032321190477,0
0.08966951159669193,-1.7960709281212568,5
-0.6574271318959726,-1.946865640355266,0
1.39716447337464,-0.932414440261411,5
-0.11295330654836683,-0.07831773515042853,4
2.795517520217495,0.47164429892341175,3
0.11457342461383768,1.1181509947694197,2
-1.9820881622162223,-0.5119415602821604,1
-0.45704261784292843,-0.8059903781889621,0
1.4360381223680874,-0.9480748570850326,5
-0.048113949824040034,0.1096819782032944,5
0.8062753767286317,0.30376270683369905,5
2.8355702712883737,-0.18551134954809217,3
1.3871489962944559,0.5335320556626943,2
-0.639093687919528,-2.253229787740915,0
-0.3031743958427483,-0.2029966386491352,4
3.0140585955750034,-0.021818008607963603,4
1.0327019220768003,0.6299482812650157,4
-2.1656960047995386,-0.7724190746967603,6
-0.4313035547578157,0.31975490956944796,5
-1.399426294121898,0.3804278979799036,4
-2.192376822418146,0.20021473300615744,6
0.5903175377496179,-0.06281022884887873,4
-0.6292860493377116,-2.3171338478669288,0
1.337261479879868,-0.37306226957164185,5
-1.7094464371503117,1.811119900995336,4
0.7611672225697819,-0.2266670938565719,4
0.02780759116240357,0.5922570892596687,4
-1.6312581601244678,0.37119289330730093,4
-0.9612928769448669,-1.5328330548672693,5
-2.2392541519523723,4.601675311596951,1
1.0756430063008608,-0.010452804716668353,4
-0.5667046430579169,-1.1419686798451687,0
2.8028166816583275,-0.3939412627694224,3
-0.6230241130257463,-1.746932576018469,0
-1.6797648762624702,-0.2838915974757821,5
1.0322156606609414,-0.207720907863642,5
2.81324650112949,0.2430384027639631,3
-2.280724360714019,1.088139876170883,6
-1.8728080394096858,1.6509305955713574,1
0.010596531907047345,-0.37314337106351914,4
1.0963662046648022,-1.2147172906076655,5
-1.2388181608058502,0.1782296345977849,2
-0.9750619397759414,0.07655469976028434,4
0.5305691638750926,2.9852692744444744,2
0.13154372053243962,-2.2829140923521405,4
-2.1890041706697625,-0.999117010940104,6
2.9297058340913913,0.5369167203771428,4
0.7567062170512903,2.56678022678828,4
-1.6933051751456902,-0.20587966113264716,5
-0.35390610590181615,-0.5423939654416113,4
1.2587591207238749,-0.00798174265427929,4
2.8229588497908824,0.7120343876377448,3
-1.4293675817390543,0.05083594880266785,4
2.7973059332971357,1.6509953636263974,3
-1.7592256998201152,1.1157679511572898,4
-1.3289099375597773,-1.4743862188284955,5
-1.7557221828066332,4.127950073423643,2
-0.13475725386049878,0.23959624108590127,4
1.3660670944044004,-0.6375964392537093,5
-1.6845444871223527,0.9552833347208358,4
-0.6037066342671004,-2.3225086115722857,0
-1.5649607909697913,1.8371011594434847,2
-1.6697702856426204,1.2189259755831083,4
1.422237101607548,-0.8169233922918884,5
-0.32184035514648357,-1.503719017877333,5
0.34103372448946967,0.3234995087560222,4
0.9299140455458539,0.03322138480539759,4
3.00349910569858,0.18489769063221145,4
-1.974583479721446,0.12386881987514482,1
-1.3855033695997736,-0.9944232742639849,5
-0.051373614503885334,-0.026772163899224245,4
-0.9507747760576243,-0.34999234876077073,4
-1.0244732634127132,0.2908298067920346,5
0.7356833176782976,0.2124879456224144,4
0.1664632793493253,-0.5796370503541618,5
1.0211551317616367,0.9481815066981624,4
-0.03289401302236511,-1.6993891877409302,5
-0.3471940505163248,-1.7183470060243053,5
2.8205341628895875,-0.18507816418536643,3
0.8873950062745993,0.5747666068135326,4
1.379893741040498,0.49976694838854885,4
-0.6473692414659384,-2.113425736030291,0
-0.2864443120593281,-1.9453556115055646,5
-1.6781322208844451,3.116150726179798,2
0.1016604396933083,-1.5969369838934377,4
0.1633773428380963,-0.8114511940500924,2
-1.96381980708095,-0.29641446421387435,1
-0.9142365942694896,-1.4828226776566042,5
1.0470657611967509,0.20073014535421335,4
0.589707749563507,1.0068395919428765,4
-2.007702838582932,1.1239109640500697,1
-2.1889324172951348,6.8474938901866444,1
0.3720792504880154,0.4673522082158188,4
-1.6212200914756498,2.6766713238785655,2
0.8128110161740585,1.0261781194887676,2
-1.0696226470987178,0.20766930441869907,5
2.8231178592607993,1.4842890595125715,3
2.754557575648968,0.3562461852189854,3
2.900154094750017,1.2863271416291229,3
-0.2893748940787123,-0.7275347548321871,4
1.4259212249435642,0.3190979323902406,4
3.0978181973776926,0.7009233572629325,2
0.04392206435694963,0.183268988360621,4
2.8036835283583477,1.2015398037875036,3
-0.939932731661028,-1.021708621018138,5
-0.9478606531157561,0.504075934658146,4
-0.5203125080059375,0.430607163300888,0
-1.6916552458658167,0.8679476571658091,4
-0.03799825630095338,-0.41732504761218,4
-2.0086829796802053,0.8798878652961162,1
1.0709087480345272,-0.015057680574158717,4
1.0561674270693417,-0.42739547934904965,5
2.9909643327827817,-1.1042175851469596,5
-0.9891635642255997,-0.39026563067986736,5
0.5473718730458346,-0.1790021107140915,4
0.1676808200775311,-0.7249748804601527,5
-1.4511458927370027,1.8675107809328224,4
-1.360896893407792,-0.6929379070906061,5
0.009337410512563107,-1.067860699894888,5
-0.32844853073759994,-1.3971608387587091,5
0.015116260041386718,-0.3126681386142093,4
-0.1271410974810846,0.2997015153776416,4
-1.3710361437863996,-0.1603214498824928,4
0.022258547418653143,-0.3970192153674705,4
0.9975297644183683,1.0625181599453466,4
2.814423656551706,-0.5846382347327562,3
-0.6543588006652081,-0.557283984208039,0
-0.04182946723441455,-0.40718677430169653,4
0.8280702499092157,0.7424584296220192,4
1.1702299153940425,0.4423972016419125,4
-0.34154776996215963,-0.4579593899683432,4
-1.063893840202022,0.3245840482559273,5
-2.082483156503094,0.9517153794879396,6
-2.1494866433890016,-1.066744687491604,6
0.03217916692717554,-0.7212771524006479,4
0.0156335534023746,-0.7434911372827067,4
-2.292676697759275,2.846342681542134,6
1.1754192592273789,0.8024508021215669,4
-0.34308471057683554,-1.5461236650561472,5
-1.4062139345848952,-0.40213822919474745,4
-1.0936367445172037,2.4093463191711795,4
-0.1375043476471782,-0.08813188637884131,4
0.1260409171057588,-0.5215272284746781,5
0.049362177857720804,-1.2132854883490158,5
0.03231301797396026,-0.9284517788304585,5
-0.05156721902474787,-1.4243608624154978,5
0.15033977151089775,-2.591828364263693,5
-1.347022729072641,-1.589807450377238,5
-0.0028441589640779696,-1.929513656757607,5
0.014918795600619537,-1.1081997910850994,4
-1.7018964736256788,0.9993042744462789,4
2.760890040857539,0.2936652828917457,3
1.083590088495835,0.5044660341716624,4
-2.1338538737461197,2.0014642098834994,6
-1.6762436220777792,-0.45306475976538463,5
-2.2053491330956585,0.6312848532304204,6
2.7974509861744647,1.9389709586653783,3
-1.4149639572265569,0.4940673305783131,4
1.1709248036967066,1.1296119186235876,2
0.2661457869381991,0.6732513703096277,2
0.9564394100456282,4.735266597827705,2
2.811294884726651,3.505998763185054,3
0.4128809389397349,1.8579565070808206,2
0.9181547862288367,-1.087715561299597,5
-0.16184410378498684,0.8610175431847324,5
-1.3285363682552795,-0.6486306654211057,4
0.6713088870048185,-0.2746274556763405,5
-0.5977078946654738,-0.9552938269991627,0
0.7185520478325476,0.11950285461017773,4
1.440349424569151,-1.157288230404706,5
-1.7032748420257908,-0.5445825903242029,5
-0.23210622385792462,0.43395913327809044,2
0.9195519676290553,-1.2329815727336522,5
2.889021752513503,1.5597374955305348,4
-0.6701276079563641,-1.4870004590000574,0
-0.6197244774425699,-2.72602916668851,0
2.8516369117458606,-0.32491332715290333,3
2.99751294747666,-0.8971067878540274,5
-0.5898223697335643,-2.6710073519118893,0
2.8077197222149235,-0.41673744642775556,3
-0.31033277553231053,-1.582543537630311,5
-1.9621281229405803,-0.3672942669541929,1
-0.006305727887944368,-0.10385086511493384,4
-1.681451394676644,-0.20114117392620207,5
0.08688651712207397,0.12007527029796214,2
-0.33254778616579805,-0.5845862224620972,4
-0.6495939827863689,-1.116633586717485,0
-0.5370381310292208,-3.1121369068118154,0
-0.8675953181186948,-2.119032247618285,5
-2.060250014505204,1.2522520337259397,6
-0.9895580221061334,-1.2460390990926378,5
-2.094239287292244,1.710050911937047,6
-2.1716637141403266,0.1369386084312864,6
-1.7290467529190976,1.4259246656341857,4
0.03470044723154987,-0.9926096870055467,5
1.4092197867065783,-0.9275953913392343,5
-0.3114649499591956,-1.4188592523795938,5
-1.333653616480911,-1.5909070390629947,5
2.801057592760158,-0.35428832746540845,3
-0.3201219828135329,-0.6994696187709831,4
0.11821862802145044,0.6124080369537291,4
-0.07971025410073451,-0.565441583343374,4
0.13772410423035386,0.7394440911790156,2
2.9743819720981137,0.3933512531029019,4
-2.0977594881680246,-0.5249974140039924,6
0.8703918040948497,-1.1563208898492978,5
-0.9073662844935315,-1.8029253099275921,5
-1.3266821675083134,0.04630184161850318,4
-1.6110110258297299,-0.8434371418979872,5
-1.3799864993972837,-0.012848825083835454,4
-0.9212722427699431,-1.48563514162078,5
1.3077919886135363,0.8899344820705001,5
-0.5876704318548412,-2.9241525623850704,0
-1.318435405129303,-0.1365821856150951,4
-0.9315474818496986,-1.0990689016467619,5
1.2105482787431936,-1.0288655205616972,5
-0.9222745960096411,-1.38429878963007,5
0.3632191762997846,1.3421260166309366,5
0.011338030308250034,-0.9326067720126106,4
0.04044227145944712,-1.24260365364563,4
-0.9699524019314215,0.5824008854208921,4
-0.6579458241711393,-0.5144315242427688,0
-1.74096605149308,2.234925146897513,4
-0.9159709302471811,-1.6761403474316188,5
0.4986368916077396,0.6920634616029259,4
1.3903847175675605,0.3706886868259101,2
0.7186248784356802,-0.09411720188222641,4
2.935367727753493,2.81046487953226,2
0.3674973176162214,-1.1441453917336097,5
1.005247702378766,0.7030822244818093,2
-1.9848456609929126,0.7619045506452043,1
-2.0163734729689304,0.8847519667416343,1
0.31930627588854354,0.3563880619212574,4
0.18759966050802973,0.5918483055876443,4
0.12144280078873268,1.5458179777995522,4
-2.0108499901468444,0.3918643491749334,1
0.7214653670406533,-1.3808177139775621,5
0.9260291187667422,-1.3046607878694263,5
-1.7629960325189198,1.9942067002579889,4
0.5059269134348154,-0.5982831328742365,5
1.2007252548008465,-0.4871378058513376,5
-2.072378462796229,1.9913167272640604,1
-0.23697113144198054,0.08169686449303339,2
1.2275573146686862,0.08379603634140026,4
2.870451817371174,0.43937038961035585,3
-0.6374899239575039,-2.208501186944914,0
-0.5808743609611509,-1.1751015133911276,0
0.45887773676446375,0.9366190642395908,4
-1.7085953598072212,4.010120368799373,2
-1.7369328457531839,1.593352924098139,4
-0.9642496618604258,-1.5184150816152955,5
-0.6003986620514059,-2.529410680681038,0
2.434557665719169,-0.5828677638435131,5
-0.18239126963082247,3.808951666085934,4
-1.3391093731423434,-1.6022441732715573,5
-1.9830410652108477,0.9998133606423342,1
0.852371945280862,0.5797626551790895,2
-2.1791795048008304,0.9695938118796771,6
-0.5922628359822392,-1.820126004990839,0
2.991744862083218,-1.0140371337738086,5
-0.1818447879616304,-0.5892826192658708,5
0.8568549643317717,0.0716422789581202,4
0.9939147010605502,0.9620484362092588,4
0.6576242332036667,0.31235646005871226,5
1.5298585228540307,0.8674559917814875,2
0.6821621986019342,-0.09970819752433491,5
1.1518348681140547,0.49099997150344893,4
-1.9806890793963294,0.8222345990733714,1
2.7021323467127507,5.59648591886208,3
1.084324364078092,0.3002665536265994,4
-0.29874814704946995,-1.7640933260717275,5
-1.965772699399205,0.22387445706959136,1
0.9085249057573184,-0.9704966789225975,5
-1.8616490014880704,1.6553913630510564,1
1.0587026181113095,-1.0435924740290685,5
1.4791080820287765,-1.6040243666337497,5
1.1512298230969358,0.830089909281212,2
2.730813342437435,1.167411524008129,3
0.437810985979192,1.0618186386308974,2
-0.0033376402365970503,-1.5105497574377797,5
-2.130654137757665,0.07906353037464448,6
0.9738191377171386,1.090683690281507,4
-0.9243904577251438,-1.4621254497225384,5
0.7561868671972815,-0.3093702057731004,4
-1.3446628491249801,-1.5237519017458279,5
1.2573865179899664,0.5473486674984297,4
0.04912030510766059,-0.11274582842847046,4
1.4904128196760467,0.9415562139423967,2
2.8703158457113664,1.8668537402738496,3
0.8831270079225382,3.052954382630067,4
-0.02422167691420639,-0.07983550140747067,5
0.5925377895779187,1.2033077095872886,4
1.3275271727509481,1.251024815704272,4
-1.7727853835265943,1.3029719823312034,4
0.6519408636149949,0.5273015359492533,2
-1.3801241320377096,-0.376108971924451,4
0.9374396766676186,1.1694060047784005,2
-0.9146780168473186,-0.3161819565585219,4
1.2307601293423311,0.39354322163929056,4
-0.07066687359371586,1.0839659199408358,4
2.7949250824839718,1.3923068962260818,3
-0.6361668517849912,-1.0072427879099566,0
0.8062622882871738,1.2363266583585784,4
0.49405808665802553,-0.665427531276294,5
2.8950477958705423,1.2256174189766058,3
1.1979665395648762,0.5406408119309558,4
-1.3243146538204822,-1.3111247685207235,5
0.02211782371502041,-2.4689210766841407,5
0.9050347773211871,0.28745656734728636,4
-1.624627172987524,0.47286817900104633,4
-2.309835621437182,5.240993084100664,6
2.8067137402134765,-0.717944858731825,3
-0.2744783366009659,-0.6785114418876701,4
-0.22748621498018567,0.21842535587638234,2
-0.30514540492369546,-1.1062002358193572,4
-1.7165399033924278,-0.3389483640654012,5
0.6999954194358617,-0.6199214825024644,5
2.8573208937875547,-0.59869025339914,3
-1.3482680332721746,-1.6957737329712068,5
2.4775584630417575,0.3525086430492216,4
-0.008908197020917052,-1.7054009683631588,5
0.5249753848687267,-1.0437421375375546,5
0.8709603329278338,0.28299166938041803,4
0.34575528269276323,0.13126795331972646,4
0.9060069345021746,-0.8568786397610272,5
1.3969908847014285,0.01283671479428973,2
-0.9520428141568715,0.0008868387345288414,4
-0.9372315232013821,-1.3957024985761752,5
0.6413560577518992,0.20849466950240308,4
-0.6632630759698721,-0.9983170044470826,0
-0.3478012495208177,-1.2251601141714605,5
1.3692609478548285,-0.7078757755489736,5
1.0966121477770356,-1.1742628477508397,5
0.7296692752044157,-1.1693138148458453,5
-0.9381002544694128,-1.0209760977736555,5
2.9266449784940227,1.48580977503549,3
-1.3066229602494388,-0.5408462120046439,4
-1.6811200691931953,-0.008384288181852113,5
0.9243777280821812,-1.2154525497296995,5
-1.4295584211037418,0.9398618018561908,4
0.5482782982837109,-0.7492216860915234,5
0.10344002977478042,1.2313724306890736,4
-1.6889334490421188,-0.39946891015763614,5
0.07790287478151683,-0.19484002837373987,4
1.0142236476247528,0.31782622219984413,4
-1.3086604515325093,-1.7358968345578676,5
0.5102152945253511,-0.9597739980891042,5
0.9810957178017208,0.6035591551891344,2
1.4423112245238154,-1.3674408569657208,5
-2.348892184726115,2.913739340938231,6
-2.102397138397459,2.028829200498237,1
0.18733802668775262,0.7155244644319324,4
-0.3278889320582402,-1.7848983439031032,5
-0.6014458688710056,-1.1650125107285632,0
1.2210776664260379,-0.9595441459922451,5
1.1734902829393798,1.052972640091424,4
3.027365083583466,-0.2989916716392373,4
-1.9773646380186651,0.04848860716684351,1
-1.3706078403564315,-1.2021180345213973,5
-1.3322129198678998,-0.14480206766252118,4
-0.6838030612076108,-1.1862646106739425,0
-0.6193086369590072,-2.710262894776334,0
-2.1544952165212004,-0.7523416615739817,6
-0.5011499955114475,-0.9721590630008505,0
-1.8615797809179744,2.9549712720557464,4
-2.2369409709867187,0.6186561800349127,6
0.5366635477651837,0.003966519321389708,4
0.024561814746833385,-0.9444151426094219,4
-0.6465983947709658,-1.0815238134966878,0
-1.7272903677430933,2.219416684195489,4
0.6005498042325162,1.1982371152755165,2
-2.186133549810754,-0.6686766942310894,6
0.7801424076185307,-0.5015747246736713,4
-1.9000341392618227,0.11619718793088003,1
-1.7007749522186308,1.6052933243133032,4
-0.9662971958626442,-1.2926967672056178,5
1.1851573220270464,0.2915540158803621,2
2.993508484257596,0.25246007766645046,4
-2.142203992565896,-1.364638792185789,6
2.8082552963248446,-0.5467478827527129,3
1.373730072643259,0.5468153540515551,4
2.8585970466638537,-0.7843607897003603,3
2.8020551881096534,-0.012728186179365476,3
2.818188590193404,1.122264904112949,5
-0.020141843155279157,0.2787281550188425,4
-1.2802226091397402,-0.9586102905519529,4
-0.6261440004624852,-1.927916588581636,0
-0.5956560501444399,-2.310134272221676,0
0.7265074642085233,-1.136665411610551,5
0.03518627142861985,-1.390529223710425,4
-0.9566851329618195,-0.8018685363457708,5
-0.3316183947503806,-1.451671630001476,5
1.4053038614143565,0.8263297010131787,4
-0.08837501565349241,-0.3267685386227468,4
1.194658630754521,0.9495223603457915,4
-0.012278154795131946,-1.2692745154800207,5
-2.190498167374787,-0.9685143001589114,6
-0.624912692191987,-1.097611220748119,0
2.7525026221854536,0.5351615574473128,3
-2.1603963475520946,-0.9812373841750612,6
-0.612713033617481,-2.288465186512504,0
1.2398003330322414,0.44666931521412095,4
0.7374145035400517,-0.03438149815764006,4
-1.0644104431430623,1.4834834387842908,4
-1.9478186608608221,-0.42668639243999773,1
-0.27477983748894497,-0.9546810264416754,4
2.787826691729878,1.3959131636511701,3
2.885011652500851,1.7672599062191117,3
-0.6517059179132161,-1.0771216934463728,0
0.3283923443610065,0.4994009123416592,4
0.4894877316810413,0.7027882562614648,4
0.7854561843335117,1.6480535712556044,2
-1.2963382036765825,-0.7788716921736017,4
-0.27857061508761216,-0.7635719263620453,4
0.9344239849571814,-0.08875653148756793,4
0.2997618438771401,0.7197187281738509,4
0.5056310518726942,-0.6855574567311331,5
0.47873453086205997,0.513526917263196,4
-0.6159397793020948,-1.3247184977421158,0
1.0187630260150191,-0.6624406669886065,5
0.6916897903238015,0.2885016507396151,4
-1.6860298960273035,-0.49733289232896005,5
0.49703460662057775,0.47743873380928403,2
-1.2717113309333123,0.5126859178159507,2
1.0628972592442607,-0.9703596433181849,5
-0.6157433458448863,-1.2191716035527445,0
1.0659846338860166,-0.9287693609771619,5
-2.058589579003201,1.1530815527654028,1
-0.9468556035968448,-1.5050181294007017,5
0.8546079628568221,0.4275053571841569,4
-1.5327937102877878,3.078449605483323,4
-2.0014668548384975,-0.2683951437325502,1
-0.0322465121756209,0.634047092083334,2
-2.1135011723005284,2.2492612933504397,1
0.7290309254094356,2.918922315965591,4
0.49905052949596285,-0.8991247843233606,5
0.6897110770929737,-0.7230572023977415,5
-0.5779754156945874,-2.365466460415471,0
1.3089240007711778,-0.5152706590358099,4
-1.674400105734509,-0.24139095799960208,5
0.05308304145067784,-0.210186456322419,4
-0.9687535653841276,-1.5605716188347787,5
2.822329945527524,0.987832072759988,3
-1.468541350727205,2.148474759520047,4
-2.2017794605557914,0.19628467033823943,6
-1.3067757131417526,-0.3913018468989912,4
-1.9130816273451239,2.4941786237391645,1
-0.8685193114747823,-0.8664969507859189,4
0.3170754662576254,0.6642398586852866,4
1.0416773777178747,-0.5478123888468543,5
-0.6574092648342376,-0.8241784243550199,0
0.9911107168153499,3.8029579816038863,4
-1.3732802134149866,0.2149237408443015,4
0.9110538212629683,-1.0841103905770169,5
-0.9078281085242744,-0.5061176751159691,4
0.5662691072506415,-0.6116340653982788,4
0.3359389339272866,0.011501439980949227,4
2.809288008393148,0.7548639883084537,3
1.1708614465468228,1.2747271302305219,4
2.942911858984484,0.21541652327677424,4
-1.328196726871243,-1.442901148324002,5
-2.1396918893891477,0.36065597870683475,6
-2.091018860411153,1.893996916144896,1
-1.3720722728752133,-1.2247472078660768,5
0.016427503466851068,-0.8966599331399988,4
-1.6846962222499167,0.1634792432546387,5
2.8174065326332074,0.4337658085191611,3
-0.47375202433797603,-1.1290750816464445,0
-0.9165031508209159,-1.4159040113554024,5
1.3763268973199925,0.30178643938491995,4
-1.843678285061243,4.036341588190138,4
-0.04364263118202161,-0.12915014639123623,4
-1.5417665186846579,0.8100012778865043,2
2.84258437371337,-0.5889811267044814,3
0.3192363339163481,1.110238880300526,4
-1.8275258722725498,1.1847583983958214,1
1.253771988816945,-0.8969624279303904,5
-1.0649408334182147,0.49745845785686466,5
0.5354524795303667,0.2951314278362071,4
-1.983726407677848,1.1842255805885191,1
-0.0386861293363156,-1.7329045187201941,5
1.1662865330699734,1.1840984557231946,4
-1.6683873061529573,1.1936541017781361,4
1.030449630569357,-0.543144429372213,5
-2.1443336662682877,0.06715141248005935,6
2.870196358993875,2.5399725263898847,3
-2.0509510049255657,1.8696577130172594,1
0.42939858636539274,1.4335295230612635,2
1.0407173001902437,0.5195963658031167,4
-0.036385953198785,-0.45332795106832013,5
-2.008096738667722,0.5387894740452944,1
-1.6513371429842703,-0.48346464439910786,5
-1.6619236925212966,-0.4629403764703247,5
0.2803159737841555,0.5817207953191634,4
-1.0329616860014594,-0.3609738101798791,5
0.4551395931409987,1.1099123509332935,4
2.8472689261403863,0.6841084695900168,3
-0.010599077596983475,-0.6836392526983853,4
-1.7682922137413526,1.9531784489051573,4
2.944767487586774,-0.831035453484671,5
-1.3575429143288478,-1.649969018051583,5
-1.9358499293911426,1.982491256989152,1
2.856082466919944,1.0040368216694242,3
-1.7069879882387717,-0.33513003556920196,5
-2.148434699338596,-0.9296558685415641,6
-0.6703392986114366,-1.8621587907045039,0
-0.08314358070565944,-0.38978955832813966,4
2.9327675618885407,1.1628634136774896,4
1.2403219076750756,0.5927023251015481,4
-1.3865289426828016,0.5222518984616614,4
-0.6485047223559397,-1.9744989092996068,0
-2.0868450527468645,0.9160594198260928,6
0.7081810663582931,-0.6973615637745904,5
2.8626363052515984,0.07948485791316484,3
1.4703049917526352,-1.607543356272507,5
0.18816045782841098,-0.7663005457124629,5
0.5056198260628605,-1.1321916744298326,5
-0.9269143583381695,-1.2521975440390525,5
1.0421907330231654,-0.5384509846174182,5
-0.6664042426780379,-1.7734297297486865,0
0.3125497307176771,0.6982449478907267,2
0.6957670433018396,-0.540899507587365,5
-0.9513040303383684,-0.8712735345503085,5
0.7532409766109969,-1.107666490519596,5
-1.0261236144137098,1.7044991956895799,4
-0.8890374117580433,-0.6013622324165937,4
-1.4119750750413633,0.5799045875341481,4
2.868047200304762,-0.9264076392193525,3
-2.140985991058298,-0.12040340416656829,6
2.889449124651761,4.212710859351704,2
0.11442910946882101,1.1455618438548476,2
-0.04735130280753469,-1.844549231395088,5
-2.075814952937588,1.3358984728141665,6
-0.3923357949943238,-0.23341250842982803,4
-1.0027785276822074,-0.23533008120330545,4
-0.03082984231435275,0.6611990888650651,4
-2.2122002397561205,-0.7598089645418602,6
0.7239918966907193,-0.7937972753454468,5
-0.033001178582667934,-0.3335466532711562,4
-0.745562268512975,1.3177755382299272,0
-1.7788599633883846,1.016384878320525,5
-0.01527326029119297,-1.580433266097722,5
-0.9336788556485132,-0.10910918548144725,4
2.834502388713249,-0.2849628494552382,3
-1.3754144793240375,-1.414976333183478,5
-1.7094399371783273,0.5167931805223562,5
-1.3133284081351273,-1.647894461003226,5
-2.0200411943846026,1.37942788875512,1
1.1682802076747265,0.33614940514205294,4
-1.3987942480860722,0.4601749618973285,4
-2.011594006064988,1.29149114939886,1
0.09383198327526567,0.43010070115345594,2
0.911713830528608,-1.1645588064349037,5
1.3921194995685633,-1.1297680259857112,5
-1.3957729388033453,0.8349618417973126,4
-0.6039338699243225,-2.4436678289604568,0
-0.027976835840989367,-1.8680043170114076,5
0.16379859092756838,-1.1328004566320033,5
-0.6328082388787152,-2.554234781075493,0
-2.167482855995677,-1.2106069472241408,6
-1.776864584088316,2.4681363374247667,4
-0.900008321895063,-0.4351671351815878,4
0.8913658064055472,-0.6361945942084073,5
2.8129713004443215,1.3812084721876627,3
0.6215790139474446,0.7508574844861878,2
-2.033810223423417,1.8529713211548342,1
1.1889557136036046,0.7956583236940206,2
-1.3087964058299457,-1.720351275164001,5
0.5414760469016677,0.5477636996962438,4
-1.6418537339538042,-0.501717409143103,5
0.20178627092765158,-1.601888603211237,5
1.4228697822248533,0.7472641157592278,4
1.0266461410103616,0.6441960425933873,4
-2.1740413374919303,0.2063263879788746,6
1.242907821673308,0.3515992926278771,4
1.367184794639761,0.8484005006958734,2
0.4932642116339452,0.3814488719566422,4
0.1781134615060443,-0.7052045097087154,5
0.517181483809891,2.616876345859966,5
-1.7165399033924278,-0.3389483640654012,5
-1.653890428634109,-0.38546064466696334,5
-1.3115544979299567,2.0007849327140756,2
-1.7260241615426757,1.161457885886009,4
-2.0903300260029796,1.7236915826167285,1
-0.9366208002276233,-1.7091512158460092,5
0.4619636007180563,0.790810237126584,4
-0.9016113223824398,-0.4008270381870965,4
0.025875044284660143,-2.097770232194262,5
-0.9605486763053682,0.3752232120358067,4
0.011637476161063708,-1.1632534713864768,5
-1.796345551620409,2.559174736462435,4
2.954029438428045,1.1482504184926374,4
-1.3141733708936811,-0.4448398824928448,4
-0.918125347704693,-1.4504648004793264,5
2.79620578248836,-0.08662251493103115,3
0.8449189843819136,0.5330308813148089,4
-1.3383787683157982,-1.1058100193272997,5
0.19889522922830752,-0.8830777496670595,5
-0.25056525687916564,-0.9514451949909115,4
0.5417716512326323,-1.012271778939664,5
2.859084456055154,-0.5576291581824321,3
-0.021087288793433245,-1.5736011499561533,5
2.844995950045682,1.1115172810440674,3
-0.3363492794239008,-1.5929435000025387,5
0.04334296706380819,-0.8690828202430984,4
1.0852029360725304,-1.2374921708418312,5
1.3143610942752741,1.5068948292965756,2
1.0626337058526965,-0.8870403326474717,5
-0.003216426860466026,-1.4609889665995448,5
0.8131225502336655,-0.37582288285673965,5
1.4297202773926603,-0.8946442779429754,5
-1.3412910931305269,-1.1720864707008993,5
-0.3287411391602906,-1.7916827976295777,5
-0.15983140761669298,0.2753042920879782,4
-1.4184960657108294,-0.23002345575197558,4
-0.1667212336289656,-1.3995157403864023,5
1.260654090758882,-1.0217235325628626,5
-1.9920814775132547,-0.3884241665795842,1
0.6952021767038539,1.1272091383047456,4
2.937865098491544,0.33446746402524363,4
-0.5865964638265069,-2.191888154533323,0
-1.2529947958399863,0.24683104106377585,2
-0.015766358649741963,-0.6505747001079812,4
-1.3593053086976963,-0.23634435417384925,4
2.8375201072587313,-0.4139810614275372,3
-2.166024701562107,-0.6853944368056499,6
3.038652789340212,1.7723124426605674,2
-1.3448398033643398,-1.3532418873486254,5
2.9750553776564983,-1.0298648466126787,5
-1.7307876865350285,2.1335254605027796,4
-0.9738070169249046,-1.5157918169668003,5
1.0284383476099335,3.495030585489421,4
-0.5599213653972579,-1.2199693004291698,0
0.12889872560641535,0.6334951881990785,4
-0.49141021374124805,-0.36665513964313906,0
-2.0344043845672393,1.445242337263004,1
0.7363840577148018,0.12934348808434892,4
0.38671991554267315,-1.1429050162392487,5
1.0714116545876287,0.5959099954102239,4
0.19819687660778532,-0.8090884597864381,5
0.1847362400829699,2.73108002540677,4
-1.8247603206097671,3.0100458005777067,4
-2.136970394498047,-1.0864975680515392,6
-2.2057946528755927,1.2742911849223955,6
-1.8486345721557267,2.6125409547712293,4
0.5112968702880806,-0.8630294185639401,5
-1.9602140216315278,0.9423316007565471,1
0.16764897380141378,1.8593061149970247,5
-2.1073010152146687,-1.4378425510937776,6
2.9068228478471156,1.2330368589370109,3
1.0341902123421771,-1.053391180985008,5
-0.2423760488398324,0.3894977036995587,2
0.7508522758797223,-0.2023028337341894,4
0.17954419522175852,2.4380394502703346,2
0.08703397531399072,0.644912502527192,2
-1.6600971880807696,-0.2329610666634686,5
2.8645429201851704,2.2139625116225083,4
-2.195665980391717,-0.8495117054233324,6
-1.9470771497679935,-0.5410145507365061,1
-0.5846997683122748,-2.2406422668706414,0
0.02780759116240357,0.5922570892596687,4
-1.7209856701032473,0.267328719537115,5
1.0328008279986605,0.47107688690112565,4
-0.9836156088576161,0.22017777455270382,4
-2.0379408442906466,1.2759603517164742,1
-0.3563290247564824,-1.7155548826086195,5
-1.3477728232667654,-0.9389845598715347,5
1.263760276893292,-1.3551993619468126,5
-2.136044029841099,-0.14962783703053267,6
-0.030795698890522194,-0.7895196000692772,4
-0.013033677796686294,-0.6690125452323405,4
-0.5785519235161332,-1.5465344465196111,0
2.8633427090889483,-0.8411321724081845,3
1.2264095400496933,-0.7437635451859301,5
0.9914943774534963,0.9397211704772499,2
-0.043877281057017214,-1.2507061398395265,5
-0.0064006956398720005,-0.2432695812903235,4
-1.9945641387200441,-0.03265526271598138,1
1.0402760932749715,0.15765987846538815,4
-2.06936437881553,1.5119795057689198,1
1.2355519912042427,-0.87304584904365,5
-1.6591654421482176,0.3535932562325144,4
-2.0831291329291433,1.593423767779017,6
0.27251837807336454,0.5272619189995426,2
-0.018377889701131023,-1.4918058169661503,5
1.271487335826662,0.10257470818802555,4
1.490814719293434,-1.6461446215087079,5
-1.4067579799275982,-0.7048268683629064,5
1.2589832406111245,-0.8362107804264286,5
2.7610366607192023,0.9760466212121622,3
-1.3202336761766924,-0.5774870172616857,4
1.0685912420037456,0.25362118736808115,4
0.5094724929000162,1.1936055554468161,4
-1.4574256094118796,1.2869283974323111,4
0.5323071110112763,-0.9729866852900741,5
1.3289427380947882,1.0275674609655254,4
1.0992476253326442,-1.374989955113521,5
0.33138729559480706,0.25574897827835574,4
-0.9436707850693495,0.2775702163655388,4
1.0891218582050624,-1.2423693705862129,5
-2.1647863243696084,-0.716099352543837,6
1.2554273567676473,0.1704232622645091,4
-0.9002003772626496,-1.6047238920770426,5
0.2838620766160399,1.0930508049441372,2
1.348093282864166,0.586763418110143,2
-1.9653349620253682,-0.694137621078974,1
-0.9738923324553032,-0.6849662558586362,5
-1.5455073221181812,1.3918040324569547,2
-0.37317698594903126,-0.07871149534084382,4
0.8021893205351903,0.5120196915691478,4
0.1477710346480947,0.6132357402647022,2
-1.7268032821509525,1.3956215523613498,4
-0.9412083293067307,-1.5000482269098878,5
-1.7057899943377575,0.09637863239803136,5
-1.3039165352248043,-0.7975010969689144,4
2.815578871091845,1.252026263865862,3
-0.05922237280513082,-1.6383578120196853,5
1.48879989515665,0.7547307916728924,2
-2.0099616872021264,1.7166801503266025,1
-2.1890498297747976,-1.1724283584495563,6
1.086489367257514,-1.1562656803297577,5
-1.7516252950389781,1.8685275642420471,4
-0.9166414076358731,-1.6452084867754262,5
2.9937844483986806,-1.1682025291965008,5
-2.0355519767101136,0.8533757622183324,1
-2.2238035770381783,1.179936180162063,6
-0.19561426883892943,0.13858518159310684,2
-1.6077929848146837,0.4914660644509801,4
0.13018477561516892,-0.4235585222922569,5
0.35115104640927075,-0.9617866572084581,5
2.78999461495342,2.0893272399618685,3
0.8963764951309214,-0.7149038485377734,5
-1.7205155578525289,0.9671052519004608,4
2.8713859649673257,0.49569992672880353,3
-1.6954853857305643,0.15272254470139435,5
-0.34416606743402167,-1.5401121577797874,5
-1.944334128993128,-0.5555180938820394,1
1.2440357057213305,-1.055835215824472,5
-1.7066620316365255,1.3801345847464175,4
-1.9078862297441788,1.4727714154095526,1
-1.341218454366874,-1.1161013467972976,5
-2.1969441501563147,1.176141664359411,6
-0.8259594320958549,0.8632591094020261,2
0.3356397361347073,0.04905304648598128,5
-2.0048773957560457,-0.01846556542147535,1
0.1938068423871438,0.5631296384813042,4
3.1076066469280854,0.8716855609575747,2
-0.28685598755870767,-2.0079200253255545,5
0.6839975731316417,-0.2383552634140529,5
-0.9140991432338543,-1.756104371048465,5
-0.9411776906992405,0.09131759889866481,4
2.9933075624822414,0.10655525086199184,4
0.8110822887556116,1.0502432278986487,2
0.22212792663217654,3.242169220923906,4
-1.346296074212846,-0.1714069358539258,4
-1.9411931048867104,2.4517412542602433,1
-1.7276517300644252,1.9421545691790694,4
1.0500586555334201,0.3764374449143186,4
-0.012309399350977579,-1.368311572299712,5
0.007370341291013825,-1.5530691918317943,5
-1.379499613014019,-1.3826969579935866,5
1.5084466814151136,1.2651703476716185,2
2.8650285982118886,0.07399734256326429,3
-0.39198018204474516,-0.5028756311527327,4
-0.31019863707761663,-1.132976417200118,4
