tsne_1,tsne_2,kmeans_label
0.784141,3.4123507,4
7.691759,73.8995,2
44.513065,62.739876,3
46.099922,-34.014725,5
8.307238,70.213264,2
9.968086,74.501274,2
47.4556,67.19502,3
-8.618233,-29.927128,4
46.735706,7.108499,4
-44.95589,-74.8806,0
-14.247705,-86.97941,0
26.589834,17.516619,4
15.66248,85.89471,2
-24.762915,-16.963057,4
28.212202,-31.40178,5
22.335733,-69.72005,5
45.952087,5.8797226,4
26.834766,12.661643,4
-6.3251634,-7.6835,2
-11.321473,50.560818,4
18.960674,13.050147,4
-68.99046,-41.109825,5
28.21376,11.4050865,4
-58.317368,13.902942,5
-40.415264,-29.839325,5
-38.151844,-4.5403614,4
66.52089,-0.7469259,3
-31.253166,32.84835,4
1.6295846,-76.868645,5
-8.701554,-17.437527,4
80.77722,-26.214413,5
18.240053,-76.48982,5
-57.833214,26.568861,6
-43.792583,-3.5448568,4
-27.57326,-17.393093,4
-22.70304,49.895515,2
1.746252,-57.787346,5
44.080772,12.311881,4
-14.057257,-91.04508,0
-41.098354,15.922675,5
-44.738335,-29.051525,5
-27.495213,29.413168,4
-55.07394,63.5737,1
-27.130249,-58.089836,0
-24.307789,-84.781624,0
31.625599,-25.009008,5
-13.079741,91.91601,4
39.81137,-44.617672,5
0.0142431175,-54.76415,5
48.12855,-34.92335,5
-6.2348433,-7.5226126,2
-7.5753355,-4.533825,2
-8.472105,52.47815,4
32.535706,-39.465572,5
13.442555,84.81359,2
8.885771,-12.0212345,4
29.91946,15.13217,4
28.106966,-22.698486,5
-4.86128,15.5859785,2
-72.82705,-41.3431,5
-46.40357,43.86773,6
-22.403366,16.096094,2
-38.08696,61.07772,1
-4.4904876,52.798126,4
-38.400585,-29.004957,5
-22.40208,16.079697,2
72.28821,-1.1782326,3
-58.60609,30.587072,6
47.799107,66.83225,3
-46.267136,-12.592266,4
37.62696,-45.73607,5
15.354795,5.2245455,4
-4.225752,-37.055904,4
-70.524055,-3.7518067,6
-56.474777,8.752704,5
4.4138026,-57.683254,5
-22.652231,15.443491,2
44.435715,67.016045,3
39.395153,14.514082,4
-21.622128,73.03541,1
21.009804,-22.279133,5
-63.294388,32.535522,6
22.287827,-27.684586,5
84.918564,1.5621955,3
31.24529,-48.117676,5
19.210638,15.7038145,4
-23.712566,49.752895,2
8.1426525,82.17378,2
49.82074,-38.604218,5
29.92302,-20.905148,5
-38.18186,-8.181917,4
4.882342,-63.541386,5
43.19719,67.75976,3
65.78285,-6.0844483,3
-6.104674,52.243446,4
25.344845,-71.04255,5
-55.67328,65.69205,1
42.4548,12.635462,4
18.970032,47.66215,4
44.93656,1.6378108,4
9.464423,44.57382,4
-38.748627,-44.66085,5
27.471306,-34.338245,5
45.262054,60.14404,3
-23.220259,13.580352,2
51.515614,41.75061,3
-11.333873,-48.6597,0
-54.661568,-55.622112,5
79.27113,34.365356,2
37.374622,7.82356,4
-29.487518,-63.973064,0
23.552385,3.6699176,4
-1.9399316,5.0046062,4
-68.48954,-39.802773,5
62.2591,20.68657,4
86.677025,-20.654844,5
86.93299,-20.30115,5
20.675852,-35.919743,5
21.564573,-76.87063,5
-40.20349,15.174292,5
9.219024,72.71112,2
13.050154,16.182508,4
-31.709143,-27.732872,5
39.645733,14.983127,4
69.43475,3.491708,3
-57.117207,-53.85698,5
27.75748,-29.745005,5
12.476641,9.816791,4
66.224846,54.77303,3
-42.370064,-33.34269,5
-56.80759,-20.97379,4
46.89156,-49.964565,5
13.940463,-34.410305,5
-61.84632,-47.75227,5
-64.664764,-43.53339,5
68.199684,-3.7209244,3
20.17508,-72.6525,5
16.983719,77.566666,2
39.885475,2.1627233,4
68.986824,-7.024057,3
25.978127,2.9253378,4
3.411883,-11.463443,4
0.48438138,-73.61778,5
-4.013103,53.373257,4
67.74692,20.872583,4
26.92861,-88.64735,5
34.759525,18.954731,4
30.128164,-48.014847,5
40.73529,3.0832016,4
-21.388166,-39.33181,0
-30.071503,41.13137,4
42.4662,5.14808,4
1.4413618,-54.41896,5
-75.481,-10.46276,6
48.064697,45.840107,3
-28.415365,-63.347763,0
32.768856,6.288391,4
-41.21756,68.17805,1
-24.745218,-18.863298,4
-87.24261,12.370148,1
9.782437,39.286247,4
-14.902583,24.108433,4
52.7613,39.205467,3
21.30763,-84.94198,5
80.09246,34.357216,2
-29.644766,-62.840324,0
-29.129477,30.435846,4
74.49909,-4.29288,3
78.234795,-29.23525,5
-44.746693,-3.9877396,4
-77.71841,-14.796017,6
27.671022,13.446016,4
30.548248,-42.338448,5
96.45126,20.602161,4
29.508657,-24.902576,5
33.631096,-35.89296,5
45.12226,68.14618,3
0.50031686,27.332361,4
-87.01338,23.613773,1
75.39253,6.652674,3
-36.545704,-37.51342,5
0.22900282,-32.27461,4
75.230255,32.540604,2
-2.1022677,4.9428024,4
-49.72792,7.502828,5
23.744177,41.924774,4
33.34395,-42.79499,5
29.650171,-34.348476,5
32.608147,56.748314,3
17.269558,36.502583,4
-26.90258,28.886717,4
-58.15416,35.763603,6
21.381008,42.275787,4
81.18522,-28.187012,5
-19.62963,72.18065,1
-32.34922,88.446175,1
-13.226433,-89.761116,0
-45.155018,-2.6480901,4
-22.534508,16.138163,2
37.066734,10.19101,4
47.74711,-31.597889,5
26.924105,12.8700905,4
18.321856,35.81107,4
55.095505,-36.57217,5
50.829723,-29.92143,5
10.374819,74.81532,2
46.816067,-51.891224,5
-34.58849,-41.99255,5
24.844875,-72.52534,5
-29.056938,37.848637,4
-10.980892,92.38036,4
-17.51008,-1.5357046,2
35.988373,17.794504,4
82.81202,2.8092883,3
37.872093,-32.87175,5
79.30132,4.4628797,3
-65.244736,-44.16215,5
-4.7024784,53.672363,4
-84.29263,11.982727,1
22.29396,-73.699585,5
-37.567005,-43.999874,5
-69.36733,-40.459915,5
22.976522,19.952972,4
85.0179,1.1118222,3
5.6891127,80.75223,2
-21.505571,-64.93065,0
48.233723,-50.175568,5
43.813187,-18.298346,5
66.96192,20.387249,4
-8.606659,-18.19669,4
48.46514,-49.95856,5
-30.725885,31.06576,4
7.4228716,37.7044,4
25.05022,-89.85204,5
-52.47227,65.724556,1
18.071924,8.975145,4
2.6681175,-76.21004,5
42.9444,46.445724,3
23.547338,-24.039845,5
-23.033384,9.922524,2
-37.854492,67.49147,1
-56.52592,-58.56718,5
20.568216,82.887054,2
-42.716335,12.327521,5
83.96352,-28.06578,5
0.50122875,-32.421776,4
68.09814,49.40167,3
62.376816,18.599346,4
77.77784,2.3848333,3
69.570175,51.059246,3
-19.681885,-17.767218,4
-4.067086,51.053852,4
4.450578,-13.695953,4
-100.09854,-0.8687821,6
27.166946,-87.72493,5
-53.669224,9.255913,5
-35.563156,30.206686,4
29.457264,20.187983,4
-66.058945,-41.57093,5
-67.914635,-46.867035,5
-13.578827,95.35127,4
-44.79376,-4.6048546,4
11.092349,37.464424,4
74.38596,-0.47946188,3
27.307064,-17.720797,5
22.739006,3.009904,4
-45.521652,-75.08321,0
2.1523542,-15.521214,4
-32.861496,-38.93687,5
7.938822,-14.928405,4
-40.19196,-31.055079,5
-13.515029,95.05564,4
-58.44422,-17.520288,4
75.43642,33.51784,2
21.138186,-33.95423,5
-39.256805,59.36425,1
14.820962,-35.168915,5
-56.152714,-18.886667,4
84.87736,-24.814047,5
-57.985645,9.81343,5
-12.260079,41.959137,4
41.69568,44.39654,3
-63.627247,-44.164288,5
5.0400124,-11.506444,4
53.84743,-36.99738,5
-58.09326,-58.008373,5
-8.693604,-48.37521,0
47.93136,-30.550648,5
-25.332071,-14.160453,4
-86.46617,10.879448,1
-8.425629,50.957634,4
-56.99919,-18.82503,4
53.010036,-45.0795,5
-1.7194862,-74.642265,5
3.1936412,-17.662481,4
44.43719,47.627228,3
-59.667126,28.474329,6
47.027622,-33.205593,5
-21.374989,-62.02446,0
32.74227,23.40935,4
52.100018,-45.307552,5
55.828423,-36.194702,5
97.320435,18.704706,4
-88.00236,23.027693,1
9.464115,74.42873,2
-30.550022,29.313677,4
-63.826614,36.54394,6
11.654935,47.357906,4
51.000137,-21.065027,5
73.70544,1.645325,3
33.85753,4.8972034,4
47.977192,-30.319403,5
20.172403,-46.639267,5
2.4402733,-17.182978,4
42.863,-18.800177,5
20.369965,-80.95487,5
-34.71608,34.394806,4
-42.88109,12.211382,5
-7.2230935,-3.7279956,2
-45.02982,-74.95655,0
-12.292823,27.627771,4
-35.73401,59.821274,1
66.85793,-4.395086,3
23.554329,0.9928957,4
13.8533945,35.95438,4
-20.618425,-3.2375937,2
19.298574,38.915916,4
85.89966,-22.043346,5
-0.72598547,-32.42278,4
19.369806,11.704643,4
-89.81479,28.528654,1
3.6399603,-13.06757,4
27.658073,-1.7835246,4
34.941654,-8.025108,0
1.3153813,23.551725,4
52.647736,-48.848373,5
52.59119,-40.168392,5
20.5938,-35.733086,5
-21.392357,-83.562706,0
-29.320679,-62.084587,0
33.132175,-50.86585,5
35.186962,-42.808697,5
-83.09498,-6.8184714,6
52.403355,-46.048935,5
-24.60718,-13.929517,4
-56.76088,6.621214,5
-102.134476,-3.1878219,6
-72.24167,-42.39064,5
1.2185974,-15.552854,4
62.14378,22.301035,4
78.83354,34.16783,2
24.536736,77.60816,2
-68.8967,49.67895,6
-7.606191,-7.8903146,2
-38.921207,-28.159348,5
-18.984276,-34.650803,0
3.204332,69.908455,2
37.59035,-29.183529,5
38.378605,-27.315626,5
77.72331,33.69171,2
8.429966,83.9234,2
26.479033,-91.42616,5
3.4460409,-76.286064,5
65.33711,-1.8543545,3
-12.187317,25.129532,4
66.8971,21.830442,4
-36.83448,-5.0682235,4
29.862823,14.7517395,4
13.821039,49.19526,4
-35.191166,61.991085,1
44.739223,62.652534,3
-44.132713,-11.220396,4
-83.40761,10.232772,1
11.834511,4.9238014,4
9.049181,37.810814,4
-28.831436,-0.3718274,4
-31.691708,63.6133,1
22.239182,-78.98513,5
46.735176,65.50202,3
53.010105,-45.07955,5
17.58126,-26.622038,5
-27.32495,-88.567085,0
-29.791895,-62.33102,0
-88.86224,28.736012,1
-1.4521583,-32.84474,4
42.995754,-51.343327,5
-27.63559,-88.58901,0
31.05605,22.169292,4
16.281944,-43.47127,5
-61.596565,29.513968,6
25.70713,40.182003,4
28.928164,15.3933735,4
-69.68939,-42.52832,5
-0.9483145,-73.447075,5
-1.7648624,4.905862,4
-44.28228,-29.685642,5
-65.24478,-44.162148,5
12.8233385,71.89232,2
22.036858,47.184574,4
18.267515,-38.87486,5
36.76335,6.8660254,4
49.825848,-26.329256,5
-35.914948,-6.015951,4
-11.105783,44.855293,4
50.284504,-44.58271,5
0.29548058,-75.08834,5
43.32362,39.58722,3
-67.559975,44.776142,6
-25.883326,-16.173304,4
24.702545,39.718643,4
25.812355,-26.006504,5
46.8157,-22.521666,5
-31.329798,28.481544,4
29.519232,-79.886604,5
-4.4957952,15.359376,2
7.86692,75.80527,2
64.173195,19.478569,4
21.307627,-84.94198,5
-69.989235,-42.477337,5
-28.099516,-58.83461,0
-61.71987,38.13965,6
27.616127,-39.814934,5
39.34328,-50.4272,5
-102.36928,-0.6433533,6
-60.859352,29.756056,6
41.26816,-45.706013,5
41.959835,-28.75501,5
-29.522602,2.8831081,4
-55.052948,10.928186,5
39.294197,-43.41149,5
-56.36004,-52.437572,5
-5.332657,-32.397568,4
-39.550175,-44.35499,5
-69.31096,47.753075,6
30.098862,-78.80158,5
-60.158787,-24.85331,4
15.325808,-39.742077,5
42.70652,-19.703646,5
25.061535,-89.84835,5
44.70672,-25.670889,5
23.765387,-69.90956,5
-26.04362,-18.855755,4
28.60649,-73.758606,5
-57.161957,61.62852,1
-83.19804,-5.2252507,6
-6.3470306,14.187117,2
-0.12798242,-71.989235,5
68.23248,49.327778,3
74.4984,-3.706247,3
-19.645567,-33.807686,0
45.022755,68.33844,3
-37.6005,68.44268,1
32.6311,4.3182344,4
-9.858448,-46.842766,0
-83.56791,10.092734,1
45.941578,-55.408737,5
15.771399,3.4475338,4
-68.76407,46.687714,6
-103.373,-2.8414953,6
53.418976,-35.884438,5
-27.303001,34.283115,4
-13.754956,27.261696,4
66.01378,-2.1174552,3
31.520124,2.4393232,4
-31.74914,64.01815,1
-2.3414707,-62.81834,5
78.40899,33.586765,2
19.879059,-72.669426,5
8.614336,76.68051,2
-20.57318,-37.328354,0
-20.58761,10.857988,2
13.957809,43.995895,4
0.7350214,-29.705996,4
-7.647174,-4.462089,2
75.88096,-0.20407228,3
14.248228,-32.6672,5
-31.702858,40.24324,4
-8.700265,92.528824,4
-18.804266,-33.855553,0
28.649492,-73.60948,5
29.027897,-24.69774,5
9.174977,72.46447,2
-19.551249,-17.799303,4
43.43444,66.41511,3
98.263664,18.907728,4
-19.623209,-87.36017,0
-1.7037449,-35.81117,4
-56.51315,31.692413,6
5.2040873,70.534904,2
-69.35394,-9.052028,6
53.0099,-45.079563,5
-24.438591,-61.784477,0
1.8686994,-15.365462,4
-39.646843,60.175488,1
32.718624,-49.94713,5
64.05703,54.643944,3
-76.53449,-7.094025,6
15.182114,-39.79179,5
12.8157835,72.2718,2
-56.553722,12.75293,5
42.682545,5.2894244,4
15.191249,46.008724,4
-57.669903,14.487116,5
-1.6034023,27.268532,4
-44.900925,-76.8836,0
23.083416,35.249474,4
54.508537,-42.86511,5
26.233671,1.4996772,4
26.70234,-77.02417,5
-44.434784,16.988401,5
32.102005,-45.30752,5
-19.783249,76.70982,1
17.696543,19.798006,4
14.661124,68.58272,2
21.79816,20.49514,4
30.739529,-35.29119,5
53.97117,-35.80716,5
-54.93593,63.43743,1
-14.558447,-92.938225,0
-88.29534,25.431303,1
-10.06913,-47.681774,0
-19.138977,-15.590018,4
-61.404877,-45.410397,5
-8.589721,-16.929264,4
75.65397,32.6314,2
12.008181,84.96704,2
-52.864094,9.07431,5
13.082433,6.957734,4
-4.5993223,42.540703,4
77.52457,31.989912,2
21.61822,-86.08071,5
-41.333378,-31.900257,5
19.628708,83.14177,2
-31.45028,87.95042,1
75.48887,6.235122,3
-23.276344,72.08468,1
-54.69195,-55.17386,5
14.107736,-10.532194,4
-12.321585,7.170166,4
-69.508255,44.407024,6
12.120442,36.508724,4
31.257992,-48.074074,5
-50.00921,7.61875,5
72.550186,-1.4984754,3
24.38188,6.757091,4
4.9091964,-63.512714,5
-29.983719,2.9742663,4
12.193616,36.447132,4
24.727547,40.197685,4
7.1333833,-15.6321335,4
47.66847,-31.771692,5
-59.532,-24.800093,4
-69.177124,-39.455246,5
55.82004,-37.989685,5
-21.425003,72.094246,1
87.13103,-23.649214,5
26.635284,-89.600525,5
-28.402378,37.07926,4
79.737305,-25.047167,5
20.676218,19.463844,4
-43.234837,12.477088,5
-45.975853,-13.291746,4
20.119017,49.45752,4
-85.628784,27.656069,1
-68.33601,-41.246815,5
-77.20399,-11.431906,6
15.000671,68.33913,2
23.57714,1.6974714,4
-41.71577,16.821182,5
66.990906,-3.7801318,3
-57.450462,62.485016,1
-8.571109,-27.485153,4
50.97639,42.50602,3
-83.63594,-14.385884,6
-38.973778,-10.109611,4
-4.3199673,53.78034,4
50.05016,-30.303787,5
28.364637,-21.345963,5
-31.496077,85.763,1
26.002665,17.056067,4
-41.871635,-3.061743,4
-87.46934,23.376696,1
18.772968,-27.104904,5
64.41377,53.885403,3
-22.420462,15.53157,2
39.300602,9.214955,4
1.5822212,0.40233317,4
13.434597,39.234528,4
23.12919,-46.332077,5
19.229847,15.877087,4
-57.73922,14.914687,5
-20.646784,-1.7015008,2
7.2981997,80.20259,2
-37.31698,-33.865154,5
79.01666,35.480015,2
32.489082,10.241314,4
-86.12715,23.764406,1
-17.137493,-2.8758821,2
-44.739143,-31.467003,5
49.185802,-33.78344,5
-81.018875,14.40884,1
14.9144535,1.7241126,4
-20.439796,-38.994446,0
-56.747295,-56.704975,5
75.01114,32.533653,2
68.40348,1.9202737,3
35.91501,11.478697,4
67.09413,55.184242,3
-29.44752,35.850155,4
-6.5622215,-29.264925,4
-2.6291513,-34.476574,4
-17.940298,-16.46552,4
-22.033548,-88.62002,0
41.099014,17.423872,4
36.37778,7.019488,4
17.099928,11.602157,4
6.1435733,86.690254,2
11.3734255,11.728698,4
80.476654,3.7360878,3
-72.6412,46.297714,6
-1.7037449,-35.81117,4
3.083146,-60.81627,5
-60.809658,-45.496014,5
31.642668,-48.707405,5
-40.080845,68.49427,1
-36.337967,59.036736,1
23.227106,-21.662994,5
-24.259096,-62.768448,0
-89.83435,24.888607,1
17.430721,77.351395,2
18.96983,-38.450302,5
20.010702,-42.5203,5
-2.0324924,-37.58904,4
0.69394267,-58.670105,5
61.24468,19.538675,4
-77.492966,-2.4799714,6
-19.647064,-1.5650175,2
16.068321,45.31981,4
-88.31461,26.232897,1
-39.391926,-29.40257,5
32.19523,23.51094,4
-59.48652,-25.525023,4
-29.515854,-61.25603,0
-25.58406,30.795336,4
66.70092,17.569769,4
32.481216,-3.9521337,4
-19.086557,-5.957979,2
21.135637,1.8928635,4
73.52153,-4.718831,3
-8.361932,95.83307,4
-2.403746,-64.6573,5
43.94935,-50.1788,5
33.556667,-43.306385,5
-88.67598,29.112581,1
21.627668,45.21605,4
49.57578,44.399757,3
-7.9740276,51.731728,4
20.424143,77.21206,2
50.904186,-23.06217,5
16.971779,69.53111,2
-57.534843,62.319252,1
48.287354,45.354713,3
-13.285809,-92.23222,0
-17.707329,-95.4576,0
79.14262,33.92369,2
-61.216652,29.103685,6
5.7875795,74.19622,2
5.5340858,75.11883,2
18.982206,86.26052,2
10.789879,15.668722,4
43.025463,46.320503,3
71.14139,-5.2684608,3
63.914516,18.268646,4
-81.29948,23.25319,1
82.964935,0.28394026,3
-27.655697,-59.390877,0
-6.207861,-27.958681,4
-39.1285,-8.937839,4
20.16516,8.559783,4
-89.44375,24.573421,1
-46.377567,12.71775,5
-36.657887,-5.096516,4
-42.254375,-30.307135,5
-12.319715,27.667652,4
2.0059652,-14.148673,4
-2.4507542,4.6824613,4
18.619204,47.497684,4
21.511122,74.48619,2
52.32382,39.8637,3
-32.73091,62.87766,1
-50.18085,7.329712,5
-69.59666,-4.926371,6
43.27954,8.844194,4
17.788193,46.960075,4
69.51019,-7.138818,3
27.521448,-24.770409,5
98.52782,22.389439,4
43.371754,68.50095,3
-22.880411,-12.186847,4
-5.4977612,-26.72013,4
20.440187,82.92556,2
26.977463,-81.04236,5
23.842802,-69.698845,5
-2.9445105,-37.650295,4
67.43015,55.025578,3
40.529823,-39.19292,5
23.02257,-70.024025,5
80.115166,-31.175999,5
-55.671513,61.90379,1
-26.89908,-18.503115,4
-38.604248,59.886433,1
88.47484,-22.489574,5
-39.60832,67.074234,1
-32.26621,86.588425,1
-38.77155,-43.862698,5
-14.169175,-86.69975,0
37.996773,15.494969,4
-19.436123,72.62111,1
24.675344,-69.21235,5
-0.13619246,-71.288216,5
-11.177224,-47.31027,0
69.7964,4.36941,3
1.5170224,1.6572844,4
-18.391735,-95.969475,0
-24.315128,-16.21889,4
-84.82054,27.099155,1
39.84683,-25.614374,5
42.800987,40.520706,3
78.68364,34.95519,2
46.389248,67.478806,3
22.485107,-27.509386,5
48.194378,66.39704,3
-47.38943,-9.8256235,4
-9.9071865,98.10151,4
-4.78349,-32.399403,4
8.172878,70.4452,2
21.625381,46.17618,4
31.619167,9.406373,4
-35.93863,-5.8470497,4
21.322472,-40.706867,5
-72.43977,-3.1941407,6
-20.372494,-38.920406,0
-21.187407,-87.288124,0
-37.840622,65.5222,1
81.23113,-28.07819,5
-43.234432,-33.521553,5
-24.611431,-12.199046,4
-24.139744,-19.180115,4
30.332254,-42.19252,5
-76.08625,-2.2860177,6
-40.621693,-39.81044,5
-58.34373,-18.668924,4
-77.93892,-2.9201908,6
-44.838882,-74.82808,0
-40.221264,-9.607392,4
13.799108,70.11191,2
66.51758,16.878597,4
19.293148,37.936428,4
40.521946,-39.236885,5
-10.74196,97.11126,4
-19.594791,-33.812836,0
-25.697168,-87.51784,0
9.574281,34.271904,4
-0.89554596,27.066294,4
-8.140218,52.28277,4
79.46059,-31.840397,5
-28.90685,-63.36345,0
17.964045,-31.86205,5
24.434746,-86.69906,5
-34.589718,-42.62628,5
-13.017127,23.186148,4
49.89148,-48.418312,5
27.460323,-72.81139,5
-68.69632,-36.89579,5
38.73431,-32.746643,5
50.67977,-43.370243,5
-63.73806,34.922756,6
43.324127,4.3802853,4
-27.031958,46.32004,2
20.440432,-85.109055,5
-29.734837,-28.684036,5
13.535538,-33.62409,5
48.428165,-25.983137,5
43.359283,2.379304,4
6.9490595,-15.426755,4
-22.537445,49.912918,2
-20.277077,11.001729,2
-83.41852,-8.891765,6
-63.624313,-50.356983,5
24.411842,1.4487894,4
1.8357555,-15.807326,4
40.326233,17.205744,4
46.22295,41.250065,3
-22.834854,48.4978,2
51.326736,-26.384735,5
42.092625,12.700788,4
-11.826312,23.591509,4
-57.673088,7.4426575,5
-37.829994,67.24259,1
-7.344984,64.115616,4
78.427895,34.10334,2
-2.5323825,14.69837,2
68.83208,-0.6736496,3
-31.620737,40.121105,4
-6.6099563,-3.8274794,2
0.21707398,-72.040764,5
-13.753621,94.8505,4
-81.16965,-15.991121,6
31.993637,-19.483349,5
26.676899,-89.58908,5
-27.520311,-18.292473,4
-41.774456,13.7895565,5
31.923866,55.644123,3
-82.229324,-8.6715355,6
-42.372574,-7.491654,4
52.13859,-22.474451,5
-29.791027,40.51936,4
17.873463,7.903426,4
-15.218317,27.202946,4
24.341888,1.2892706,4
24.83011,-70.73838,5
-37.995373,-29.04321,5
31.257992,-48.074074,5
-31.53532,40.670647,4
-62.70659,32.53512,6
-81.18759,-11.668303,6
-52.266525,9.686669,5
-8.80238,-17.886703,4
46.017387,-55.284676,5
-39.585808,-28.968355,5
16.616505,69.35899,2
36.698483,6.898113,4
-69.34907,-42.06512,5
-87.07045,28.362865,1
-23.105886,14.62356,2
15.1459255,-35.109196,5
66.291504,-3.6319618,3
41.166203,40.523743,3
20.055779,-24.96564,5
53.00999,-45.07968,5
-63.23233,33.648075,6
-69.210495,-4.500681,6
-25.112177,12.096818,2
-18.142221,-85.863464,0
-54.73674,35.266315,6
25.855225,-18.216156,5
10.815108,11.258446,4
-84.3029,12.380539,1
-70.05174,-7.0376763,6
55.30803,-37.87676,5
-86.47359,21.234644,1
-49.862656,10.121963,5
49.93254,-26.361174,5
57.238712,27.267427,4
-22.759056,48.455692,2
51.97789,-48.464962,5
-30.748442,29.56175,4
-11.434695,26.033611,4
-58.210423,-57.467617,5
-56.89066,68.2759,1
30.332436,-42.19248,5
-31.587624,63.87594,1
48.370842,66.86209,3
27.805212,7.1934133,4
20.108845,-30.938513,5
43.727573,-18.345095,5
-16.527842,-88.43859,0
13.885997,3.1574075,4
36.596428,18.685055,4
12.345667,16.80309,4
-11.298329,-47.666668,0
40.37216,-25.08411,5
-59.03705,-22.130676,4
-67.85399,-46.055565,5
28.283808,-33.427753,5
-59.9532,-49.146202,5
26.552504,-78.613815,5
-11.28809,6.088565,4
-68.57098,-44.779343,5
8.067212,69.92994,2
5.3762236,74.88839,2
-37.381733,-45.81188,5
-47.919,18.826853,5
-21.733723,-38.894184,0
48.445488,5.119704,4
-5.7344694,14.521141,2
44.24071,-53.731403,5
-24.215277,-60.14897,0
21.511475,-86.54302,5
43.648262,69.9908,3
6.3532085,38.206078,4
-58.52213,-52.75335,5
17.633173,77.76806,2
-8.149772,-28.057503,4
18.850534,88.99655,2
-17.961206,-3.7031617,2
33.12059,6.6567245,4
-28.159735,30.009771,4
16.726456,78.19656,2
23.313791,75.64141,2
-21.213469,-18.717556,4
-44.801064,-9.509481,4
-39.55203,13.854838,5
68.005905,49.95098,3
6.491822,38.720375,4
47.901325,4.9592476,4
26.484812,-21.533463,5
-75.50096,-10.090582,6
-57.03455,-58.390522,5
-101.79103,0.015053397,6
-35.818443,67.47135,1
-27.239702,33.86925,4
7.7111726,36.08275,4
-36.267387,-44.251602,5
-40.215996,11.588285,5
-8.588301,65.26861,4
-65.88141,-48.187424,5
-39.565643,-8.876211,4
-19.611326,-17.843077,4
21.476053,-84.96946,5
35.94491,-42.430855,5
-20.21089,-61.2787,0
-36.196735,-42.839794,5
47.38962,-48.74992,5
22.74864,-75.39602,5
-79.116745,-12.542647,6
-68.442825,45.729626,6
-58.24204,-57.898212,5
50.272987,5.379755,4
17.11336,78.28226,2
-86.41916,13.724848,1
40.888065,9.875922,4
-54.31788,34.241962,6
26.398533,-79.07828,5
-16.825106,-3.872446,2
56.207603,-34.277092,5
-8.411875,50.85486,4
37.331776,18.30387,4
23.291454,-69.17052,5
-45.622967,12.508939,5
21.856894,-38.81017,5
10.962498,35.397717,4
-1.4537444,27.443405,4
-33.14358,35.568367,4
79.975174,2.4679477,3
-57.327755,63.48657,1
29.74325,-4.451328,4
100.64653,20.621206,4
13.508778,14.002235,4
-27.279541,32.8191,4
46.46493,-21.424953,5
70.046074,-7.195549,3
5.630175,-9.091682,4
-22.341454,13.1756,2
46.175125,2.07268,4
26.896065,-86.54588,5
-43.9555,-33.555832,5
46.46967,-33.39434,5
4.103334,-8.073952,4
-55.86559,34.27952,6
25.305185,1.6305944,4
29.791327,-3.7245333,4
-18.07086,-2.7070262,2
3.51641,69.79659,2
8.2176895,70.56428,2
6.705429,39.489952,4
-42.159702,-42.740368,5
-1.9445869,-29.592022,4
2.959502,-8.4512415,4
-0.8688673,4.6214986,4
20.67126,-45.82578,5
15.200598,-39.814205,5
24.56128,41.337635,4
50.92442,4.722084,4
-2.5614533,14.954773,2
24.761087,-22.308605,5
-50.707783,11.561866,5
15.592525,87.99961,2
-28.585005,-63.365288,0
-29.299007,66.977554,1
-42.798058,15.951515,5
62.599487,24.373781,4
53.106617,-42.855003,5
2.135097,-65.29646,5
-18.676727,75.113304,1
23.396078,42.047035,4
-58.04165,37.099556,6
-57.699112,-52.375805,5
-20.102892,-0.89002925,2
43.322163,67.25853,3
-64.85076,-42.873775,5
-19.785944,76.287155,1
4.039961,-18.01857,4
-43.89017,-11.749569,4
-10.12022,-46.697914,0
-1.9744309,-66.47228,5
-23.659582,-83.461136,0
12.014754,5.3492575,4
23.368544,44.402897,4
20.48327,43.55258,4
-58.236443,28.363638,6
-44.15356,15.57359,5
-50.1826,11.372979,5
-37.903458,-30.420246,5
18.972832,36.89837,4
-40.202415,11.002472,5
-26.469513,-12.391272,4
37.226265,-33.289745,5
65.90194,-6.7601824,3
-36.62371,-31.076653,5
-13.955981,-87.88889,0
-31.673094,87.97965,1
-35.87395,-30.580837,5
51.764076,39.756153,3
-23.834728,70.974724,1
-43.67806,-11.642006,4
5.537804,75.34362,2
10.729528,87.03862,2
-7.532934,-4.142218,2
2.7674398,-8.612851,4
-12.971616,92.07527,4
-12.259675,8.013594,4
-83.37651,-14.415977,6
12.480451,35.452263,4
-57.873272,30.67538,6
61.949997,18.825233,4
75.60256,30.9621,2
-13.149706,-98.009605,0
-39.587116,-29.32472,5
48.711872,-18.536793,5
77.05542,-26.97318,5
12.193319,7.863052,4
49.869816,-49.526157,5
3.9005268,70.15947,2
-11.786927,6.456175,4
-72.76191,-3.2609901,6
21.3056,-86.67233,5
-63.95465,37.070396,6
15.421541,-33.34238,5
45.294006,-54.791836,5
52.35978,-40.49984,5
-30.17832,66.19151,1
-8.947441,-8.665739,2
9.357695,84.67891,2
1.4098502,-60.334877,5
3.4147441,-17.643621,4
60.97183,20.4873,4
-35.209118,63.010944,1
86.86523,-22.380297,5
10.768168,86.74881,2
45.202732,40.13647,3
3.8688483,-74.71613,5
-32.51574,87.63017,1
29.445759,-34.542233,5
-26.155674,47.303406,2
-19.990324,-38.917828,0
26.714941,77.27279,2
27.221903,-79.97153,5
11.353606,46.808815,4
31.017174,-3.058856,4
46.86161,66.446465,3
-63.16046,-50.74008,5
44.08043,-50.630085,5
-40.861397,-27.302647,5
25.335463,-38.93987,5
27.106077,-17.946783,5
-25.470932,-84.37768,0
29.43819,4.0038395,4
-87.910866,15.5475445,1
-20.257652,-64.42727,0
1.0891808,23.854534,4
31.653692,2.188456,4
-29.95602,41.764076,4
-39.146435,59.10452,1
-58.646355,-56.515076,5
-79.14712,-15.412471,6
73.23255,1.514028,3
-13.78702,-98.37353,0
45.28519,67.42252,3
77.646454,-2.2166946,3
-41.890095,66.90855,1
-57.48563,14.197701,5
37.20999,10.092522,4
-1.0630125,26.334778,4
-80.62024,-7.057736,6
8.324626,70.78708,2
24.307896,-44.937057,5
77.13335,32.154125,2
71.131836,-6.763629,3
-7.759196,51.771046,4
-8.648728,-5.310343,2
24.972311,-69.1839,5
-54.55452,32.663258,6
9.65129,85.31268,2
83.797356,-23.187721,5
16.231812,9.853142,4
-63.75846,-46.379185,5
-102.835884,-5.9123664,6
-52.234222,7.2386727,5
-17.971085,74.34719,1
-38.639866,-8.551898,4
18.311016,17.99516,4
45.477383,-14.618448,5
-59.34093,32.040665,6
30.584923,1.8562102,4
77.27634,-22.18849,5
-6.532948,41.35295,4
-80.817154,-2.4328487,6
51.84367,-40.06912,5
27.699547,-30.722412,5
22.347261,-84.2802,5
-31.806177,38.948006,4
8.474071,81.16396,2
18.120667,-75.65186,5
16.065859,72.05461,2
27.66902,15.012424,4
44.002693,14.083062,4
7.378641,37.77518,4
-14.472694,23.899038,4
30.837341,23.531382,4
11.936553,81.981026,2
-73.44661,-11.110025,6
54.17658,-32.88154,5
20.393642,-31.073544,5
38.21224,-29.170183,5
-0.9637863,27.565723,4
23.299776,20.394154,4
49.06363,-27.869421,5
-20.299528,76.333855,1
21.362764,-26.967718,5
-45.084164,-2.5188646,4
-72.93701,-39.678936,5
-20.22277,76.3663,1
43.513474,-19.145134,5
30.563766,2.8112462,4
33.37185,56.59365,3
46.074062,61.742016,3
25.903446,-79.32345,5
32.371952,-19.230717,5
-29.812855,66.692604,1
-87.82856,16.227705,1
-19.643808,-40.22071,0
-26.754362,30.771837,4
53.117374,-34.100224,5
-0.20294702,26.128302,4
40.84768,43.194305,3
-56.882298,30.580006,6
31.57507,-46.91034,5
-0.8889723,-73.56489,5
-41.44691,11.525711,5
-42.719517,-9.186505,4
-18.029661,-85.6935,0
-39.371037,-43.789497,5
-60.032944,-25.06862,4
14.663125,-35.192265,5
-21.652617,-64.58021,0
-20.57393,-61.468956,0
52.701088,-40.56468,5
23.574553,-33.998272,5
-19.873627,-37.87454,0
-69.50833,-41.70832,5
-17.45699,-3.629277,2
31.413847,-2.8698962,4
4.0443077,-76.07288,5
25.306812,-90.159904,5
51.28866,4.6162124,4
13.289475,74.94818,2
13.224309,-31.283339,5
16.016552,70.61198,2
16.669724,82.18255,2
78.58257,-26.518682,5
46.48856,-44.262566,5
40.558506,6.7447968,4
46.95272,-50.59291,5
33.543343,-43.164547,5
-30.076315,-62.127052,0
-39.206177,12.997578,5
31.093674,22.39715,4
-9.767663,92.04354,4
21.328566,2.1575718,4
47.40288,67.36843,3
98.97531,22.205202,4
-20.392202,-85.10941,0
-31.613003,67.33819,1
6.369939,71.182846,2
-71.9043,-2.6381295,6
-43.604168,-12.095848,4
-2.7262797,-36.32261,4
69.25736,22.16139,4
-32.62328,87.97132,1
52.553894,39.764355,3
22.006165,-74.26417,5
-5.2129264,-7.569838,2
21.240997,-39.998096,5
-36.008495,-6.073777,4
-22.729664,15.786137,2
-15.918774,-97.060684,0
-36.62725,-39.431725,5
26.44612,-91.570984,5
-11.210946,-48.757385,0
-86.10435,19.935984,1
16.264818,18.490337,4
-42.27646,-4.9536695,4
17.01634,19.39815,4
-44.01353,-10.897457,4
27.62171,-21.706177,5
23.245537,-25.7773,5
66.71559,21.173944,4
12.787832,37.481663,4
-83.71252,24.084885,1
-85.72346,26.868425,1
21.106236,-0.9152176,4
1.0880455,-64.091896,5
17.907139,9.830079,4
68.65344,51.777454,3
41.588604,-20.26252,5
-82.81917,-14.134153,6
-33.960186,-29.699615,5
16.247726,76.23244,2
-49.819775,7.8841076,5
-86.7442,12.198237,1
-4.789509,-26.86701,4
-44.83081,-9.453855,4
12.699146,77.09854,2
48.28203,-25.387428,5
39.19875,-45.225544,5
18.280437,47.16538,4
44.90499,65.41999,3
41.16629,-27.851915,5
-80.74569,-13.363953,6
0.87842673,24.558893,4
-35.540432,30.853952,4
6.4399076,-8.819746,4
-81.56739,13.5266285,1
44.697266,-32.929077,5
-55.532207,-56.405838,5
-57.55527,-50.880516,5
-60.967133,-47.161488,5
-41.226906,-28.074472,5
1.1693959,24.554602,4
-18.29341,-34.6665,0
-45.335243,-13.042998,4
0.9698732,-56.741932,5
20.912687,21.622461,4
68.07958,-6.5894957,3
-5.658178,43.655132,4
32.021206,55.570538,3
-46.051716,-4.912598,4
-42.390976,16.829168,5
-41.14731,67.27721,1
66.34406,-1.0228901,3
29.319408,-20.014565,5
21.880486,-46.62051,5
40.321136,4.185798,4
26.759258,-89.31499,5
-8.9970875,95.07905,4
1.5366265,1.6222761,4
10.056475,74.181915,2
-12.678733,27.9039,4
-59.24221,-21.54024,4
28.146444,-79.25345,5
-76.64957,-12.298728,6
80.29215,-30.748194,5
27.346888,-82.71292,5
16.89829,-44.186497,5
20.047329,10.849575,4
1.97127,-77.009575,5
100.892075,19.93283,4
24.104214,-34.17365,5
9.046592,40.687172,4
14.839685,88.14318,2
-72.992386,46.22991,6
7.9512663,84.30999,2
1.2434099,-68.37161,5
-34.58972,-42.626286,5
7.137965,68.80166,2
46.453552,-18.885952,5
-37.851673,58.71268,1
-43.459663,10.113599,5
28.513056,-40.998455,5
-18.796175,-0.94334155,2
13.882055,68.55607,2
-67.45637,-45.48552,5
12.237518,8.206594,4
-66.36317,-43.328907,5
-0.14138165,25.927559,4
84.4265,-27.952053,5
79.27614,1.1202914,3
-26.925434,32.620323,4
45.252853,-47.283947,5
43.825897,69.319664,3
-82.09884,13.690706,1
31.466234,-25.098124,5
28.315628,-19.740667,5
17.06728,-30.147661,5
81.57113,-28.252474,5
97.79466,18.529955,4
-11.25924,-50.270584,0
-15.736975,24.50422,4
74.926,6.5572495,3
-26.288452,46.03974,2
-17.381163,-94.14369,0
18.63803,35.971966,4
-87.268394,22.672115,1
-23.928154,-16.64952,4
41.388012,-50.500153,5
-7.324675,-26.486368,4
22.05474,-27.336302,5
-35.75698,31.89018,4
20.382502,74.51583,2
-38.96914,67.613495,1
-47.116035,43.961414,6
40.38871,8.410253,4
32.554302,56.844196,3
-86.039375,14.218739,1
32.13855,15.962688,4
39.07911,9.353703,4
19.049461,83.56376,2
-11.664567,-49.85681,0
-18.69806,-94.924904,0
-2.4880679,-62.520866,5
18.322088,-44.25423,5
23.87025,-20.665085,5
-55.37706,-57.29599,5
69.518974,-3.918327,3
41.666508,-25.196184,5
-84.23184,24.971767,1
-8.590043,-27.397976,4
-87.66826,16.157566,1
10.830718,43.3203,4
76.0531,6.1592207,3
-3.5574424,-37.292885,4
19.378555,-39.584286,5
-49.825817,11.47037,5
40.127632,20.028624,4
50.600338,-43.402576,5
-28.463196,-62.805286,0
-8.076041,-30.375875,4
13.516796,-39.379158,5
31.031118,22.209667,4
41.888744,-39.89731,5
44.296116,-54.857506,5
-27.050114,33.349884,4
26.032999,40.081463,4
-33.254368,67.37615,1
3.82176,-75.18716,5
-53.34901,8.589625,5
19.720564,-24.022223,5
11.959591,86.09668,2
-24.88144,70.573425,1
-8.417301,52.462177,4
53.614326,-49.475124,5
12.641762,10.246058,4
-2.5554235,-35.224255,4
11.359344,46.81342,4
13.224766,-32.98521,5
41.77571,-50.814198,5
3.832238,-58.65723,5
-32.65843,-39.732727,5
78.14519,-29.40893,5
-58.280308,61.82048,1
18.653816,15.471466,4
81.3507,-26.172075,5
-33.313232,36.060875,4
-81.570114,12.932242,1
-8.096209,92.441284,4
11.657377,1.0520087,4
45.56727,-51.473537,5
-12.933325,23.737755,4
-22.938036,70.51581,1
-83.90882,-12.708488,6
12.430991,5.867131,4
-44.47779,-2.3263297,4
-26.562675,-90.086365,0
-4.6887107,42.60898,4
46.831455,-51.911003,5
2.344945,-73.03872,5
16.173391,-43.154552,5
-26.2524,-12.386413,4
66.04407,24.131735,4
16.71202,81.93468,2
-31.370962,38.79406,4
65.58452,22.957644,4
85.2027,1.2420285,3
1.0987288,-64.177925,5
-7.362672,49.195286,4
-102.591675,-5.200331,6
-36.08036,59.2021,1
-55.45124,-56.855404,5
67.465775,18.292587,4
47.52926,2.1502862,4
-6.174715,54.296722,4
-45.828568,-12.355973,4
-34.56886,-28.647427,5
-56.094227,36.339207,6
36.9884,-45.10403,5
28.08384,-2.9512928,4
-38.201794,58.01464,1
-101.519295,-4.9811506,6
66.46913,-0.52043265,3
76.19917,5.793379,3
5.5155373,-14.26556,4
-101.32834,-0.100734696,6
67.815544,-2.2026618,3
21.455235,42.445507,4
-58.843662,37.495056,6
77.090996,-27.47794,5
-9.926026,97.864685,4
-56.470634,62.139038,1
-42.29367,12.365109,5
-6.5292716,65.06365,4
7.920631,69.6956,2
14.228023,70.55995,2
25.241444,2.3740625,4
-6.131739,13.973725,2
-23.626871,72.3825,1
1.3909001,-60.355125,5
26.46182,-18.207766,5
-44.912525,-33.50632,5
-84.64786,19.771133,1
39.379166,12.446844,4
-31.709143,-27.732872,5
18.041786,-32.854256,5
1.1969086,23.240105,4
14.577462,83.08237,2
-45.2217,-76.57356,0
40.841717,41.57862,3
-72.95641,-10.5444355,6
-31.452755,29.592606,4
21.63932,-21.446095,5
-8.418007,40.57875,4
-20.043863,-60.35467,0
78.81197,-1.5972904,3
-24.28938,-12.218683,4
32.513508,-35.51232,5
18.052816,-35.8405,5
4.5437517,-57.299862,5
74.848404,-0.39544976,3
72.20448,-0.7308413,3
-50.4571,13.254952,5
33.719353,5.109834,4
-69.35143,-45.624695,5
-22.867949,47.866707,2
4.0639153,74.88966,2
-10.742855,96.664276,4
23.930964,-32.82942,5
44.296116,-54.857506,5
25.101501,-71.07928,5
50.532505,-39.610023,5
27.057325,-34.198162,5
-57.54309,67.17349,1
27.736479,-29.475069,5
-27.47034,-18.228346,4
-33.14516,-38.890743,5
100.18187,21.53115,4
43.322193,67.258484,3
-49.84989,11.883486,5
-47.34532,-9.458705,4
-11.312391,96.816605,4
86.63965,-20.403713,5
-57.73922,14.914687,5
32.551075,-39.12809,5
39.77972,10.729578,4
78.67295,35.155594,2
-22.455534,70.91755,1
-23.349897,72.38594,1
39.48844,0.8869942,4
85.74595,-25.172028,5
-9.738674,-48.849083,0
31.815813,23.536875,4
-29.83618,-63.114468,0
-30.241465,2.9709785,4
3.762105,-16.018867,4
-29.770233,-63.922718,0
43.25732,-22.925488,5
10.748038,87.17868,2
14.583556,83.68847,2
96.41389,20.98911,4
27.852808,14.235735,4
24.99908,42.97263,4
-6.8540874,42.43931,4
1.621049,23.715414,4
20.910412,74.49032,2
-83.14213,11.988081,1
83.07685,-21.379087,5
-24.380123,28.680355,4
-12.94305,23.440334,4
47.12115,65.09931,3
-22.322205,50.11909,2
17.229443,12.318364,4
-3.9691792,43.758095,4
-5.8118877,-7.202537,2
86.97468,-23.953339,5
-20.058332,-63.41853,0
23.095781,43.04454,4
-17.22586,-92.89633,0
68.01078,54.70026,3
-81.702774,21.862017,1
-0.6513665,-63.485477,5
-45.29886,18.377857,5
44.231358,-50.358013,5
-102.38469,-0.7486275,6
-104.09128,-3.301847,6
-23.30974,14.574162,2
-73.00966,-7.1221795,6
39.418915,18.940865,4
68.46543,-6.3494453,3
32.076256,24.06906,4
12.399607,71.075226,2
31.726057,2.6339352,4
-46.132072,43.899998,6
19.09462,86.503334,2
22.844997,-80.10322,5
-69.06362,44.46221,6
-8.514471,-49.023766,0
49.37984,-24.15124,5
-29.495031,2.94289,4
27.500383,-29.837105,5
46.819023,-39.625877,5
39.13402,8.390039,4
47.05609,44.509827,3
44.739803,-35.191677,5
15.786255,1.7966218,4
22.994665,-74.146385,5
39.137505,8.105422,4
9.957081,40.41421,4
12.06594,8.862419,4
-40.643124,-4.14868,4
13.895196,8.069085,4
-18.762472,-16.475616,4
9.583403,34.829327,4
-74.41091,-6.901845,6
-45.21138,-74.83171,0
-69.62203,43.508842,6
-44.640408,-76.56499,0
-12.251973,27.167374,4
48.20317,-26.38997,5
15.025338,-38.69101,5
-3.1560993,-26.077429,4
79.46059,-31.840397,5
-24.346033,-15.356508,4
39.218487,-31.907692,5
18.044851,-41.73224,5
-19.654982,-61.112667,0
28.08379,-2.9506695,4
-70.24401,-6.110566,6
-35.551575,-27.406685,5
43.11122,68.09662,3
11.838975,86.581955,2
-24.97723,-87.26488,0
-56.27462,62.232147,1
-36.07714,-27.921076,5
14.685938,-9.507563,4
-72.97962,-10.608337,6
-56.137474,11.4458685,5
-7.4792085,-5.160113,2
-31.17089,41.001534,4
19.203987,17.235264,4
76.41295,35.437374,2
28.797306,14.926556,4
19.594172,72.50931,2
22.968405,78.39757,2
2.9114628,-16.330639,4
-69.54126,-3.0218592,6
-1.8071967,-69.62764,5
-13.278455,-98.00644,0
-9.997207,92.002464,4
-17.240925,-93.66856,0
-38.586613,12.328573,5
6.6931896,69.171585,2
53.990917,-32.83235,5
-6.1725864,-8.152004,2
19.820097,11.075385,4
85.7021,-26.38653,5
45.017235,68.689224,3
80.47645,0.7219068,3
15.236046,87.37388,2
-69.865814,48.791927,6
-29.413605,1.7526157,4
32.867035,-35.76222,5
40.59569,-27.279613,5
36.29739,17.895208,4
24.509098,-81.91689,5
43.517395,39.732662,3
17.548035,-28.884306,5
-55.6652,-52.198204,5
-39.235615,13.120118,5
-10.868671,-50.352875,0
-62.597385,-47.582382,5
11.028597,70.12471,2
-37.784092,59.64797,1
-27.136665,-61.939255,0
32.974483,-18.123785,5
-84.54002,-13.114004,6
-36.723938,-44.41469,5
45.142227,61.367706,3
-60.60953,28.877312,6
1.1602019,3.3986042,4
-23.337292,-83.11204,0
-6.8195777,-4.8738136,2
1.4501883,-60.300488,5
-36.098934,31.660625,4
21.73971,44.282684,4
-5.4107556,14.510875,2
68.981544,53.693657,3
51.629963,40.366943,3
19.65538,41.59616,4
50.72465,-42.08037,5
-9.710321,-46.971527,0
44.09563,12.373561,4
-70.50971,47.64386,6
24.996096,-43.16331,5
19.443642,-81.78391,5
41.666508,-25.196184,5
33.142704,56.611996,3
0.374199,-75.306725,5
17.171442,3.4979348,4
75.92526,33.611946,2
23.149376,-80.15805,5
-47.808754,18.047615,5
47.54228,-28.968943,5
17.186398,-39.8063,5
18.804525,89.082466,2
-45.425537,10.533647,5
18.027615,77.88001,2
12.099176,43.808838,4
12.867067,74.99241,2
-4.7263517,49.718647,4
32.52916,-49.64634,5
30.820526,-2.303815,4
-41.624016,16.83492,5
-45.253616,-74.88388,0
-8.796992,-18.155125,4
-46.29951,12.991302,5
-104.38929,-1.4439564,6
6.470554,72.033844,2
-23.965862,49.5907,2
13.350501,-34.037495,5
-13.749837,-97.02254,0
-32.414116,86.705894,1
-84.48413,26.087402,1
11.517179,47.528793,4
-84.43359,11.539852,1
-85.162964,26.08874,1
-47.2123,15.317136,5
41.67527,-25.024366,5
-20.479084,-1.421498,2
-61.405334,-24.280527,4
22.409986,-26.57831,5
-17.640207,-87.93411,0
4.9168177,-73.24243,5
12.011583,84.97799,2
-10.904746,44.54803,4
-14.225109,-87.91785,0
16.535688,-44.186096,5
18.597082,42.01402,4
41.866425,-0.6547965,4
79.16123,33.664444,2
75.59265,34.200115,2
3.3303525,-55.418865,5
14.628585,-9.4162445,4
20.968124,75.609535,2
26.053108,1.6253874,4
9.983618,87.76104,2
0.9660223,-64.06471,5
48.99883,44.78124,3
53.00998,-45.079517,5
32.520527,-34.091644,5
-10.354365,42.597984,4
19.055868,20.17868,4
6.2150555,86.75283,2
7.9449577,84.24645,2
-22.721182,49.556625,2
25.654436,13.9275055,4
-66.35148,41.278965,6
-8.658092,-17.284605,4
-40.61731,-39.83722,5
-27.243027,28.086317,4
28.948399,-79.7568,5
-17.896364,-34.695324,0
23.638098,-44.306385,5
-20.185125,-38.637787,0
-74.25517,-6.2710223,6
29.26611,-72.86514,5
29.21198,-80.62766,5
-75.66847,-9.31228,6
-43.20347,9.678195,5
52.54964,-48.007343,5
-104.780914,-3.0841608,6
-58.247795,-20.138594,4
-56.050617,-19.341852,4
-38.795162,60.37699,1
26.70231,-27.410128,5
-25.36781,-19.045313,4
20.846455,46.1284,4
-29.573908,28.52865,4
21.845284,47.038456,4
-44.764126,-32.39434,5
-4.975551,-31.35861,4
35.444477,-48.69519,5
27.685547,-34.7342,5
21.88432,20.5936,4
55.647984,-36.151268,5
-54.514107,32.65332,6
56.565502,-38.13322,5
50.07555,-49.75624,5
-0.807881,-32.293663,4
-23.09507,47.352016,2
48.366566,-25.791143,5
-24.976568,-86.64083,0
-40.693047,59.795563,1
-64.39184,37.274284,6
-25.59146,-19.029137,4
-1.6827457,-64.4106,5
13.9833355,68.54349,2
23.965181,-43.21141,5
29.368467,-79.95165,5
14.750201,-10.178927,4
-44.948498,-4.753233,4
-7.2759953,-3.7454662,2
-27.366531,-58.30982,0
10.339567,43.210926,4
-1.2713803,-35.298183,4
-44.420776,-75.598145,0
-28.13515,-63.71914,0
-47.39748,43.998077,6
32.43003,16.243635,4
19.992601,-72.62863,5
-10.616408,92.665215,4
20.327785,-72.11153,5
-69.23269,-5.17452,6
46.010715,-14.8414545,5
-75.04031,-9.391907,6
14.349838,88.29664,2
-17.725933,-95.95359,0
-4.8414187,-32.156322,4
27.924385,-23.571415,5
-48.0067,7.6583357,5
-78.95226,-2.4748085,6
17.081932,1.481816,4
16.44046,9.714132,4
30.178509,5.5710807,4
73.17535,-4.766099,3
-38.473507,-44.54881,5
-12.142999,24.76856,4
-55.660744,66.76592,1
9.190133,84.11144,2
-70.930595,-1.1322547,6
46.676746,-43.889,5
-13.8784485,93.12394,4
12.987768,7.2209377,4
64.41377,53.885403,3
-63.372196,30.697044,6
41.50994,-45.41603,5
9.245672,72.938286,2
-25.660152,-12.707836,4
19.235777,45.26918,4
-0.8806158,-63.52486,5
-4.4350758,16.752813,2
-56.101173,-18.840021,4
-38.80805,61.470127,1
75.3851,32.814102,2
50.966404,-34.229206,5
73.96613,6.4193544,3
37.928795,-27.611197,5
10.02266,69.77234,2
18.042292,6.4500394,4
-58.05301,-56.660946,5
29.567558,5.354789,4
43.688507,-18.757895,5
-24.106306,-13.395556,4
0.82004803,-31.176966,4
-38.68432,62.121227,1
31.396015,-15.0246725,5
25.026546,-70.88372,5
-9.95234,-46.85173,0
65.53104,55.089336,3
4.887643,-7.6657357,4
-89.46491,25.176905,1
-31.655294,86.05622,1
-26.705708,-64.40959,0
15.870691,-39.898712,5
8.203337,82.94535,2
-22.347607,-59.82919,0
20.395645,-22.34524,5
18.72225,-40.90385,5
-57.64252,68.6617,1
-72.150314,-5.318173,6
-35.209415,62.982452,1
-68.80764,-37.05215,5
-14.354857,-90.693886,0
22.968405,78.39757,2
-44.746693,-3.9877396,4
84.006035,-28.101273,5
7.9512663,84.30999,2
22.794777,79.704414,2
-55.025024,-55.70322,5
3.2125804,-59.402233,5
31.445986,23.893465,4
-42.049866,11.417518,5
0.30721012,-33.874756,4
-73.606926,-39.418503,5
21.331646,-38.500282,5
-8.096209,92.441284,4
-25.473068,-84.371445,0
4.7961535,-9.784393,4
16.90856,19.491327,4
-35.857967,-38.385956,5
29.847132,16.934505,4
19.581562,72.730705,2
-38.203907,57.643345,1
41.425568,-51.389458,5
27.471634,-21.347364,5
47.527004,47.634865,3
43.17987,42.43478,3
-7.535706,65.343315,4
-6.2151175,14.575457,2
-25.75384,30.223127,4
-24.39994,-19.052752,4
-22.811552,-60.76639,0
-28.831673,-0.37730068,4
31.95926,-47.787125,5
-81.99356,13.22965,1
20.859104,3.6718938,4
-19.595518,-14.019647,4
-20.175013,-62.99409,0
-19.039047,-84.21047,0
17.135252,-37.374516,5
-55.495426,33.886112,6
25.083279,-74.27226,5
-60.06168,-25.22004,4
-71.16761,44.1522,6
68.60562,2.152311,3
44.244152,-50.35784,5
36.98099,-31.074924,5
8.51905,76.6448,2
74.244446,-5.801055,3
20.438814,-87.14559,5
-70.84867,-1.4257199,6
14.988485,4.453469,4
-26.45309,-88.53144,0
-70.76071,-1.7629535,6
65.7633,-6.4123855,3
77.12368,-23.16255,5
67.05858,55.299732,3
-7.2854943,-28.650602,4
5.1718574,74.25072,2
-69.17376,-8.81,6
-9.133182,-28.240253,4
-21.248865,-13.409932,4
-75.731476,-1.8959377,6
30.818733,-47.123768,5
43.179974,69.02842,3
50.92004,-41.4513,5
61.309994,20.824293,4
-13.750896,-93.95893,0
-40.59004,-9.842879,4
-9.434233,97.82389,4
33.72541,-50.44036,5
-58.576935,-25.132652,4
-82.808876,-14.1347275,6
25.476942,-26.34419,5
4.2353196,-56.61672,5
45.798576,68.06434,3
26.661867,-90.26639,5
84.66916,-19.849827,5
-79.11445,-15.030626,6
-58.61014,-19.95756,4
-70.174965,-40.96496,5
3.5881836,-12.530164,4
66.29145,21.631495,4
-70.23558,-4.90572,6
-60.585457,-50.629406,5
-86.27488,21.206884,1
10.854652,81.72499,2
-42.192245,-4.640397,4
80.95261,1.2109206,3
-103.639626,-2.97624,6
17.616764,-36.73208,5
-45.00105,-13.462309,4
34.134525,7.548461,4
-46.42121,20.273144,5
1.6218597,23.447592,4
80.24827,-30.115313,5
15.717552,38.802635,4
-0.042544983,-73.02174,5
9.787201,44.154583,4
79.12876,-27.940908,5
29.411068,-34.583508,5
29.984571,-26.073618,5
-69.27579,-38.23393,5
-24.839937,47.669167,2
-24.504519,-62.879032,0
-28.157553,-89.39923,0
-20.098919,-83.56371,0
50.17647,5.262208,4
10.709771,72.26523,2
-30.661388,44.666847,1
-41.053165,66.13307,1
16.29965,67.59985,2
15.97609,47.027767,4
12.151263,41.012596,4
24.449045,-68.62786,5
-59.994755,-25.476511,4
-6.870414,54.127235,4
-6.9617977,-27.96412,4
64.52892,19.572666,4
-64.09899,37.407856,6
-40.289017,10.433172,5
52.359787,-40.499855,5
-8.304568,93.23898,4
-6.196533,64.71496,4
73.25302,-0.38569903,3
46.76828,67.24132,3
-36.239582,-42.761826,5
-13.238636,6.8993683,4
-24.342722,13.719635,2
-31.011906,40.718143,4
23.259922,75.71212,2
-3.0129247,-75.462395,5
2.838734,-57.14482,5
46.399487,-43.701385,5
-37.03898,-32.57057,5
-23.724985,49.167385,2
-17.526138,72.19199,1
23.80145,-32.867287,5
-21.583134,11.581996,2
-6.985138,48.845795,4
76.47492,-3.5258625,3
-7.9762735,43.208607,4
-30.59314,44.60952,4
53.08385,-45.75174,5
-0.65135133,-63.53454,5
21.758982,-71.35967,5
14.10811,-35.465076,5
78.404396,5.0433106,3
-24.261898,-85.30817,0
14.213006,74.44477,2
33.160988,-14.936816,5
32.117393,-14.974133,5
21.29205,75.15476,2
-82.127365,12.853569,1
-23.620037,70.76685,1
25.859089,-18.983912,5
-31.260353,-28.89451,5
80.28808,0.6345584,3
-69.22584,43.45144,6
-23.852444,46.93039,2
-11.249876,50.57803,4
79.27116,34.36534,2
-56.636974,12.472371,5
32.711426,-15.83505,5
-32.78406,-27.053917,5
19.901651,-33.569576,5
0.2893937,-28.880394,4
19.701157,82.014626,2
-24.967918,46.61379,2
-74.07217,-2.7622592,6
8.499917,75.37114,2
-21.28166,-18.690163,4
-71.72486,-4.6377263,6
-22.449757,-18.847178,4
-15.095943,26.932304,4
-45.632557,18.650728,5
-25.076221,11.799412,2
17.322628,3.0114226,4
13.613077,88.14841,2
-22.729664,15.786137,2
22.029823,-71.92033,5
-18.266232,-0.4760068,2
7.9012938,39.32222,4
22.709572,74.18801,2
-59.107014,-22.228315,4
4.163643,-9.91031,4
25.375158,2.5343206,4
-68.200935,45.217197,6
-39.411552,12.234125,5
-18.598316,74.4734,1
-20.003326,76.31491,1
40.946526,0.41000742,4
-4.0562396,13.25672,2
-46.730644,42.68486,6
27.843906,-81.20135,5
-62.564102,-51.034233,5
53.367558,-29.28414,5
-4.2674227,50.11466,4
-38.741127,-42.658863,5
-4.3951426,-32.41755,4
-32.151646,-27.755402,5
14.08783,71.67284,2
79.53046,-26.86012,5
13.532586,41.81552,4
8.265751,-11.314612,4
-31.47623,67.06992,1
11.930144,47.599003,4
-56.728893,-18.24387,4
-101.3404,-4.9282856,6
-30.049473,66.26263,1
23.139503,40.82519,4
80.920235,-26.473293,5
-2.4643276,26.916008,4
-7.47138,41.64786,4
46.396168,-20.670269,5
-69.8106,-40.992104,5
43.878323,8.996747,4
-69.94496,47.374607,6
-86.06465,19.545492,1
-32.38955,88.61809,1
-38.995968,-44.891964,5
-27.015413,32.33362,4
25.667294,6.5582886,4
66.94845,-2.3791173,3
-53.65265,8.80099,5
46.097847,9.678546,4
-46.474194,21.245745,5
-3.9574234,15.289386,2
83.96351,-28.065786,5
32.505154,8.676133,4
-36.61442,-45.732292,5
-11.44035,96.58288,4
-42.295124,14.118711,5
1.65331,-64.65508,5
-39.550175,-44.35499,5
-44.75183,-3.379142,4
4.953064,-63.473892,5
-1.0679522,-70.068855,5
29.241219,-19.238398,5
50.017353,-22.896425,5
45.94931,65.19693,3
75.20886,31.900702,2
55.10587,-44.666107,5
-34.96967,-41.836037,5
46.65035,67.021164,3
-34.39717,-42.260868,5
23.139313,35.318665,4
16.90749,76.288216,2
28.336578,-31.473715,5
19.599144,9.82377,4
-85.3623,10.789121,1
52.080173,-49.809494,5
-58.238274,67.484886,1
-4.707927,53.181587,4
69.03954,50.8055,3
-36.378,-28.121826,5
-9.908875,44.226776,4
-12.538528,27.639246,4
20.226261,14.303113,4
-102.49635,-5.943039,6
22.708134,-28.987028,5
25.766064,-89.501396,5
-73.83881,45.39724,6
23.714048,-75.98698,5
24.841833,-32.230526,5
-22.888796,72.150185,1
-13.235719,93.911674,4
-22.55715,48.447956,2
0.716287,-57.32961,5
77.11546,-23.788378,5
64.588524,53.864147,3
1.0891808,23.854534,4
4.009336,-12.914548,4
-65.81175,-47.33465,5
9.039549,35.612,4
-69.89655,-37.469444,5
-12.665161,-94.70155,0
-24.76384,48.037567,2
77.47019,-2.1748643,3
18.4546,-22.425951,5
-11.966674,6.11813,4
64.89923,54.437603,3
-15.104475,-89.934494,0
67.1128,17.938,4
-22.816717,15.345312,2
-56.689163,66.21326,1
45.447025,-54.45082,5
-34.083855,-36.36133,5
-1.5982491,-36.94756,4
-63.96241,-49.810806,5
44.759754,-25.785116,5
19.779383,-27.505999,5
-41.05658,-26.839682,5
54.198124,-44.25459,5
-13.950804,-89.61517,0
84.29191,-20.898224,5
-76.845726,-13.504315,6
24.972527,-86.368225,5
-49.50384,7.5137467,5
-56.330486,-18.416489,4
25.078806,78.97372,2
-41.20634,-27.000868,5
14.278693,8.656023,4
4.6530933,-9.229822,4
-37.38723,-34.713165,5
1.7184222,23.726944,4
17.060759,-39.049442,5
-34.896103,-37.100876,5
-74.13164,-6.6286106,6
-103.83404,-1.6997013,6
67.98211,51.9158,3
15.809485,67.7183,2
-59.13923,29.632633,6
34.92952,-7.7827873,4
44.70672,-25.670889,5
35.883125,-31.511698,5
49.483868,-23.927969,5
4.8894243,-72.87103,5
-84.87086,25.665258,1
47.61884,46.131554,3
13.212296,85.96514,2
33.511227,-35.96404,5
-18.940992,75.15925,1
-3.6822658,-31.543957,4
12.688988,75.606606,2
-7.0756907,42.495136,4
46.790916,3.134634,4
42.295918,0.08340326,4
16.664845,70.035286,2
-29.671871,-60.747185,0
17.160835,45.871613,4
41.676376,39.889732,3
-46.78641,-9.235138,4
-81.21489,-7.702608,6
-57.627884,8.308273,5
-54.193756,34.956413,6
-29.705765,1.471125,4
-86.721695,21.013824,1
1.1328503,-60.64285,5
32.48125,9.761223,4
-23.47115,10.901373,2
72.82875,1.9598701,3
18.077854,-75.98135,5
77.46544,-20.889166,5
11.871167,86.33572,2
-71.78979,-3.0868163,6
-37.60051,68.44271,1
20.34639,74.45347,2
-19.274235,-17.635202,4
-24.396809,-63.242493,0
-43.498634,-29.812738,5
45.598747,-54.263035,5
13.017774,34.839153,4
-57.118275,36.950718,6
-8.941171,50.050606,4
-19.393553,-33.721146,0
75.67884,34.469593,2
-14.507449,94.09441,4
82.56483,-21.97468,5
34.002472,20.358662,4
6.6407003,88.99815,2
-23.2093,-88.53332,0
11.066849,77.55366,2
61.394863,20.647448,4
44.38897,-35.7145,5
-57.910557,61.94322,1
-35.560474,60.166534,1
-83.775276,-15.635332,6
-47.27673,43.140373,6
-1.3930373,-68.38251,5
-81.67088,12.430635,1
45.04284,-55.413452,5
-19.462624,-1.3077958,2
-69.0615,-2.4061468,6
-72.13972,45.106026,6
20.64894,21.389996,4
-22.857407,70.5394,1
16.374987,10.254206,4
-20.033316,-39.497704,0
-36.00919,-28.938753,5
-27.068478,-89.77188,0
-18.94574,-6.012675,2
1.4235578,-60.4828,5
20.474442,-45.87245,5
20.183327,36.02198,4
-57.479332,9.514393,5
25.605877,42.826263,4
-57.194836,14.419611,5
-32.536247,88.64097,1
-82.76805,11.190242,1
70.05453,2.85395,3
21.7507,-75.94885,5
69.8666,-2.8822563,3
-25.26942,11.227658,2
-44.694473,-75.05505,0
-28.559872,-61.11179,0
51.057648,41.547253,3
-19.386333,75.71969,1
66.42663,53.341602,3
-57.873844,68.830185,1
34.94007,55.167603,3
51.15205,-45.08411,5
27.057407,-34.1983,5
-38.16241,-37.934784,5
85.50771,-26.745193,5
-2.0820518,-61.98271,5
43.60832,-20.572165,5
-59.044346,-19.357609,4
64.25817,54.774467,3
-85.688065,26.853933,1
32.404827,-41.380905,5
-55.533493,-59.6417,5
48.36223,4.023153,4
-6.8960238,48.816696,4
-88.45295,21.044252,1
68.82957,-6.429414,3
22.707111,3.774325,4
21.240124,47.828876,4
-41.21216,-32.588852,5
65.97548,17.213963,4
44.080692,3.7029514,4
83.79022,-19.985147,5
-21.671835,11.262586,2
97.47894,20.080206,4
26.755743,-78.04149,5
-58.132,35.876167,6
-36.595398,-27.514761,5
69.77158,4.3143725,3
-54.326923,33.920826,6
-9.13469,-5.993745,2
11.617851,76.87067,2
-30.77166,29.672005,4
-25.470932,-84.37768,0
12.281146,48.43816,4
56.745003,-38.555103,5
-35.85733,-42.394173,5
20.315187,49.44023,4
50.858463,5.032914,4
-8.440634,-17.022272,4
69.83817,4.4371057,3
-38.557186,-35.339333,5
-59.31619,-25.96229,4
44.641155,11.272693,4
24.218801,38.821167,4
19.255838,20.184565,4
28.537983,-80.79538,5
-40.660305,-31.88423,5
49.51639,-49.37259,5
-87.3115,16.777582,1
-43.615566,-11.555068,4
-57.222736,66.33319,1
-88.784,24.408272,1
97.089615,18.949041,4
10.729528,87.03862,2
-61.53869,-52.41313,5
-46.71933,43.98021,6
1.1317772,-31.62636,4
10.705564,35.887966,4
-29.924038,-62.045753,0
28.047121,-3.7955313,4
43.46996,-21.789787,5
21.451893,-34.784214,5
22.398428,-39.88667,5
-7.3300414,-28.400522,4
18.002834,-36.23692,5
-11.102773,6.394779,4
-85.70962,10.972873,1
6.890775,-14.451321,4
-55.122997,6.9927573,5
23.640486,42.868397,4
45.94382,-55.28601,5
12.952727,84.37126,2
6.6205277,89.022995,2
-40.3309,-41.083824,5
19.582619,81.5723,2
-38.32217,59.265114,1
22.42811,-27.333008,5
38.835842,-46.012634,5
-36.302895,-45.844345,5
55.146317,-34.08206,5
8.9428835,86.69947,2
-12.816947,7.236269,4
-24.871683,-64.14534,0
-6.928787,41.86395,4
39.43514,12.398867,4
-36.237476,-37.52596,5
11.119019,43.008057,4
-13.117629,-97.87452,0
-19.749441,-35.95928,0
-88.21696,23.695253,1
26.445894,17.282831,4
-50.896374,7.6949177,5
-69.487015,48.54536,6
-87.13477,27.132702,1
3.4629638,-12.709679,4
83.74686,-19.901175,5
46.296936,-51.301636,5
-55.521774,11.4384775,5
-30.63896,2.3887506,4
-25.5753,69.73159,1
25.592468,-78.89976,5
-30.241554,40.98881,4
-27.477465,-89.22003,0
26.493805,1.8138012,4
-45.007042,10.3202095,5
-62.806652,33.743893,6
-12.983175,7.0679936,4
-59.698204,-51.135944,5
50.694256,-39.74156,5
-8.217096,-18.253279,4
-5.191111,-28.201593,4
-70.83967,47.563065,6
-53.79097,9.849681,5
-102.94155,-1.1606922,6
33.209633,-36.692738,5
-26.433884,47.05035,2
16.124355,18.231928,4
21.80935,-76.8457,5
-61.369366,-51.61623,5
-27.346527,-89.24208,0
81.43753,0.32152835,3
36.557163,10.874985,4
22.510616,-22.704037,5
12.602647,13.925655,4
46.378555,-53.965717,5
68.49346,51.068855,3
44.08968,-32.11762,5
34.337917,-3.110023,4
-56.20711,12.510859,5
18.26184,36.655552,4
25.420187,20.567987,4
-21.921907,-63.816944,0
45.1688,6.0326586,4
-12.555155,23.067724,4
-8.484673,-4.6951237,2
-11.484406,-48.27194,0
32.130924,-3.272791,4
22.891497,-29.403912,5
-13.894058,-97.26362,0
-76.56922,-5.7377443,6
22.931334,75.072136,2
33.134167,-50.86299,5
37.59589,-29.31478,5
30.73948,-35.291203,5
48.309082,-29.468472,5
-6.6922894,65.87886,4
-18.946741,72.447044,1
22.969902,-69.950455,5
9.8370905,13.776699,4
-11.373234,27.149021,4
38.71891,15.202595,4
-33.114544,-38.819645,5
42.87023,-18.003325,5
18.19546,-76.436005,5
-5.5322547,42.248367,4
77.9629,-26.194538,5
6.5442314,73.935844,2
45.07763,-32.53272,5
27.19825,-23.1315,5
-56.983955,-18.198391,4
-57.777775,9.749768,5
81.098434,-24.129906,5
24.526066,77.639244,2
-22.842943,70.570755,1
20.379993,-45.97606,5
-81.21489,-7.702608,6
44.482613,39.663387,3
-44.97293,-76.638176,0
-39.051567,60.092308,1
-32.332363,88.54516,1
-38.516464,-41.136173,5
-56.696407,-51.679073,5
-5.646538,41.433758,4
-60.180466,34.16534,6
32.44182,57.057674,3
45.0395,61.081184,3
40.411053,0.77233,4
-6.425241,65.36352,4
16.92045,38.06213,4
-46.6415,-13.605873,4
-10.195052,-45.937634,0
68.9894,-0.80905247,3
-14.798009,-95.495255,0
-58.820396,31.298536,6
-25.287424,-15.928059,4
-32.63052,-27.56064,5
-24.963392,-16.320057,4
-32.968067,88.061676,1
49.0111,-37.610256,5
-65.52691,-42.8341,5
-42.191185,-34.31081,5
34.757072,55.05732,3
-15.169628,-89.53212,0
-13.46264,-92.23963,0
12.878574,10.913901,4
14.967075,35.171387,4
18.497572,46.11454,4
-33.15207,-26.707483,5
18.051382,13.831482,4
68.75857,2.335625,3
-26.095873,47.46416,2
45.323734,3.3367553,4
47.269894,-25.594748,5
-48.5635,7.628782,5
75.25947,-5.0442467,3
41.34874,19.735092,4
-45.06476,-13.544005,4
-20.066017,-18.709545,4
76.02788,34.78037,2
-6.853831,42.43929,4
53.19561,-31.514627,5
24.92562,20.39757,4
-29.701914,66.75836,1
0.05162267,3.9803498,4
7.292075,86.53065,2
-53.41856,7.6404815,5
74.88422,-1.5559106,3
27.493645,6.047295,4
12.95405,74.76572,2
-65.33887,-44.033504,5
45.222847,47.471127,3
23.925457,-75.21592,5
3.8904533,-13.495248,4
73.68515,-2.5389757,3
-68.78925,-5.305395,6
-68.01645,-45.90456,5
78.28086,-30.116795,5
-55.04393,63.378025,1
40.449894,11.490363,4
25.78309,-74.73442,5
43.053127,67.95281,3
-58.223557,35.754555,6
-40.081192,67.07141,1
-54.667797,34.770245,6
15.992956,67.76788,2
-60.212883,29.007372,6
44.3787,10.143533,4
31.917595,20.92388,4
-59.383514,-49.715237,5
-19.1232,-33.780426,0
-61.22443,-47.176167,5
6.265156,70.986984,2
40.22068,15.732542,4
-61.346153,-52.784695,5
33.55907,-27.01508,5
19.089575,79.42562,2
-80.697876,15.251211,1
-28.27882,-85.439095,0
46.22181,5.396501,4
-77.55723,-5.43512,6
-43.014576,-2.9247472,4
19.179585,72.60864,2
81.76464,-0.9201027,3
21.366531,42.05201,4
-14.415634,-87.06324,0
42.42374,-39.0291,4
41.876568,19.01364,4
-41.22634,-33.782124,5
-44.47813,-74.85135,0
52.936363,-28.180933,5
-40.758827,11.49579,5
-5.7937775,-7.449575,2
-2.3058,-36.682835,4
34.500027,3.8944764,4
-9.256895,-47.813393,0
23.854193,-42.76336,5
-87.54195,22.109179,1
-11.869214,5.551836,4
-23.674154,-13.354391,4
1.2979723,2.5475593,4
-14.138581,-88.322556,0
-70.77622,-41.53757,5
-60.772545,-46.76555,5
80.87107,-32.99905,5
0.9035296,-31.527573,4
43.283752,-50.089783,5
-57.946384,37.679386,6
8.250099,35.886288,4
65.69296,53.51332,3
43.326927,6.145265,4
-43.593925,-29.401613,5
24.433613,-23.02216,5
-58.28267,-50.484272,5
-31.852459,63.28601,1
4.5791607,-16.301996,4
75.730934,34.25029,2
-60.366795,28.63486,6
-38.6379,12.752836,5
5.793454,70.74819,2
41.345734,44.231472,3
-12.1439,41.925846,4
-62.32487,-51.215237,5
20.578283,-32.022995,5
-31.346209,38.957237,4
-56.52405,36.556065,6
-14.646551,-93.60481,0
18.77541,42.979748,4
-0.7969707,-58.87062,5
32.64219,18.060772,4
-12.959733,23.80811,4
-68.41691,48.881763,6
7.6948276,85.08443,2
-83.330574,-9.053666,6
30.556475,1.5309228,4
5.7211666,74.31597,2
34.01292,-13.514248,5
-69.663475,-43.577183,5
-48.000282,8.07727,5
1.001233,-59.507576,5
44.344288,-52.495003,5
26.32664,-74.44505,5
-27.972208,-88.350365,0
20.436077,-87.41006,5
-14.969357,-91.08392,0
39.128666,-50.46712,5
41.85397,38.46448,3
-4.338201,49.62151,4
13.925855,-35.4708,5
7.529108,39.93245,4
-2.6820705,44.454838,4
-24.048477,-19.652733,4
31.18389,-24.887903,5
23.858341,43.07351,4
-61.052994,-45.474392,5
13.41976,69.499374,2
-56.90997,-56.18512,5
-20.30684,-40.0594,0
-55.59761,-52.623512,5
18.074862,-35.889183,5
-37.70856,67.284935,1
-32.44136,-30.05914,5
-55.203907,-54.59697,5
-13.403029,-91.38315,0
-56.28697,12.2318,5
-32.99854,-27.860415,5
-13.05769,27.639503,4
31.052141,-35.937046,5
-26.994091,29.001904,4
-23.373709,50.10922,2
0.30817226,-54.808147,5
7.249061,80.310905,2
-36.31507,-5.4920444,4
11.440459,12.511695,4
81.53617,-28.482365,5
-86.7442,12.198239,1
7.8520794,35.41894,4
24.603596,-79.59665,5
19.312897,-43.02025,5
0.91594774,2.9096656,4
-44.11423,14.981711,5
47.291157,47.705177,3
26.069958,-74.14209,5
-87.1601,19.665834,1
-30.527498,64.77732,1
-41.69322,66.32445,1
-30.921202,64.26769,1
-30.875576,2.5318954,4
-9.186678,-47.189476,0
-7.1648707,-8.438671,2
-39.312454,59.256584,1
63.75816,19.154993,4
-73.806526,-6.083337,6
7.308938,-13.331564,4
-84.24558,24.676874,1
41.010063,18.019514,4
76.447075,35.397915,2
-21.655643,-65.87839,0
-23.051533,-12.606684,4
4.4078827,-76.345085,5
-59.33326,32.397896,6
-47.018524,43.60837,6
-27.547222,34.22337,4
-6.656431,64.4805,4
0.8859557,-76.493095,5
99.270645,19.112173,4
-73.823395,-11.167451,6
-17.447659,-88.54392,0
-55.010933,-56.220276,5
-2.3287463,-61.870842,5
-35.836815,32.41277,4
-6.9568853,52.494503,4
12.4539,71.22276,2
-24.919897,-13.333579,4
49.205894,43.30474,3
15.312212,87.286674,2
-66.84264,-47.44479,5
-11.412946,6.227381,4
77.11189,-27.574213,5
-78.03029,-11.710494,6
-41.188774,-26.935192,5
13.577548,88.91701,2
31.25071,-45.89922,5
-10.236383,97.554214,4
44.92235,61.799866,3
20.800585,40.227245,4
-68.737816,-39.47962,5
78.852875,-22.875376,5
-8.647775,-4.8096323,2
45.30279,66.806015,3
-48.449535,-9.474753,4
99.583755,22.049696,4
-29.442545,-65.31876,0
-39.1335,-34.77617,5
-2.1047554,-70.691185,5
67.508354,23.83171,4
12.453933,71.222824,2
37.76698,-50.142773,5
-56.524445,-55.955246,5
-72.253784,47.331642,6
-83.21572,-5.131981,6
-35.37071,67.56828,1
20.19806,83.87003,2
-17.093588,-4.0530844,2
-41.834064,13.75039,5
9.929229,13.363637,4
-46.869785,-13.167628,4
36.575275,-31.924664,5
-62.19204,30.013357,6
-44.742554,-7.8497114,4
41.612003,10.464412,4
69.20333,2.8543627,3
-37.90287,-37.0313,5
-22.206821,-88.83773,0
8.386654,70.64375,2
45.62718,10.449187,4
18.205412,36.7329,4
46.11073,40.740536,3
-38.370205,57.893738,1
39.70663,-45.198063,5
-11.831207,5.756431,4
-8.317895,41.207573,4
-82.51026,11.6389885,1
-42.836765,14.1365385,5
-19.763294,-40.121326,0
27.494297,-24.773926,5
0.6911485,-59.025436,5
-62.66412,33.168674,6
7.7382016,80.19922,2
66.13552,17.33672,4
55.97575,-34.35867,5
23.523518,-73.29733,5
96.47285,21.510942,4
-34.951145,-42.52047,5
8.550468,81.19165,2
39.577354,-45.463783,5
16.994701,-45.472332,5
41.74066,12.457634,4
2.913941,-16.555683,4
26.750378,77.11526,2
26.9358,-34.24662,5
-85.82506,26.473518,1
-18.304836,75.843025,1
-75.23092,-9.583929,6
7.752864,82.011734,2
13.396422,16.061975,4
-8.309489,92.685356,4
-13.9173155,94.449615,4
-7.8564544,-4.326503,2
-5.9648476,64.3365,4
-0.79192996,-68.77595,5
-1.18279,-68.68875,5
49.932922,-33.6677,5
-36.022354,67.57915,1
0.62144387,-31.535929,4
-19.929314,-92.3979,0
-86.351585,23.85798,1
31.807226,56.1491,3
85.36668,-25.159311,5
-61.177242,-23.912947,4
-1.3444169,27.071106,4
4.226726,-57.948303,5
-44.71875,-7.8106794,4
0.04149253,-71.91422,5
41.83988,11.510675,4
-5.082232,-29.065168,4
-13.324076,-94.66903,0
11.0972595,85.64703,2
-20.025982,-3.1104555,2
-17.418858,-34.942265,0
31.125425,-48.171925,5
6.8104415,81.20561,2
50.723854,-42.08081,5
-41.117188,-6.1696277,4
-76.64366,-13.08536,6
-36.44934,-28.005089,5
48.718445,44.708527,3
28.983538,-73.539474,5
76.62121,3.9216516,3
31.586506,-17.3403,5
-8.892047,-18.175459,4
4.552899,-56.694794,5
-102.597626,-5.101673,6
24.054224,-68.29002,5
24.868797,77.56156,2
-20.08165,-13.448843,4
13.875608,88.8386,2
29.391506,-79.47528,5
-21.038157,-85.70177,0
-37.88124,59.78894,1
20.058903,36.25079,4
61.243767,20.07872,4
17.83068,46.746754,4
-27.845999,-18.465622,4
28.382368,-79.484085,5
-51.70427,11.737632,5
-18.882435,-35.52345,0
-63.346622,-50.6465,5
-8.52048,96.08743,4
-30.313623,1.3341405,4
-32.579174,-27.371119,5
-59.701332,34.131016,6
0.41839537,-34.358173,4
-19.697538,-1.3716118,2
13.212916,-31.58827,5
-29.53013,-60.586205,0
31.547575,-16.253906,5
-74.56031,-7.1110826,6
0.68221,-58.99378,5
-16.873978,-92.18125,0
-8.23587,40.50333,4
35.78976,24.463602,4
18.34884,41.431152,4
-11.552058,50.57828,4
15.259828,38.07433,4
32.97392,-18.12388,5
-72.94542,45.278812,6
-27.035461,31.716341,4
78.67963,33.196117,2
-27.384785,45.084854,2
-6.8427076,64.80966,4
42.319057,46.120815,3
79.23343,34.315685,2
10.21498,9.844436,4
-59.664543,-49.528114,5
-54.302902,-55.100716,5
-88.39816,29.425959,1
34.987267,16.89377,4
72.83397,-5.7769127,3
17.63259,-41.04993,5
-76.98567,-2.282183,6
20.092524,-22.144217,5
-23.178926,70.705696,1
-32.3383,35.40484,4
-59.527412,-25.22893,4
-39.146404,14.803412,5
-19.182777,-5.966606,2
-35.916264,29.560513,4
8.087655,76.11636,2
-104.03725,-4.41188,6
26.990982,-73.16736,5
-30.467323,2.254621,4
-57.672478,67.817604,1
-32.359715,88.628334,1
-86.72446,28.193207,1
-18.158335,-2.8931274,2
-3.3235955,-30.221212,4
-70.5642,-43.30798,5
30.9797,-48.259487,5
-5.955426,-28.325191,4
48.4773,66.964035,3
-1.7778865,-67.58651,5
5.469482,-60.09412,5
-39.305206,-9.048405,4
-58.052563,-19.606823,4
46.891914,-49.964596,5
7.23738,71.25701,2
18.331902,1.5527534,4
79.702,34.20921,2
19.525839,-34.850975,5
33.05199,-14.685139,5
-48.940617,43.24161,6
-33.62985,-36.585674,5
26.218693,-89.701004,5
-50.089848,7.185976,5
47.355328,-39.62945,5
15.296364,-43.047665,5
-55.61962,-55.332775,5
-69.15954,-5.2272573,6
21.48798,-40.216766,5
47.79061,-33.975014,5
-14.516307,-96.091255,0
1.4534097,1.2989404,4
9.603768,38.013966,4
68.04702,-3.7154245,3
-25.399054,-83.762344,0
10.128442,35.406113,4
-30.321022,-62.798504,0
-8.067743,43.320164,4
13.967365,-35.7874,5
51.343452,39.638145,3
17.207531,-44.43517,5
83.94219,-27.589344,5
-58.792145,32.38554,6
-89.02659,24.353245,1
-86.52386,26.515184,1
-30.276573,65.6958,1
-41.651897,-40.77663,5
42.388905,-17.006205,5
-58.165817,27.352127,6
40.85703,-20.837107,5
45.02551,-55.335968,5
8.178075,70.44691,2
-33.111168,88.46639,1
22.142586,-71.895226,5
14.678853,-9.568233,4
-2.5074174,-31.844717,4
29.090443,-37.48983,5
19.343908,40.388123,4
-57.106083,36.861774,6
-13.2052965,27.778002,4
-18.368965,-36.99279,0
-24.40662,-84.02395,0
-34.551228,32.69766,4
37.484222,7.0099306,4
-56.47951,67.80653,1
-14.246846,-95.77547,0
41.360012,3.7360427,4
43.847794,-52.026775,5
96.83301,21.011618,4
-20.02005,-33.85133,0
45.47116,60.491436,3
6.4700227,71.60592,2
74.76965,-4.3279305,3
18.789927,73.33979,2
12.137774,7.162187,4
76.653824,-3.221435,3
54.512573,-42.2078,5
45.64477,11.354719,4
-29.287199,30.337154,4
43.14671,68.267975,3
45.847397,0.8548606,4
-81.99684,-14.388246,6
24.782028,39.847607,4
31.965958,56.78931,3
23.720188,7.445,4
-44.11175,12.438901,5
10.698227,86.66178,2
11.985319,85.22627,2
-76.1894,-2.9459727,6
-81.18245,23.226278,1
-50.61208,12.597814,5
20.925959,12.528143,4
1.4592631,23.49591,4
-24.66172,70.07334,1
65.78301,17.561024,4
42.879147,15.838948,4
-22.57253,49.03365,2
-25.150253,11.81693,2
78.20771,5.5124636,3
74.52992,-4.271598,3
-13.875665,-98.38702,0
-99.932884,-0.8930025,6
12.3130865,6.662228,4
-45.065502,-8.089711,4
19.105352,-30.101522,5
50.913822,-23.177576,5
18.668457,38.992756,4
-40.70591,-39.523853,5
-87.723885,21.985329,1
-41.666203,-27.717716,5
9.865758,46.17392,4
-20.430286,-1.9202503,2
-0.43195483,-71.64254,5
14.133887,75.21971,2
-8.2037325,-28.907812,4
15.92608,3.9943864,4
2.1316292,-73.727394,5
-46.26012,-12.605861,4
18.073395,-75.922775,5
-54.54176,-54.706024,5
-88.824165,20.060242,1
21.436584,4.7957354,4
-46.538166,21.468788,5
-25.75384,30.223127,4
-18.548298,-85.64831,0
77.81985,2.5983799,3
-61.32988,30.53473,6
-9.100321,92.21842,4
53.288998,-28.053234,5
-101.76839,-0.7930194,6
1.1320168,-55.527912,5
33.187183,-43.081615,5
13.3372555,35.830036,4
65.911865,-5.849317,3
12.210652,75.094025,2
16.243216,70.44976,2
97.51443,18.463238,4
17.752607,-39.82554,5
-3.4652178,-60.89789,5
32.652878,3.4814863,4
-26.00725,-18.815542,4
36.674995,6.2396975,4
-12.019636,6.824367,4
-18.017632,-91.58631,0
20.264402,48.36638,4
53.701405,-35.759148,5
25.848728,42.873314,4
51.11609,39.744793,3
-37.273758,-30.003258,5
-35.71825,31.345116,4
78.81197,-1.5972904,3
-50.764908,15.728047,5
41.28614,17.309467,4
45.162014,0.79448235,4
-86.40403,21.069206,1
-19.485971,-61.78639,0
-4.453891,49.895153,4
-84.6053,19.498365,1
-88.311775,25.500126,1
19.96665,-72.50247,5
3.8528008,-58.64824,5
18.202587,16.625883,4
19.829504,36.268272,4
2.5836546,-77.05095,5
-41.769104,10.80229,5
51.0688,41.78443,3
-9.926026,97.864685,4
40.5945,-44.716396,5
-60.616528,-53.15965,5
47.294113,67.508064,3
66.32948,17.268604,4
-17.135168,-3.028507,2
-102.30999,0.025187181,6
-24.42223,-84.17901,0
-49.341,14.105013,5
13.663365,16.350193,4
-18.838816,-0.33725056,2
-4.514741,14.569271,2
-38.74543,68.11517,1
-68.14948,-41.106853,5
-54.735275,14.353001,5
-66.58356,-48.555187,5
-25.478294,69.861206,1
-26.673206,47.009247,2
-29.105122,1.8048493,4
-32.557777,88.619934,1
9.202438,-13.439513,4
47.037075,-25.707685,5
-63.93663,36.70286,6
-43.628193,-29.362345,5
-19.441723,-40.334393,0
-36.08111,59.178867,1
30.362747,-25.220139,5
-86.473495,21.2346,1
-21.08451,-3.051704,2
68.81794,51.27921,3
49.975697,-33.867382,5
23.106821,20.16862,4
-4.7269917,14.308442,2
50.174877,-26.913273,5
23.245537,-25.7773,5
39.016277,11.722473,4
12.527995,76.491455,2
77.17411,-22.042181,5
-84.479485,19.513891,1
-16.704584,-96.883095,0
41.51033,39.90102,3
-35.114685,-38.923958,5
18.687525,-44.232903,5
-27.320162,-18.33195,4
24.523777,17.39477,4
43.872787,12.159167,4
80.53365,-2.0257437,3
23.495533,44.56315,4
-69.53918,-37.769726,5
33.413074,-14.306876,5
-26.997,28.314808,4
39.73139,4.8944387,4
12.077314,84.68884,2
79.420456,1.0463452,3
39.386314,12.660164,4
-1.2424834,-33.964115,4
100.01174,19.851028,4
21.49928,-75.1605,5
38.110558,-28.381708,5
-11.8977585,97.94515,4
-24.349089,-13.970471,4
51.7413,-50.553616,5
54.275112,-44.11727,5
-7.1820426,52.61482,4
-54.061283,65.564026,1
7.292871,-14.838706,4
22.876747,-35.655655,5
11.331759,44.740417,4
-19.854195,11.963618,2
15.8288555,37.80914,4
-37.177925,-36.090225,5
28.485563,-79.36754,5
31.949951,-16.250887,5
38.3901,20.335543,4
33.303413,-6.019743,4
42.814133,-22.584625,5
25.418106,78.91763,2
19.778004,40.797386,4
74.00268,6.558473,3
20.649282,10.354786,4
-53.486805,8.044419,5
79.68382,-30.912413,5
-60.43087,-46.286568,5
-19.31379,-93.616844,0
53.973022,-42.40013,5
27.617844,-36.58602,5
-13.822015,-98.367294,0
-17.260668,-90.52733,0
19.5412,-33.069283,5
-29.268429,35.687008,4
46.01519,-43.476234,5
44.196968,-18.50317,5
-30.96087,64.37561,1
42.202335,-50.570724,5
20.68227,-37.70757,5
19.02158,-43.322178,5
31.286818,-25.0886,5
52.569546,-22.612627,5
-35.927357,-5.6890917,4
1.4910545,-60.28493,5
48.046307,45.45791,3
-26.950872,-86.50349,0
-29.388922,2.1334608,4
17.70239,-26.62791,5
68.383224,20.803717,4
43.126667,2.5682786,4
-28.115555,-58.957706,0
2.0868905,-15.731529,4
68.23248,49.327778,3
75.754196,6.305841,3
16.152292,70.64293,2
-24.746895,-60.069733,0
32.40214,-4.552497,4
5.5301085,74.193344,2
-28.24495,44.62821,2
-17.576647,-1.8337991,2
-21.443455,-18.817884,4
5.554926,-16.505104,4
56.183876,27.18057,4
-20.949741,75.71418,1
30.712088,-32.79807,5
77.42489,-24.77303,5
-17.09109,-1.9542224,2
-26.254421,-89.20005,0
-67.97135,43.980698,6
-17.520065,-1.5444813,2
76.50452,32.1879,2
3.393957,-12.249334,4
-67.87509,46.558857,6
18.233633,3.6231143,4
42.615517,39.08264,3
77.15713,33.760666,2
24.909046,-18.403566,5
22.870062,-23.145163,5
-6.6768413,64.193344,4
-58.811813,32.043713,6
-59.76931,-25.476006,4
48.970467,-30.84246,5
67.968925,21.370968,4
-56.30803,15.820867,5
-50.143147,15.584499,5
27.13868,5.2295966,4
-81.59231,-8.022409,6
76.91187,-2.3101296,3
-24.115213,-12.9312525,4
14.6835785,3.2379403,4
-10.78727,7.136077,4
-104.28966,-4.385343,6
32.71647,-50.631886,5
-10.77943,7.094527,4
-2.1752095,-70.568985,5
-20.962269,-12.609987,4
-75.2309,-9.583867,6
-43.881844,-29.523571,5
-26.369768,-85.41955,0
-32.725468,59.938892,1
82.58077,0.7975472,3
-71.06607,-40.54387,5
-101.68778,-2.298102,6
-33.008682,86.73932,1
-22.70125,-83.701,0
-40.8817,-41.602325,5
50.552624,-49.784786,5
-1.2256696,-68.51568,5
-81.441055,-11.67496,6
-35.324287,-41.69755,5
-60.77259,-46.765446,5
-87.34573,22.033657,1
3.7834647,-75.80805,5
1.4117011,-64.33547,5
17.198088,2.889012,4
2.3681455,-65.96797,5
65.831955,-6.867111,3
3.2708113,-56.98927,5
-35.11763,60.386517,1
-33.049767,67.447655,1
66.750824,55.0668,3
46.237793,62.603672,3
-26.118168,-89.030045,0
35.694298,-41.396263,5
20.14439,83.95076,2
32.779522,-41.440037,5
-69.71001,-40.41987,5
-80.873276,-2.4290092,6
43.809124,5.531285,4
24.193478,43.455345,4
-8.298321,92.779465,4
28.087767,-31.158783,5
-55.401947,33.141796,6
-11.817062,27.51944,4
22.032965,2.5278506,4
77.19912,-21.01264,5
-31.549454,85.834335,1
11.019384,15.803901,4
-18.596918,-36.726067,0
72.745316,-5.361266,3
3.116981,69.946396,2
22.793701,44.5391,4
-11.428759,6.1230245,4
16.09048,35.97647,4
26.41143,11.503461,4
-82.80707,-10.947291,6
66.534676,-4.2490993,3
-78.95928,-15.254162,6
21.105797,-45.498875,5
-45.213524,-13.329683,4
61.42572,21.199812,4
41.951977,38.468826,3
-41.890823,13.742593,5
45.894833,0.4781549,4
40.22695,7.75089,4
-6.2901325,64.60935,4
-55.558617,6.937135,5
69.830505,-6.9506717,3
19.19773,38.68145,4
-57.0332,15.129238,5
82.587654,-21.967587,5
-58.713993,-20.067938,4
23.815735,-74.76056,5
68.45737,49.494793,3
68.45953,-6.749408,3
12.784144,40.292576,4
17.522203,18.322395,4
-15.486288,-94.75879,0
-9.935712,-47.26111,0
-27.718084,-61.946278,0
-44.71358,16.084633,5
12.449779,41.00835,4
48.788876,-28.164957,5
-27.041828,28.002594,4
20.019753,45.949543,4
19.471119,38.534817,4
25.20477,19.667257,4
-7.774533,-26.869097,4
-41.953575,9.927048,5
81.560776,0.69982725,3
33.560467,-25.812634,5
13.7381315,16.210371,4
-5.8252525,-7.018186,2
32.644424,23.404572,4
-25.946045,-88.427124,0
-32.804165,36.901413,4
-1.3834792,26.90777,4
-69.42444,48.617035,6
-28.739887,-0.6129913,4
-11.548117,6.014934,4
-36.06351,-27.944754,5
-61.898273,-24.404974,4
52.466938,39.036392,3
-7.7468877,-4.0449367,2
24.996815,-69.560074,5
-14.63314,-98.17515,0
61.05152,20.917383,4
-1.2979635,27.48263,4
-84.2645,25.332575,1
-29.551119,-60.989338,0
21.381874,-36.96302,5
-7.202191,49.268875,4
-35.7507,-45.722923,5
26.746502,77.14025,2
10.805459,35.378487,4
56.049847,27.127022,4
-17.615011,-93.13398,0
38.333347,-38.65958,5
-12.804372,-94.64719,0
-29.67177,30.85172,4
-32.043835,88.07095,1
-28.671177,-64.31788,0
37.535553,7.937329,4
-87.65234,29.37192,1
29.766079,16.490566,4
87.25871,-20.75468,5
73.99229,-4.111699,3
-38.778614,68.246735,1
19.784391,-80.81396,5
-82.67702,-11.547358,6
5.7506113,87.30108,2
76.10465,5.6292157,3
-35.200558,29.665653,4
45.740467,-15.539025,5
14.715127,-10.355657,4
-38.966915,-43.24723,5
-37.474167,61.612564,1
-4.198763,-31.780853,4
-18.360388,-36.972797,0
-35.880627,60.586075,1
33.642902,17.264011,4
44.91232,40.074387,3
13.312378,70.09975,2
46.017395,-55.285007,5
82.93289,1.5438287,3
-1.3248502,-59.040108,5
22.749208,3.1029327,4
18.70127,35.89892,4
-70.78713,-3.3326337,6
-70.38868,46.39307,6
23.245518,-25.777292,5
13.554096,-35.937775,5
-7.1806216,-6.411036,2
-8.4392805,-17.447306,4
23.687578,-69.210815,5
50.8819,-34.24248,5
-63.78071,34.86622,6
-56.095867,12.808583,5
88.105034,-23.52064,5
-84.43756,18.902498,1
-56.794674,-18.485373,4
77.30277,31.871569,2
38.130447,-42.115486,5
-60.613556,-46.077927,5
-66.78666,-47.87466,5
25.581047,41.101303,4
7.834846,44.11345,4
-8.075748,-17.722105,4
-69.347694,-37.458935,5
-44.694473,-75.05505,0
-31.335869,87.82074,1
-105.46384,-3.8456159,6
26.547836,-27.284307,5
27.821972,-81.05758,5
18.557901,-27.11144,5
-12.777939,27.060572,4
-37.474022,-30.819569,5
-12.742417,27.483744,4
-0.9544346,27.682865,4
-17.250195,-96.48902,0
-63.013668,32.863052,6
-1.0534093,4.5561523,4
42.972836,-19.983433,5
-83.43205,10.09537,1
-83.92728,24.159044,1
-76.522575,-5.8594627,6
-27.07876,-89.75938,0
67.660416,50.9469,3
24.17655,-22.983604,5
-21.36304,-65.58962,0
33.913414,20.569555,4
-33.27399,35.66721,4
-56.99241,7.5388536,5
44.29479,6.951607,4
-0.44594774,-32.300762,4
-40.29357,-29.036758,5
-25.91492,30.628334,4
3.6615517,-75.75418,5
16.61063,-44.05751,5
-11.304884,-50.233322,0
-12.453502,23.597826,4
27.049934,16.11814,4
67.60503,20.949087,4
21.690208,-38.722786,5
-88.261185,24.07385,1
54.268272,-32.762974,5
64.53693,53.61846,3
47.573536,66.03013,3
-103.040565,-1.4558017,6
-57.206154,29.892511,6
-7.356988,65.336205,4
-29.78806,-60.701897,0
-42.840374,-11.664015,4
25.01151,-73.48869,5
-55.047913,-57.19632,5
43.11653,12.74484,4
-35.975113,60.48374,1
-18.64251,-84.82453,0
20.47655,-87.10703,5
-21.42714,-18.863958,4
-84.24814,9.583153,1
-28.706734,29.922798,4
-83.83879,-13.252357,6
61.088974,20.668835,4
35.951263,19.262526,4
80.62054,-2.0091417,3
25.092924,-18.723442,5
12.966397,10.731773,4
-76.99041,-5.341868,6
19.895277,-80.80185,5
-104.39002,-4.630964,6
-44.05187,9.2329,5
-81.44442,-7.889519,6
1.0731091,-54.92234,5
-8.429539,94.48893,4
87.25871,-20.75468,5
67.36118,55.86548,3
19.815487,-21.63751,5
50.620804,6.5237126,4
-36.69584,-45.828632,5
-39.29373,-28.81201,5
-31.931684,63.62406,1
3.878336,-75.28198,5
-23.864027,-66.49493,0
18.674877,-44.438488,5
-55.823135,-58.792225,5
30.025454,-72.619156,5
-5.480171,16.311836,2
2.3667147,-59.46868,5
17.918737,-28.595655,5
-28.096865,35.428143,4
47.679832,45.32126,3
-36.29007,66.87097,1
30.766466,-32.79959,5
0.5846091,-75.3356,5
-72.10465,-40.11591,5
-4.350742,53.10111,4
-83.49047,20.603043,1
-46.613922,43.95718,6
47.427795,2.1271136,4
20.055828,72.97397,2
-19.341875,75.274155,1
26.637884,77.150955,2
-65.737885,-41.659847,5
-41.560867,-29.244143,5
79.16426,35.469387,2
-73.345634,-3.4729216,6
68.77112,-1.1492708,3
71.22683,-5.9827995,3
-24.171778,9.800039,2
-13.615635,23.363716,4
-82.87717,11.069922,1
3.030756,-18.404465,4
-60.97418,-45.911472,5
-73.05536,-39.93024,5
-2.9578495,14.9412365,2
1.961717,24.352718,4
-36.15904,32.46039,4
7.442091,-15.2771225,4
-12.336781,7.461015,4
-49.801373,12.312149,5
-46.55547,21.410397,5
11.617184,11.624375,4
-24.974268,-88.43406,0
-29.419703,41.510033,5
-9.700031,49.372826,4
44.035213,-50.381493,5
-38.62225,-41.248745,5
-42.226986,-11.223933,4
75.26991,1.4861423,3
-45.23417,18.457436,5
44.66678,-25.766184,5
-41.38325,-33.494236,5
-9.926026,97.864685,4
-11.62017,6.517805,4
-19.04567,76.69831,1
-5.033847,15.299343,2
6.4049025,-8.856718,4
-6.1787925,48.52558,4
-37.78411,59.647495,1
-36.429836,-40.766415,5
77.119354,-22.880762,5
30.920599,-48.21483,5
23.091574,-85.450035,5
-21.912304,-85.47627,0
5.477645,-59.856823,5
-28.116463,-59.519184,0
-27.075274,33.133995,4
-8.982088,91.94671,4
-17.698946,-92.865906,0
53.104767,-35.9183,5
22.704206,46.454094,4
18.683216,-27.092344,5
1.0934237,2.9616208,4
-73.020226,-10.564252,6
33.66567,-46.730667,5
48.029095,67.01938,3
11.178994,7.4966345,4
10.192263,46.923164,4
35.823544,17.604332,4
-43.27893,16.431883,5
31.51078,6.994798,4
-55.56398,-52.795757,5
7.1559997,39.65847,4
-102.45325,-0.5911164,6
-41.872692,10.737273,5
18.45337,14.398401,4
11.426492,48.70721,4
39.616177,14.7346735,4
-19.278048,-93.90811,0
77.93591,32.28016,2
18.021057,46.961338,4
-26.78215,-89.8418,0
-19.539877,-39.48553,0
-1.8841779,-66.80795,5
-102.94204,-4.589827,6
4.1007695,-17.472395,4
-41.031464,67.92278,1
-74.5134,-6.3140035,6
15.066782,48.105415,4
25.799532,-86.56268,5
30.224356,21.223175,4
14.888006,-9.576091,4
14.441244,74.64302,2
41.414227,39.93826,3
8.113213,44.091873,4
-73.63751,45.694576,6
-38.92566,11.703231,5
-85.52195,23.662348,1
22.92095,41.068058,4
-41.031437,67.64459,1
45.69796,11.872528,4
32.819447,23.536526,4
-72.795204,47.234627,6
-22.176132,15.186005,2
22.396414,-32.868603,5
39.41943,10.750232,4
7.80912,82.97208,2
-46.7836,21.646252,5
32.990776,5.7590094,4
77.655045,32.151882,2
67.38168,17.996338,4
-2.1080122,-72.766975,5
-49.99563,11.807593,5
0.45874995,-65.562485,5
-8.913429,-17.614492,4
32.520996,25.46506,4
-80.6703,21.755318,1
25.103357,-71.08318,5
33.421898,56.505447,3
11.9663925,5.8260555,4
-16.394653,-91.27692,0
-21.391428,72.631035,1
-80.6105,14.974708,1
88.471306,-25.349333,5
11.214605,39.150524,4
-8.076,65.62579,4
19.622566,14.198867,4
-70.57391,-41.80507,5
-38.875805,-45.01112,5
53.288258,-40.252327,5
88.81267,-22.993563,5
-29.258759,2.313762,4
-31.273037,-27.416395,5
-41.051777,-9.101239,4
-40.22027,60.02839,1
-36.37778,67.33535,1
-44.336468,-76.022675,0
47.62071,2.24161,4
19.371119,-36.89239,5
-42.59141,-5.5278244,4
63.23789,17.189623,4
-11.769669,95.10558,4
40.70887,16.858212,4
0.4185658,-32.331093,4
10.066825,87.09217,2
20.506556,-85.04994,5
80.229385,-28.104792,5
-87.722435,28.892572,1
-81.66942,-14.865216,6
12.9316225,84.70908,2
-103.64844,-4.990865,6
18.485252,20.216297,4
31.763693,55.533566,3
-65.69903,-43.431545,5
-75.291626,-2.3154702,6
-26.159552,45.938293,2
13.485082,47.09955,4
-0.84244746,27.885332,4
-8.441877,-28.574501,4
30.304996,-1.1326407,4
10.841093,47.835613,4
78.49803,33.01238,2
11.400025,11.704973,4
-7.3438506,52.5003,4
-55.930355,-51.997715,5
-85.88247,25.582418,1
-18.605328,-0.69936997,2
-83.57599,13.683744,1
30.894028,-3.37205,4
-8.338503,40.69925,4
79.77485,-31.148817,5
69.41466,3.0997941,3
0.49090117,-75.54613,5
32.750378,8.706173,4
-58.294735,-56.821617,5
-55.13552,33.33171,6
-20.632116,-83.65628,0
23.499296,-22.146255,5
-15.560077,-97.01651,0
81.31599,-25.013552,5
2.9236226,-76.18188,5
2.473501,-76.91424,5
-41.70445,14.904023,5
-8.931609,42.449574,4
-38.192333,-45.24716,5
51.648476,-41.41206,5
23.738985,-34.53929,5
46.508694,-19.173409,5
48.8675,6.490047,4
-37.468407,-34.955738,5
53.83921,-45.342625,5
-40.942802,16.699234,5
29.255978,-3.7669234,4
42.592567,42.647648,3
21.057117,-81.22613,5
-60.422264,28.617722,6
16.934324,71.12936,2
52.20309,-41.394356,5
-11.3623295,-50.217003,0
-36.7714,-44.544388,5
-45.419167,-9.398735,4
26.462166,-38.56332,5
36.529377,-48.923626,5
51.195164,41.61236,3
48.539406,-44.356014,5
10.69954,36.17953,4
83.935356,-27.59826,5
25.985683,-38.108025,5
-69.746185,43.587273,6
76.11436,-3.7871366,3
-1.2979635,27.48263,4
45.10666,-15.58624,5
-24.360863,10.651726,2
-41.283894,-3.3554018,4
-104.93486,-4.281285,6
-57.303947,68.85684,1
-35.597263,28.3824,4
47.34628,5.5830407,4
11.3034115,48.39392,4
-54.887695,-53.289883,5
-57.926704,-20.715408,4
30.65067,-47.736862,5
-23.620916,10.880636,2
-45.50614,-13.243934,4
54.77211,-41.922447,5
-29.414125,1.0364646,4
48.238087,45.637863,3
40.69196,-39.32682,5
-31.905502,86.08622,1
-19.356009,-40.05441,0
-11.647345,25.228098,4
-67.88827,48.73616,6
-17.946886,-2.919602,2
53.227093,-33.113262,5
-8.205118,43.842564,4
81.08154,-31.10351,5
46.762455,9.090058,4
-69.40116,43.36283,6
25.823725,-85.17317,5
-70.49539,-8.516903,6
-20.793892,-3.4979892,2
-19.706617,-40.307503,0
6.4140177,81.165085,2
18.337038,88.6202,2
2.073321,1.6411523,4
26.51999,-77.94385,5
-43.787323,-2.50531,4
-64.17523,37.4185,6
-10.538843,97.88784,4
-57.859447,10.644774,5
15.815587,4.3897743,4
-27.699333,-87.76253,0
-18.00083,75.44966,1
19.955154,38.43911,4
27.196594,-30.872206,5
-30.507812,2.8892171,4
-101.691826,-4.918901,6
-14.235404,94.64511,4
0.7721666,-30.366745,4
-6.378837,64.73029,4
67.356636,18.092775,4
5.660937,-13.902468,4
-28.636337,-85.10848,0
35.95837,11.075412,4
-85.87076,14.597772,1
15.628844,41.93791,4
-87.17372,28.596178,1
-83.879486,-15.629991,6
-14.105952,-94.96962,0
-29.989569,38.624126,4
-3.6270294,16.58453,2
79.16669,34.471672,2
-28.23452,29.699116,4
66.99188,17.856985,4
-0.13609564,-71.36564,5
22.529646,74.32992,2
78.61852,-31.711609,5
48.416756,-39.782963,5
6.651406,36.940765,4
-7.646631,52.331787,4
22.239191,-78.985275,5
1.6802027,-15.582604,4
41.311043,40.148155,3
10.646322,15.404795,4
20.27737,3.3236227,4
52.15775,39.383663,3
-38.47814,67.29321,1
23.618805,-79.1344,5
41.056,40.51777,3
-19.671782,-62.317574,0
-36.30317,-29.190113,5
63.682053,22.470287,4
-28.661402,34.218246,4
-13.850656,-88.19388,0
28.29382,-81.729095,5
31.13019,-15.474805,5
-70.1414,-36.16374,5
-62.678043,-51.26852,5
-36.145863,31.136,4
15.968555,7.866155,4
-23.995033,-60.212715,0
24.881115,-69.627945,5
-38.49968,-45.269093,5
77.984924,-24.280552,5
49.25928,44.27788,3
88.2221,-22.665972,5
-39.204067,67.80258,1
38.26621,21.397919,4
17.814486,-32.609207,5
-63.264797,34.218884,6
30.350197,12.160661,4
30.36529,-4.7621098,4
50.963734,-22.746258,5
-17.629414,-1.6394233,2
16.984594,88.58481,2
12.751478,72.164154,2
44.426674,-35.861935,5
-35.661945,29.06248,4
88.56606,-23.260836,5
11.9853325,85.2251,2
67.360596,-5.4752483,3
19.364641,72.553215,2
-16.902988,-91.54512,0
-30.166246,66.311035,1
25.445814,-39.307056,5
13.679254,36.908413,4
-36.047977,-45.565624,5
20.48618,-31.050076,5
-28.3684,28.49012,4
100.288765,20.81045,4
-5.6046968,-26.813341,4
32.333424,-18.857498,5
46.74685,41.59169,3
-21.917063,71.92463,1
47.22444,-34.39833,5
-36.86135,-39.843517,5
21.937529,-83.87924,5
-56.112003,-53.613483,5
23.152565,74.72265,2
9.827738,13.103759,4
-73.12891,45.558956,6
51.673668,-29.217133,5
-45.784363,-75.43269,0
-39.121758,13.6384325,5
21.659288,-70.89682,5
15.319363,87.11543,2
1.1593697,-76.63836,5
44.880127,-56.098076,5
22.670609,-29.308222,5
-44.757465,-3.7433617,4
42.045822,-39.90957,4
25.492802,-74.326096,5
-33.691483,-38.52349,5
-2.324531,-76.03386,5
21.335287,2.2861235,4
-31.728695,67.27212,1
-80.87581,-2.4250224,6
40.237038,7.1771274,4
-55.568,-59.618343,5
25.161345,16.412758,4
-46.542274,43.91357,6
-1.0441403,-32.215866,4
-42.839867,11.849036,5
-8.445374,-17.624014,4
-0.86468256,-63.05159,5
24.419672,-86.8904,5
-64.41911,38.83412,6
-1.4367359,27.00632,4
50.3466,44.180607,3
-70.13672,-37.005714,5
-0.9450776,-58.704052,5
54.653614,-44.296844,5
-9.752912,41.93693,4
43.103966,68.63244,3
50.54981,44.323845,3
-55.90533,35.76208,6
-64.6685,39.165543,6
-13.002804,24.20598,4
-87.59344,29.25839,1
55.900074,-39.25699,5
-0.49412078,4.89553,4
-19.066963,-61.586308,0
-39.920956,-4.5596004,4
-0.09847382,-57.68525,5
-38.809948,57.859272,1
-65.43351,40.203144,6
75.72179,34.285873,2
-41.152454,67.26603,1
-20.969501,71.73219,1
-29.205116,30.067411,4
-84.2289,10.281026,1
16.068325,45.319794,4
-35.915154,33.144154,4
-20.876173,-88.305664,0
-1.3503367,-58.983227,5
-38.188694,-8.020605,4
-56.91159,-18.486536,4
1.5581521,0.5075582,4
-58.315357,61.870174,1
12.635754,43.82178,4
-3.7226725,53.29666,4
40.346626,11.9536295,4
25.01947,15.833308,4
32.408665,56.598488,3
47.642975,-17.541277,5
81.14552,1.3578043,3
-57.4001,68.36686,1
-26.514513,30.760647,4
-57.524357,7.6628265,5
47.255325,-19.774755,5
-13.6957035,-91.38584,0
-20.165632,-63.38592,0
26.547836,-27.284307,5
28.146942,-19.712711,5
-0.873695,-34.64501,4
48.024002,-39.52524,5
-85.84371,14.16244,1
43.935173,6.161128,4
27.198135,-23.131344,5
34.302242,55.24128,3
50.877728,-41.473984,5
-46.36012,-14.000893,4
40.885445,43.08991,3
86.647934,-22.508928,5
-34.531567,32.652996,4
-30.21031,65.66561,1
-11.2456875,44.829735,4
-62.77131,32.23059,6
70.20498,-2.3323274,3
43.12467,44.217056,3
-30.406525,1.6712819,4
46.7382,-16.53679,5
65.798676,-5.2877283,3
17.96488,20.134743,4
-82.32295,23.790144,1
40.84768,43.1943,3
-23.56113,72.43084,1
11.216249,7.2389007,4
43.415188,69.993866,3
66.70683,-1.031713,3
7.532059,-10.997865,4
45.73739,11.872304,4
44.712513,-55.022633,5
27.28111,6.046796,4
-16.265997,-97.54394,0
-69.12325,49.1806,6
99.924194,21.349655,4
39.52783,15.100257,4
50.70966,43.91416,3
79.552414,-31.48459,5
18.217869,-28.378185,5
-68.90239,-5.0358768,6
-74.31142,-6.280634,6
48.74005,43.85673,3
-30.909739,38.55286,4
50.69338,42.13494,3
3.702422,69.35289,2
73.48644,-2.6189923,3
-8.7618,-18.377947,4
18.722261,-40.90388,5
-20.900051,-13.523683,4
21.040562,42.773186,4
42.15971,44.90677,3
-82.65339,11.08216,1
-44.305546,-76.30354,0
80.10193,-30.6479,5
-46.70557,15.730935,5
41.182438,43.54104,3
46.477673,41.639107,3
-72.75281,-2.7371807,6
-65.098366,-44.746277,5
-22.805773,15.204111,2
11.153901,85.023056,2
4.1205034,-76.68391,5
32.21612,55.189274,3
31.186459,-15.596588,5
-56.460682,6.942517,5
24.422516,-88.57188,5
-8.56753,-47.357944,0
-60.704426,-47.275562,5
-0.94685864,-33.530037,4
49.643425,4.480493,4
45.91844,61.095028,3
4.1744523,-57.2945,5
-31.698912,87.23256,1
0.62778836,24.213888,4
23.120562,-34.598045,5
-57.41475,36.350563,6
-62.74154,30.779854,6
18.302237,8.097231,4
-23.666597,-60.393787,0
-40.563614,68.21737,1
-27.836645,-60.412018,0
20.408527,-36.126553,5
-25.693796,-88.203964,0
-59.524677,-25.733423,4
36.822784,-40.634777,5
24.751211,19.891226,4
-39.81352,-29.327595,5
39.9006,2.1676953,4
-29.20617,30.6064,4
2.8310828,-18.221296,4
36.363373,-50.48774,5
67.290016,20.13205,4
-23.642067,70.649,1
16.754045,76.96903,2
21.456392,-38.22155,5
-54.66188,-55.61941,5
78.52049,2.594763,3
0.08310985,4.015257,4
62.41212,22.355633,4
79.19486,33.79377,2
32.622116,56.75127,3
-43.64365,-29.344893,5
39.82551,-38.659195,5
54.833164,-41.66936,5
-59.80045,31.777845,6
-18.741224,-16.761606,4
-61.634922,29.556047,6
20.970589,20.691853,4
31.656374,-48.67988,5
-75.4749,-11.948661,6
-21.665081,71.7403,1
-44.462296,-74.898766,0
43.935192,6.1611705,4
63.969795,54.648815,3
17.855661,76.91843,2
-4.543849,53.999332,4
-27.753357,-59.910526,0
24.406986,-34.0649,5
-20.8786,-12.996898,4
-86.66769,14.784053,1
-32.14031,62.892136,1
-22.855179,49.946278,2
98.78356,22.290583,4
82.38794,2.932711,3
82.04295,1.0724703,3
-55.67357,33.894955,6
-57.341095,9.268535,5
24.205784,38.751766,4
-84.49996,-11.118625,6
-42.89744,-12.323684,4
-56.47859,-18.47079,4
-29.136055,-60.02819,0
-70.85493,-7.4596705,6
-27.804089,-87.94825,0
-35.909805,30.261158,4
-68.85009,-34.661064,5
17.740728,72.474335,2
-33.74678,-37.10492,5
47.846195,5.081671,4
78.248764,32.497707,2
-29.685633,38.685318,4
16.834604,18.759586,4
-57.205296,-54.93905,5
2.811366,-60.120792,5
27.621672,-21.70636,5
-39.876633,14.644519,5
29.384642,-34.52277,5
41.871082,16.444206,4
66.8883,22.349194,4
42.075066,15.616348,4
9.202438,-13.439513,4
-71.11359,-41.053955,5
34.90575,55.077106,3
-55.475426,-57.71831,5
53.580017,-30.492142,5
21.862013,-46.489227,5
-1.8500081,-67.01735,5
-27.876066,35.22773,4
-14.084352,-89.43434,0
-37.765434,61.91798,1
-83.61322,20.53328,1
-59.698215,-51.135906,5
17.303913,84.22441,2
25.64174,-71.11534,5
10.931882,43.098766,4
-61.263626,-48.043602,5
-20.924536,-16.126614,4
33.52475,25.67523,4
-20.899986,-12.917495,4
-19.444891,-0.75543493,2
66.0821,24.265162,4
25.037155,6.591124,4
41.140198,19.862516,4
1.6187159,-72.55926,5
-5.3382864,-29.18251,4
1.5585626,-14.247381,4
88.246086,-23.974741,5
21.700449,-32.540718,5
41.614655,-4.7687635,4
4.4925246,-7.5825195,4
23.754974,-34.570198,5
-32.706375,86.55143,1
-27.656702,-64.43715,0
-18.527657,-90.9166,0
-58.362972,-19.378923,4
-32.70364,-37.68832,5
43.020718,-25.080032,5
-29.890488,41.775055,4
-11.536356,6.511009,4
-4.5992966,42.54075,4
-13.987029,94.8656,4
11.08367,77.37132,2
70.85902,-1.8561081,3
-15.996505,-86.22826,0
53.17317,-28.185133,5
-101.10292,-0.12253631,6
-23.952383,-17.280325,4
41.237392,13.723441,4
-2.0106146,-67.58383,5
-8.736009,44.884495,4
4.303792,-75.81893,5
79.68003,-31.384941,5
19.393913,-22.11686,5
10.465961,39.174446,4
19.6969,-22.287754,5
8.210744,-10.994064,4
-41.88787,66.95659,1
47.23882,45.71603,3
0.18172672,26.219223,4
18.002834,-36.23692,5
-7.728446,-5.8013515,2
26.058275,-69.10783,5
43.74542,9.743021,4
40.550148,11.924056,4
4.9862027,-8.327626,4
33.85758,4.897233,4
-55.454662,-59.40107,5
12.562669,12.533538,4
-0.4356049,-71.67744,5
26.695017,-77.594894,5
13.60751,73.69222,2
67.12541,-5.074493,3
-82.99305,-11.781707,6
22.07105,-45.769405,5
13.244308,86.12867,2
-8.892047,-18.175459,4
15.949535,-40.054028,5
17.525543,-31.83149,5
-24.347973,-64.17567,0
-26.86907,29.175396,4
6.902996,-9.579303,4
14.684132,-42.596565,5
26.948864,12.847483,4
-58.1547,-57.12136,5
-21.178757,-87.20443,0
-50.840664,10.578962,5
32.808598,-17.136282,5
55.85602,-39.61059,5
50.563293,-47.8934,5
-56.75686,-56.669872,5
-28.942898,37.85138,4
49.16155,-37.66117,5
25.853617,-71.97333,5
-30.533817,28.607698,4
-58.333965,13.872629,5
-57.93211,35.94276,6
-101.532616,-4.8239584,6
7.089408,76.403595,2
-8.588057,94.48388,4
-83.079575,-5.1845026,6
31.257992,-48.074074,5
-17.500864,-94.098404,0
67.45647,-6.471559,3
-56.090473,8.089746,5
19.951233,1.6918129,4
20.937668,-85.592125,5
8.5556755,37.51759,4
52.08823,-29.10659,5
-30.16069,-62.96406,0
32.042645,-14.907136,5
12.585498,14.000164,4
74.46826,-2.9890935,3
-55.9834,15.459701,5
14.119382,88.578064,2
-25.581163,48.19879,2
44.726925,49.492382,3
31.670696,-2.8898757,4
20.076296,-72.573494,5
44.221287,3.9016416,4
-57.4074,14.136705,5
83.17597,0.21123436,3
-0.33894724,-33.950848,4
1.1052483,3.4054832,4
-1.5586302,-35.63056,4
-12.095596,-49.49073,0
-65.93321,-43.91392,5
16.500381,-38.754196,5
15.415259,-38.883972,5
1.9208616,1.0603335,4
52.219067,-28.776773,5
42.999363,68.851425,3
-22.894474,13.892782,2
39.916847,6.911866,4
-80.434044,-11.905581,6
23.852686,-69.310074,5
-50.46036,10.627745,5
25.750854,17.187141,4
-0.22163704,-64.511284,5
-69.89407,-36.092915,5
18.974482,-43.180977,5
-14.313228,-96.48972,0
1.5313336,-15.510119,4
22.097109,-70.828255,5
40.579514,9.70742,4
-87.35769,16.849808,1
-20.974981,75.901566,1
-31.380325,63.934605,1
42.14856,39.07582,3
38.28659,-48.91122,5
-28.689827,-58.463596,0
-57.479412,-19.680368,4
-54.3898,33.28659,6
4.0640407,-8.16893,4
32.048355,-45.25654,5
-24.812649,70.846596,1
20.813747,-85.441925,5
19.406765,81.957695,2
-32.920124,31.595686,4
47.67004,5.7123637,4
22.05862,-20.965855,5
40.356754,15.332276,4
4.1596375,-16.722668,4
-87.227036,16.218227,1
-68.10749,-39.66093,5
-34.790813,30.141554,4
-28.661411,34.218216,4
16.566456,68.74491,2
5.460857,87.19083,2
48.286118,66.4481,3
5.4952188,-10.047295,4
65.36364,54.867523,3
-12.792457,-94.846855,0
-20.735666,-3.4151595,2
80.48164,3.6017985,3
10.931007,14.484085,4
-7.933923,92.37248,4
40.319664,4.1857433,4
-27.471079,-89.09981,0
1.9527236,1.7219299,4
20.022375,-83.4175,5
18.627005,45.904537,4
56.658005,26.844858,4
-57.120953,-55.606544,5
-23.388597,-83.60249,0
-44.82489,-29.029175,5
5.7725034,-60.260094,5
-46.61435,42.788864,6
27.299913,-88.67919,5
-37.440754,-44.371437,5
20.0051,78.522484,2
9.993654,10.589162,4
-27.722021,-63.66359,0
-19.854568,-85.555305,0
17.177784,3.326846,4
20.136152,-45.204655,5
20.099121,78.513794,2
20.852434,47.932186,4
-19.565361,-62.579887,0
-17.813763,-37.030506,0
39.598057,9.813762,4
-36.481937,-38.514435,5
-30.301998,65.43099,1
80.62823,-27.262789,5
56.436436,26.655787,4
19.077637,83.17038,2
-44.471638,-2.4574451,4
-61.92419,-45.136337,5
68.13061,49.19634,3
-54.933487,-57.761074,5
32.83039,-46.188023,5
-52.266495,9.686739,5
28.635454,-19.979593,5
-82.58174,-14.279676,6
21.234371,48.442104,4
-43.07633,-12.879862,4
14.361657,48.652977,4
-0.62796664,-62.899242,5
-60.662727,-24.933857,4
-26.62246,46.792633,2
27.094313,16.262222,4
67.798096,49.14439,3
-40.517673,-40.875286,5
45.035645,61.107277,3
41.762455,38.718647,3
-12.144604,25.510025,4
-24.546564,-66.44156,0
-81.4129,13.995534,1
-47.09493,43.02357,6
63.08615,20.138506,4
0.8503338,-33.873062,4
27.018808,-22.670563,5
96.58358,20.14772,4
41.277412,-0.086526155,4
-41.59662,-10.9507885,4
24.836973,-21.605692,5
-41.842426,-40.522762,5
24.660892,40.779533,4
-23.76327,-59.25229,0
-0.55179304,-68.57214,5
-40.389465,-31.797106,5
-35.286663,-37.383354,5
5.337292,86.4963,2
-40.911076,-40.039856,5
31.286404,25.234774,4
65.617546,55.32668,3
-12.615604,23.633905,4
-60.7231,-25.563679,4
-44.756134,-75.017204,0
32.142952,4.5166326,4
-14.169175,-86.69975,0
83.8072,-19.605322,5
-18.992306,72.22835,1
74.46633,-4.5969596,3
39.76592,-50.27592,5
-29.477955,2.7492743,4
-53.68256,65.32073,1
23.215733,-74.230125,5
19.45267,-72.76672,5
7.045446,70.40315,2
-19.355915,-17.760122,4
43.09758,67.945656,3
26.036589,1.3123446,4
7.4177647,79.56899,2
43.280354,-25.4485,5
41.59909,-4.7638516,4
-19.077833,72.94519,1
-63.37966,-50.609024,5
14.694334,86.14179,2
-25.77781,-12.420718,4
-44.630806,-33.149696,5
-74.67176,-2.3290708,6
-88.04013,19.185472,1
-33.304768,34.640472,4
67.48574,-1.4323392,3
54.98021,-41.910545,5
-4.750988,-26.647535,4
-69.537415,-37.451607,5
-4.3647923,-26.802994,4
-68.81363,49.296997,6
25.08012,-85.42813,5
-46.937378,-13.041993,4
24.522173,17.419626,4
24.605701,5.5140433,4
-103.02165,-5.2156506,6
20.014221,12.172875,4
-6.2035313,-27.866087,4
23.96654,-32.849842,5
47.04623,63.943108,3
-31.16761,-26.986708,5
-59.209682,-24.554876,4
28.983538,-73.539474,5
21.786068,20.487215,4
-57.522205,-20.108034,4
-76.59364,-13.068346,6
14.013133,-9.542725,4
82.60722,3.5606375,3
14.504396,-9.384829,4
-89.33592,24.877518,1
27.478897,5.0907054,4
-83.39376,-9.316307,6
-62.66445,33.83643,6
-29.259989,30.529875,4
-38.791725,-45.12051,5
97.52418,18.536041,4
21.654953,46.75302,4
-15.5089035,24.45157,4
19.189404,15.2933235,4
20.4881,2.7405303,4
-35.808907,31.71279,4
29.682976,16.343847,4
-101.62508,-0.75375074,6
-21.147041,-13.221958,4
76.23578,-2.2334666,3
11.233272,83.225105,2
-8.783294,-5.065206,2
-66.16676,-42.2702,5
40.81962,-27.5513,5
11.867495,86.17861,2
43.22793,42.321228,3
25.12252,77.350204,2
41.760723,-17.649115,5
29.949202,-78.950325,5
32.837013,-38.94168,5
26.596767,-90.25417,5
-9.627405,44.84594,4
32.88682,-42.065834,5
-21.538761,-62.23716,0
12.618882,38.98715,4
33.30175,-39.387054,5
19.202982,-25.02585,5
-39.205917,65.66454,1
22.703259,3.8080246,4
66.56564,53.660168,3
78.247734,-25.868687,5
-6.886752,-3.3323374,2
1.9568541,-72.9378,5
65.807205,23.40078,4
24.32852,-19.592447,5
9.033319,34.84786,4
82.75146,3.3751628,3
15.105509,42.351326,4
42.981125,42.608086,3
78.60367,-30.883936,5
14.668783,84.2126,2
44.659466,11.4383745,4
-12.464285,92.13783,4
-85.16377,19.27504,1
45.673496,2.621371,4
31.343948,-48.266632,5
12.029711,37.514835,4
-4.151659,49.94296,4
-56.29801,-51.7371,5
-2.924905,13.95745,2
6.176004,-9.870261,4
-55.686855,35.610653,6
-9.889269,97.28913,4
41.86373,-46.664776,5
-69.68423,-40.082775,5
26.519995,-77.943794,5
-66.44156,-47.960083,5
-1.6321207,-68.84797,5
-1.6107526,4.7778354,4
-6.349298,14.089175,2
-57.541275,8.833562,5
-20.685596,-40.035217,0
-16.47413,-97.30803,0
6.5558276,-8.900139,4
-33.48951,31.423328,4
-28.291912,30.988068,4
47.13996,-30.832495,5
33.738667,-13.788212,5
-37.011124,-41.723377,5
46.399174,-33.36901,5
-63.70552,34.839916,6
-7.591992,94.89754,4
72.382515,-6.026655,3
46.758774,-51.58963,5
-22.650084,50.57794,2
21.39378,-79.63482,5
7.492907,-14.742095,4
20.410494,73.862686,2
42.70131,38.582127,3
26.284998,-49.707096,5
-46.433678,20.415514,5
19.883522,82.33251,2
-8.99905,97.54812,4
86.90085,-20.485092,5
47.02667,65.10228,3
17.534878,-23.969118,5
13.15667,-31.282545,5
-24.561138,-16.830912,4
-31.891613,38.95682,4
-21.035463,-39.656624,0
-31.868792,63.351364,1
14.872458,5.7550106,4
22.044628,-84.33573,5
-72.7725,-3.16551,6
13.967718,9.663028,4
-3.4390793,14.159311,2
-48.757126,7.513878,5
-62.91562,31.65377,6
-6.8063016,-26.68601,4
-103.5427,-4.9724236,6
-22.367338,-19.156412,4
14.036713,43.214535,4
-73.52893,-39.65857,5
6.19431,87.02185,2
-9.259702,-29.181293,4
-39.43173,-8.179606,4
-2.8959236,-31.56991,4
-50.15021,11.90339,5
21.559319,-76.24273,5
45.88357,10.473897,4
45.95176,-14.51369,5
81.33979,-0.046648107,3
47.329132,64.39057,3
50.817837,-22.272335,5
42.48872,41.909695,3
18.445337,8.7835045,4
45.468254,11.132953,4
-41.26016,-27.697508,5
-34.094677,30.95665,4
-30.446926,29.137535,4
45.65986,-23.734749,5
-58.792145,32.38554,6
-0.11953767,-54.231537,5
41.8543,38.476547,3
5.410973,-10.33974,4
1.0158283,-55.005688,5
-81.95166,-14.668273,6
32.279434,56.467873,3
79.107254,4.419666,3
73.06669,-1.806315,3
9.384595,42.36598,4
-74.92746,-5.9763117,6
-57.25394,7.192922,5
-60.360176,-50.66941,5
-4.199358,14.982029,2
23.337223,-27.198692,5
-73.138054,45.145977,6
49.557743,38.945168,3
3.5235274,-76.06229,5
-21.09518,-13.090335,4
-7.9746943,95.27747,4
-13.2189045,-91.523056,0
22.276556,-36.978485,5
-15.162964,24.799463,4
-19.434753,-0.47362408,2
-0.80184054,4.8952785,4
-31.52109,87.90803,1
42.980316,-0.13411313,4
27.645956,-36.62237,5
35.590034,11.351538,4
-38.518158,-35.317936,5
-74.05425,-6.530267,6
-38.47813,67.293205,1
0.6672068,-30.145775,4
-48.931892,43.253796,6
61.721798,21.815159,4
76.44583,5.8445973,3
17.693396,72.52676,2
46.411995,-20.109821,5
0.456213,-32.41819,4
46.351784,-20.82614,5
-31.609955,63.65197,1
-103.366455,-4.937015,6
-12.242397,24.093489,4
-41.832058,13.779853,5
33.999844,9.289374,4
-25.968128,-12.336526,4
42.524517,42.691753,3
72.91465,-4.4029202,3
-20.241047,12.180709,2
-7.5075784,64.99708,4
11.230991,10.210406,4
12.389822,9.480482,4
50.154095,-39.650547,5
44.16403,12.390907,4
45.483322,60.050175,3
34.16245,17.266788,4
5.513985,71.88484,2
46.816048,-34.414845,5
49.870964,-49.52968,5
27.809233,-36.765564,5
17.320843,-23.982292,5
40.925568,20.026289,4
18.411242,-32.17579,5
-13.000771,-93.48439,0
44.630684,-51.153122,5
-6.4396534,54.246624,4
15.652502,4.7544637,4
-20.109924,-63.52538,0
-44.95528,-74.84663,0
19.495022,-22.17844,5
19.291656,37.55251,4
82.44362,-27.775253,5
-55.166374,33.45112,6
0.10202409,-28.669579,4
16.905968,-41.16929,5
37.99478,-27.632626,5
12.165699,81.77225,2
-76.552704,-3.2359366,6
47.324524,4.0253625,4
-40.21598,11.588239,5
-45.05448,-76.81718,0
-25.277498,-13.212156,4
-15.30698,25.455387,4
-33.716167,-28.443596,5
-7.3249726,-28.984797,4
76.93981,-23.867373,5
33.47479,25.791317,4
5.3738413,74.67579,2
24.88246,-70.428696,5
-2.749539,-37.64328,4
56.644012,27.077742,4
46.868927,-32.25244,5
-47.356586,18.019226,5
31.682459,16.644058,4
16.377684,38.001663,4
19.801533,-22.452768,5
-17.43916,-1.9112571,2
14.661211,68.58301,2
-11.274028,-50.13969,0
16.66861,69.6236,2
18.590672,36.527203,4
-74.266815,-9.750114,6
0.494043,2.964,4
-3.0891337,-26.055792,4
66.07394,54.29979,3
-57.90267,-18.560013,4
-2.1406343,-75.19703,5
32.85104,-15.3086195,5
35.13775,19.789444,4
12.285411,34.721622,4
51.537384,40.4197,3
16.068321,45.31981,4
9.685498,40.448902,4
18.333828,77.82495,2
2.3897445,-12.399457,4
65.676865,21.005302,4
48.096382,5.0919156,4
27.60407,-35.008335,5
0.7270799,-33.79725,4
-19.910313,-2.1038902,2
98.8749,21.547047,4
-3.6552012,-60.530296,5
37.572838,-32.94363,5
53.04352,-29.434593,5
-56.722763,-53.251022,5
-56.552002,30.988983,6
-42.31371,-7.557155,4
41.835464,39.20375,3
-45.884434,-11.490432,4
40.20934,4.2072306,4
-103.86245,-4.910482,6
-24.070267,12.916062,2
-22.316721,50.083576,2
14.447149,-33.776684,5
78.02033,-28.485615,5
-23.635687,-85.86624,0
49.888863,43.11019,3
34.776497,-2.878725,4
51.50326,-40.041637,5
16.320927,40.142033,4
-50.056084,15.907695,5
40.372734,-44.670242,5
-44.676872,-31.804626,5
47.024864,41.954468,3
53.4157,-35.907505,5
-20.480192,-1.6152871,2
-12.807925,-94.549805,0
-41.447025,-40.54233,5
-68.05619,45.531136,6
45.09908,-29.302877,5
-12.930018,-90.24284,0
77.450485,-25.19619,5
-13.1740265,27.187695,4
0.27924186,-67.64521,5
-6.570558,-4.3239527,2
36.08365,-49.236053,5
-35.034492,61.47108,1
22.694862,-29.002474,5
17.624012,3.628487,4
68.73772,53.840214,3
-23.366037,15.074704,2
19.992569,-22.760366,5
-13.293635,93.864685,4
66.03382,-6.642379,3
14.7475605,3.2884479,4
-32.58057,86.76212,1
24.399696,4.407224,4
22.53038,-80.463684,5
33.719296,5.109807,4
28.59739,-34.21673,5
-9.541892,49.387722,4
-72.010185,-39.974392,5
9.356368,39.497097,4
-45.034145,-76.78643,0
-33.423172,87.010475,1
23.15123,-79.791374,5
14.013133,-9.542725,4
-58.81406,-50.046116,5
24.365892,6.909305,4
-13.333788,24.124483,4
-23.335712,49.96994,2
40.83322,4.9948025,4
40.8497,39.34192,3
67.99606,-2.7259042,3
-0.021584641,-34.289097,4
-66.38333,-41.70946,5
5.684148,86.71406,2
-24.6259,13.403729,2
69.775345,3.6563408,3
4.8546767,-7.651402,4
-35.916317,29.45369,4
-0.9637863,27.565723,4
9.754145,45.22858,4
1.0891808,23.854534,4
-30.35929,39.413685,4
24.620405,1.4164864,4
-18.436617,-36.714466,0
42.880768,44.745647,3
-8.136844,-6.0469723,2
-20.23144,72.21943,1
-44.53586,-75.33302,0
6.1010137,80.684364,2
18.128216,-76.05519,5
5.309933,-15.3357315,4
-71.001915,-38.553867,5
-39.206177,12.997578,5
45.713898,-31.66725,5
-19.507149,-33.864563,0
-20.288868,-63.29835,0
-21.482523,-86.76144,0
6.0677466,-60.747784,5
-1.6906478,-60.214165,5
-24.71138,-66.19049,0
52.22545,39.197067,3
49.895138,-26.20585,5
-81.361206,-13.349289,6
4.6256423,-8.156689,4
-41.111282,-41.443348,5
2.2158818,-76.946945,5
41.90246,11.270585,4
-30.582712,-29.404074,5
29.963943,-78.5741,5
-38.01153,-8.084466,4
-37.265694,-5.35115,4
-22.31001,-19.055494,4
67.632286,54.79634,3
43.491875,66.36977,3
-72.26347,-41.013535,5
73.06127,-0.23885538,3
68.26979,-5.6923695,3
18.851408,-39.35669,5
43.506264,68.615074,3
49.292793,-18.957825,5
-45.249043,-9.108959,4
20.203249,-84.80322,5
-77.789406,-4.244807,6
-49.669518,15.638418,5
31.223864,-44.572357,5
-24.924925,-17.236282,4
80.9806,-33.10501,5
-69.55221,47.83779,6
-24.149181,-66.683784,0
-104.79095,-1.7642943,6
4.288499,-57.779503,5
77.08952,-26.5789,5
16.531414,87.05562,2
25.089743,-85.24035,5
22.281595,-33.402542,5
-57.8295,9.046073,5
39.962,-38.83045,5
-44.786564,-76.85432,0
44.694725,-30.499115,5
-57.526825,68.72245,1
32.952217,-43.18022,5
2.0377853,-73.46956,5
78.53326,4.9136496,3
-39.561035,14.721598,5
3.5650554,-13.211991,4
-37.126102,-35.88408,5
-38.958828,59.254444,1
-14.389847,-89.291374,0
27.124998,-34.0838,5
-50.393818,10.63937,5
45.308064,-35.301014,5
-84.81661,11.713445,1
35.791767,-41.29234,5
-22.242146,-16.242538,4
75.43642,33.51784,2
-45.905,16.708687,5
-19.701838,-86.23017,0
-36.612934,-38.617065,5
25.244476,-89.61773,5
-83.80788,-9.257743,6
1.35441,-67.75747,5
19.663645,83.07093,2
-57.034245,66.205086,1
45.038414,43.62855,3
6.622001,39.35067,4
-33.206676,31.530775,4
32.20329,56.91729,3
-45.272663,-8.653245,4
23.245537,-25.7773,5
-59.572254,-25.437647,4
-101.88284,-2.2836812,6
75.43642,33.51784,2
-34.467422,-38.296265,5
-27.773426,-88.68432,0
-10.7138195,-50.339146,0
-75.63375,-9.233244,6
-75.67325,-6.183756,6
-58.537907,-57.794346,5
11.651773,38.40059,4
-69.362595,47.071537,6
-4.268299,52.542915,4
-48.634804,16.371344,5
-25.217518,11.742333,2
-42.61927,-12.104577,4
-7.453683,40.70047,4
-67.520546,43.231113,6
-0.23099928,4.9947195,4
50.498413,39.567333,3
-71.064705,-40.543373,5
4.280576,-8.071137,4
13.715117,9.392535,4
-83.645645,14.039421,1
-16.080578,-96.97516,0
31.141068,17.230051,4
-17.05873,-90.09857,0
-76.71611,-3.5775588,6
42.455803,43.974335,3
-21.42785,-13.002403,4
18.525446,41.792255,4
5.5140553,87.71128,2
24.5324,-79.83532,5
27.133385,-88.138306,5
32.318687,2.416521,4
-81.72966,21.81896,1
12.216947,39.324123,4
7.710224,81.60198,2
12.319575,5.284959,4
-62.82484,33.160286,6
80.15316,-30.090254,5
18.480907,85.47681,2
-83.6287,-11.286855,6
-27.092041,46.327164,2
7.290303,74.37327,2
76.49325,35.555042,2
-6.777525,-6.3432164,2
-3.9921021,44.01288,4
8.185996,-10.361429,4
-55.467243,34.00142,6
15.930648,45.762234,4
28.308004,-37.12445,5
-35.54375,60.769806,1
14.79778,-42.386505,5
18.151062,-76.22074,5
34.083168,20.033154,4
-33.489517,31.42332,4
26.17745,-86.664696,5
-5.181561,-26.858904,4
3.0604968,70.61742,2
21.136166,20.558844,4
9.673129,40.43428,4
25.033337,3.3060539,4
50.01868,-29.185686,5
-22.300785,48.565693,2
46.300655,-27.688255,5
-18.64417,-33.879627,0
-103.90839,-4.393796,6
32.78812,-25.117361,5
-54.82446,64.571815,1
71.52847,-7.4547243,3
-13.40196,28.068237,4
-72.31089,45.10866,6
-8.697883,40.651222,4
-17.707102,74.369675,1
-24.987875,47.0599,2
65.20354,55.151882,3
-29.890488,41.775055,4
-64.33563,-46.38462,5
-18.653301,-34.629898,0
-37.767418,-37.259342,5
36.363373,-50.48774,5
0.20904647,5.102958,4
-29.811108,41.310467,4
-89.22205,24.628405,1
8.17194,-11.264007,4
-73.045845,46.275307,6
-1.6941744,-35.77617,4
21.861492,46.441566,4
1.2651781,2.8694112,4
-46.079647,43.935253,6
-41.348156,-3.2364051,4
30.41337,12.584336,4
-55.461735,62.961033,1
45.76568,46.561775,3
76.84612,-26.537415,5
49.831024,-23.455858,5
-4.622281,52.108345,4
-47.456142,13.347334,5
39.364174,-45.162777,5
-68.97084,-7.8416166,6
-30.884878,32.00542,4
22.839474,-85.52422,5
2.1461046,24.294384,4
12.543178,5.6686134,4
0.89733523,-30.83043,4
44.923615,-31.034666,5
-38.416782,-42.444782,5
20.164843,-72.38791,5
35.329357,11.17037,4
-32.794666,-38.7876,5
32.55108,9.639675,4
44.933666,11.941228,4
35.58957,-41.152958,5
-41.954445,67.65794,1
-61.623447,38.15267,6
24.400219,-19.828012,5
-6.3435254,14.061831,2
2.1287932,-59.679867,5
-54.962868,14.530467,5
99.48553,21.308277,4
63.31379,24.251848,4
11.17284,16.585695,4
-20.433598,-0.75240034,2
21.553692,20.4249,4
-13.8361,-90.727196,0
37.705894,-30.937006,5
-35.71842,29.953693,4
44.439045,38.340927,3
33.943127,-26.336206,5
-83.464195,14.990551,1
-54.999218,63.362682,1
-43.048363,10.204249,5
-7.9837313,49.87322,4
13.292013,43.843586,4
-42.911358,-13.6692095,4
-60.31606,28.85937,6
21.446,74.926186,2
-39.875885,-28.9097,5
42.85118,4.0888267,4
-70.814896,-40.342987,5
6.0782113,71.743,2
52.030193,-50.158894,5
35.517162,18.998297,4
51.01224,-22.442694,5
30.393122,-4.7686586,4
-23.909424,48.728256,2
-22.893957,-19.087687,4
-56.77187,-51.35569,5
-46.32567,17.618122,5
71.3538,1.1762093,3
5.5010753,-10.972804,4
-31.149887,87.45155,1
-4.1497154,-31.336723,4
21.32817,75.320404,2
28.135262,11.344257,4
-12.694579,23.90466,4
-8.582793,-17.934483,4
45.519714,46.768406,3
14.417601,73.40078,2
4.568742,-9.483372,4
45.855217,-43.662445,5
43.566082,66.26555,3
-9.585916,-28.307749,4
-36.680836,65.63659,1
71.15677,1.8454293,3
-15.040955,26.943523,4
-58.71877,-52.211674,5
50.846394,-41.951553,5
41.449753,3.7511225,4
-74.65848,-11.558734,6
14.060469,74.46005,2
6.0943866,-60.721706,5
26.363174,11.33477,4
-38.902664,-44.85368,5
27.331192,-85.56731,5
80.22163,-26.56226,5
-55.870975,-20.31364,4
12.593413,34.43114,4
-86.473495,21.234632,1
85.457245,-24.972534,5
25.473198,-33.54941,5
-100.82601,-0.32094887,6
5.409523,86.880714,2
-27.514841,-89.155014,0
80.86686,0.70904416,3
41.954636,-0.00758335,4
24.904572,-21.741756,5
-24.200611,-12.171477,4
24.702576,-86.637535,5
34.4711,20.095118,4
-81.67088,12.430635,1
21.522951,20.543444,4
23.74503,5.8346205,4
34.120884,11.087698,4
63.589027,19.345203,4
-19.426243,-87.150536,0
64.5926,19.308014,4
9.023992,-13.884276,4
-24.479887,-17.723152,4
27.938335,-36.646107,5
-5.5612187,-8.111015,2
-39.23546,14.036904,5
2.119383,2.0197434,4
-35.61112,29.334908,4
72.89011,-2.6519232,3
-5.113498,-25.951256,4
13.275745,-33.907448,5
-88.43663,20.4269,1
21.240992,-39.998158,5
64.959785,55.040413,3
24.803312,-88.91556,5
-6.0553026,49.156204,4
-19.457817,76.54171,1
-6.9303885,14.925815,2
-20.844223,-39.748337,0
-46.75876,16.15198,5
34.024315,25.402344,4
-55.32025,-59.207394,5
50.340466,41.519436,3
-84.473595,11.0413885,1
2.8808818,-56.93207,5
-72.25352,46.384422,6
-2.6097803,-37.3267,4
31.965958,56.78931,3
33.614082,8.892607,4
30.698494,-32.791412,5
67.40094,18.441559,4
27.396368,-33.337265,5
13.763925,87.98755,2
25.065445,78.750755,2
22.25216,-43.60873,5
68.41878,49.61252,3
0.69782346,-54.149437,5
1.0078958,3.023212,4
0.9928731,-68.18729,5
47.943478,65.3779,3
17.978853,-32.54941,5
-70.4135,-39.749218,5
40.84768,43.1943,3
30.848536,-48.0957,5
-70.45706,-8.486779,6
26.852617,-80.44107,5
-35.648216,-26.988611,5
21.228012,-74.57382,5
-78.86182,-15.975902,6
17.984941,13.626128,4
-2.4851053,-37.424007,4
-17.279339,-91.959885,0
-58.777622,36.909557,6
-57.64739,62.021343,1
18.986677,12.76126,4
-35.713657,60.138245,1
-20.277077,11.001729,2
22.872631,74.67057,2
55.736362,-38.131203,5
2.0036025,-77.07495,5
97.06252,20.29652,4
14.200259,68.72536,2
-39.379932,13.41653,5
-5.656767,41.96737,4
-6.9812517,64.10933,4
18.2326,36.945026,4
53.009876,-45.07948,5
-56.43374,-20.209354,4
-38.65752,68.04054,1
-86.51444,26.657028,1
27.691563,12.383388,4
2.4505577,-76.51992,5
47.131588,2.2711468,4
29.10052,-3.8286462,4
-80.6295,-14.629854,6
29.676632,-26.66104,5
-57.252712,-20.305908,4
-8.582367,-8.842179,2
-32.99806,35.37469,4
83.50616,-19.960007,5
-24.38691,-87.94862,0
-8.384076,-17.438286,4
32.72206,-45.19841,5
16.971235,-41.350834,5
-40.169384,11.900992,5
98.747246,22.311579,4
4.0489683,-74.93678,5
-19.716492,74.98034,1
76.879005,-27.101954,5
-87.16378,26.04825,1
17.46249,88.47755,2
14.342689,-32.682846,5
40.998173,8.80064,4
-0.79197425,-68.77581,5
-82.44186,15.453025,1
-22.764229,15.459179,2
-88.77089,24.115707,1
85.1404,-25.562077,5
-38.995117,-27.844522,5
-8.682275,-47.747803,0
0.36853027,-29.024326,4
-41.268806,66.85181,1
84.74852,-28.391851,5
-59.688396,29.17251,6
21.315495,-83.68894,5
-31.780668,87.29206,1
18.406115,13.886315,4
43.634174,3.2400787,4
50.46086,4.838123,4
-37.87809,-28.970512,5
-15.022307,-94.902916,0
-2.5891078,-36.8216,4
38.550667,20.688957,4
-24.678905,-84.19458,0
-42.710682,12.938972,5
-72.351875,-2.2982213,6
68.31329,20.752653,4
-85.93392,13.774823,1
-68.67279,48.64025,6
6.562455,86.575775,2
35.461643,-50.148994,5
48.98641,-21.37309,5
-69.69635,-9.214393,6
-20.150629,11.532947,2
-46.081654,-12.235063,4
-27.12846,-86.600746,0
-68.41691,48.881763,6
-27.38786,-59.4076,0
11.335886,12.096155,4
-56.924072,-20.075832,4
12.106407,14.267627,4
-86.7442,12.198237,1
-35.95943,-6.190607,4
-57.336285,7.4111423,5
32.6838,55.32876,3
4.0595984,-8.946375,4
31.751661,55.862743,3
-104.481186,-3.4683354,6
28.265265,-36.51841,5
31.651875,6.2770343,4
21.38259,-21.36287,5
-61.80807,-24.381111,4
-40.83242,-30.361294,5
-78.796906,-15.858032,6
11.61983,43.081097,4
75.16615,32.246502,2
-30.407822,65.21294,1
-24.731274,46.61349,2
-68.73257,-34.446957,5
-2.5380592,14.280633,2
0.25691852,-65.57255,5
-0.42846733,-72.73092,5
-42.970108,-5.607819,4
-31.740269,-28.196915,5
16.206528,45.052555,4
-8.524266,-18.430004,4
21.907957,-22.780355,5
-24.422628,-66.60717,0
-44.950188,-29.08031,5
27.438396,-17.796185,5
-34.344788,-42.640095,5
30.831278,-1.4311054,4
5.0805287,-59.58191,5
97.68802,18.710796,4
87.72072,-25.856209,5
19.226479,7.647885,4
-6.501252,49.443363,4
77.17913,-23.784348,5
-101.12355,4.0045707e-06,6
70.088554,-1.9537547,3
-7.2234483,-25.972692,4
21.873526,-34.893406,5
40.18279,-25.459038,5
63.519646,18.317123,4
-83.42689,-9.105046,6
15.944208,-38.244278,5
-7.3753805,64.584236,4
-59.45444,30.77464,6
12.513784,47.917046,4
76.162544,-3.1584084,3
-82.837845,10.835908,1
52.648407,-48.696453,5
31.995544,55.722477,3
-44.741314,-33.469006,5
-72.67066,-41.297337,5
24.640322,16.797874,4
77.35149,-21.944614,5
-16.684965,-90.99767,0
69.8851,4.59853,3
-65.33352,-47.485546,5
48.83818,-21.151413,5
26.547752,-27.28446,5
44.79092,68.72296,3
80.31439,3.079997,3
-21.758295,11.869317,2
80.95205,0.8459557,3
19.64913,17.615902,4
78.806496,-1.7377609,3
-69.05771,-36.52598,5
31.090145,-44.392246,5
23.273516,13.9780445,4
10.618632,39.07878,4
-1.2784271,-62.55831,5
20.066723,41.393097,4
-29.19273,1.8874034,4
-37.99781,-4.56149,4
40.883003,4.578597,4
27.675838,15.657221,4
-7.408304,64.06483,4
43.066277,-50.043106,5
19.543507,82.26747,2
-24.391104,-83.96991,0
28.021278,-79.29574,5
-39.382267,12.263945,5
-29.736452,2.1780536,4
-33.619373,35.790184,4
33.413074,-14.306876,5
76.34172,4.2968006,3
-36.122677,31.332146,4
14.119157,88.578,2
-67.65461,46.732937,6
-43.584957,-34.0263,5
-20.791836,-3.2515821,2
48.949776,-31.004322,5
-34.925423,59.722378,1
-21.034077,-18.63445,4
-71.09446,-42.939648,5
78.069954,-26.377083,5
-57.565197,8.025202,5
-16.066496,-96.8186,0
35.662125,-50.496048,5
61.129765,20.147154,4
-65.65201,40.46019,6
-21.521322,-62.174202,0
25.346573,-33.569267,5
-58.2925,-56.149624,5
-12.229064,24.801582,4
22.139322,-85.26661,5
10.6983595,37.619564,4
79.3484,0.73320353,3
20.846472,12.321584,4
27.572994,-81.70538,5
44.702763,9.307646,4
-4.851733,53.410767,4
19.262697,36.16919,4
-10.133882,-49.38625,0
-8.643846,50.138535,4
45.780777,-20.310814,5
37.21049,7.094444,4
-3.25101,-30.955198,4
-72.66252,-3.8875287,6
-1.3462596,-71.23742,5
54.27368,-45.355385,5
17.979357,8.132507,4
-3.388593,15.9699745,2
-0.50039047,-72.65254,5
77.921394,2.4830012,3
33.042454,20.536564,4
37.83096,-45.817844,5
55.94777,27.071592,4
54.408,-32.861378,5
-60.958225,28.84422,6
0.29201347,-54.41302,5
8.394262,70.16223,2
28.979473,-3.8278537,4
26.024702,-80.95249,5
26.015564,-86.89694,5
24.512144,14.709241,4
-59.22001,-19.94993,4
-19.202164,-17.746391,4
-58.428402,30.16805,6
-39.8515,-31.660358,5
1.8238306,-13.772682,4
-16.636189,-85.89249,0
66.13278,-2.1481452,3
31.147337,-46.252964,5
42.150944,-46.066593,5
11.838307,7.361843,4
-56.298527,-20.480757,4
-67.47843,-43.309307,5
-24.057562,-89.30546,0
-7.5105257,52.48107,4
15.853265,87.489624,2
-1.0181972,-72.38646,5
-7.541293,41.01937,4
2.997085,-56.724857,5
-26.377588,47.38137,2
-10.647329,93.162865,4
-56.523087,13.070661,5
-77.00354,-7.0227637,6
-61.716488,38.38262,6
1.1208466,-54.80896,5
38.68047,-45.667454,5
36.319244,20.934118,4
-68.95046,-34.86005,5
21.30615,48.21816,4
-7.1157265,-4.748597,2
-57.200222,68.15093,1
-4.310394,53.05296,4
-8.3386965,-28.045452,4
-0.07059997,-32.95309,4
-8.434587,-28.123396,4
-5.475894,14.61726,2
12.182005,15.228035,4
55.81398,-39.332176,5
-54.654633,35.295975,6
81.34163,0.97633713,3
99.270645,19.112173,4
68.10644,51.851414,3
78.61089,0.75416154,3
-8.72149,42.420578,4
-23.95487,49.677044,2
2.718361,-71.05498,5
-1.1836287,-32.03334,4
-0.12657431,5.094339,4
16.397432,73.27165,2
80.21646,3.4904156,3
-54.42352,-55.433826,5
-27.932825,35.89309,4
-8.621708,-17.231968,4
-18.210983,73.8762,1
14.169857,1.8085061,4
70.295494,-3.7842329,3
35.369415,17.291542,4
-87.25435,19.08431,1
83.6791,0.01954037,3
32.231396,55.26541,3
23.49571,76.02334,2
-10.923881,42.5391,4
-50.30757,12.940315,5
-5.171636,16.365376,2
19.869839,18.43494,4
69.76413,-1.9291625,3
42.817566,43.80739,3
-76.13583,-9.17987,6
68.09814,49.40167,3
-44.611782,-2.4021745,4
-35.335087,30.491884,4
-6.2681775,15.023083,2
-58.45958,-56.367073,5
-37.528473,-35.667408,5
40.5585,6.88231,4
-56.577286,12.776764,5
28.39104,-20.024225,5
-18.622665,-85.517746,0
-63.240017,-44.463932,5
24.101835,-32.841694,5
-83.90239,-14.817108,6
-20.06942,-0.46310532,2
47.616325,42.25413,3
18.418198,-42.660606,5
-37.08252,67.40047,1
23.517221,-70.6352,5
97.08021,20.11636,4
-63.279408,-44.610027,5
21.969915,75.556,2
-56.693027,-53.110172,5
16.08485,70.952065,2
-20.546255,-39.17063,0
-84.19711,-13.914573,6
-27.804089,-87.94825,0
66.36553,20.301443,4
8.531953,76.3804,2
-79.58457,22.80892,1
-41.23827,-4.9933376,4
36.719307,-40.25038,5
-46.89964,43.06533,6
-20.8998,-2.921347,2
-58.362972,-19.378923,4
79.78849,0.86051977,3
-1.8518833,-76.24728,5
19.305696,8.413867,4
18.241821,47.227497,4
-58.54473,-20.464064,4
1.0054204,-29.826202,4
-56.84751,-55.813644,5
-24.926065,-60.315502,0
24.543247,-87.21663,5
-7.347595,49.621853,4
-50.221764,15.746423,5
42.062107,37.84583,3
78.49992,33.530663,2
32.158848,56.180138,3
-12.848306,6.947529,4
-0.84244746,27.885332,4
45.149635,48.36615,3
-6.982185,52.48318,4
-83.49724,24.072514,1
48.599396,-25.608952,5
26.996262,-24.087467,5
3.069327,-15.892393,4
33.577633,10.5803,4
24.997833,39.877155,4
26.860798,11.104379,4
-33.51502,87.049324,1
-2.653234,-37.43398,4
-70.29683,44.153786,6
36.358505,-48.07824,5
-46.476345,43.821487,6
-77.58241,-3.272647,6
-83.67036,22.909788,1
19.649252,2.2534137,4
47.50387,-23.173765,5
37.610107,-50.783695,5
45.38706,44.068005,3
18.28502,36.61849,4
-32.776283,-27.736855,5
12.91185,12.483616,4
18.552904,46.861305,4
-41.484627,-32.665565,5
8.227184,-14.649853,4
-34.813038,-28.55499,5
-19.004244,-17.619766,4
-21.126062,-64.39255,0
-2.0384326,-74.91784,5
-22.191128,-61.981495,0
-35.891766,67.37092,1
19.906393,-33.872643,5
-64.63929,-43.926678,5
-39.138565,-8.49465,4
-39.86576,-7.230419,4
17.798918,85.130264,2
66.25008,55.24589,3
29.33506,-34.514286,5
22.959904,44.085194,4
-21.297018,-39.386097,0
31.706907,23.162275,4
21.291368,-36.985172,5
65.22096,22.870142,4
-22.491796,-88.88519,0
1.621049,23.715414,4
50.875126,42.485672,3
-9.90957,96.4164,4
-55.67356,33.89496,6
-36.596615,-27.964222,5
44.167686,-52.295788,5
44.033108,47.470184,3
-88.613144,18.77534,1
5.3762236,74.88839,2
1.2924112,23.6239,4
12.2190275,41.938324,4
20.134848,-46.022236,5
-41.37771,-26.944876,5
-62.89481,31.897568,6
-24.715437,-19.2361,4
-7.1428475,39.66391,4
5.2267647,-15.145296,4
27.30251,-23.724932,5
89.1337,-24.075974,5
56.08665,-34.330414,5
30.970608,15.63833,4
24.699028,19.821678,4
-61.12929,-47.17129,5
45.276142,61.260735,3
8.655279,-11.760983,4
-8.415882,-48.454285,0
-9.915704,98.117256,4
62.441887,22.50371,4
-36.851585,-32.88503,5
-21.545498,-12.836053,4
26.32797,5.3440146,4
-18.333097,-15.075497,4
53.009853,-45.07954,5
-32.239388,67.456985,1
-8.381816,-17.068884,4
-33.496502,-29.505524,5
18.218071,-28.37899,5
77.61917,-21.981499,5
69.24572,50.971645,3
1.3878342,-31.692385,4
49.11514,-21.476328,5
14.6063385,83.653435,2
-87.954445,20.74603,1
-57.20798,69.3966,1
-38.70713,58.884373,1
1.555975,0.8730204,4
-102.91096,-1.0953916,6
85.37526,-26.82526,5
-52.560505,9.880899,5
-36.05799,-45.737236,5
13.994759,-32.68319,5
25.24457,-89.61778,5
6.9845133,-15.188068,4
74.8192,-1.4426281,3
-58.624447,28.346918,6
27.438738,13.641192,4
-36.321507,-5.4677324,4
-32.74392,88.34068,1
-19.87738,-36.752796,0
-28.128305,35.73253,4
85.10924,-26.704548,5
-58.495987,-24.699696,4
-55.258633,-58.0242,5
41.09115,43.4566,3
-46.50361,17.209667,5
-63.707493,36.715508,6
34.888226,19.708042,4
26.437366,11.564754,4
-8.404473,-48.464836,0
-14.512948,-87.506004,0
-53.61619,8.906064,5
-73.51199,46.500656,6
-20.727585,-61.646408,0
82.88343,3.0033686,3
-20.296728,11.32978,2
21.981066,-86.32337,5
27.680769,-17.633007,5
20.964184,2.2543845,4
-36.92692,-41.259354,5
-74.5822,-2.8770843,6
7.2439346,-15.27635,4
25.246092,-87.22051,5
-69.09009,48.258667,6
-60.555885,-23.105146,4
31.567003,-16.541115,5
78.39798,-29.132174,5
50.916138,41.870308,3
78.61852,-31.711605,5
68.32585,49.873547,3
-10.461324,-47.114323,0
46.673073,-43.89905,5
20.052107,82.00018,2
-3.5068223,53.637077,4
-73.21625,-3.6449308,6
-40.51763,-33.88508,5
43.256824,-52.22448,5
16.669724,82.18255,2
5.5140553,87.71128,2
88.833206,-24.481302,5
-70.74488,-5.849437,6
24.269175,1.2965506,4
-87.74818,15.827688,1
14.217687,-33.74861,5
-60.703156,-46.917706,5
25.899103,-37.969425,5
-14.85069,-91.30674,0
9.603713,38.014,4
-37.10275,58.872475,1
50.03432,-50.84204,5
36.264675,20.480757,4
-0.14279817,4.264587,4
16.94209,84.21817,2
49.592915,-21.012089,5
17.402647,-37.275604,5
4.3677735,-16.06321,4
-24.524506,-88.336914,0
-15.459115,-97.14431,0
83.839355,-19.331865,5
-27.710651,-17.390518,4
-72.38111,-41.448277,5
41.808556,-47.29692,5
-37.58828,-34.906227,5
-32.65767,67.42914,1
14.634154,3.2535465,4
-73.79097,-11.141851,6
14.597476,9.618212,4
-19.981972,-37.8813,0
-82.55603,23.64291,1
26.42901,-90.13627,5
-69.04665,-2.4135046,6
100.00741,19.59093,4
-55.555458,13.245184,5
-7.6542077,52.564583,4
15.182135,-39.791504,5
34.236664,-14.391767,5
50.30263,38.973785,3
64.20263,18.143894,4
-39.021416,12.137097,5
-42.5071,-12.369942,4
-37.059,-41.628944,5
35.667755,-48.83299,5
-35.302235,29.45443,4
77.86493,35.521908,2
24.429508,-86.830154,5
-29.530289,39.655533,4
45.66316,-23.80955,5
15.652727,42.382915,4
-24.899366,-62.51625,0
21.22295,41.633965,4
75.42628,-4.7461543,3
-21.7806,11.59548,2
76.91135,34.55622,2
30.906242,-16.149607,5
-19.087008,-1.5454504,2
-18.817686,74.77954,1
15.564307,-38.190815,5
19.557224,-27.127874,5
-39.262737,-29.175718,5
47.351418,6.248139,4
-55.814545,66.81885,1
9.71055,34.082153,4
38.44676,-45.058002,5
-59.85898,34.074604,6
19.50067,37.355347,4
22.824905,-75.844475,5
-20.915804,-39.14134,0
-19.431784,-37.582863,0
1.8296465,-55.246014,5
-15.337521,26.559078,4
-28.341164,-62.726627,0
24.814714,-88.40798,5
-32.995472,-27.821629,5
41.90145,38.899315,3
-42.814144,-13.190261,4
-82.85566,-9.617368,6
100.33132,21.416079,4
24.310059,-19.128946,5
23.053728,79.27716,2
34.310123,4.505825,4
-29.854382,-64.13177,0
18.747824,13.979235,4
-32.267303,31.83194,4
21.32817,75.320404,2
51.23756,-43.70228,5
85.5234,-19.597853,5
51.58693,43.41733,3
-36.13872,31.7955,4
-16.983778,-90.8663,0
-60.602127,-53.183186,5
71.45094,-0.6744659,3
-34.794926,66.019325,1
27.505043,-36.517902,5
15.003403,2.0302932,4
-40.744217,-41.036526,5
3.2202766,-14.887595,4
17.774357,46.888195,4
-4.5992923,42.540726,4
-7.1641493,49.194107,4
0.49832386,26.456465,4
69.419,3.3576603,3
-39.667343,-9.0507765,4
40.571217,10.897006,4
-47.74191,43.066685,6
-73.755424,45.794903,6
2.3249457,-76.17598,5
-63.41315,-44.352585,5
46.092033,-29.429287,5
23.211662,5.146493,4
-76.3557,-3.0162945,6
-24.181747,71.13031,1
47.967533,-17.857681,5
19.426867,14.422348,4
11.963872,9.665366,4
68.14664,20.585388,4
-19.250137,-61.547085,0
-10.573256,-50.763626,0
62.84513,18.175196,4
-58.49359,62.105854,1
54.256546,-32.820705,5
21.76093,20.327774,4
1.595317,1.2720442,4
42.069496,-39.140648,5
-81.99589,23.279926,1
25.99906,4.0726633,4
15.307485,5.789887,4
17.85808,7.720562,4
24.915173,-18.877754,5
-33.795097,-36.496155,5
19.74468,10.709549,4
74.07518,-1.9142182,3
25.464903,-39.194824,5
-55.01346,14.106192,5
-45.02717,11.661036,5
44.02559,42.732445,3
0.55730385,-30.356056,4
3.4126031,70.08752,2
14.465397,88.27694,2
24.402815,41.611324,4
24.723417,6.8672366,4
48.090607,-49.97919,5
66.307495,21.31174,4
-24.465681,-66.558174,0
-18.304836,75.843025,1
5.727598,-60.27367,5
-2.5494485,14.62441,2
21.860325,-80.53434,5
-69.88704,-37.77179,5
18.06174,-32.775917,5
11.400063,12.678044,4
-80.68548,-11.495669,6
79.24785,35.341805,2
42.13814,-43.726208,5
20.910793,74.49142,2
-9.738419,-28.67872,4
30.739475,-35.291748,5
-20.419008,-87.51189,0
-21.652617,-64.58021,0
13.432725,84.770386,2
-77.69772,-3.993544,6
53.010006,-45.079456,5
-32.22064,86.2243,1
49.424057,-33.765396,5
26.630226,-90.25964,5
27.764212,-39.09596,5
18.144373,17.761023,4
-41.08496,60.08347,1
24.75957,39.905033,4
30.921663,22.192316,4
-24.667828,-14.677664,4
-0.20851424,4.19693,4
-24.638517,-86.38727,0
32.25124,3.9562736,4
-56.403927,-52.360455,5
27.344208,-23.481548,5
47.53172,-25.55567,5
10.034036,14.538514,4
77.445625,5.526098,3
100.97299,20.628551,4
25.605877,42.826263,4
-41.649166,65.679146,1
12.428403,44.37538,4
-82.17713,15.426862,1
-83.25561,-6.481862,6
-66.29822,-47.361973,5
-39.07027,68.093445,1
8.207991,35.682796,4
-40.29145,-39.78709,5
-14.89198,-94.5819,0
-54.230354,11.690611,5
22.953293,-70.85037,5
-46.502506,17.20961,5
-21.024084,-84.447845,0
12.542307,9.351335,4
-9.969007,43.643078,4
56.784718,26.93433,4
17.168756,-31.49862,5
-54.05664,11.183915,5
29.59937,13.8564,4
21.650745,47.69532,4
-85.532455,19.23416,1
32.406513,-50.027626,5
21.503113,-38.26301,5
46.478054,62.47244,3
-18.525236,-4.0051775,2
-2.1951041,-75.53923,5
50.187706,41.61607,3
-7.6720123,-26.582623,4
-57.333973,62.15187,1
-56.608494,68.26429,1
9.972136,10.986326,4
18.71556,13.96026,4
68.162025,23.389252,4
84.576935,0.34662205,3
31.118475,4.332862,4
-76.06717,-2.3865893,6
-14.12886,27.368752,4
46.53209,-19.193716,5
-55.552643,34.135086,6
1.8540343,23.982409,4
47.00345,47.876324,3
-79.6809,-15.790735,6
-58.632088,30.707476,6
22.032269,-27.311821,5
-50.28238,10.305507,5
-103.79336,-4.88269,6
-57.624386,7.8823977,5
-89.81479,28.528654,1
29.664886,-44.64973,5
-3.3106244,-31.502949,4
-45.253185,-74.86462,0
-87.59958,17.524721,1
-13.277623,94.12,4
-6.1578507,13.801799,2
-81.36596,13.2997265,1
-38.432873,66.464584,1
43.987934,6.2536564,4
5.5607367,-9.36853,4
-6.791839,-4.3579535,2
13.596707,69.10985,2
-24.678905,-84.19458,0
38.929073,-45.435413,5
79.797714,-30.88756,5
42.28886,44.349445,3
-39.528473,-9.359825,4
25.547577,2.8168337,4
-42.899956,-3.1608539,4
17.577332,36.162834,4
-25.121523,11.958051,2
43.914013,39.713127,3
-33.143585,35.568363,4
27.765772,-3.761213,4
14.190768,48.702736,4
19.484932,-73.09222,5
13.184187,-31.300833,5
-84.11131,-12.452151,6
-45.189026,-2.7100825,4
-59.729122,-22.650887,4
-41.561592,-4.64922,4
-11.811103,44.453568,4
-1.6221157,-68.912796,5
-54.39532,66.46126,1
2.376367,-8.728154,4
68.6618,51.00974,3
51.134586,39.843014,3
-23.284956,-12.954676,4
-15.8749895,-91.91698,0
52.457245,39.437004,3
-35.20705,-38.404873,5
-14.280634,23.622118,4
-56.885048,62.10732,1
-66.19403,-48.7885,5
-60.41407,-46.816048,5
40.091297,19.856598,4
49.398727,44.981117,3
-44.48813,-2.4887025,4
14.596104,-42.083393,5
41.256245,39.30585,3
-55.431694,-52.064117,5
-88.31853,20.388163,1
49.658016,-20.442636,5
25.771936,-34.086933,5
32.429943,16.243687,4
67.796524,18.948818,4
-78.39196,-16.025972,6
44.08076,12.311886,4
-38.197742,67.166084,1
16.80278,-42.77446,5
-24.100685,-19.525248,4
-47.145245,-9.298439,4
24.189756,-23.004543,5
27.566387,-17.656199,5
-29.027496,37.612473,4
30.332397,-42.192608,5
-33.788074,31.943398,4
67.1924,55.380157,3
-20.47287,-18.917624,4
-23.781893,72.20956,1
6.1010137,80.684364,2
-24.76291,-16.963058,4
10.582412,43.801285,4
65.447075,18.557995,4
36.153103,-49.302906,5
-46.29589,12.957392,5
2.3207889,-72.78531,5
17.686909,-24.904764,5
61.71397,22.087368,4
24.005676,-74.62647,5
-39.327976,14.43691,5
76.22925,-3.0742877,3
-86.66921,23.63515,1
7.3664956,71.48819,2
-14.575509,-93.77519,0
26.418322,-78.310326,5
51.50539,-33.479275,5
41.289825,12.060009,4
29.339207,14.946703,4
-66.52835,-48.782383,5
-62.11019,38.53554,6
-29.49636,35.7806,4
45.066578,62.04432,3
68.55491,2.0969367,3
22.201048,6.8384557,4
-38.595,-8.433084,4
82.57864,1.6329384,3
-50.1849,7.309789,5
-6.4134555,64.785805,4
78.38769,-29.278175,5
40.934258,-20.602892,5
100.1672,19.666674,4
-47.391087,-10.065324,4
27.295061,12.041871,4
20.474485,-45.87267,5
-57.832165,37.670002,6
17.589525,-26.631617,5
-43.247253,12.468613,5
18.822952,12.12845,4
-17.0369,-3.445682,2
63.29792,18.978397,4
-71.95774,45.614014,6
-21.427286,72.20734,1
45.17195,-32.5197,5
-8.976506,-18.15104,4
24.111872,42.93144,4
-8.679815,-5.659543,2
-17.904112,-1.5267434,2
-37.583237,-37.251904,5
66.420074,53.524734,3
-30.172049,40.154068,4
40.10024,-24.6599,5
-21.066374,12.730475,2
-32.53845,62.80943,1
-33.46636,30.004398,4
14.51487,73.659485,2
38.02067,-38.757347,5
32.98332,-35.77362,5
19.478878,10.711997,4
-7.265151,40.10259,4
-81.16965,-15.991121,6
-28.925323,33.414967,4
-39.656002,-7.913577,4
66.22967,-6.433638,3
-23.371862,9.99177,2
-57.88881,-20.666965,4
-8.682973,-4.9057145,2
-57.021854,-55.653374,5
-41.713394,16.529251,5
-88.63508,16.844402,1
18.578423,41.880634,4
-69.090836,47.938503,6
45.975426,-15.617899,5
-29.452564,-62.56739,0
-41.01985,-41.196304,5
32.364582,10.444162,4
31.895088,-39.563477,5
-53.294594,8.177165,5
-83.946915,-8.368784,6
44.677185,43.556984,3
-8.067895,-4.806022,2
17.310152,77.78354,2
-59.87325,29.057125,6
46.86502,3.1296148,4
-35.07768,67.63081,1
-2.265548,-69.42618,5
-62.659367,-47.22218,5
11.815926,6.939727,4
-18.108828,-37.86671,0
44.481297,-25.28006,5
-27.272926,32.30372,4
25.350817,-81.285904,5
89.15044,-24.107664,5
45.99512,-14.797803,5
9.433021,36.29353,4
84.55379,0.24145643,3
55.918636,-32.869347,5
30.96541,-32.847057,5
-46.384468,-14.199655,4
-13.952314,26.172562,4
41.328964,21.522781,4
-6.7111187,-29.742088,4
-0.21547328,4.8707623,4
0.23977827,25.242525,4
-32.50734,-39.786503,5
43.68753,-19.214176,5
43.50621,2.7843788,4
-66.706,-41.51072,5
67.0365,19.70372,4
-22.377972,-12.581664,4
-2.3343434,-36.13662,4
4.1576414,-74.59059,5
29.58874,12.854352,4
18.133677,46.880745,4
18.538322,13.833641,4
2.6891894,-59.66465,5
-73.47045,-39.939167,5
24.21104,19.31857,4
24.933977,-69.00422,5
-17.398464,-94.67455,0
26.863592,-90.03009,5
55.645874,-36.261032,5
28.69962,-20.156118,5
24.38902,7.0917187,4
13.913193,48.903984,4
-103.72155,-2.6727426,6
69.544334,-4.733644,3
-67.975174,45.55237,6
44.467846,12.3888,4
31.01297,15.405042,4
11.121025,88.17382,2
10.420895,73.444595,2
-58.82673,-50.36254,5
44.66124,-20.695108,5
22.517788,41.63934,4
43.497276,69.764725,3
41.727142,10.820494,4
83.60338,-19.30868,5
6.9930377,39.93481,4
-5.2973027,-26.549614,4
40.073982,19.92298,4
9.849118,37.97775,4
17.744213,84.51377,2
43.37395,69.69501,3
-8.970863,-47.243362,0
-41.335003,-4.6520543,4
44.17932,68.566315,3
-35.41166,67.63253,1
-21.939697,-59.71109,0
-23.796217,-18.44438,4
-14.076785,94.80933,4
2.2356892,-72.77011,5
-48.32626,-9.462788,4
16.869005,75.04947,2
-71.05441,-39.98671,5
27.353628,-85.51467,5
77.22277,-2.6929615,3
-71.15361,-42.539715,5
-12.2766075,27.988516,4
-7.074259,40.967182,4
26.531998,-78.09834,5
-46.47346,20.20575,5
-7.1819854,52.61476,4
33.979073,4.875411,4
-32.382874,67.42187,1
-36.895603,-35.96319,5
23.240654,44.512775,4
-57.917007,68.64738,1
26.605457,-86.52375,5
97.017265,18.913351,4
11.15609,88.113976,2
-57.016716,61.91981,1
-18.119738,-4.5968404,2
46.21671,61.73248,3
5.237076,86.947044,2
-77.536865,-4.5778775,6
88.99378,-24.326471,5
11.026901,77.65557,2
4.894481,-63.48714,5
-62.89914,33.00015,6
-83.80107,-15.637689,6
65.0229,19.239706,4
-34.23009,31.806578,4
46.60481,-29.055473,5
-27.402153,-61.318012,0
-0.3284661,26.118622,4
-1.6626606,4.9893374,4
3.2034385,69.977356,2
100.219154,21.312534,4
-26.051645,47.469948,2
21.513288,2.018299,4
-76.743126,-2.9928675,6
-47.145245,-9.298439,4
42.355667,-16.93155,5
19.047468,81.32879,2
-46.460564,42.80029,6
-12.057803,6.7786217,4
-87.88482,26.254667,1
-8.005849,-30.439837,4
17.379892,1.3636748,4
73.43758,0.23682396,3
18.95723,86.10941,2
22.177185,-37.69364,5
31.338688,-24.983517,5
1.1050498,27.126226,4
-68.92514,-39.824585,5
-89.14516,28.891043,1
1.861853,-13.887868,4
-17.802744,-37.126995,0
-56.47951,67.80653,1
-56.037674,6.5902834,5
-89.884125,24.894482,1
-21.898943,14.92989,2
29.10052,-3.8286462,4
-40.43406,67.940926,1
63.226746,24.26577,4
-5.187184,15.39865,2
-58.07655,29.7868,6
-84.31316,-11.957559,6
-26.287693,-84.01927,0
18.941532,14.25829,4
-32.883747,88.01507,1
13.61802,-39.8724,5
52.479473,39.68845,3
37.29348,6.9435725,4
48.53086,-35.214684,5
77.205086,2.9947388,3
20.332815,43.43509,4
6.9675984,-8.907933,4
-35.877922,-28.9413,5
-7.5918694,64.2883,4
69.56819,-3.6805515,3
-28.790874,37.576946,4
12.286605,34.691452,4
45.14324,-15.670568,5
-35.58078,-5.6489143,5
42.61195,68.00821,3
-11.658033,6.658738,4
18.731993,3.6765628,4
-17.933872,75.21271,1
-56.90681,7.046973,5
100.51303,21.258741,4
-72.05867,45.772102,6
-47.128147,43.49643,6
38.78809,-45.49059,5
-21.717422,-65.97867,0
68.13239,49.564804,3
50.816708,-50.048325,5
24.830101,-70.7384,5
17.07514,3.283898,4
17.646597,8.540905,4
-80.18124,-11.872752,6
25.512436,3.7759254,4
-10.626183,-49.387432,0
-36.989494,67.39005,1
-47.212395,15.317124,5
71.40873,-1.1624343,3
50.070953,-29.24166,5
88.53176,-24.915157,5
-8.858775,64.45192,4
11.495755,14.961515,4
-39.204075,67.80256,1
-24.187744,-18.804937,4
13.640916,44.315422,4
83.489685,0.18742052,3
-13.539299,95.20098,4
-36.714985,-39.350147,5
25.021864,16.0043,4
-69.48548,-2.2953749,6
35.230778,17.545269,4
-67.517784,43.405144,6
-33.197716,88.50564,1
-79.19183,-12.569738,6
-65.9797,-44.266514,5
28.338938,14.587368,4
43.50184,65.61249,3
21.081743,-32.67908,5
45.381153,47.530846,3
-9.471806,43.065414,4
49.306488,4.26421,4
26.876554,-17.918474,5
25.974937,-86.44452,5
82.99972,1.8509005,3
56.09974,-36.183636,5
40.69543,39.610832,3
25.820381,-74.85752,5
-44.37988,17.962896,5
-39.20172,-8.325457,4
-22.014368,-59.48951,0
0.8742883,26.122982,4
51.347824,40.270767,3
5.3242064,-60.809067,5
-24.416677,70.22794,1
-81.648224,23.18823,1
-17.983696,-37.53067,0
52.46608,-46.046597,5
-3.7125936,43.90727,4
50.227654,-29.503553,5
26.296082,-19.150967,5
-9.194766,97.78739,4
-18.602982,75.27917,1
-56.851887,62.02989,1
-89.26997,23.142801,1
10.743822,45.832718,4
15.9723,38.93149,4
-31.722954,39.055145,4
-51.247807,11.626986,5
29.790169,4.4084024,4
16.853474,77.68939,2
41.872353,-39.281136,5
-104.28966,-4.385343,6
28.700895,-24.233389,5
-55.698505,12.08934,5
24.53346,39.716057,4
17.430159,19.670374,4
0.8541327,3.2465122,4
9.56173,44.960575,4
43.997677,67.00067,3
-39.93054,14.672921,5
8.919124,40.530083,4
9.276049,76.98502,2
62.353455,22.331793,4
14.571361,-42.005703,5
26.94251,-24.178215,5
17.744228,84.51368,2
-83.060104,10.521817,1
-10.396185,-47.43217,0
-87.90272,26.27241,1
-46.42126,20.273184,5
45.24176,61.0897,3
-41.07314,-27.260626,5
-61.031776,-23.774137,4
-57.366432,-55.9187,5
46.401016,-43.69911,5
41.587963,-20.311934,5
-81.78474,-14.052989,6
78.336365,1.6293317,3
-68.476036,-40.95227,5
-4.320356,53.912838,4
50.284702,39.373898,3
-73.40409,-39.73206,5
47.16999,64.25122,3
-13.493396,96.77836,4
75.01706,32.575096,2
26.556068,6.1353574,4
21.092287,37.2403,4
41.70893,38.740234,3
-27.95743,35.893234,4
-20.595081,11.087345,2
42.60118,13.044593,4
46.42942,65.10473,3
-27.563807,28.371092,4
28.363459,-22.105715,5
-58.0192,61.818535,1
-59.251522,36.57455,6
0.5053894,-71.396034,5
-1.6685241,-60.29943,5
21.440197,48.032497,4
-75.552574,-10.163714,6
-43.09802,-5.1288643,4
-54.770298,13.848627,5
-36.072746,-6.3155427,4
-9.772587,-28.5703,4
27.788376,15.399852,4
-38.295387,57.75431,1
-7.973891,49.85409,4
68.3576,50.14591,3
56.59979,26.731285,4
19.984125,18.083427,4
26.000494,-38.33835,5
67.00631,-5.1837306,3
97.4424,18.585686,4
-1.7016845,-36.016937,4
2.4558487,-76.63281,5
79.48577,-27.946833,5
-82.27138,23.751614,1
21.158829,-0.86015445,4
13.64233,-35.04412,5
71.703094,2.9917893,3
-36.05866,-38.161285,5
-86.898735,16.263128,1
34.944992,55.11095,3
48.78731,-24.938305,5
24.332933,4.7306023,4
46.473053,-32.61364,5
31.993603,25.182571,4
29.154291,-4.1879706,4
-23.601828,72.409256,1
-62.85481,32.41824,6
84.38458,-19.228998,5
-9.288959,49.60557,4
41.56453,-4.736051,4
68.41764,54.589424,3
-29.584135,-64.98624,0
-38.724594,59.226467,1
-40.093792,-7.1849656,4
-81.163704,14.537004,1
-37.282658,-34.30098,5
-63.121105,33.06072,6
23.058943,79.441864,2
24.549522,-30.424446,5
-8.877448,42.520508,4
42.972893,13.304746,4
-86.43222,16.254362,1
46.10968,0.6872349,4
-77.39171,-5.5350842,6
-72.27184,-5.49578,6
-45.026306,-74.85062,0
11.347893,70.17434,2
-12.400459,24.76282,4
-7.6868305,-4.0053453,2
46.81609,-51.89076,5
-61.527023,-24.253183,4
-14.6779785,27.027868,4
14.456614,-33.040882,5
38.400978,-48.871685,5
45.106564,-15.731095,5
-38.175243,-44.733505,5
16.720587,70.71316,2
34.984867,55.090836,3
66.48893,55.468292,3
-24.786343,-59.837196,0
-69.79004,-36.34613,5
-4.407439,52.53846,4
14.624563,-10.412696,4
97.01293,18.954903,4
-72.33866,45.19214,6
-27.428604,27.915058,4
18.06791,-35.944202,5
19.179585,72.60864,2
66.41414,55.347126,3
77.483955,-2.2458148,3
-84.4309,24.433254,1
77.539474,-27.989004,5
-37.387215,-34.71319,5
47.90386,-17.769243,5
44.52741,-52.8196,5
-53.798653,34.219738,6
17.211733,-24.189852,5
18.340715,16.969955,4
-43.948483,-2.7304628,4
45.5505,-30.261478,5
-72.713615,-2.6623425,6
0.24288078,-60.614548,5
68.21279,1.5609853,3
-2.49897,-33.918972,4
24.226723,40.68697,4
40.481716,-25.622065,5
29.82583,5.131484,4
43.374996,-51.896164,5
-4.246258,48.938465,4
33.396423,7.014348,4
-58.023,-18.863243,4
15.222471,-39.027718,5
45.022755,68.33844,3
-46.064716,-13.013752,4
41.96833,19.341246,4
-13.486108,24.398384,4
18.832428,17.731014,4
29.113997,3.3805044,4
-57.46497,7.361817,5
-9.084423,40.135033,4
-37.81731,-44.408802,5
-12.188735,6.0069222,4
28.68162,3.6378584,4
31.682676,-3.0040443,4
-15.488474,-97.3389,0
88.34786,-22.552713,5
-38.500015,67.182396,1
18.103807,7.1343055,4
-22.30796,15.189006,2
31.767445,6.309283,4
75.60685,33.788383,2
25.808496,-86.419785,5
8.172356,73.76789,2
43.058876,68.7682,3
18.91413,-39.21626,5
1.2899117,-77.10272,5
26.660486,-49.78706,5
-24.229195,70.56449,1
19.032444,20.298008,4
13.116045,75.56224,2
-70.23235,47.23114,6
-57.40394,7.642936,5
-71.42417,-8.146221,6
11.7059555,39.739628,4
-21.66802,-17.764969,4
36.4235,10.8497095,4
45.358902,8.689106,4
41.523724,43.68265,3
56.355133,26.859434,4
-12.055189,-49.496044,0
3.3939567,-12.249335,4
-44.222973,-75.848946,0
87.94947,-25.686522,5
-11.809833,43.805424,4
-47.9952,43.303158,6
74.90774,-4.1192656,3
-24.83282,70.08411,1
-34.934032,67.44019,1
66.32049,17.481827,4
48.702625,44.200264,3
0.441316,-56.472973,5
64.33579,17.89544,4
11.605178,81.622765,2
6.308099,71.07386,2
43.404484,-51.150814,5
-59.340984,32.04072,6
-19.42129,75.21998,1
-31.548203,60.874134,1
-63.55781,-48.588917,5
-83.86441,-15.672005,6
1.4449158,-60.304127,5
48.72698,4.6075397,4
-41.401497,-27.169703,5
18.63498,36.528667,4
13.328726,47.505703,4
-80.68258,15.2066965,1
-14.640836,25.013163,4
-89.46464,25.175713,1
41.255955,-27.94465,5
-8.384845,93.93467,4
-51.18795,11.872841,5
-8.856358,-18.158062,4
-35.867214,-44.461952,5
29.737968,15.566194,4
-46.466595,18.61858,5
-7.3612514,43.540497,4
79.42847,-27.12386,5
-0.5754148,5.301137,4
32.013077,8.445357,4
50.56194,-43.628742,5
-83.46236,-9.158869,6
49.514435,-39.410076,5
26.621248,-22.660921,5
68.008064,23.15323,4
0.62331444,-64.32123,5
10.920105,36.02961,4
-29.444027,-60.751575,0
-2.8742285,-64.7992,5
-8.271534,64.52431,4
4.3647513,-58.519314,5
-9.176258,-47.5761,0
-10.391656,-48.403687,0
67.77586,22.429363,4
-24.138813,-19.180098,4
3.9005268,70.15947,2
22.897533,-36.15484,5
-22.664326,-12.332355,4
21.469786,-41.799488,5
-3.655114,-31.480986,4
-69.75426,-2.3566084,6
-37.62881,59.04687,1
3.1326516,-13.207936,4
-29.190449,1.8418918,4
-23.726128,13.107922,2
30.01326,-80.00561,5
19.012388,78.76743,2
10.4659605,39.174454,4
19.908316,-46.165615,5
-27.489815,34.72098,4
-21.450085,-88.08427,0
15.182078,-39.791817,5
33.49625,9.937335,4
-0.96208215,-63.995983,5
-77.976746,-14.973826,6
-19.643808,-40.22071,0
77.74796,5.5477967,3
-71.94904,-4.3783326,6
9.803681,14.506764,4
32.744072,20.68836,4
53.57999,-36.869812,5
-31.993078,67.38948,1
100.02351,19.377327,4
20.006626,-83.6092,5
-2.3169084,26.600863,4
-60.683292,-24.555,4
-81.19421,23.220486,1
-82.47864,-10.997113,6
63.392014,23.197454,4
-18.498888,-14.731089,4
-13.953506,-90.96674,0
7.2002068,70.820595,2
-63.53135,30.58146,6
-44.570023,-32.81132,5
27.73299,-27.785896,5
24.420525,1.4909799,4
45.11469,-39.4164,5
8.306466,83.835884,2
-83.11451,-5.1356053,6
25.558489,-38.90193,5
6.6000175,78.869896,2
-40.706993,67.41558,1
9.552255,85.90104,2
33.889557,-37.95262,5
-25.208658,-65.93046,0
-5.2699776,-8.080018,2
50.09823,-22.69639,5
46.003464,9.951417,4
22.651657,-26.638647,5
27.320667,-82.27283,5
-15.856109,-88.891464,0
78.45109,-26.282747,5
21.10934,-30.99873,5
34.41431,25.152744,4
39.844788,-44.492393,5
43.497276,69.764725,3
-61.73954,37.958725,6
-14.62829,27.027102,4
50.790154,41.273117,3
69.680305,51.623436,3
75.19431,30.587826,2
88.65465,-22.822845,5
-70.29236,-41.220882,5
-11.830034,6.2494035,4
-88.8481,27.418844,1
-6.632922,-28.49626,4
-19.250137,-61.547085,0
-62.89946,32.42906,6
18.2298,-76.46764,5
3.7121716,-57.95519,5
-68.72308,-36.92126,5
8.837238,35.342537,4
-63.09275,-46.45131,5
23.602457,-78.95523,5
-3.5489972,53.756935,4
30.687132,3.7275722,4
-9.787345,97.01579,4
21.400154,-79.51565,5
22.661673,46.215237,4
-59.617725,30.913921,6
-79.022995,-15.952847,6
-11.753106,23.869968,4
27.291441,-73.122894,5
-31.548203,60.873714,1
-27.001316,-89.89029,0
-45.16079,-74.815186,0
43.479805,10.787439,4
20.403605,39.22401,4
54.941086,-44.873066,5
-101.73536,-4.9712377,6
23.512548,-75.13475,5
-6.291779,44.148537,4
19.885216,83.76108,2
-21.633614,72.62494,1
21.254751,21.608555,4
48.79925,43.678665,3
-65.66617,-42.178078,5
27.92073,-41.006172,5
-73.59398,45.278023,6
18.29018,73.26833,2
-24.960768,-59.892643,0
-25.431652,-84.47574,0
-33.7718,31.896719,4
68.08308,50.920734,3
-4.2277684,15.3041115,2
-45.106407,-4.441088,4
17.435263,-36.950214,5
-85.62981,19.061237,1
50.418552,-21.38008,5
-41.102997,-3.6650555,4
28.470064,-24.140295,5
-32.84539,30.176329,4
-49.645157,9.946314,5
17.507084,73.13392,2
-83.93069,18.871447,1
-7.2166348,-8.178207,2
67.19985,-4.6963005,3
-44.140484,-29.43802,5
-2.640808,14.123967,2
0.91343224,-55.179173,5
-68.58436,45.938526,6
-71.767525,45.458645,6
12.241465,71.084564,2
27.67067,12.703004,4
-21.768091,12.048697,2
20.715813,-39.650444,5
-18.783587,-85.4906,0
-60.641777,-24.001783,4
24.804762,42.17218,4
-73.40183,-39.750935,5
-40.930264,-41.832485,5
82.4398,-0.16087107,3
-0.39967382,-58.220367,5
37.516727,7.8443418,4
-63.885468,36.492813,6
-60.359333,-46.18798,5
29.986507,-33.18999,5
-21.245642,-39.534702,0
19.59355,-24.491884,5
-24.203684,-61.107254,0
-51.755512,12.203998,5
42.07536,-29.186777,5
82.32993,3.1182294,3
84.020584,-19.741226,5
-32.772846,88.50758,1
-61.293663,38.03697,6
-42.479446,-42.094288,5
31.670696,-2.8898757,4
-68.67446,48.17073,6
11.794163,15.132045,4
-42.942135,10.163765,5
-75.52343,-6.0466304,6
-20.079418,-0.06095756,2
42.294224,2.2275996,4
24.708782,-71.31366,5
-3.4475293,-31.40582,4
86.44566,-20.328197,5
24.97804,-86.28587,5
-42.500015,15.326155,5
51.047997,-43.706413,5
-5.410186,14.615925,2
40.73335,2.4706335,4
-7.4351354,-29.053656,4
100.219154,21.312534,4
81.31526,-25.35733,5
-46.143272,43.88431,6
-61.538685,-52.41316,5
-32.68554,-39.06109,5
17.452692,-26.598227,5
10.831757,74.26583,2
-68.354485,46.419598,6
-89.78453,28.346912,1
33.05057,1.9375726,4
-69.264755,-43.93033,5
24.35438,0.9746667,4
41.67776,40.00703,3
43.478733,10.492954,4
20.787071,-85.39144,5
-18.613384,75.359276,1
18.00563,17.018036,4
46.521477,-43.82936,5
4.9464436,-62.879616,5
25.596737,-86.56884,5
17.05644,70.570786,2
40.543736,19.010372,4
-7.213697,-7.8885283,2
41.393238,6.1460767,4
32.429367,25.452528,4
-59.450848,-51.816086,5
43.272026,-25.307768,5
-24.550957,-62.707813,0
-26.378601,-90.619736,0
43.15052,4.9456434,4
-4.578127,42.796246,4
77.15713,33.760666,2
-13.736577,-90.214485,0
18.531034,88.37146,2
-27.146559,33.35863,4
-20.065674,-18.422255,4
-1.5675617,-64.108765,5
-38.067776,59.049572,1
-22.558361,-59.192238,0
77.10946,-22.228561,5
86.09764,-25.668524,5
45.390186,-54.144253,5
-69.18538,-6.2528567,6
-22.475744,-12.469511,4
22.030655,-71.78127,5
-21.35531,-14.155531,4
49.55794,4.707894,4
19.85483,-81.09704,5
76.823,5.857403,3
-37.69552,-41.544586,5
-67.95345,-46.429462,5
6.502633,-12.523502,4
-72.377975,-2.037045,6
21.51178,-85.56077,5
24.677555,42.392567,4
61.01981,20.59299,4
17.62269,-23.958916,5
-22.729664,15.786137,2
10.181456,10.229872,4
20.092524,-22.144217,5
52.97637,-41.654274,5
34.92952,-7.7827873,4
45.14667,-28.706926,5
-31.49126,-28.275612,5
-20.397774,-58.797344,0
-22.989887,12.761913,2
13.1626215,86.23909,2
-8.133261,-47.19796,0
45.45599,-47.573246,5
56.680073,27.062504,4
37.54581,-29.313963,5
29.48402,-24.707005,5
-37.171116,-29.519934,5
-7.1338525,39.793297,4
-68.96492,-5.3778515,6
18.068314,20.267635,4
25.485418,40.670963,4
-19.63064,-62.007893,0
-2.7391572,-34.274082,4
6.7668705,-13.829504,4
-80.238266,-14.696588,6
28.173761,12.311838,4
-82.90729,10.346496,1
-51.679573,7.0860186,5
-18.815836,-36.375187,0
24.030123,7.5865283,4
14.218684,68.56026,2
-60.92143,-47.039646,5
-84.375656,-12.245237,6
47.347736,-31.857426,5
-43.22444,-11.186972,4
-15.349701,-87.28651,0
7.2981873,80.20139,2
86.985634,-23.431679,5
23.40571,5.2173104,4
-55.07457,-58.00643,5
-34.62007,32.833565,4
-57.011272,-52.61226,5
-19.9232,-63.092907,0
8.967458,-13.954572,4
25.700102,-26.189106,5
5.1557612,-13.104842,4
53.46425,-28.760582,5
-10.8360615,-50.18165,0
101.06809,20.499714,4
-42.644806,-42.313038,5
64.91794,53.759518,3
-21.827772,11.961696,2
47.037895,-23.513306,5
-18.895494,-33.67024,0
54.230736,-35.85548,5
-7.907977,94.31452,4
27.34373,-34.334053,5
-77.1354,-3.6160467,6
-7.2338037,-3.5778325,2
27.153893,16.261335,4
7.9456887,84.30507,2
21.431784,-40.025352,5
17.823816,38.15063,4
80.08556,-27.673826,5
-17.665365,-96.17541,0
-101.7558,0.35441634,6
-28.256943,35.28158,4
54.99018,-36.009567,5
28.532955,-73.636826,5
-56.613083,-18.686678,4
14.612856,-9.436664,4
4.9714656,-12.436934,4
51.077354,-39.70099,5
3.0831482,-60.81625,5
-44.129272,-11.111494,4
-12.31347,23.34032,4
-37.17137,-7.1644726,4
41.18528,13.099614,4
80.34686,-31.509476,5
17.529514,35.201363,4
-55.510715,35.423615,6
-19.356699,-40.405216,0
25.288528,15.623494,4
48.59325,3.631777,4
-86.154305,10.928663,1
84.22417,-0.27204025,3
-34.21812,-38.950325,5
-17.289476,-35.05817,0
-56.80759,-20.97379,4
-49.778038,15.414326,5
82.68181,2.9043787,3
-11.308783,50.659554,4
-12.4277525,7.3345485,4
50.903374,5.5441484,4
16.73432,68.71277,2
-12.114191,27.675335,4
-33.496517,-29.505537,5
-33.405334,62.31837,1
40.590805,-39.23581,5
43.735012,65.49824,3
-21.222069,12.90656,2
-6.5422277,65.93036,4
29.793642,-26.604641,5
-71.31173,-0.7984809,6
-34.89778,67.35354,1
-8.687733,45.144608,4
-89.746605,24.752073,1
27.17089,6.599968,4
-58.21166,64.74033,1
25.683226,-73.20522,5
-57.84003,10.121369,5
-13.663577,94.88622,4
65.74875,-6.377111,3
4.822239,87.34557,2
-38.261387,-8.233138,4
26.87024,12.627506,4
-103.2745,0.29179347,6
24.734789,15.095243,4
-8.81468,92.03141,4
42.740955,16.07632,4
17.839273,6.4588923,4
-31.351885,63.770756,1
-63.341496,30.77265,6
42.080734,-51.407543,5
37.395363,-29.201632,5
-0.7919444,-68.77601,5
-102.57811,-3.1379867,6
-7.106018,-27.806282,4
15.60863,14.997685,4
18.030998,78.00651,2
19.434769,80.83201,2
-17.752365,-3.522413,2
0.0015797426,-32.778404,4
-68.96407,-7.875028,6
-53.389374,65.49388,1
78.33475,-29.751493,5
-7.935264,40.556713,4
41.84543,39.800003,3
47.67811,-31.771786,5
-58.920334,-25.336016,4
3.8957963,-12.460505,4
-40.063046,-41.44943,5
39.397224,-25.805296,5
-64.68593,39.194523,6
-74.718346,-7.7942166,6
50.954807,41.63273,3
0.8078587,-67.3679,5
19.094608,86.5034,2
32.50373,57.05997,3
6.0018945,-60.683125,5
-56.46619,36.372944,6
66.904854,18.778543,4
-27.749435,35.59757,4
-83.975,-14.189216,6
-5.647602,43.71432,4
-23.912302,-64.73522,0
-55.607414,63.415955,1
9.787252,44.15457,4
5.727598,-60.27367,5
-21.565363,-87.874115,0
54.76988,-37.674164,5
-0.9003654,26.424053,4
42.088745,45.24933,3
23.51347,-73.20344,5
46.48377,-19.87797,5
68.35838,21.063187,4
3.6544275,-17.616154,4
32.320084,-39.6926,5
-74.88334,-2.3146207,6
34.83424,3.2078674,4
-46.29682,19.29931,5
-59.096867,-21.838402,4
46.611233,3.8412013,4
25.4395,-42.959145,5
86.1894,-20.019573,5
16.068377,45.319794,4
-74.31755,-9.519706,6
33.695744,56.40938,3
-86.17205,24.799622,1
44.551456,-26.14502,5
-19.828876,-18.600914,4
39.98424,-38.76882,5
23.44471,7.9244375,4
-29.558397,-62.00938,0
-87.50303,16.309679,1
63.174168,24.240175,4
43.994682,68.1847,3
-36.01073,-6.2453413,4
10.604135,37.56686,4
43.88154,38.181335,3
0.701715,-65.76173,5
-19.232681,75.76736,1
9.2687645,72.91471,2
14.307004,70.44041,2
65.344696,22.799746,4
20.450262,3.5358849,4
-71.099075,-43.106495,5
-8.702707,-48.06046,0
-42.94173,-14.144856,4
-56.024086,11.668892,5
4.8769026,-15.770021,4
-79.7198,22.820631,1
21.384956,-45.837883,5
-25.876835,-84.33904,0
39.155346,12.443579,4
-0.6090996,-58.73536,5
27.761206,-31.438284,5
11.41558,76.937195,2
-26.228352,-87.80064,0
18.499016,-28.437178,5
45.75199,5.722049,4
-28.02274,30.336582,4
-3.6493802,44.07162,4
-18.351442,-88.347755,0
21.07854,40.355827,4
78.561485,-30.067701,5
-83.93201,18.871649,1
21.543587,2.392195,4
-29.71166,-64.40363,0
25.424753,-33.775375,5
21.565416,-80.23341,5
44.906776,3.444239,4
-14.63732,27.2282,4
48.196976,45.75452,3
80.399315,-27.01308,5
-21.245718,-39.206177,0
62.85518,18.241976,4
-75.669556,-9.312359,6
-27.306017,-58.84127,0
-34.165997,32.999233,4
15.50435,45.129242,4
40.313286,0.8105487,4
18.263235,7.446096,4
85.7838,-22.62972,5
0.7221438,-75.987465,5
-11.632205,50.68457,4
0.62891597,-64.31241,5
47.02647,-51.14538,5
-41.08022,-33.67315,5
-23.461332,13.522296,2
-21.041353,10.705097,2
23.229979,75.923584,2
-20.10299,76.49899,1
-86.018105,11.390763,1
61.912693,20.54898,4
45.35748,-47.478306,5
27.953907,15.353549,4
-2.1830559,5.0057445,4
-49.247192,14.614824,5
-13.419854,92.04572,4
-46.424286,21.026392,5
33.422047,-50.40959,5
77.87314,5.4603443,3
-41.518154,16.95614,5
-5.792574,14.657582,2
-59.245728,-52.726486,5
-19.43428,-40.528706,0
-44.940796,-4.6504374,4
-18.013758,-0.5975056,2
-16.924906,-94.48934,0
-45.69713,17.95245,5
11.501322,14.782056,4
-82.892555,14.1476345,1
-23.572775,49.766514,2
-36.83887,-41.8495,5
-36.156887,-42.869987,5
78.355545,-30.120363,5
2.3245225,-8.837824,4
20.383339,36.269012,4
-69.98758,-2.4084566,6
-57.658104,68.98811,1
78.5422,1.4401169,3
-17.451284,-88.20734,0
38.333347,-38.65958,5
-42.867874,15.14532,5
-20.277737,-0.13302255,2
5.55493,-16.505093,4
-15.080076,-94.59725,0
54.052418,-32.97006,5
82.96681,2.6148944,3
43.47163,39.80528,3
-84.33254,-13.809475,6
-10.872188,44.51113,4
48.914803,7.072837,4
24.985723,-72.3309,5
15.096749,-38.789177,5
28.741854,13.50804,4
76.287964,5.5624895,3
29.863255,3.9241467,4
-69.16075,-2.1196258,6
-57.5931,9.872502,5
22.002472,-22.738594,5
18.918175,41.33465,4
13.489077,74.905754,2
43.820206,3.4182394,4
-13.953508,-90.96671,0
-22.824015,-82.556725,0
4.9516807,-8.246959,4
22.513933,-27.512466,5
46.508694,-19.173409,5
-71.07394,-5.838018,6
51.269848,-44.268654,5
31.924402,-4.109706,4
29.972569,-20.057362,5
-36.68718,67.12252,1
99.15089,19.253534,4
43.983387,2.8375719,4
49.966774,-22.535398,5
-81.53165,-11.706352,6
-20.75015,-13.350049,4
-29.430527,1.9286653,4
-40.33342,68.340164,1
-46.924126,-13.519311,4
19.74469,10.709544,4
-21.646585,15.156567,2
62.72966,22.717648,4
-9.303752,-46.559547,0
3.3881853,-57.46818,5
-84.20725,-9.925138,6
-12.330182,23.758205,4
-6.8816504,43.868008,4
23.821754,-32.581593,5
32.311275,57.030113,3
-12.137126,27.384542,4
57.12351,27.201807,4
-24.773338,70.31491,1
-30.002377,-63.151245,0
30.245337,2.5620177,4
18.686117,12.163175,4
4.97216,-8.031402,4
-70.67104,-5.9825068,6
33.857574,4.8972163,4
-54.344597,32.870495,6
1.7927514,-71.63036,5
-24.350853,28.653717,4
-34.75686,61.810127,1
17.051222,38.13526,4
45.941742,-55.481205,5
-63.780365,34.82047,6
-55.525085,6.8742166,5
71.35863,-5.050751,3
-6.4617815,-8.1448965,2
-0.9733841,27.053,4
24.935802,-87.8872,5
68.00839,50.971584,3
-78.09691,-15.520088,6
0.9788525,1.9914685,4
39.08245,14.954932,4
25.874372,14.294759,4
44.647488,3.94181,4
19.195238,47.67307,4
45.140102,-55.371418,5
36.865147,-34.418106,5
-77.62248,-14.642078,6
66.73307,24.444778,4
22.082886,37.379177,4
-5.5203195,-7.5226064,2
-20.550245,-18.963076,4
47.944847,45.9985,3
-19.902134,-37.66444,0
-7.344984,64.115616,4
12.476893,75.33823,2
67.09009,-2.4182355,3
14.557373,86.091866,2
-56.411633,-58.737377,5
51.54054,-31.184881,5
-15.476049,-94.50645,0
-15.536295,24.379877,4
-46.040615,18.174294,5
-4.1459723,16.862661,2
-29.91416,42.161617,4
-8.08695,41.61393,4
-104.213356,-2.069119,6
49.316082,-27.731688,5
14.634159,3.2535326,4
18.184065,76.77551,2
46.508694,-19.173409,5
-5.7539845,15.903912,2
3.555836,-11.297534,4
79.241455,-25.951408,5
18.220419,4.9334617,4
-29.323557,-62.08446,0
81.86015,-28.509306,5
25.372353,3.5504787,4
77.11425,-23.69642,5
-37.214664,-5.0258594,4
0.70786124,-29.731953,4
41.126022,19.23892,4
39.9348,11.299532,4
21.529255,37.301464,4
-69.60493,48.302036,6
-19.532148,-33.90644,0
-27.356787,33.05559,4
-23.81696,11.250489,2
63.770027,23.79554,4
41.187737,16.22461,4
70.37832,-5.480162,3
3.1214228,-18.36667,4
-64.581825,39.17396,6
-40.735233,-26.796438,5
17.118952,81.28067,2
-19.756144,12.020417,2
69.88308,4.4774933,3
49.612274,5.7834816,4
37.19207,-47.70985,5
27.398008,-83.80719,5
8.396304,76.82878,2
-37.553436,67.42011,1
65.61489,55.136505,3
-63.43586,-50.484173,5
79.26283,4.424226,3
-44.032898,-11.584172,4
53.47613,-31.274242,5
46.538105,41.977993,3
-57.677498,-52.067207,5
-81.75723,23.20843,1
29.361418,20.095898,4
-38.832726,59.625725,1
80.0117,1.634236,3
77.29383,-2.299057,3
88.025635,-24.28955,5
44.344288,-52.495003,5
-15.902383,24.554419,4
-7.5594606,-26.597435,4
-5.855048,15.354026,2
25.31154,-38.685894,5
96.496315,20.078379,4
21.02177,-33.702667,5
-87.49135,23.017448,1
76.82301,5.8574433,3
-30.863678,2.2665796,4
31.009865,-15.410001,5
14.359815,2.5483286,4
23.011557,-21.527927,5
-57.902607,-17.999823,4
31.261503,17.037876,4
51.45828,-48.276505,5
-19.55458,-61.705982,0
81.7206,1.2452471,3
-18.540163,-85.04236,0
-32.446693,63.429024,1
-25.37141,48.363792,2
-24.288868,-14.099322,4
-55.834816,66.399475,1
-71.09735,-7.422335,6
8.118028,-11.382294,4
-88.10429,16.066109,1
2.9878156,-59.62156,5
32.032124,5.7348833,4
23.821827,45.241165,4
35.594334,11.351302,4
42.89248,43.605255,3
49.391262,-27.713442,5
-45.425602,10.533644,5
-57.289818,62.00723,1
-43.041508,-9.067462,4
-19.550232,76.48108,1
19.726614,-27.27677,5
-35.877567,-28.940746,5
-41.080658,-6.5275683,4
-33.780483,62.031223,1
30.111153,12.679107,4
49.734776,-20.20141,5
20.610512,-38.512222,5
-36.92765,-28.524273,5
51.481262,5.038218,4
73.64878,6.3687506,3
35.883125,-31.511698,5
-24.526085,13.1667185,2
81.04598,-24.559055,5
-19.876553,-86.335976,0
-73.74757,-3.3883483,6
-33.435497,-41.414055,5
13.974351,35.824158,4
-24.285046,-17.253534,4
5.2855844,-59.56734,5
-27.19996,33.101933,4
34.95844,24.491812,4
-69.572365,-1.9038304,6
-75.49642,-2.7061949,6
4.501289,-56.423717,5
12.399218,37.59098,4
-7.243181,-7.9501204,2
46.662647,62.593575,3
-25.619444,-84.25066,0
79.82697,-31.83023,5
-59.416615,-26.017065,4
-40.798035,-3.8589473,4
22.987436,3.2926586,4
-41.249924,-40.586716,5
66.56601,55.25112,3
-39.625362,60.66284,1
-1.0669245,-72.1988,5
-55.977787,63.642277,1
45.422867,-47.61642,5
25.661566,-42.93921,5
37.979687,-32.871204,5
40.19065,-25.490509,5
-31.728533,86.0139,1
-18.946741,72.447044,1
2.5065699,2.066003,4
31.475355,24.76124,4
39.683064,-25.599453,5
8.717425,-11.741378,4
-57.027184,68.57589,1
83.4542,-19.080776,5
-84.49378,-14.317404,6
7.7219234,-11.127631,4
-25.96558,-18.728128,4
-41.663567,-31.190468,5
14.278136,48.642937,4
31.534826,3.5649457,4
-41.883076,-33.830765,5
-17.4801,-35.12724,0
-58.37997,-50.80295,5
11.956233,9.516381,4
-104.09209,-1.5496696,6
-17.670015,72.25016,1
-11.73874,5.9242435,4
-22.539816,-83.44016,0
27.471554,-21.347372,5
14.795588,42.41374,4
-10.48299,92.487595,4
-42.684555,17.600359,5
47.825386,-25.690462,5
-26.671333,45.86672,2
3.7066174,-75.61948,5
25.978512,5.104459,4
1.6500335,1.1142111,4
-24.702385,-84.3627,0
-20.728357,-16.779825,4
11.918331,16.05042,4
31.500908,2.0232613,4
-0.8675522,-74.711716,5
-66.662254,-48.636314,5
44.666706,-25.76619,5
99.19773,19.979452,4
87.24724,-20.953796,5
49.087368,-50.382843,5
50.146847,-44.435402,5
24.904484,20.072403,4
-20.051994,-63.03855,0
-24.40472,-16.364275,4
-54.976746,10.428169,5
21.439306,37.300037,4
5.3737955,74.67563,2
42.98035,-25.64059,5
-85.412094,15.17065,1
40.899117,14.669488,4
-27.604116,35.102673,4
84.12784,-22.935408,5
3.5712304,-57.143284,5
25.575994,40.98985,4
-82.872475,13.759446,1
-5.233833,15.325947,2
-72.61103,-39.85157,5
-74.36547,-6.922485,6
12.794638,8.082154,4
23.588388,43.877808,4
20.190039,-46.91461,5
16.208672,45.369812,4
-77.422455,-2.97344,6
-73.24696,46.164753,6
43.29288,-22.850018,5
-10.0466175,97.161644,4
24.06937,4.3067155,4
30.851334,15.720142,4
-14.205812,-95.34879,0
100.712364,20.979765,4
-29.62597,28.627996,4
-43.478104,-34.043976,5
-2.88974,-32.231213,4
65.03701,23.181192,4
-1.6920208,27.415735,4
32.772068,-17.251146,5
-57.134327,7.008603,5
10.035115,77.144424,2
-42.057148,13.892924,5
25.474155,-84.98216,5
-79.022995,-15.952847,6
-31.548203,60.874134,1
43.39731,66.15455,3
-7.044304,65.48211,4
-54.177227,65.48027,1
-18.025593,75.81624,1
-6.6603217,44.101303,4
11.27455,71.63634,2
-29.413324,39.74156,4
-5.6362967,-7.154534,2
25.829895,5.4524603,4
-18.851755,-92.41887,0
-22.934864,15.036828,2
-39.97503,-9.275176,4
53.24108,39.370834,3
5.912737,-8.549731,4
24.031599,-74.8336,5
-42.839863,11.849028,5
-53.61767,9.701227,5
-20.063616,12.251457,2
-85.416794,25.459772,1
51.763817,39.834538,3
37.445335,6.0389986,4
-15.677224,-97.57496,0
-18.131493,-16.758581,4
-43.897472,9.634069,5
29.235601,3.9521165,4
-66.82242,-43.778835,5
-82.8013,-11.491637,6
-21.602976,-85.95139,0
22.341284,1.8942468,4
-23.68486,-63.230904,0
-41.655132,-40.58373,5
-56.68762,13.550328,5
3.2870696,-17.816458,4
-59.440655,-25.307941,4
72.3662,2.6381776,3
55.727924,26.94528,4
-25.220339,48.4749,2
2.9726822,-18.507147,4
22.28888,-21.064497,5
-7.0979924,51.0826,4
-80.94508,-15.981763,6
-81.07073,-11.252828,6
-8.748309,42.356037,4
75.55262,32.821552,2
-57.485004,69.10735,1
-31.535906,60.960835,1
39.89915,2.1677504,4
-15.987512,-86.22378,0
-9.651511,91.91351,4
-37.908527,57.797245,1
24.194084,-69.20962,5
9.467369,44.752846,4
-16.83061,-2.9915016,2
12.563549,1.2352761,4
2.9839535,-76.10826,5
24.605024,14.875796,4
15.484813,87.27088,2
-22.660276,49.83813,2
17.053461,19.562439,4
15.9725,17.389746,4
-86.12382,26.891832,1
-36.852684,-30.677092,5
39.166393,-42.77868,5
68.9374,-4.6091075,3
-21.591536,15.17448,2
10.216771,13.246013,4
18.58098,-27.042332,5
-8.644209,92.25134,4
-10.765064,96.67394,4
2.0645278,-60.04101,5
32.104862,-25.023312,5
-84.74083,10.780426,1
-46.808743,-9.872676,4
-19.746372,-34.796196,0
11.000161,70.20334,2
-20.481936,-1.9394245,2
-32.790054,87.91802,1
51.247604,-39.89389,5
-78.44872,-15.209003,6
30.848833,-41.523144,5
13.161047,15.209978,4
6.597906,86.7295,2
68.92342,50.497944,3
-35.446545,-37.7801,5
68.93261,22.100765,4
-12.593781,94.345314,4
-61.03892,-45.741913,5
-42.141552,-29.14196,5
18.630342,20.18443,4
-57.423294,61.61554,1
28.457245,-21.622505,5
4.0960283,-16.476624,4
56.504475,26.66099,4
-6.9230356,43.446873,4
-41.062035,-31.86906,5
-19.296936,-61.586197,0
43.40633,-22.436636,5
4.258616,-75.001976,5
-50.121426,13.931849,5
-3.7644594,53.465538,4
75.60935,-3.7784665,3
-18.868122,72.54432,1
14.486995,-41.89502,5
-83.05597,14.977961,1
-49.756855,12.76017,5
41.174088,-25.370657,5
6.21501,74.809616,2
-45.08217,11.910928,5
15.239636,7.6619673,4
-83.150536,-8.874242,6
37.567856,18.78041,4
48.60569,-44.67294,5
21.847197,-39.549282,5
26.96472,-34.38332,5
-26.581926,-87.555504,0
31.561012,2.7877316,4
100.76546,20.41671,4
-41.371357,11.091191,5
-57.086845,15.570414,5
31.826078,23.674803,4
23.640951,-73.079865,5
-83.96766,-14.5295725,6
40.826763,4.019859,4
-59.648888,28.590677,6
-18.155485,-34.16296,0
24.967054,3.2266695,4
-20.727585,-61.646408,0
12.452906,81.71594,2
31.82142,-3.0780103,4
-42.812523,-29.47874,5
88.03549,-23.584984,5
47.132145,64.28958,3
46.762455,9.090058,4
68.82957,-6.429414,3
18.793056,72.838455,2
-24.061459,-19.284008,4
21.070423,21.068464,4
-69.45501,47.640263,6
15.568637,-39.875465,5
50.859493,-24.08548,5
11.143194,44.69741,4
23.162197,76.44434,2
-73.66023,45.550743,6
-86.37756,13.154452,1
3.9406998,-16.869877,4
43.20719,43.167557,3
-57.635166,69.15701,1
-23.037334,-17.618513,4
15.928075,7.2031345,4
-55.1748,-58.51715,5
31.685377,25.001556,4
-18.055698,-4.283402,2
-3.2197852,-31.895746,4
41.94206,-29.06135,5
65.996796,24.01078,4
65.80748,-6.171557,3
78.94389,-25.655975,5
41.230526,39.897038,3
36.57831,-31.94319,5
-83.02905,10.491528,1
24.163443,-87.18158,5
-28.734367,-63.64304,0
18.853718,20.256166,4
5.3738413,74.67579,2
6.6407003,88.99815,2
35.78542,-39.938,5
50.72132,-49.30564,5
11.303982,35.138195,4
-19.650236,-13.720654,4
-23.733644,71.54363,1
-3.699901,13.979648,2
20.659315,10.358841,4
-42.159,66.390854,1
32.014256,16.120668,4
32.64222,55.435028,3
12.909961,9.463272,4
17.340601,6.428752,4
29.10052,-3.8286462,4
16.420286,68.905495,2
44.795074,-55.33792,5
11.164058,16.535053,4
-18.030907,74.055725,1
-24.253988,47.70164,2
-21.34725,12.152501,2
10.152523,82.3392,2
10.869445,44.90851,4
-82.556404,23.785633,1
-23.861977,10.331059,2
54.21759,-35.906578,5
-76.19238,-9.192792,6
-29.347301,2.7112823,4
84.509735,-26.605783,5
73.64841,-5.001814,3
64.14514,54.67247,3
8.575085,40.447735,4
42.66363,44.183937,3
19.004633,13.730507,4
7.837173,35.846172,4
-8.31886,-5.427945,2
-66.20733,-48.1981,5
65.61779,-5.124967,3
71.64249,2.6589005,3
45.802536,47.446728,3
44.1451,68.92301,3
1.6507143,-63.3669,5
27.621653,-21.706348,5
32.95532,-4.689564,4
17.44817,84.254845,2
2.3573575,23.832767,4
80.22163,-26.56226,5
-2.8465197,-37.127316,4
11.822081,14.113331,4
-83.85661,-8.022997,6
-27.39892,-18.044752,4
33.543343,-43.164547,5
-26.956978,29.418013,4
-69.72925,48.764618,6
-64.121414,-46.85133,5
-0.9434114,-32.38709,4
-20.418274,10.943696,2
44.101418,-50.390606,5
-21.047989,-13.282019,4
-35.436,60.12189,1
7.927502,44.648857,4
71.358574,-5.0507693,3
-8.797996,-48.535706,0
-44.561787,-2.53145,4
27.747759,-86.78165,5
-23.992975,-83.52807,0
79.107254,4.419666,3
47.411648,-48.61119,5
68.92342,50.497944,3
2.3323343,-65.770805,5
23.051683,-46.2066,5
18.836748,7.794553,4
-9.633465,48.85437,4
-0.73620784,-33.525883,4
61.99444,21.184917,4
38.286526,-29.379639,5
-21.09059,-63.726173,0
-7.0608726,-5.194164,2
68.628426,50.719933,3
46.52172,-51.298218,5
-43.466637,-33.8249,5
-4.476394,15.088966,2
-56.15237,62.387344,1
-82.726105,-8.844178,6
48.510883,-29.001398,5
-83.22069,-12.097801,6
45.049545,-32.05357,5
18.139473,85.66011,2
-72.61576,-39.852158,5
-37.881218,59.790222,1
16.796976,81.96854,2
-23.26975,9.994176,2
-42.55761,-4.027027,4
-12.727113,92.00046,4
52.579285,-47.58607,5
68.43746,-4.4045453,3
-81.073746,-15.67066,6
-8.575097,-18.640665,4
33.7996,-43.109154,5
-7.2230935,-3.7279956,2
-22.053665,-18.8729,4
38.12083,-38.827343,5
19.075779,-42.08692,5
23.66094,-34.219326,5
-42.510822,-30.145208,5
40.25735,18.053213,4
18.724092,-22.415707,5
24.974209,-81.1853,5
50.840572,5.1394014,4
13.320016,2.909756,4
17.67545,84.47492,2
37.15224,-32.127705,5
78.92911,34.258156,2
49.44816,43.3452,3
77.11044,-27.574232,5
16.6362,86.92341,2
-5.6056285,14.243957,2
35.30032,-42.938377,5
88.10506,-23.5206,5
56.01208,-41.780758,5
65.73546,53.485565,3
-44.430477,-12.728464,4
21.32168,-81.96019,5
20.555607,-35.715202,5
17.007334,12.152829,4
74.3422,-6.019218,3
45.19909,48.147575,3
51.15542,-21.912046,5
-14.193865,94.524445,4
-87.40809,13.69678,1
-29.685633,38.685318,4
84.72583,0.57135904,3
36.06512,54.677982,3
-43.702995,9.9869995,5
22.266161,-86.5823,5
-11.11281,50.75243,4
13.091814,13.007668,4
13.3980665,36.211147,4
27.72503,-20.128782,5
53.58539,-43.822887,5
32.061626,56.440987,3
-11.632205,50.68457,4
81.18522,-28.187012,5
44.50615,50.09857,3
31.33491,-33.597225,5
3.8936074,-74.81664,5
-56.596027,-51.69715,5
55.828423,-36.194702,5
-28.828432,34.85532,4
-55.980453,-52.55756,5
-13.98604,93.8323,4
-28.480717,-63.813976,0
-39.10808,61.43688,1
15.426201,35.32998,4
9.520357,39.040905,4
-87.306305,13.92409,1
22.055264,75.57564,2
-103.284706,-0.09383913,6
84.988144,0.28343743,3
40.119114,17.227587,4
85.19171,-19.678795,5
-20.004045,-60.517326,0
-88.13701,19.038895,1
-9.01645,43.70262,4
41.938763,44.62283,3
22.765457,74.24757,2
-8.540442,93.55385,4
-31.548218,60.87411,1
-6.670948,40.25518,4
-83.72473,23.779188,1
-7.2414255,42.444267,4
-21.379005,-86.19224,0
16.941732,-41.161163,5
-9.21791,42.490555,4
-63.814533,-46.222687,5
17.604942,-24.626217,5
-8.581378,52.032024,4
-7.3081865,-28.220179,4
20.41954,83.85628,2
-41.663193,11.135263,5
-65.666695,-43.070095,5
47.460033,5.4799285,4
40.64677,-26.017138,5
-57.98302,-18.041245,4
69.287384,51.354443,3
-8.931127,40.256886,4
65.97558,55.294746,3
-69.356445,47.71612,6
-7.241116,64.05319,4
-89.15987,25.355719,1
35.91094,-31.502052,5
18.399546,-76.50793,5
6.133746,-9.443836,4
-90.30319,23.428442,1
-81.216515,-13.119491,6
15.782141,67.73128,2
40.558887,6.745049,4
-46.424286,21.026392,5
17.684343,-32.136314,5
-19.393553,-33.721146,0
-32.64148,87.8965,1
29.81221,-79.09471,5
-34.076157,33.769333,4
-9.45254,-48.1003,0
-101.75044,0.20869687,6
-41.031464,67.64464,1
44.950336,0.61586493,4
9.936585,86.47226,2
12.5819845,42.6318,4
36.578396,-31.943232,5
-21.403097,12.058457,2
7.0333443,36.610924,4
-57.041206,-20.457277,4
-17.755587,-3.9594448,2
22.669498,46.428448,4
-73.572975,-39.076454,5
-43.10203,12.955468,5
17.614996,-45.95699,5
39.226456,20.397537,4
45.941578,-55.408737,5
53.83918,-45.342663,5
78.23269,-29.355095,5
0.44837505,-57.85284,5
11.619519,81.65835,2
-55.258087,63.020557,1
-24.040823,-19.597694,4
-11.174121,44.323597,4
43.18502,42.738743,3
23.535082,42.33327,4
19.25331,82.289696,2
23.86396,-25.259287,5
24.070564,-20.76715,5
-78.35173,-4.560485,6
17.946386,8.972427,4
38.946243,19.70592,4
31.064098,-0.32203355,4
-7.4683924,51.532322,4
40.358425,16.715046,4
10.642794,46.44489,4
3.49715,68.91936,2
9.847239,74.62977,2
5.843187,-9.131115,4
68.40601,1.7422419,3
29.89152,-3.6727896,4
-35.54437,59.319603,1
-83.789635,11.863055,1
41.192802,-27.045404,5
-58.362972,-19.378923,4
-2.3163302,-68.66313,5
-3.3430178,-32.57755,4
-104.86865,-4.3210297,6
75.56673,6.2106895,3
6.100933,80.684845,2
-68.88916,-39.286247,5
33.765507,-38.117455,5
66.69536,20.469643,4
-75.0333,-6.8766026,6
-71.84735,-0.93273634,6
10.955938,15.623637,4
13.436347,69.954155,2
-55.917286,62.500614,1
25.816874,-43.302944,5
-56.503204,-52.5294,5
16.937763,-40.951,5
9.057461,73.59445,2
24.020067,7.6363487,4
-9.579945,92.31768,4
10.7103,44.563225,4
15.560813,-38.26963,5
-24.660027,49.035954,2
1.1768875,1.6084248,4
45.590813,3.4164748,4
47.88395,-34.023205,5
-29.126625,30.974113,4
46.378254,46.70675,3
68.37192,21.058825,4
-69.2068,-4.4872727,6
7.2492285,74.17193,2
-41.882866,66.4559,1
31.208889,21.149572,4
22.158625,-37.383312,5
47.919098,43.61917,3
-72.872116,-4.4347224,6
1.3784202,-71.69899,5
-27.791422,-18.287157,4
5.417856,-60.17374,5
5.448334,70.38995,2
-30.240845,66.425446,1
3.2860434,-56.052303,5
-6.4716377,65.436264,4
-13.959105,24.302973,4
-13.94019,-96.27443,0
-60.781605,-49.663475,5
7.738979,36.539433,4
9.572009,77.351105,2
-73.13334,-10.250669,6
24.895092,-84.48446,5
16.710545,70.95392,2
-21.941849,-64.1989,0
14.855604,84.60026,2
-14.175989,-95.40165,0
-35.09255,60.56108,1
25.218815,-42.97734,5
-37.50836,-45.24049,5
-59.873905,28.207033,6
26.753101,-88.50609,5
16.082869,35.96745,4
-41.62595,-3.6265268,4
-57.010765,36.607708,6
-17.62283,-34.826473,0
17.87742,85.46485,2
18.326206,73.47202,2
22.283401,-72.45211,5
50.56331,-47.8938,5
66.45499,-2.647684,3
-26.19121,47.425495,2
-83.17959,-5.2574425,6
43.13589,10.608059,4
-2.153861,-75.74533,5
38.41237,20.305092,4
-57.84584,14.354459,5
42.802998,10.93011,4
31.449116,21.431055,4
14.722698,-38.269608,5
26.69546,-86.362686,5
23.315258,-37.496742,5
43.65328,47.238247,3
-9.08442,40.135036,4
32.24009,-47.713013,5
54.345207,-37.26748,5
40.358616,11.1483755,4
-41.733078,-28.56835,5
-19.379707,-61.913124,0
-20.06654,-34.415363,0
-27.179684,28.520918,4
-6.7752776,-27.405102,4
-32.582508,-28.050833,5
27.340406,-83.14495,5
-84.84405,10.586617,1
-59.41991,-20.839748,4
-58.540627,33.00792,6
-86.2867,13.502607,1
40.28751,11.756293,4
52.06413,40.302753,3
-73.90571,-3.25426,6
69.75221,-2.011569,3
50.000423,-22.767704,5
41.698486,12.5829,4
66.23121,17.477663,4
-24.955448,28.808039,4
87.708694,-23.286924,5
-70.95704,-1.1590264,6
14.727086,-10.16849,4
-5.3300266,-7.545905,2
33.040592,-14.7142105,5
-8.922554,44.17019,4
-30.535904,-28.686626,5
-38.088135,61.74721,1
-51.7121,7.0507493,5
-30.115473,33.819065,4
79.53388,34.832703,2
23.673801,-73.62179,5
-27.566975,-18.348192,4
-31.548223,60.87369,1
-14.246846,-95.77547,0
-46.270203,-12.868849,4
-103.552666,-3.9755976,6
4.6327367,-16.53963,4
24.368189,6.9977837,4
-59.199364,29.703714,6
18.22404,-28.293333,5
47.03764,-49.96764,5
-6.717018,-3.5903351,2
40.881218,9.60338,4
-45.68489,-4.5582705,4
-54.932438,34.11911,6
0.67251927,-55.685627,5
-78.44872,-15.209003,6
-82.99304,-11.781553,6
25.688007,-73.22415,5
84.94656,-20.705187,5
17.812246,-32.60825,5
16.538006,-43.861046,5
39.224865,8.704322,4
-1.4865463,-64.30696,5
-8.553915,51.217888,4
74.05023,-2.310756,3
-33.208305,63.855824,1
-69.79004,-36.34613,5
-80.99584,-13.214757,6
-17.323343,-3.5464697,2
-85.27545,13.804027,1
-14.038942,25.835316,4
-58.841278,-54.597298,5
67.29451,52.332096,3
-0.91049784,-63.743423,5
-58.54413,31.792458,6
10.056823,70.96297,2
-24.518387,-17.044264,4
-63.910053,-49.539413,5
11.802407,36.49142,4
-78.76248,-15.042396,6
1.1866623,2.2153442,4
26.471367,-74.02817,5
24.093586,43.10534,4
28.336578,-31.473715,5
-43.835564,-3.3893888,4
-12.185454,27.94725,4
-11.49305,-48.58272,0
-75.48586,-9.42146,6
10.472804,15.375249,4
4.8887196,-11.320469,4
51.499157,-40.027306,5
17.192984,18.055458,4
-70.28791,47.844967,6
-44.694473,-75.05505,0
-45.977512,18.043562,5
-77.202225,-7.644674,6
19.325962,20.220224,4
8.647898,41.22601,4
-56.845383,68.60199,1
0.21751465,-68.26359,5
-25.908537,46.3622,2
-12.827058,95.55438,4
-3.442927,14.534534,2
77.18705,-21.11791,5
45.777386,-20.544025,5
84.1149,-19.52881,5
-57.79928,37.596245,6
-54.418865,-56.33247,5
-56.784847,-58.55228,5
50.43412,-33.408276,5
-10.380068,98.48108,4
12.221904,14.176494,4
70.718285,-2.2922704,3
-19.558409,76.677124,1
-27.22358,33.806625,4
9.57424,34.27264,4
-20.77268,-1.8519589,2
-36.009296,59.001633,1
-21.445234,-64.460815,0
-50.936756,7.049986,5
11.741387,87.11065,2
-51.31182,11.748508,5
62.86371,17.937883,4
-27.472044,33.87433,4
-71.86538,47.672375,6
32.90238,-14.462704,5
-20.646433,-84.215065,0
-6.9617968,-27.96412,4
62.777554,22.684175,4
-57.627552,-53.6299,5
3.0978458,-16.691216,4
29.57624,-26.343435,5
85.11013,0.8752565,3
-12.301822,24.616306,4
-60.979137,-24.056402,4
-8.204124,-17.12692,4
-4.985993,49.46262,4
-68.877594,46.469707,6
77.13605,-21.172987,5
-47.69817,12.27763,5
-10.905027,97.33029,4
-24.167109,-61.364895,0
42.95878,68.19106,3
40.009556,11.737905,4
51.637497,-50.585045,5
-73.760345,-11.15792,6
-54.422256,-55.43482,5
-83.22609,10.298568,1
-34.476807,62.328087,1
7.1814833,83.72348,2
46.521477,-43.829372,5
0.34706137,-75.572105,5
-70.35653,47.162582,6
7.471773,69.085396,2
51.050255,-30.263756,5
80.00119,-23.76684,5
-1.2932817,-33.576202,4
-25.030254,-13.077887,4
41.277283,-27.639767,5
-58.626057,-52.486965,5
-58.20905,37.798363,6
22.69762,-70.203835,5
-27.644512,-64.6259,0
49.591633,-27.416162,5
11.780731,84.29866,2
-84.18783,10.13658,1
1.2638754,-54.631596,5
42.140247,-43.813553,5
32.046963,55.609398,3
42.46711,-52.189396,5
-8.145543,-27.45406,4
84.15662,-22.732927,5
24.974398,-86.34023,5
18.51887,13.052922,4
25.252308,-18.516918,5
-56.268307,36.900997,6
-40.0502,-4.7407756,4
15.234413,17.56434,4
45.189495,60.541927,3
22.125353,-37.594112,5
-8.58423,-5.3008294,2
31.259106,-45.908424,5
-46.402283,17.586256,5
51.59331,40.059814,3
-102.42822,-0.53564984,6
38.397465,20.43383,4
-27.087006,28.756788,4
-58.68777,37.563683,6
-14.007827,24.015888,4
-60.709095,29.756811,6
-26.979074,29.721432,4
-4.3752785,-27.18787,4
-7.8585434,-7.3403516,2
14.110855,-36.184998,5
49.05329,-27.92945,5
-9.471791,43.065353,4
24.67497,-71.20758,5
48.66971,44.69456,3
6.596027,86.87447,2
-38.064938,60.339947,1
28.201368,-41.06884,5
-31.75545,-27.758486,5
-47.27673,43.140373,6
52.45104,-28.529682,5
43.864784,66.30124,3
-18.372543,-36.904484,0
-19.09587,-18.420097,4
7.7472754,44.080326,4
-13.36074,-90.108055,0
-35.683018,29.842445,4
82.98549,-0.12001122,3
46.60656,62.54775,3
-31.931684,63.62406,1
9.932169,44.238457,4
19.965096,-80.72451,5
-14.7501335,-90.560036,0
20.94369,83.388535,2
43.717495,-52.25389,5
67.53085,21.83554,4
68.50809,-0.2565387,3
44.927773,68.52615,3
-60.241512,28.735912,6
-40.038406,58.30634,1
32.142952,-25.050089,5
-10.667186,43.095264,4
47.774754,5.2602777,4
-45.35821,-74.86649,0
10.074588,34.769283,4
-72.95241,-40.246265,5
-60.496933,-53.251865,5
1.3267624,24.519514,4
-24.00987,49.723167,2
-43.33382,-13.577023,4
78.04875,-28.47783,5
-38.825768,-8.829399,4
100.236305,20.083231,4
1.1896777,-54.73491,5
81.17419,-24.011173,5
3.886903,-56.376736,5
-34.452133,-36.137836,5
-51.313618,12.240743,5
-68.34457,47.77882,6
28.55617,14.884023,4
24.700518,-42.9436,5
-19.008635,-37.803894,0
68.39538,1.963255,3
23.644722,-79.18383,5
-40.942806,16.69923,5
61.176975,20.599897,4
-27.615196,-59.56233,0
-4.5716743,50.155308,4
-8.398446,-16.99034,4
-30.236214,-63.248615,0
-3.5255105,-31.238535,4
6.657534,86.76718,2
9.994369,44.563786,4
-58.530964,37.19696,6
-9.504046,92.597206,4
43.70036,-54.715614,5
8.047931,35.71938,4
68.044464,22.710909,4
-42.52947,10.380683,5
0.10489502,25.314041,4
-103.83989,-4.923046,6
-1.0988183,-74.01307,5
1.7703342,1.0526632,4
-69.68637,44.36751,6
44.848957,61.701508,3
-45.049248,-12.208026,4
-17.164154,-35.213207,0
33.355606,-25.211037,5
-35.466396,-39.01888,5
-24.558636,-63.076195,0
29.833696,16.6127,4
-57.063175,67.26925,1
0.4351179,-56.20749,5
-12.138896,41.881058,4
-12.43967,-91.72571,0
-46.07786,-3.6566725,4
-89.52656,28.710392,1
-18.763361,-17.781433,4
-16.188286,-97.39921,0
-1.3261087,-32.650204,4
99.86768,19.878237,4
9.501724,84.30593,2
32.22681,-5.5772586,4
26.760757,18.105492,4
69.67186,3.925559,3
66.571266,-3.8254566,3
-24.238089,-85.028564,0
24.24528,-68.48149,5
-24.442472,-86.16441,0
53.83035,-34.211773,5
-85.72284,26.989449,1
48.21991,-26.386042,5
80.23019,3.1931899,3
-101.529785,-4.992845,6
17.781412,-36.424873,5
15.046476,42.45078,4
67.19987,-4.696276,3
38.492496,18.734629,4
-73.588524,-39.276543,5
18.618546,-32.007862,5
-4.520346,53.16581,4
-6.586092,-28.949722,4
27.702156,-35.090836,5
-3.57919,50.00729,4
29.076376,-19.365477,5
42.82539,46.415215,3
-11.283112,96.75566,4
22.019743,-22.660185,5
13.523984,-35.01347,5
44.100346,2.8970246,4
-45.211353,-76.366005,0
-5.0382395,15.300863,2
13.3014765,-10.814135,4
-78.451256,-2.4016442,6
15.714926,35.168873,4
-71.014084,-4.448427,6
-67.29857,-41.709816,5
22.904099,77.213524,2
-78.43775,-15.881531,6
18.232286,-28.42748,5
100.87561,20.873028,4
-22.136873,11.582613,2
54.05595,-45.50528,5
-29.774347,2.3075008,4
-55.545364,65.52004,1
-37.528473,-35.667408,5
6.4140162,-8.882858,4
-3.6253164,13.325534,2
-24.754955,-15.631962,4
-23.53757,-86.98236,0
-68.84814,-5.247737,6
-19.997183,-1.4435347,2
-30.307587,32.560028,4
-56.04364,35.983498,6
98.90842,21.915648,4
-59.477524,-49.5985,5
50.074917,-26.97631,5
-44.435993,-75.129585,0
-79.11445,-15.030626,6
45.2772,-34.84605,5
21.240892,-39.99804,5
41.338806,-28.234612,5
-16.821022,-3.206409,2
-102.71809,0.32434458,6
-8.461612,92.87202,4
15.925555,74.27244,2
47.43142,40.788807,3
27.270227,-88.86389,5
-71.3351,-6.962349,6
-56.64324,6.7714686,5
45.899822,1.9396724,4
-56.76042,-56.658623,5
-10.504187,92.527405,4
-72.79559,-10.3528385,6
-73.11666,-10.6319,6
41.873756,-45.962334,5
-1.0795316,-74.66336,5
-74.736694,-6.911941,6
18.730532,35.447575,4
-15.4233465,-86.69738,0
19.695744,9.444281,4
-17.696386,-92.18111,0
9.614982,44.90136,4
50.835327,-42.020935,5
-63.364098,-50.624477,5
-19.340267,-14.117453,4
6.2334156,-8.873328,4
-3.7158055,-60.482075,5
19.998558,-83.27445,5
18.340694,16.969955,4
86.54624,-22.636057,5
-58.617004,67.7663,1
85.46791,-19.632496,5
35.51548,-15.163312,5
-66.68488,-48.44932,5
-59.9247,-25.199171,4
1.4457155,-71.83726,5
-32.61364,86.83811,1
-33.143463,35.568382,4
-8.50757,-27.167948,4
41.410156,12.647139,4
-45.028397,11.824826,5
-27.858997,-60.132458,0
-18.409784,-90.37964,0
23.222324,-25.681192,5
-30.770512,2.2111664,4
53.010063,-45.07956,5
33.51037,-27.01287,5
19.42203,7.5608325,4
46.35216,-31.2934,5
-0.12505668,-75.178,5
-42.14409,10.83217,5
66.96206,24.436378,4
5.39959,-9.245259,4
22.172567,-34.523594,5
56.459095,26.810074,4
-37.992935,-44.347412,5
-35.60555,-45.61648,5
75.88219,33.735336,2
31.767403,6.309305,4
1.8665838,-76.98428,5
12.602647,13.925655,4
13.771086,-33.06386,5
30.163376,-19.683344,5
-10.671992,96.29553,4
-20.351202,-39.134,0
80.22381,-29.251637,5
44.46384,67.646355,3
66.93017,18.050753,4
-2.7525747,4.594557,4
-5.248105,-26.413528,4
47.07201,-30.733276,5
50.022236,-45.00931,5
-44.47616,-29.895863,5
-11.245723,44.82977,4
52.15775,39.383663,3
65.34106,23.741577,4
42.484646,40.00696,3
-101.65886,0.16412991,6
54.308243,-32.917965,5
-18.008326,-96.09897,0
-47.441666,43.240685,6
-80.30191,-12.230472,6
-7.8001676,-17.233097,4
-103.60864,-4.3986797,6
-29.93978,40.544666,4
7.884669,83.546005,2
-17.792171,-95.41969,0
10.702073,45.77603,4
81.213036,-25.42589,5
46.248215,-51.95442,5
21.891815,-70.17555,5
38.12083,-38.827343,5
19.995102,72.52797,2
-68.9623,-42.21444,5
-21.78531,14.52439,2
-1.7022372,-36.06524,4
-72.97188,-2.3028297,6
-82.41272,14.219689,1
-25.976542,-65.27531,0
-10.21641,50.480377,4
41.603333,-4.7624097,4
98.8194,21.1516,4
-23.486183,-59.999115,0
-82.55688,-13.889665,6
87.35999,-25.01542,5
23.70081,40.929535,4
13.404647,74.892296,2
29.009552,12.943772,4
39.81007,1.7814431,4
-55.705135,67.738785,1
-45.15654,-2.9911473,4
-37.49257,-29.45256,5
69.57958,51.43759,3
15.537047,35.091106,4
66.57568,55.389133,3
4.1804786,-17.009491,4
39.02528,14.9030485,4
23.71146,-34.805115,5
14.762865,-9.643991,4
12.459316,81.6617,2
0.16978382,-32.632034,4
34.310123,4.505825,4
-56.360374,11.8693,5
48.727924,-29.120224,5
26.903051,-80.74438,5
26.519995,-77.943794,5
25.745317,42.812786,4
6.5407195,-10.119349,4
16.72242,-43.269688,5
-37.44795,-29.14125,5
5.1521225,-59.221375,5
16.664845,70.035286,2
44.305214,-34.95549,5
-21.364481,-83.67841,0
39.678967,8.911224,4
-60.35774,-46.50668,5
-23.152008,14.951828,2
20.62427,48.47102,4
7.325955,71.61459,2
-5.109652,52.34126,4
1.0406768,23.248583,4
-14.197072,-87.128784,0
-86.87909,19.268513,1
-7.1648707,-8.438671,2
55.98277,-34.257244,5
-9.07801,-48.303696,0
16.869696,77.4248,2
-31.56347,40.283478,4
-44.477676,17.238838,5
-46.238667,-3.823933,4
-23.912857,-19.732958,4
-60.40922,29.333246,6
43.35187,-19.143541,5
68.31915,-4.198288,3
-1.3495762,-69.69226,5
-20.837122,-2.9398243,2
-81.81755,-14.128139,6
-37.457737,-34.85339,5
21.276688,13.791965,4
11.571259,74.81091,2
11.69377,39.798748,4
-72.53712,45.68817,6
-68.949234,-4.708267,6
-26.44438,-90.30208,0
61.060444,21.729795,4
-17.359459,-3.4655344,2
32.44341,17.921356,4
11.641419,7.0664473,4
-22.753397,10.672463,2
77.46304,-27.99896,5
63.564713,19.616331,4
-1.5927774,27.307915,4
38.961563,-42.651222,5
-7.4545016,-29.287779,4
-25.305677,11.156677,2
-30.307596,32.559902,4
66.499725,-1.1843983,3
39.186646,8.26993,4
-44.944046,-76.78442,0
54.495132,-32.787773,5
-69.068535,-44.152367,5
24.587652,-30.557537,5
77.24339,-23.71832,5
70.87926,-7.4312816,3
73.890854,-5.2125683,3
-29.204748,1.8632995,4
-23.226603,-12.551641,4
14.089231,6.4635296,4
-7.853381,-27.98682,4
42.522354,-50.8246,5
7.813461,-10.010726,4
-7.1936445,51.21736,4
13.510343,15.596355,4
-3.848271,51.15169,4
55.727924,26.94528,4
-24.971672,12.430365,2
9.360528,36.144306,4
-58.235683,61.998074,1
42.685787,5.928962,4
-55.83653,62.38917,1
-29.432405,39.70627,4
1.7921317,-66.49772,5
-88.053734,23.379957,1
18.10323,-75.74264,5
24.787228,-21.539547,5
67.04565,48.894,3
-1.3474919,4.821842,4
63.256313,18.32353,4
54.64349,-40.957176,5
-37.90262,-37.678905,5
-41.44431,-4.029556,4
31.231897,-44.536716,5
-71.272575,-0.9706023,6
-104.70351,-4.266427,6
0.78809,-74.97586,5
-59.376446,-24.280043,4
-31.857185,63.330933,1
-28.052933,-64.38205,0
-1.6057738,-35.887608,4
21.06468,41.400543,4
-73.06429,45.927544,6
12.46,40.22427,4
-49.047646,43.230762,6
67.44187,18.512594,4
79.11017,34.817787,2
-59.001038,-21.712902,4
-71.06335,-0.9781362,6
-35.822918,32.098625,4
68.005684,-0.02950768,3
12.260334,38.46916,4
24.163443,-87.18158,5
19.164705,-27.27511,5
22.732792,6.868692,4
19.281698,40.448307,4
21.654953,46.75302,4
39.117775,-24.728813,5
-0.67595416,-73.68765,5
-18.297722,-35.493668,0
-36.672115,-28.401268,5
-27.014902,29.303251,4
25.145664,-71.72776,5
45.34909,47.141075,3
-45.172432,-2.789473,4
8.199417,79.58799,2
22.93007,-27.378933,5
2.7621207,-18.2631,4
32.56478,9.88855,4
-82.66219,14.603174,1
-85.27198,13.369018,1
-1.1909353,-68.65257,5
-32.96326,88.55161,1
-32.77628,-27.736853,5
-72.74154,-5.2352176,6
16.703053,7.586095,4
29.18504,-72.82164,5
-18.982677,-83.4762,0
15.597055,4.7966094,4
23.91695,78.077515,2
-57.847385,68.70819,1
-37.93298,-41.186787,5
-1.8340656,-36.266903,4
25.778742,13.98555,4
16.107136,73.98793,2
24.06775,1.1763428,4
-82.50966,14.374106,1
17.90267,-46.09299,5
-39.4368,-8.953113,4
-27.199316,-59.25571,0
-1.5330483,4.9623537,4
20.41476,-31.181877,5
40.404533,6.789314,4
47.16799,64.84862,3
67.05494,54.08585,3
17.463541,85.904236,2
-13.231385,23.324083,4
20.0979,16.776087,4
23.821905,45.241142,4
33.76918,9.926091,4
26.835455,-81.779594,5
-38.08502,58.9937,1
-7.3387747,-25.467377,4
52.706444,38.827404,3
44.60462,5.8915668,4
-11.624359,26.73052,4
-13.642736,-91.69903,0
12.026056,84.8662,2
-33.941628,31.70083,4
12.730477,44.449066,4
63.171577,23.06246,4
43.681805,-31.531393,5
-42.427013,-12.059495,4
26.820635,-84.27036,5
-23.870739,49.601196,2
-57.986652,64.40516,1
44.90615,-55.942287,5
-4.5993257,42.54072,4
-11.323994,-50.242985,0
43.17032,-25.295639,5
-6.3505144,48.94155,4
21.847197,-39.549282,5
-83.21874,-6.525197,6
-4.6632648,43.264793,4
35.79196,-41.292313,5
21.092878,-86.10065,5
-47.38124,43.139843,6
21.761957,-79.55304,5
99.827866,19.480236,4
80.3691,-30.454004,5
20.87134,83.43411,2
-1.4206245,4.907983,4
19.481262,-73.05476,5
-18.428728,-3.2071533,2
-87.32951,16.375698,1
26.086843,-88.56917,5
41.1164,16.083443,4
12.911849,12.483608,4
-10.923936,42.542477,4
38.332466,-47.788723,5
-69.27272,48.808224,6
-55.239285,15.039665,5
-56.022274,67.03808,1
-23.658957,14.527271,2
40.885994,-50.87055,5
66.8275,-5.7144494,3
-44.45625,-11.760559,4
49.44816,43.3452,3
22.77642,77.10772,2
66.82753,-5.7144165,3
-32.119385,38.664776,4
22.968405,78.39757,2
-40.382347,-31.761047,5
-21.029175,-3.1911352,2
14.511411,-41.903076,5
4.1030746,-17.477022,4
-27.848837,-60.012676,0
-39.003067,57.832626,1
12.327307,9.865515,4
65.72892,55.3155,3
12.0062475,85.37808,2
31.054708,22.024755,4
-43.973595,15.32942,5
-26.13999,-12.329291,4
88.050224,-21.726793,5
-6.632789,-26.327127,4
66.55954,-1.6251594,3
-60.373917,-46.481358,5
9.736713,74.91068,2
25.388195,19.66854,4
45.47366,0.4432172,4
-6.8768015,51.386105,4
15.942536,-40.895718,5
16.731161,88.55204,2
45.43594,47.902504,3
11.622678,1.0413277,4
-67.87909,47.65478,6
-54.21946,11.980735,5
-11.1326065,6.18207,4
27.867126,-81.83107,5
-57.25838,37.08839,6
-44.57292,-7.660025,4
30.451054,-43.97567,5
15.206557,84.46616,2
-11.498514,6.015661,4
65.70863,16.768768,4
14.944379,-39.586258,5
-1.1733121,4.93211,4
35.386295,-48.714928,5
53.989517,-45.829952,5
-72.49377,-39.407578,5
87.63598,-20.80901,5
21.915152,-31.417923,5
-24.994144,48.86307,2
-64.321815,-48.994705,5
-0.4934083,27.694044,4
-47.25397,-10.160109,4
-22.24739,-59.366394,0
19.69961,-72.49038,5
-41.1172,-6.169619,4
-42.64822,10.08891,5
-40.07955,-7.0634613,4
33.09966,-4.6705604,4
47.742413,2.4877532,4
-23.93892,-12.66098,4
-11.159697,-50.191753,0
18.879059,72.30304,2
-31.82987,63.483078,1
-57.861988,62.169086,1
14.226018,6.4847145,4
0.7159251,-76.90649,5
9.527881,87.3449,2
45.15121,60.662243,3
-11.005938,95.643936,4
19.473846,-22.092651,5
-41.78364,66.732025,1
-51.464336,12.126026,5
-44.897194,-4.4858985,4
-56.813534,29.945435,6
99.53053,21.889519,4
-48.58457,7.564276,5
40.84768,43.194305,3
-85.75268,13.772356,1
0.9685197,23.777277,4
38.526882,-29.202118,5
-57.0924,-19.13519,4
20.043722,-25.163763,5
-42.33311,14.731018,5
-12.920304,95.7085,4
32.093937,24.280153,4
63.303726,20.16384,4
-30.779028,2.4810896,4
-63.686825,34.85859,6
84.90271,0.631183,3
34.950226,55.114017,3
80.46019,-26.307142,5
32.974483,-18.123785,5
23.396814,40.241657,4
3.0470521,69.81489,2
-76.77374,-8.756653,6
51.469536,38.274002,3
12.428403,44.37538,4
-47.181477,-9.43218,4
39.39851,-32.632214,5
-5.116023,-30.931177,4
-10.0371895,98.37097,4
-10.063456,-47.337593,0
-55.558617,6.937135,5
-6.412796,41.719242,4
-44.72145,-10.586039,4
-22.486969,49.349197,2
-34.164787,33.690887,4
15.120022,46.914722,4
81.67239,-21.519026,5
45.74105,-15.191619,5
-56.853966,13.821263,5
-102.32797,0.66054946,6
-25.148087,-15.253066,4
-70.377495,-6.777034,6
-20.427399,-62.31889,0
47.944065,-30.144993,5
-1.1191945,4.172995,4
-27.620111,-18.00757,4
50.94085,44.1851,3
-36.898792,66.3129,1
-26.64342,29.855558,4
-8.392017,-48.403095,0
-37.484447,-45.10304,5
42.051746,44.318604,3
21.18015,83.14475,2
62.82262,22.659124,4
24.742392,-85.48451,5
-9.008677,-48.602894,0
-38.08849,65.49822,1
27.919998,-3.7719061,4
68.52501,-0.09089164,3
-86.6237,18.37101,1
62.01823,22.02066,4
66.09782,-1.617081,3
47.532272,42.941086,3
74.17415,-5.6386843,3
50.22536,-29.171497,5
-15.065966,-89.83412,0
16.128315,75.76066,2
1.0352548,-54.980244,5
-10.244667,92.32767,4
-63.72949,34.856373,6
-45.967415,17.895424,5
7.239655,76.47208,2
2.3276124,-13.26777,4
-41.93723,-6.5996337,4
-22.67974,48.350407,2
15.295883,7.4466386,4
20.983385,-80.59469,5
30.501865,-4.8624415,4
44.73619,49.36866,3
-86.89336,28.48862,1
9.790521,14.080511,4
97.14042,20.445133,4
0.61849016,-31.157896,4
-32.790054,87.91802,1
25.77204,-34.087048,5
83.922005,-20.335667,5
24.093924,-79.966515,5
32.090416,-18.998606,5
-105.06434,-3.8789363,6
-38.952263,-43.15947,5
-16.764965,-3.7755952,2
-41.938065,17.130667,5
66.61648,-0.37206137,3
-1.6625632,-74.393456,5
-71.98757,47.690357,6
-84.25166,-15.302188,6
-40.066456,-38.82518,5
79.54352,-27.674648,5
25.443785,13.468118,4
27.718994,7.7605495,4
43.881214,39.75374,3
4.9079304,-73.36268,5
-85.533844,11.1071825,1
-68.52199,-36.91616,5
16.999931,-43.73016,5
-56.820103,15.153188,5
-59.01955,-20.96644,4
47.157402,64.07467,3
-55.985523,34.342297,6
-13.579651,92.08731,4
4.350088,70.39892,2
23.263039,76.11934,2
-84.12549,-15.3512945,6
-71.683624,-8.63808,6
65.55724,-5.4188337,3
-11.31833,95.4053,4
73.62381,3.2418585,3
-101.5006,-3.838118,6
43.06643,-50.042942,5
97.40581,18.590101,4
74.18834,-2.1876574,3
82.15782,-21.000206,5
-24.431952,-85.5624,0
9.425673,36.297977,4
-82.055115,11.960294,1
51.16222,4.3534226,4
-14.300802,-94.47074,0
-39.073566,11.794245,5
40.49819,4.2850585,4
28.238308,-72.62981,5
20.544672,-35.59752,5
37.19207,-47.70985,5
-11.830271,43.75498,4
-5.103247,44.041107,4
-47.158794,42.804462,6
-24.004705,-85.38528,0
-12.575031,23.265352,4
19.893219,16.737103,4
-52.110897,8.253889,5
6.482007,-8.72046,4
-31.664545,63.02433,1
43.561214,65.61052,3
-80.59117,-15.5781,6
42.04645,-20.078777,5
-70.064095,-2.3087845,6
-2.689587,-34.60886,4
-4.1880813,42.898823,4
52.10984,-50.276222,5
-14.540018,-86.202126,0
23.294968,-41.730213,5
22.721539,13.374532,4
-8.57067,94.59999,4
21.612732,47.38743,4
24.087051,-19.593786,5
-21.045855,-87.635315,0
44.386753,-36.031593,5
12.29405,14.888801,4
0.57116914,-54.50816,5
-5.6429057,-7.8421493,2
-85.35573,12.92828,1
25.780539,-85.24059,5
53.525814,-41.318825,5
-46.64709,18.929358,5
-58.076645,-19.50416,4
-89.99882,25.108158,1
-84.12461,9.678382,1
-55.1748,-58.51715,5
5.7506113,87.30108,2
23.145962,5.144683,4
96.58358,20.14772,4
29.646805,-80.111435,5
18.16541,17.741133,4
97.52418,18.536041,4
-19.111523,73.23627,1
-21.50406,12.482549,2
-5.3375177,-26.887291,4
13.442509,38.130943,4
18.786943,-29.762852,5
-55.673565,33.894955,6
-35.629253,28.798014,4
44.46171,2.9503222,4
32.812614,56.73726,3
-45.621536,-11.916015,4
16.149168,4.2279086,4
-59.81424,-53.605362,5
-56.763504,14.803294,5
20.173674,11.121013,4
50.977158,5.929468,4
-32.601257,67.20004,1
83.96354,-28.06572,5
-37.419273,68.55255,1
-10.374773,97.46449,4
18.550785,78.60543,2
77.17178,-22.08988,5
-22.115335,15.255439,2
74.81165,-3.0065563,3
-87.45083,29.071127,1
-23.274837,70.34352,1
-21.7515,-18.512812,4
41.82675,-39.847267,5
50.78367,-45.38739,5
11.347939,70.174355,2
-18.780022,-16.551313,4
27.92766,-72.89432,5
36.140076,-40.31319,5
-84.54234,14.832024,1
-1.3026317,27.244518,4
-58.378613,-55.29541,5
13.5692835,34.953846,4
-65.08063,-46.36014,5
36.795677,-40.64396,5
-18.649921,-17.19513,4
-3.537847,-60.58407,5
-32.06019,-29.844198,5
28.424152,-74.480316,5
85.84985,-27.476574,5
12.992959,13.0959,4
-68.00443,44.976776,6
-33.706543,29.38532,4
-29.390614,39.52226,4
20.195097,-83.55476,5
20.786058,-31.261543,5
-70.00615,-3.6784432,6
-41.911606,-40.620132,5
-6.696995,64.0851,4
-0.76121145,26.571445,4
85.84237,-21.85448,5
-13.47009,95.39746,4
50.702396,-39.718254,5
4.4615088,-8.423485,4
13.424125,-39.504898,5
80.4049,-25.989828,5
-43.131268,-11.606627,4
43.947426,40.157963,3
5.4187956,-15.332007,4
0.23788649,-65.32096,5
26.4919,-91.5621,5
-7.8252983,49.719913,4
66.88736,-4.6560435,3
19.638998,12.546254,4
-31.40209,-28.137241,5
-40.98414,15.1724205,5
87.38933,-23.015932,5
-8.413662,64.46357,4
-87.37684,22.323,1
14.685938,-9.507563,4
15.722205,3.8188596,4
41.980667,6.387356,4
-54.12648,34.671173,6
-44.175365,17.173698,5
-30.83032,30.008139,4
28.823862,-73.78571,5
22.544529,-86.24963,5
14.366802,86.030716,2
3.6731675,-13.679987,4
-46.342606,43.974163,6
24.974247,-81.18533,5
10.588832,36.25639,4
-45.60791,18.250708,5
-71.06444,-0.9801923,6
-17.342886,-34.988483,0
-39.010807,-41.813534,5
-83.73555,11.404892,1
-8.198899,64.31483,4
-45.210114,-13.321091,4
29.735949,-78.4018,5
-1.9975204,-66.839294,5
-56.170235,34.34966,6
4.317794,-15.486561,4
77.327934,-22.422981,5
43.335686,-20.841396,5
11.652918,42.03757,4
-43.26208,-5.1450944,4
-35.476105,64.01264,1
17.134697,12.079688,4
-80.949615,-11.544978,6
40.143368,15.245163,4
30.140577,-44.355988,5
40.630527,11.294427,4
85.81967,-20.032347,5
12.590257,71.13639,2
26.511404,-77.83658,5
4.0163264,-74.815216,5
-67.91876,44.812138,6
-81.73596,15.59325,1
-31.778992,-28.772552,5
-10.101776,43.59467,4
11.411093,46.220554,4
15.722946,-40.72311,5
-80.22012,22.543146,1
-56.23907,34.448433,6
-24.917097,-88.49094,0
26.552908,13.324929,4
2.660288,-57.127254,5
-35.828156,30.34455,4
9.487016,87.29497,2
49.995598,-44.143883,5
-87.700195,26.39763,1
45.782772,45.54806,3
36.274693,-41.70786,5
-6.5143814,-8.239731,2
-6.8518267,-5.5004582,2
-29.685633,38.685318,4
-3.0643582,14.901128,2
48.513325,4.4676065,4
-34.881386,-40.716682,5
-40.54882,11.173928,5
48.19002,45.74403,3
32.039967,-3.342674,4
-103.552666,-3.9755976,6
-10.628049,44.87646,4
35.256012,-43.03769,5
-58.30639,34.807343,6
32.985905,-49.766296,5
-1.8566601,-62.993343,5
-74.41614,-11.520682,6
-29.229286,38.78624,4
-69.15284,43.50613,6
-40.726357,60.794865,1
-6.323189,14.184369,2
34.970974,-49.954235,5
-6.1639605,14.805694,2
34.37315,24.33156,4
43.81315,-18.298328,5
-100.82601,-0.32094887,6
50.118683,-33.839973,5
24.720612,15.055581,4
3.0965247,-17.955132,4
20.95724,-33.905624,5
-35.37263,60.286106,1
-13.288424,93.72799,4
-24.918083,10.545473,2
-40.07194,-29.19504,5
22.884235,-21.45287,5
-33.904232,-36.254623,5
78.09191,33.18688,2
-28.921381,-60.454327,0
0.05051858,-58.063526,5
43.077736,15.230927,4
16.725172,86.8991,2
77.07137,5.712271,3
-23.14612,47.518303,2
-26.366123,46.585358,2
33.429108,-25.624968,5
36.748367,-33.407894,5
2.987781,-59.621593,5
-88.7578,25.927818,1
-41.02082,-3.7792218,4
46.498802,-16.676695,5
-42.057716,-29.592953,5
-0.5452756,5.0666833,4
-72.714134,-41.543816,5
-48.654194,43.280643,6
83.72602,-19.318754,5
-70.71044,-38.375027,5
17.867802,10.099923,4
-13.83718,-90.96506,0
-38.90477,67.495766,1
78.47792,35.160362,2
-63.50577,-44.257603,5
42.55138,44.6351,3
10.733156,47.20664,4
24.322786,-42.4936,5
-6.443951,52.201992,4
-68.81363,49.296997,6
24.605234,-68.94264,5
81.60278,0.48607385,3
61.081276,21.58629,4
-26.05622,69.32363,1
-2.9578495,14.9412365,2
-89.00615,28.869226,1
-36.77724,57.432922,1
-26.390137,-90.26199,0
-18.928055,-91.02791,0
12.578723,71.07575,2
66.16531,55.40459,3
-5.01475,-29.45999,4
-26.698023,-12.356297,4
-3.4031935,-37.43787,4
-40.46096,-4.870512,4
-18.364737,-34.24752,0
44.7668,-25.648636,5
-38.808327,-40.644516,5
-82.6785,12.363718,1
5.0936427,-16.377022,4
38.929108,-45.43553,5
-22.35053,-12.414761,4
25.188725,-81.865036,5
13.13752,3.04473,4
-47.176956,15.315933,5
35.8172,-48.194355,5
37.402863,-31.264944,5
-11.079474,50.579773,4
23.221645,-41.682674,5
63.056965,22.610899,4
78.63265,4.8758483,3
-17.544445,-3.8713644,2
49.08572,43.914085,3
78.41054,32.768818,2
-12.589197,7.469131,4
-85.134544,26.919336,1
-89.10139,28.803776,1
-7.400094,41.649075,4
48.973732,-45.142082,5
1.3400722,-54.533913,5
26.776726,-89.75292,5
-4.8514156,-32.073334,4
-16.899412,-3.3553896,2
38.383503,-47.60111,5
41.146534,-32.638996,5
41.724236,-32.561428,5
67.619225,-2.573851,3
0.61521685,-56.45755,5
-29.460976,39.151382,4
27.30822,-83.51778,5
-36.910492,-5.8722715,4
6.756295,81.24811,2
-57.441204,63.174156,1
-21.818848,-85.67182,0
33.418056,-6.049874,4
-29.404253,0.95911896,4
23.075697,74.499886,2
83.04689,1.2656063,3
43.609535,2.6663284,4
44.352024,9.627842,4
19.196333,37.2785,4
-72.299835,46.22051,6
77.564514,-23.91918,5
16.7426,70.1719,2
-16.334625,-97.3897,0
-19.024267,-90.91682,0
-58.9965,-24.91643,4
-46.687088,-13.103944,4
70.39904,-7.1094766,3
23.502352,14.191519,4
30.094868,-19.64438,5
-0.25507748,-60.624397,5
54.97044,-45.43445,5
45.361755,-14.3154955,5
78.49992,33.530663,2
20.388523,2.5794425,4
-11.7304735,-92.133736,0
56.50827,26.61902,4
-56.869556,12.134652,5
24.14541,-19.336452,5
43.58543,69.31673,3
9.494036,74.26317,2
87.97792,-23.384844,5
-8.223341,95.93149,4
64.141815,54.477707,3
67.246346,24.569866,4
-69.70761,-41.96463,5
14.146096,39.533905,4
67.192505,24.551394,4
81.336914,-27.898003,5
-8.567075,95.79623,4
-64.718185,-48.076706,5
100.46872,21.462654,4
21.449709,20.313398,4
-34.84748,32.281487,4
29.255938,-3.9008732,4
16.240213,38.126926,4
-27.037071,29.419598,4
-27.014875,29.30323,4
30.848886,-41.523125,5
-57.962807,-17.760586,4
-65.841064,40.69959,6
-41.9371,-6.5996127,4
83.372955,-20.144005,5
48.08414,67.042595,3
14.740703,-9.992446,4
51.670734,38.5718,3
12.171261,15.248792,4
-1.8071702,-69.62763,5
-72.973114,-40.265976,5
25.665783,-70.31649,5
22.317503,-69.78614,5
28.688705,-4.105517,4
70.70891,1.7927496,3
-37.90262,-37.678913,5
-42.94576,16.892267,5
11.395536,41.691757,4
21.822367,37.411034,4
-77.8667,-15.415205,6
-60.943382,-24.853924,4
78.646576,4.8875513,3
-20.79171,-63.793755,0
39.62059,6.5724955,4
15.974295,-43.184906,5
1.2231624,-31.486986,4
28.898447,-40.872517,5
-9.137221,-18.285692,4
-12.7629795,7.50268,4
-9.710321,-46.971527,0
-104.50926,-0.50807744,6
50.28922,-27.13595,5
-55.731064,66.77131,1
20.450237,3.5358667,4
26.598675,-49.76396,5
42.48404,-29.193235,5
-8.777036,-4.971298,2
2.1287868,-59.679688,5
-81.44399,-7.889523,6
-9.246066,-46.72128,0
-84.06712,22.753405,1
-59.385883,-25.194828,4
-28.0088,-60.014423,0
-9.796653,43.56494,4
87.90147,-24.066336,5
45.18605,-15.619499,5
-81.54452,12.755437,1
24.606377,-42.895237,5
-76.7412,-5.6200395,6
47.411655,-20.18127,5
-80.93089,21.572474,1
0.0015797426,-32.778404,4
-24.268196,13.756887,2
27.791294,-39.105827,5
54.27454,-34.02805,5
78.208305,33.377533,2
79.80167,-2.302998,3
-24.478872,13.715773,2
17.351215,-39.800858,5
79.41397,4.2865787,3
-59.121685,-18.940117,4
39.88374,1.4769722,4
28.307968,-37.124477,5
25.542444,5.340359,4
25.478983,41.573193,4
65.45907,55.32312,3
49.348938,38.438755,3
-57.762875,-51.863773,5
-29.631794,-64.82795,0
86.6681,-22.855446,5
-104.92662,-4.312626,6
-40.191944,-31.055073,5
-70.400444,-4.8855553,6
40.089523,11.327678,4
0.3395631,-64.74298,5
-69.32224,-6.1982374,6
-23.556509,70.52437,1
86.38032,-21.693846,5
31.956385,-43.023468,5
-81.33992,14.078311,1
-35.986263,-38.993164,5
-63.051342,32.781433,6
32.282776,-3.5765948,4
-42.580166,-42.174915,5
-101.88704,-0.1921675,6
24.611113,-70.30932,5
-59.96322,-24.67229,4
47.154438,64.4925,3
4.217256,-17.963888,4
2.3032858,-65.601135,5
-34.319115,31.181534,4
17.932373,3.689311,4
-21.428362,-65.56271,0
36.315887,19.497177,4
-15.567297,-94.74475,0
63.450584,22.786636,4
13.860632,39.459297,4
-61.667103,38.241543,6
43.02636,68.39116,3
20.0063,1.8017367,4
16.216637,8.455061,4
77.48354,-27.878633,5
69.32344,50.70519,3
48.92186,3.917137,4
-86.64136,21.108202,1
41.74884,19.101597,4
-42.64822,10.08891,5
-18.957836,-1.4900354,2
46.974564,-25.65834,5
46.177826,7.4810486,4
33.30178,56.524582,3
-23.524136,14.710984,2
-5.1196184,43.907692,4
-63.051647,31.76179,6
-22.55709,-60.290623,0
11.64901,16.826284,4
-39.415955,11.742849,5
44.759754,-25.785116,5
-62.405064,30.158464,6
13.887216,34.54858,4
23.058609,20.135958,4
49.20736,-24.241646,5
20.810114,36.136387,4
-12.656152,95.35225,4
30.24684,-1.3745232,4
24.317528,-18.651691,5
-57.91569,14.612128,5
-51.681984,6.8399568,5
-40.620975,67.969505,1
27.471672,-21.347427,5
35.990295,6.911723,4
-2.0384064,-74.91784,5
65.0913,23.413837,4
79.85849,-31.082129,5
22.231617,43.845627,4
68.03819,50.18927,3
39.8053,11.644057,4
54.81254,-35.89162,5
-8.075223,50.09621,4
20.286886,14.350203,4
9.223537,72.70497,2
27.428156,-27.703253,5
-19.252943,-63.50882,0
-78.743774,-16.1693,6
52.567978,-22.594442,5
-25.232056,48.56755,2
-87.336044,28.848564,1
-20.170433,-87.839874,0
79.93568,-32.076004,5
-41.54298,-27.006718,5
-7.708017,64.108826,4
13.655491,71.255486,2
76.71545,5.5428452,3
13.9022045,43.800896,4
78.11726,-1.8444004,3
-12.099457,27.866678,4
-58.03545,-55.418606,5
-30.315874,41.23744,4
-4.754665,14.036405,2
38.203175,-46.68897,5
15.170677,1.8915371,4
-63.281357,-51.322544,5
-5.462155,14.587398,2
12.706252,81.787674,2
46.250206,41.440266,3
28.944344,-73.13334,5
-103.10841,-3.210364,6
-34.691425,34.35336,4
11.502342,14.9399805,4
8.032859,69.974045,2
-56.63676,62.39385,1
-56.70529,12.518315,5
76.86274,2.550333,3
29.122929,-79.72673,5
51.571545,-49.458477,5
46.66553,-33.276062,5
-43.577087,-3.596166,4
13.866472,42.951004,4
-28.026712,30.809336,4
47.54984,-27.473898,5
-55.81361,67.579865,1
-13.452173,23.572046,4
-103.13058,-1.0774246,6
-17.656631,-3.403259,2
39.236465,1.7857852,4
-15.902383,24.554419,4
-17.760983,-92.827614,0
-20.185125,-38.637787,0
39.56074,-25.64847,5
-57.321808,63.23647,1
-8.151306,51.243805,4
45.20935,60.436584,3
2.153965,-72.00896,5
54.58518,-34.006866,5
-9.053912,-46.591682,0
12.95472,14.097562,4
88.27429,-22.747786,5
-42.429203,-30.645374,5
32.145657,-19.503832,5
-72.61186,47.141663,6
-30.208347,65.65101,1
-24.530607,47.78322,2
10.956393,35.086575,4
-44.820324,18.555614,5
-37.331078,-7.3478837,4
14.573477,-10.447107,4
19.363815,83.81249,2
-56.370014,14.113839,5
26.459904,-80.20882,5
28.08547,-33.416546,5
-19.239447,72.31062,1
-56.087963,34.72168,6
-22.294538,-59.837025,0
-18.933468,-5.9599843,2
18.866684,-44.774696,5
-81.419014,-14.498112,6
78.593414,-26.491909,5
52.13382,39.0881,3
-28.647995,33.455204,4
20.53508,40.52387,4
25.174276,-39.116554,5
2.32081,-72.78529,5
81.22375,-0.18119787,3
-21.977438,-59.361893,0
66.66037,-0.57424027,3
-43.662605,15.434558,5
32.20329,56.91729,3
-41.65335,-32.356205,5
-85.847496,27.747828,1
-18.305765,-34.464825,0
24.913923,-81.770226,5
-61.82551,38.309837,6
-23.388597,-83.60249,0
-37.529594,-29.087946,5
-8.897286,-18.077208,4
-9.215803,92.0204,4
86.397705,-19.886652,5
2.5097206,-12.866253,4
-17.08949,-87.84486,0
-8.610627,94.5816,4
64.76459,55.079834,3
27.421816,-23.57396,5
-24.206575,-63.974014,0
17.611311,-32.04908,5
41.89096,-25.37577,5
-7.7683945,-4.060773,2
-86.47356,21.234707,1
-4.670733,53.051865,4
46.526672,-18.88999,5
-71.35032,-6.551428,6
-19.75875,74.83088,1
-55.319263,-59.207344,5
-32.509556,88.788345,1
0.18410872,27.32474,4
-71.315254,-0.8475073,6
-58.591045,67.11118,1
-33.154064,30.69212,4
26.358305,-91.657715,5
89.34361,-24.179447,5
-19.010601,72.386925,1
-47.353714,18.843792,5
-23.949669,-18.685219,4
41.40247,2.301408,4
-62.68866,-44.905968,5
17.026825,85.510475,2
44.767616,-52.727173,5
-2.6300216,14.46692,2
-83.95409,-8.372382,6
-21.066437,-83.52625,0
-44.77627,-33.115883,5
38.873875,15.01523,4
-40.504448,59.89583,1
18.002407,-28.76047,5
-33.757965,-29.766577,5
-45.043446,-4.3863363,4
-20.484533,-1.126516,2
24.166077,18.569324,4
-37.012104,-43.121925,5
40.239372,1.2024914,4
53.073864,38.868668,3
-3.5590377,-26.050007,4
25.121311,-69.83301,5
-73.54226,-39.221935,5
-5.881309,41.626297,4
33.85157,-25.978458,5
47.5078,-49.789192,5
-84.36086,9.713413,1
24.322857,-81.931725,5
-21.518364,11.996529,2
-10.205556,43.224304,4
1.0352564,-54.980244,5
80.65916,-27.926865,5
44.583595,-55.27117,5
-8.684727,-16.956429,4
46.32248,-20.648623,5
-37.830505,61.60703,1
83.844345,-20.308714,5
12.205402,48.252686,4
25.550762,-78.24755,5
-57.93204,36.528217,6
-19.801388,76.451485,1
46.387367,62.252537,3
-20.461523,-58.820427,0
-14.73472,-90.54129,0
-28.060566,29.238024,4
-39.3781,66.07135,1
-76.63383,-12.285785,6
97.361046,18.689184,4
14.504606,-9.527477,4
52.325336,-49.063984,5
-56.92308,6.727214,5
31.974428,24.263268,4
-20.870182,-2.7309458,2
50.788124,6.113549,4
21.66076,-70.74833,5
24.702776,1.5329319,4
-20.339775,-63.70795,0
-60.145203,-52.557,5
-11.684198,27.554504,4
-12.36722,27.105087,4
-19.366335,73.088524,1
-58.203606,-18.424805,4
14.78791,-10.410044,4
-86.90317,20.710663,1
-44.335976,-12.089683,4
-9.216578,-46.60584,0
19.134184,84.02742,2
24.829327,-71.836525,5
-26.807392,-85.579025,0
24.349949,-18.957933,5
44.220833,-49.994366,5
-32.99451,88.892006,1
24.348528,41.219124,4
-41.049988,58.839684,1
-23.541517,11.141667,2
-25.625622,-12.615732,4
-39.85264,14.6555395,5
-9.690357,-29.111568,4
0.5158182,24.696547,4
-16.168652,-97.50817,0
85.16774,-26.381361,5
101.10456,20.487404,4
-78.351265,-2.561221,6
-80.65094,-13.438101,6
10.900867,15.94047,4
-42.224457,-42.521584,5
-42.770466,15.673184,5
-24.036146,-12.234761,4
-25.471867,-12.776915,4
70.694,-3.5833254,3
18.539219,77.848495,2
-7.100346,53.68697,4
15.750978,2.0878727,4
-8.860041,-27.918419,4
-20.203169,-17.54143,4
14.909311,44.87406,4
46.75808,68.36186,3
78.97572,-23.117558,5
-14.280634,23.622118,4
47.55157,64.97642,3
-77.37951,-2.531836,6
37.938774,-42.21836,5
-27.042194,32.511646,4
-20.73761,-58.43927,0
41.062893,6.1351047,4
-26.040993,-12.267165,4
10.49727,36.38438,4
1.1061844,-60.57776,5
15.254345,-42.829124,5
-39.301125,12.063935,5
64.031296,23.31653,4
-37.528473,-35.667408,5
-12.277811,7.548772,4
-36.951305,60.659878,1
-30.2863,2.2623591,4
-33.013557,-36.728413,5
42.005497,-49.503265,5
76.443405,5.497917,3
30.163103,-18.015678,5
49.163628,-18.759754,5
45.254253,61.46394,3
0.7221438,-75.987465,5
-8.296959,95.711365,4
45.440285,40.31494,3
-56.949615,66.35609,1
-6.626238,-6.264604,2
53.53874,-34.100708,5
-37.566715,-37.012527,5
-26.40829,-88.24752,0
-79.834206,22.712961,1
-12.055189,-49.496044,0
15.023086,-35.171917,5
22.968405,78.39757,2
17.585423,83.82531,2
-39.948807,-38.86732,5
13.178352,15.14381,4
-7.17908,42.449604,4
-26.634851,-12.219353,4
-84.555374,-11.539854,6
-13.397734,-91.706856,0
23.3199,-24.3869,5
-30.728773,32.844654,4
11.584771,6.8596787,4
-20.034813,75.495384,1
-56.5131,31.692396,6
55.536625,-37.79032,5
-41.196762,10.730843,5
63.014248,18.24059,4
22.046614,46.953213,4
16.62761,-39.480465,5
68.10704,-4.253823,3
-19.244108,-94.98443,0
-38.199333,-43.389343,5
22.635084,-26.486609,5
-83.387726,11.714687,1
46.362804,9.137238,4
-82.11485,13.455595,1
-86.58732,11.054593,1
26.316036,-91.54897,5
-39.582054,-44.23228,5
80.34933,-32.16444,5
19.12011,47.69224,4
1.1915959,24.695438,4
-35.239132,31.582062,4
1.6965842,-60.199993,5
-8.680974,-4.9915667,2
-22.191164,-61.981544,0
79.93209,-2.3912313,3
-46.270203,-12.868849,4
-25.68488,-65.50966,0
-87.513275,17.155336,1
14.736644,83.58405,2
-38.99432,-29.68654,5
-19.576496,-61.606106,0
23.435844,38.113754,4
43.236874,-18.145222,5
-47.295048,-13.2185755,4
43.67489,-17.831446,5
14.948228,35.1961,4
46.628757,-53.267597,5
69.2575,51.185486,3
33.371216,-38.645664,5
44.602356,-51.141434,5
-20.428007,-61.372536,0
-56.92313,6.727171,5
6.705429,39.489952,4
24.777332,-42.90238,5
67.22312,-5.0093617,3
46.792316,-34.713703,5
-52.480217,9.897446,5
44.66124,-20.695108,5
35.72429,24.443272,4
-55.76663,-57.786263,5
-55.704193,35.79324,6
-58.352776,31.719683,6
-20.028955,71.8249,1
-46.600353,-9.082689,4
-6.126911,52.593998,4
45.956364,-20.262747,5
-57.739685,9.498204,5
-21.777906,-65.98301,0
20.636293,-35.4557,5
-7.6868305,-4.0053453,2
19.899994,9.297244,4
66.00221,-1.8708221,3
77.20306,-23.604212,5
-34.90992,-37.063084,5
-57.377117,62.568684,1
-28.671692,-64.17342,0
-12.769368,6.641729,4
-27.844002,-60.496483,0
-7.3760896,42.980286,4
50.354916,-33.415936,5
32.030968,23.743439,4
38.054546,-46.105957,5
36.12196,-48.238438,5
27.262865,6.6291842,4
-67.54311,43.31733,6
-70.95745,-41.325504,5
-24.380093,13.604051,2
-55.917343,11.378892,5
-29.320717,-62.0846,0
-71.06607,-40.54387,5
-3.530264,-60.903404,5
-23.983423,-85.857925,0
-103.90885,-2.3155327,6
-56.591938,12.794055,5
7.686477,81.62669,2
10.916701,44.841316,4
-43.062275,-10.2238,4
-68.4812,-46.03175,5
26.791243,-80.94843,5
26.739883,-86.30512,5
-58.59024,29.523518,6
-9.167373,-5.128199,2
33.512665,8.542265,4
-50.392845,12.959698,5
11.943948,14.664848,4
100.37281,21.210072,4
-19.403925,-83.53741,0
51.446247,4.9663563,4
-23.43413,-12.271039,4
3.2147598,70.05827,2
14.336272,-9.440301,4
-44.652863,-32.799313,5
46.078686,-14.543222,5
82.42772,0.5428697,3
-12.939533,-95.055046,0
-19.41685,73.43561,1
69.287384,51.354443,3
-21.345625,-62.58217,0
-63.083206,-44.728428,5
53.826054,-34.210804,5
-1.7211955,-37.1741,4
-45.075485,-8.15892,4
-55.899593,-52.014126,5
-58.14363,-18.372797,4
18.48164,-26.95287,5
-105.39732,-3.816086,6
78.42852,-25.70271,5
-37.319813,-28.53114,5
30.816977,22.035923,4
18.826988,-41.48014,5
-63.113525,32.64307,6
-71.496605,-42.70665,5
57.24983,27.255726,4
68.92863,-5.1556077,3
-7.248968,40.653004,4
5.2941546,87.17609,2
-30.12493,65.909355,1
-46.57545,43.48789,6
15.930766,45.762283,4
-29.587008,43.814636,2
100.225395,21.202057,4
11.018166,10.007178,4
-8.346459,50.955067,4
29.922997,-20.905111,5
47.41781,-27.252739,5
19.667402,16.374027,4
-5.745484,49.430267,4
24.69408,17.179354,4
-8.350974,-29.415369,4
-19.875793,-38.167934,0
11.149764,71.950775,2
-33.254326,67.37617,1
77.04628,31.932207,2
1.1283641,-55.504658,5
-0.13609564,-71.36564,5
37.605515,-50.777355,5
69.496346,-3.872914,3
-5.6552258,16.016588,2
-7.3608565,43.879234,4
13.106405,37.103622,4
76.846176,0.25365716,3
-30.374851,28.754858,4
-19.078957,72.140884,1
0.2077226,-54.966633,5
-3.5403347,-32.582253,4
-59.155045,-17.57381,4
87.35735,-20.98798,5
1.3928674,-56.373035,5
17.674686,36.42867,4
-15.140528,27.216354,4
2.225429,24.125711,4
-14.577504,93.10263,4
-32.143757,-27.757694,5
25.833338,-71.60277,5
-103.0618,0.28239265,6
-57.952923,10.315325,5
34.30699,-42.88444,5
-19.726957,-38.090427,0
41.82675,-39.847267,5
47.63294,3.3007112,4
21.482355,-22.583668,5
-7.1435957,65.5631,4
17.397373,84.803925,2
19.995148,72.52799,2
14.384317,42.826214,4
-24.686552,-13.200483,4
-0.6937655,26.559242,4
-22.92593,72.446175,1
-31.240236,38.755157,4
-35.799854,-42.56307,5
70.286385,2.649498,3
67.69829,51.946682,3
-36.155613,-5.7448573,4
41.99651,-0.2426815,4
72.356064,-0.7621502,3
-102.41479,-0.43818632,6
66.08816,17.249315,4
-1.0842282,-33.377567,4
-63.878838,-46.075153,5
44.03722,-52.336124,5
24.918274,-21.883413,5
12.794595,71.101326,2
-2.117692,-74.90716,5
47.763596,-34.07997,5
99.27863,21.256472,4
-63.257866,-44.512787,5
5.7212057,74.31598,2
-59.272587,-53.548027,5
-59.10557,-52.94082,5
49.080368,6.310513,4
-14.692994,-94.35692,0
46.349167,-16.329681,5
-26.072393,-86.95404,0
18.165447,-44.03393,5
29.100466,-3.8285322,4
69.49467,2.8327117,3
6.0615945,72.31619,2
-87.038086,13.134704,1
-8.922366,-47.697315,0
47.539986,-50.359837,5
42.100845,-28.83231,5
29.752222,-26.668888,5
67.00033,-1.5061289,3
16.043045,68.0874,2
-22.738846,-82.55472,0
1.5253402,-31.539526,4
61.065605,20.39344,4
36.155804,11.314846,4
-74.06729,-6.721245,6
-3.6265354,-61.13421,5
-42.531914,-4.483082,4
-54.87285,34.15318,6
18.545353,1.7020775,4
-24.104946,-87.78628,0
13.002128,-33.144367,5
-7.2770443,64.243866,4
17.153692,6.2394114,4
27.536564,-3.5192592,4
-27.661175,28.062874,4
-38.36419,-44.16771,5
-52.55553,65.69645,1
39.77363,7.025251,4
-27.817854,-59.77815,0
81.05003,2.200776,3
-13.940256,-96.87613,0
-51.26476,11.774046,5
41.910522,-44.147213,5
68.51633,2.0809784,3
-101.12835,-0.22518039,6
-19.552477,75.92067,1
3.8115554,-16.442991,4
53.654476,-45.465343,5
-21.21835,12.574206,2
-12.645464,27.563793,4
24.973211,77.237625,2
9.202438,-13.439513,4
-82.21807,-13.163358,6
67.281204,18.421602,4
32.78597,23.557098,4
-45.672195,12.439791,5
-7.78821,-26.834742,4
19.054707,12.295019,4
43.66641,39.960495,3
-57.33481,-17.990627,4
48.076252,45.125275,3
-8.073643,92.29171,4
-66.37613,-48.94846,5
-26.285011,45.84007,2
-11.059336,50.52389,4
17.190578,-45.75521,5
-6.3342385,65.45142,4
-17.825762,-91.74364,0
-24.219378,49.427498,2
-6.6768413,64.193344,4
43.517876,-52.190308,5
0.27280828,-64.93727,5
10.487942,45.413425,4
16.224667,2.7913759,4
61.23,20.91642,4
-84.99385,26.346098,1
-68.73809,-39.47963,5
-0.29224744,4.7398376,4
-23.757893,-12.801882,4
-30.852432,-28.845194,5
16.727097,1.0820905,4
42.074963,-25.516993,5
35.741913,17.799305,4
22.02568,-73.85716,5
1.7096801,-74.30275,5
71.43997,-0.77639765,3
23.875647,14.108621,4
40.25549,14.920288,4
-25.611767,-87.09495,0
4.273997,-57.881317,5
-24.731274,46.61349,2
8.950179,-13.925758,4
-4.1299186,16.71257,2
-88.2507,23.81942,1
-37.895275,-28.772655,5
11.131031,37.514824,4
22.6959,44.52039,4
-56.971695,62.117622,1
-25.582912,69.69902,1
25.540354,3.403136,4
-24.949123,47.872746,2
11.653479,74.84634,2
-32.255337,-40.034588,5
49.9008,44.5753,3
76.85351,5.547649,3
48.426003,66.89052,3
-1.1974277,-34.041534,4
34.852043,11.376499,4
79.411705,34.81634,2
28.281553,-3.0460045,4
32.2485,55.77809,3
-35.48748,-27.473694,5
-20.423176,-18.714706,4
-8.346925,-46.33575,0
-34.391724,30.812483,4
4.7097163,-8.570728,4
-41.281933,68.20211,1
20.477879,10.848775,4
46.091244,-43.503147,5
83.26422,-28.446798,5
-32.748577,-37.06261,5
40.08296,2.0446672,4
40.27083,-25.475548,5
-37.53618,-7.638198,4
-60.016735,-53.581017,5
33.478493,-17.858816,5
-0.28492495,-54.281048,5
4.783189,-15.7952385,4
2.3792136,1.5493416,4
-44.854374,-4.005996,4
11.562317,47.610523,4
42.1342,18.664587,4
80.95205,0.8459557,3
-18.59954,-33.630535,0
0.2533097,5.256199,4
13.899895,39.741264,4
23.73854,40.64472,4
-1.3472003,27.483047,4
-32.19436,-39.8932,5
-72.71609,45.70337,6
-72.5454,-9.659275,6
4.968539,-16.696943,4
5.433957,-13.360743,4
-63.879,36.689857,6
40.987705,16.915443,4
0.16794685,-71.57047,5
-58.536484,-17.501074,4
-18.383472,-15.209602,4
31.670696,-2.8898757,4
23.830904,-20.648077,5
46.54668,-19.464973,5
46.325886,-20.668814,5
26.621841,-72.75314,5
45.072502,-14.004174,5
-64.79852,-44.6524,5
21.558643,-76.86559,5
-2.8642147,4.799469,4
-10.102279,97.61576,4
76.74393,5.2043085,3
14.63414,3.2535093,4
-69.508255,44.407024,6
-50.448124,11.018279,5
-103.594635,-4.8510933,6
47.690594,47.55551,3
-60.641777,-24.001783,4
13.680741,71.55951,2
7.032449,86.78166,2
26.727251,77.11844,2
45.043743,62.109184,3
7.4372535,76.82721,2
52.34922,-40.420334,5
30.510382,-72.97507,5
-45.961304,-10.335468,4
38.418217,-32.666645,5
-28.249163,-63.966724,0
31.827284,4.6652055,4
49.66121,-49.403988,5
-39.30394,12.35496,5
-7.142162,-7.0853314,2
53.655846,-42.693134,5
67.3942,21.780184,4
-28.275116,-85.3185,0
-22.806318,-83.55378,0
66.02662,-2.1199236,3
80.77461,-31.81087,5
-18.769402,-85.343834,0
80.13079,1.6112533,3
0.6426621,-56.466965,5
-88.36222,26.308973,1
2.7275221,-15.9247,4
-48.704704,12.328896,5
-4.1113873,14.765955,2
-1.5588499,27.514795,4
-19.630238,-35.47472,0
-15.173529,-86.548386,0
-43.425144,-29.776741,5
-68.67486,47.646984,6
-36.29912,-45.484657,5
-68.367424,46.31871,6
-54.893585,33.75409,6
-11.330374,96.90082,4
46.29204,-20.51964,5
31.510366,-48.646904,5
1.2081869,-59.83382,5
-65.91569,-47.777195,5
80.674484,2.1993382,3
-6.10997,-29.97254,4
14.826631,48.417763,4
1.7585416,0.72042197,4
4.5027623,70.49111,2
63.833847,19.10806,4
-59.76305,28.120415,6
21.624016,-34.63811,5
-41.87422,-32.893997,5
-42.705017,-13.218661,4
-51.668625,6.9202147,5
-59.774513,-25.809301,4
-37.865276,-29.938957,5
33.49925,-27.272661,5
-20.558302,-85.9046,0
-42.98956,-13.662434,4
-35.9741,-27.109356,5
15.074735,-42.522335,5
-44.651203,-33.220192,5
31.636639,-25.01228,5
-2.4764087,4.9739194,4
8.118028,-11.382294,4
-20.309025,-17.583496,4
-20.634632,-64.41666,0
-28.44698,36.721886,4
-41.929153,-33.63877,5
32.70758,6.4088283,4
15.449336,68.93336,2
32.801617,3.4453106,4
75.32681,32.706512,2
37.97216,-28.421082,5
13.342457,75.87958,2
-41.197647,67.08002,1
-57.64392,63.93698,1
45.939705,2.7320404,4
26.070375,2.7703066,4
29.946657,15.740763,4
-83.8544,22.660257,1
23.093458,-36.783875,5
54.6447,-40.956856,5
-7.2727847,65.85098,4
37.44995,-33.080612,5
20.671806,-45.826157,5
-55.205914,65.06244,1
-6.667936,-8.045092,2
13.187686,35.454395,4
51.584393,39.60987,3
-26.54507,-90.23648,0
-28.663847,-63.10793,0
48.784225,7.048677,4
-26.579962,46.634155,2
-11.818979,96.64759,4
-37.815643,-44.37464,5
-19.002455,-85.413704,0
26.162556,-49.694103,5
32.115887,25.374178,4
-64.5036,-46.4588,5
-58.798977,61.700935,1
9.021539,69.56004,2
-46.757874,44.006832,6
-17.66213,-37.231426,0
83.08368,-29.158535,5
43.491177,-20.976265,5
15.944034,38.966957,4
41.711533,18.551609,4
44.985493,-32.561314,5
17.913908,72.41295,2
46.17624,-32.388615,5
24.926704,41.37035,4
-39.955147,66.514534,1
45.260834,60.313095,3
13.312287,13.101912,4
2.997169,-57.132915,5
-42.221603,66.89134,1
51.663086,-39.8258,5
-19.844257,76.537285,1
28.24636,-41.066917,5
52.140858,-50.13222,5
14.731376,84.94959,2
68.80917,50.14039,3
8.736678,83.04954,2
26.150648,-87.85864,5
-60.37379,29.086805,6
41.33436,18.045568,4
-38.68345,-30.850758,5
18.027441,6.861068,4
-63.887608,-46.155613,5
-4.612828,53.13578,4
32.217163,-3.484654,4
17.709686,84.646904,2
48.067204,66.091225,3
-3.0359476,44.284374,4
40.934258,-20.602892,5
21.818157,44.159504,4
40.478615,19.05012,4
-8.956327,92.270096,4
8.156764,81.58847,2
-59.271084,-20.739908,4
13.909271,88.00178,2
-29.822678,2.291686,4
19.068321,15.993299,4
50.47546,5.719211,4
43.998062,43.265263,3
-44.81625,-76.854004,0
7.128673,39.155174,4
22.510733,-22.703981,5
48.56367,66.8931,3
9.696231,36.325455,4
-57.302998,-56.815937,5
18.125847,-76.06544,5
23.052038,6.873534,4
-26.748253,28.387388,4
-65.78798,40.637157,6
82.42228,1.6190908,3
-1.6752828,-37.20121,4
-5.811357,-7.8345823,2
-8.780524,-28.613243,4
-39.353424,13.576151,5
39.589302,-32.643696,5
70.36237,-5.468824,3
-65.93316,-43.914005,5
15.737958,14.9707775,4
22.756271,-79.3971,5
28.39381,-33.429356,5
36.782017,6.910462,4
34.672733,3.831542,4
50.287422,-39.724655,5
18.332777,88.7049,2
-30.272285,1.9761018,4
-36.62371,-31.07664,5
25.47386,43.287857,4
-19.875793,-38.167934,0
-2.2922857,-62.52229,5
13.783192,-34.817226,5
53.01005,-45.079468,5
55.982254,-32.864723,5
-35.554714,-27.402695,5
46.670055,68.07246,3
-45.82858,-12.355976,4
-57.847324,10.638671,5
53.702923,-41.05767,5
-12.335928,7.7767324,4
49.66753,-26.91507,5
50.62114,5.618473,4
-44.297256,12.12286,5
32.221455,-5.307797,4
17.823833,38.15064,4
-54.418865,-56.33247,5
24.854874,-32.133453,5
13.703072,86.18756,2
31.403978,-45.518867,5
-61.716488,38.38262,6
-55.692875,67.82299,1
27.8841,11.728586,4
-1.3245494,-68.7008,5
-23.03547,-60.863823,0
17.365204,-44.036144,5
38.814243,17.504824,4
61.96254,18.558548,4
-85.283455,25.178001,1
-62.752476,-44.405743,5
-43.97591,-11.335912,4
-20.764765,-40.010708,0
-23.319725,-83.79804,0
-71.895386,-2.6121778,6
-11.351261,-49.53811,0
-12.971617,92.07532,4
-102.33105,-1.2069694,6
-9.905632,43.546696,4
4.6292152,-13.665882,4
-19.241177,-36.313866,0
-7.6220098,64.29458,4
9.677915,86.357216,2
-75.69969,-9.732822,6
12.673333,5.008756,4
-40.36165,58.422768,1
-30.786358,34.67542,4
-36.78254,-38.741093,5
14.466392,84.280136,2
61.988297,21.04354,4
-73.255745,-11.331233,6
81.06375,1.0217011,3
41.90805,14.953978,4
74.17415,-5.6386843,3
74.03974,0.8896967,3
83.2999,-18.678843,5
43.67495,0.06819597,4
-47.47288,-12.888539,4
-16.035927,-96.98697,0
-16.914122,-91.10899,0
34.171017,-35.774464,5
8.33145,-11.066725,4
-33.50204,-28.267572,5
-0.24626064,-64.67158,5
21.393063,20.391838,4
1.8004673,1.2774148,4
36.64254,18.205849,4
24.857786,-89.68765,5
-82.55686,-13.889741,6
-18.369669,-34.22724,0
76.56565,5.747953,3
-74.91761,-11.686084,6
-17.601273,-96.212006,0
18.000849,17.395283,4
20.518719,8.212121,4
-15.187021,27.12149,4
-88.73097,25.442226,1
-3.3991559,-37.127483,4
43.43129,43.401535,3
47.729946,66.38633,3
-19.674885,-35.256664,0
47.488464,4.4470015,4
9.255802,41.809868,4
21.098267,75.35386,2
-47.409054,-11.137932,4
-0.7789863,-34.78683,4
14.521028,6.646446,4
12.425928,44.3586,4
27.373606,-33.158504,5
46.09091,3.6536727,4
-44.81527,-76.76064,0
19.458775,-30.233961,5
43.539658,6.4130864,4
-43.70182,9.8629675,5
6.275198,69.62591,2
-21.622812,11.895767,2
35.864376,-48.990246,5
-44.856117,-76.62759,0
36.280247,-49.605934,5
-57.50168,68.55201,1
-37.524452,-35.64142,5
10.635039,39.060078,4
-36.378716,-5.808111,4
-85.76121,12.405474,1
4.3600855,70.447586,2
-79.76473,22.775835,1
32.916065,24.031961,4
18.29836,-23.813251,5
37.103447,-33.809998,5
-15.096567,-87.48472,0
10.129733,10.152887,4
-57.445717,9.492972,5
31.331982,-3.1299653,4
-38.40167,-45.174156,5
46.32723,41.603123,3
-37.42772,-6.7004647,4
-77.25588,-2.2410111,6
-11.821644,5.835166,4
-21.134342,75.7865,1
-26.589935,-18.639122,4
11.424889,45.16753,4
38.6039,-47.24748,5
-20.017649,-63.642235,0
34.39659,25.199701,4
-12.243419,7.015692,4
55.645412,-36.260067,5
-23.913614,-20.117308,4
39.208565,2.5170488,4
12.11913,45.73862,4
64.38208,53.935417,3
39.23942,19.127604,4
100.101364,19.74211,4
-57.0753,-55.755722,5
-61.24579,29.306759,6
-55.731018,67.20719,1
-68.568855,-40.196095,5
-2.7239773,4.987719,4
-54.69564,13.279281,5
41.560654,39.38218,3
-10.655565,-49.939762,0
-42.91186,-31.6245,5
18.347559,36.040245,4
-29.790998,40.51939,4
-0.46017894,4.85162,4
-22.073824,49.041767,2
74.87638,-3.8220751,3
29.94055,15.043244,4
-18.458975,76.41327,1
45.19488,-51.692608,5
-32.031033,-39.9345,5
-8.55549,50.89986,4
-38.08696,61.07772,1
19.70168,-72.61113,5
-4.649213,42.24006,4
-26.727066,31.90476,4
21.471022,-45.06965,5
-57.949257,29.932121,6
44.33747,65.346436,3
-55.090836,63.342167,1
8.2612095,77.11505,2
-7.665368,41.765514,4
28.175344,-20.400118,5
-83.21892,23.936893,1
-57.6185,7.5278516,5
-55.996895,8.300318,5
18.590652,47.25948,4
-32.802826,-40.49698,5
16.282984,49.23547,4
44.811394,38.26728,3
-1.5480742,5.0613747,4
-13.20636,95.34423,4
86.199974,-22.389719,5
-69.28686,-43.362514,5
-19.239447,72.31062,1
51.32886,43.27139,3
-41.586315,11.182677,5
-70.219185,-1.5653929,6
-26.6697,-85.55884,0
1.6974622,1.3222396,4
56.64372,26.891253,4
17.605936,19.859812,4
-41.80022,-7.940717,4
-25.451967,-86.25635,0
-73.02528,45.422993,6
39.92404,-32.59529,5
43.379623,38.270836,3
51.571545,-49.458477,5
44.72332,-25.638248,5
17.48457,-23.983809,5
-36.593296,-27.973152,5
39.84864,-45.78234,5
-26.573559,-89.30306,0
6.299633,70.97893,2
39.764164,-32.731716,5
-33.71006,-27.0096,5
51.447327,-21.233583,5
-18.517735,-17.12429,4
-24.734552,-19.305176,4
-42.060608,-3.2496536,4
74.19855,-5.945962,3
-58.4129,30.161243,6
75.54278,31.101404,2
3.9763649,74.69308,2
24.079428,-68.29012,5
-69.14035,46.9887,6
1.5641855,24.257912,4
-12.61496,23.470741,4
10.121601,46.555065,4
-84.33256,-13.809486,6
45.11469,-39.4164,5
14.707379,-9.675861,4
-23.989384,-66.59477,0
-46.296818,19.299318,5
27.475836,-82.18216,5
-29.342125,1.5276917,4
68.97723,-0.9862093,3
-66.90902,-41.75046,5
-57.048473,14.511781,5
-54.897186,-57.286,5
-56.557934,62.061977,1
24.481344,40.548195,4
-60.5409,-24.925615,4
-33.24847,86.8681,1
-6.301411,14.2555485,2
53.951954,-40.1839,5
14.580629,-41.32967,5
-39.639313,-8.581505,4
-20.604433,-88.282394,0
21.090685,-73.54342,5
27.073612,-17.802774,5
-24.71262,-83.80179,0
-81.1358,-13.830806,6
-34.66033,34.685123,4
-24.415537,-19.107279,4
49.238617,-38.523563,5
48.425293,44.098488,3
10.448154,85.88482,2
-35.101067,62.86473,1
14.235743,70.734726,2
-54.27052,-55.362213,5
24.710579,5.6926055,4
-53.649925,8.728884,5
32.60551,-15.44137,5
-4.2561536,52.53916,4
-6.6548676,41.739,4
-104.84167,-4.4455733,6
18.729696,14.406853,4
16.249374,70.26243,2
14.675916,42.770218,4
43.459385,-25.411234,5
33.59232,-25.317356,5
-39.353424,13.576151,5
-54.061638,9.155511,5
-25.07809,11.863347,2
-35.806404,31.691557,4
-56.166454,67.94377,1
-40.63853,-41.161133,5
16.925287,47.15144,4
-29.500284,2.2846153,4
22.330551,-82.971146,5
-20.890446,-17.614351,4
32.646397,-16.99926,5
-14.155003,94.596504,4
63.6493,23.6965,4
-46.848648,-10.466311,4
-41.11498,-29.737705,5
80.38636,3.7668219,3
44.723293,10.307225,4
-58.61181,-56.12571,5
45.19655,-25.159029,5
-2.590551,-37.83662,4
37.770897,-29.251392,5
68.47545,-5.345876,3
25.856943,-79.12863,5
50.58724,43.091293,3
-0.7919454,-68.77601,5
6.91432,-15.127952,4
56.804165,-38.46443,5
21.087511,73.61591,2
33.253918,-39.39994,5
24.842106,-88.401924,5
20.1807,-26.995316,5
44.16765,-52.295784,5
-58.27376,-55.65202,5
1.7264794,-71.904045,5
30.831278,-1.4311054,4
-58.0188,-17.884539,4
32.904404,-14.464978,5
39.144924,-43.046135,5
-87.58958,16.098227,1
26.522635,14.578094,4
100.207146,20.212036,4
-12.245123,-91.3982,0
-20.34281,11.766773,2
6.050631,-9.161773,4
-45.043446,-4.3863363,4
69.77061,-1.6925814,3
-71.14664,-0.8401363,6
78.636635,32.895664,2
-61.62106,-47.622944,5
84.303986,-26.919691,5
-28.168066,36.232903,4
-36.44775,-45.86321,5
34.377975,25.018606,4
-27.861572,-59.523594,0
47.40742,2.7709432,4
-9.710321,-46.971527,0
-55.92478,62.74631,1
18.141739,5.1603236,4
49.11521,-21.476433,5
23.976215,15.467655,4
47.16717,-23.30058,5
35.81496,24.450993,4
-14.426548,94.03732,4
-69.54882,-3.0222921,6
-63.249763,33.27125,6
-12.424506,91.88662,4
28.173517,-32.68861,5
-38.49107,59.220142,1
32.27916,-25.125671,5
-68.7517,-5.741287,6
48.45877,66.97481,3
17.080069,-29.874584,5
-6.453957,-7.94441,2
21.158817,-0.8601885,4
25.380934,79.0374,2
7.0711246,86.64626,2
-53.93284,9.884701,5
66.85912,23.83179,4
-82.47346,-13.527203,6
-89.4304,24.59823,1
-12.652827,-91.67226,0
27.535223,-3.519261,4
-49.544514,15.819446,5
10.3653345,37.660473,4
-21.565306,-13.392295,4
-57.354656,66.326,1
0.43604618,-75.687004,5
-59.27652,-55.116737,5
32.20437,-44.66072,5
-57.912907,29.949392,6
4.809062,-7.632271,4
-1.2593061,5.173149,4
-24.0055,-60.429035,0
70.35993,-3.7668414,3
24.307896,-44.937057,5
13.024737,75.00501,2
29.691366,-78.80153,5
2.6634414,-16.563242,4
-86.68533,20.721699,1
13.176778,37.369907,4
-56.177383,66.86423,1
36.361263,-50.48781,5
-34.595783,29.308851,4
-68.22267,46.73398,6
7.7718863,85.28459,2
27.96869,-81.429436,5
11.495794,14.961522,4
52.97403,-49.699883,5
-68.868355,-36.900284,5
47.390095,-48.7518,5
69.75516,4.0834355,3
-47.10388,-9.303034,4
21.424795,11.794155,4
-5.4135885,49.782684,4
-61.97259,-24.360395,4
32.2752,-19.36857,5
18.260672,41.2886,4
35.752007,-41.620945,5
44.888767,2.394518,4
-29.185743,1.5377975,4
33.753975,-43.110397,5
-72.89883,-4.186495,6
18.310476,13.482718,4
-42.50961,-29.189459,5
6.5010147,72.66575,2
16.328588,75.775406,2
-88.48922,17.040098,1
-33.284336,-36.710922,5
-23.142467,49.708206,2
-6.0047803,-26.506882,4
24.008072,43.025566,4
4.562589,70.431206,2
-11.069953,97.38871,4
-40.312885,-39.555065,5
-49.233677,14.654282,5
-47.644775,-9.5131855,4
48.054714,43.464195,3
23.960136,-68.646576,5
16.60318,86.93858,2
-35.002254,61.406097,1
-83.69902,-15.471594,6
56.16077,-37.812843,5
-7.1858635,65.73312,4
-40.53543,-31.763659,5
83.02745,-28.459316,5
-81.8728,22.308546,1
-58.65363,36.279007,6
-8.886058,-5.073735,2
-24.91823,28.881304,4
27.62169,-21.706226,5
32.23862,-18.948477,5
33.467133,56.543736,3
49.510242,-39.413475,5
-8.917963,95.527016,4
52.34332,39.946766,3
-47.11098,13.207782,5
-1.7545754,-69.154884,5
-89.436485,25.09256,1
35.25457,-50.031914,5
-30.610296,32.6825,4
-18.561266,72.894165,1
-57.627605,-53.63301,5
-47.018524,43.60837,6
-17.836569,-3.9668434,2
40.653,-20.784342,5
-85.69812,14.45751,1
26.517084,1.7238934,4
80.252396,34.30172,2
4.939122,-63.37467,5
47.801987,-33.97167,5
-42.188545,-34.429165,5
-22.137928,-18.318937,4
62.099392,20.429375,4
11.645931,75.02039,2
31.69392,24.825886,4
-12.443172,6.708263,4
-20.711967,72.62378,1
-30.420181,35.050373,4
34.139347,9.833081,4
26.720757,-89.335945,5
21.883356,-86.36206,5
-70.96133,-41.320263,5
19.350004,72.767426,2
42.606773,37.97271,3
1.2549816,23.629093,4
-8.85383,-28.278599,4
