umap_1,umap_2,kmeans_label
21.6832,5.8238907,4
1.4229813,9.549174,2
7.279334,-10.018248,3
3.9709513,-0.7976515,5
1.5331976,9.206227,2
1.5995054,9.658619,2
6.84161,-9.952408,3
5.9053006,23.86549,4
8.583665,6.3430734,4
-1.1388298,-11.505088,0
-6.291778,-7.1085253,0
6.4496837,6.746615,4
1.6011748,10.892037,2
-8.830213,12.709982,4
5.6642847,-0.9192027,5
19.445711,-4.943324,5
8.547428,6.102663,4
6.8386765,6.1159115,4
-4.064206,24.609589,2
-0.097155035,14.503979,4
6.169611,6.1577725,4
-1.0820091,20.740229,5
6.9071093,6.0694714,4
-5.0385084,5.081081,5
-9.25879,8.239046,5
7.34221,17.779402,4
13.156233,16.74571,3
14.482315,-0.7297428,4
3.7107744,23.602512,5
15.185516,22.411652,4
13.7385435,4.7508364,5
18.454676,-4.6596894,5
6.1472135,3.736859,6
7.108383,18.250225,4
-9.088691,12.792968,4
0.21865669,6.3262405,2
4.1620193,25.448921,5
8.006751,6.618077,4
-5.935223,-7.267747,0
-3.8291214,6.335226,5
-9.100318,7.9563613,5
14.576693,-1.2826791,4
17.718729,6.1764655,1
-5.7994943,-11.806621,0
-7.0656495,-7.8064117,0
4.952352,-0.3263078,5
-7.981447,18.66867,4
4.054915,-1.7846638,5
4.2434516,25.71402,5
3.7018397,-0.9423523,5
-4.066558,24.608505,2
-4.404953,24.276852,2
-0.048972882,14.289506,4
4.702373,-1.2923595,5
1.3707571,10.67208,2
19.614145,0.12053065,4
6.940053,6.5940547,4
5.2872424,-0.063486405,5
23.144367,2.6002004,2
-1.3277055,20.699432,5
9.815128,-13.988635,6
11.471258,21.502512,2
-0.9304811,2.572445,1
-0.030730858,13.929699,4
-9.45865,8.409272,5
11.48736,21.486301,2
13.61387,16.570375,3
-4.4783883,-0.28484666,6
6.848017,-9.937136,3
6.09044,17.680382,4
3.8108113,-1.2899696,5
6.1667747,5.21504,4
6.616152,24.073181,4
-5.1186934,-3.1220899,6
-5.34478,5.649623,5
3.8680353,25.439411,5
11.437683,21.536455,2
6.973372,-10.25043,3
7.888141,7.1028385,4
-1.9087987,7.2602367,1
6.3276463,-0.29297048,5
-4.340024,-0.95349944,6
5.9087877,-0.86054987,5
14.422587,15.687115,3
4.4794745,-2.2163258,5
6.203012,6.3661566,4
0.2776562,6.267956,2
1.0872085,10.179651,2
3.4083998,-1.0594802,5
5.5766797,-0.35300678,5
7.095227,17.425205,4
3.7200894,24.812157,5
6.888444,-10.430352,3
13.476186,17.214823,3
-0.04998101,14.124308,4
19.483992,-5.0472684,5
17.529263,5.9830356,1
8.133268,6.8637533,4
16.490202,10.515934,4
8.523694,5.9353952,4
16.915619,9.680811,4
-7.6081176,8.577157,5
5.603305,-0.7678838,5
7.5395994,-9.800521,3
11.315871,21.657179,2
10.642359,-8.170408,3
-12.203694,-2.5815818,0
0.8439112,19.495808,5
-12.720259,1.7013592,2
7.80339,6.32782,4
-6.318666,-11.654474,0
6.771827,5.215787,4
21.498379,5.5111904,4
-1.074634,20.744213,5
-10.188734,2.8408918,4
14.637852,5.0984116,5
14.623921,5.113652,5
6.288155,-1.2593997,5
18.635384,-5.079891,5
-3.8151011,6.407526,5
1.6162437,9.4998,2
5.530562,6.0934615,4
-8.97419,9.1218605,5
7.855159,7.194987,4
13.1361685,16.142931,3
0.5978905,19.842438,5
5.2295976,-1.0189067,5
5.69734,5.4272604,4
-12.451059,14.097235,3
-8.760659,8.165085,5
3.1845033,16.812904,4
3.675778,-2.2142742,5
6.3896766,-1.6907109,5
-0.028735893,20.178293,5
-0.5976101,20.547062,5
13.453173,16.96658,3
19.178267,-4.7659698,5
2.0972614,10.3109045,2
8.2058525,5.690085,4
13.605892,17.119282,3
7.051086,5.376697,4
19.47561,-0.361535,4
3.8256793,23.939283,5
-0.042625025,13.918968,4
-10.525578,2.3243382,4
17.517065,-5.9235435,5
7.172293,7.1453466,4
4.704901,-2.194733,5
8.2546425,5.734813,4
2.2372444,-10.12029,0
13.455163,-0.16522816,4
8.314807,5.9625053,4
4.1850104,25.625086,5
-5.7592125,-2.8132522,6
10.131431,-8.36739,3
-6.247236,-11.685944,0
7.480078,5.862063,4
-1.6339628,2.6336055,1
-8.844692,12.980311,4
10.455933,-2.7547517,1
17.511791,9.767988,4
8.821714,15.073825,4
11.028949,-8.218866,3
17.800978,-5.343009,5
-12.708861,1.7006062,2
-6.2860007,-11.790078,0
14.5934,-1.1281412,4
13.9085455,16.63127,3
13.385659,4.4136543,5
7.0439386,18.30353,4
-6.1459875,-2.4361498,6
6.9353666,6.2496123,4
4.8549633,-1.7813368,5
2.1195028,4.752633,4
5.263958,-0.3652737,5
4.6548057,-0.7704711,5
6.864618,-10.260243,3
1.1301109,29.104055,4
11.352717,-4.1087937,1
13.53216,15.587968,3
-8.289158,8.7588,5
6.3122377,24.51946,4
-12.204863,1.8400401,2
21.49952,5.513897,4
-4.817342,5.939612,5
16.882616,11.0664625,4
4.367516,-1.8427132,5
5.6256204,-0.94865215,5
5.3759036,13.265488,3
17.613926,10.535886,4
14.579191,-1.33688,4
-3.9421535,-0.4715086,6
16.89968,10.880043,4
13.736617,4.549101,5
-1.8483375,7.32562,1
-10.610704,21.174728,1
-5.996461,-7.2347665,0
7.079503,18.349386,4
11.484167,21.489649,2
7.7260466,6.192455,4
3.7770717,-0.64992416,5
6.8456326,6.187359,4
17.496449,10.668426,4
2.9485636,-1.117923,5
3.4872627,-0.6338933,5
1.6037899,9.65929,2
3.4373572,-2.3647456,5
-7.8925204,8.711921,5
19.343735,-5.068674,5
13.7939,-0.45832437,4
-7.7498255,18.528046,4
-6.9145923,12.839473,2
7.4057975,7.1191697,4
14.402197,15.568743,3
4.601525,-0.79735965,5
14.03926,15.5373335,3
-0.5835881,20.464088,5
-0.039748415,13.9479,4
10.684645,-2.5678546,1
19.15224,-5.002772,5
-7.679726,8.594659,5
-1.1198132,20.770298,5
6.200011,6.921633,4
14.533896,15.740062,3
0.9741626,9.978341,2
-5.7960153,-11.133765,0
3.6203308,-2.1947837,5
4.5285473,0.6731977,5
-10.465631,2.3641572,4
15.157439,22.439634,4
3.7980182,-2.1272125,5
14.639434,-0.9890224,4
17.592934,9.914642,4
17.379555,-5.86866,5
-1.2616738,4.0775003,1
6.4070983,5.6379766,4
3.6014745,23.616665,5
9.930323,-8.720592,3
5.9979186,-0.1509123,5
11.089014,21.881557,2
-1.5545983,2.9172623,1
0.64712834,19.372646,5
2.149561,10.848179,2
-4.2288094,6.3515935,5
14.037263,4.4908667,5
6.3298893,24.519266,4
-11.90937,14.603353,3
-10.346885,2.9027174,4
14.015989,15.799459,3
-12.065949,14.457801,3
-8.197733,12.830604,4
-0.16097993,13.981982,4
19.671642,-0.42263883,4
-4.7902274,17.822027,6
17.743593,-5.8448725,5
-4.9496846,5.5202155,5
15.03102,-0.66344005,4
6.712528,7.1418138,4
-0.8704533,20.723763,5
-0.77136356,20.261854,5
-8.142039,18.55936,4
7.0126176,18.281588,4
17.660475,9.917244,4
13.753604,16.248148,3
5.780848,0.34501714,5
6.7207837,5.134856,4
-1.152922,-11.490755,0
19.73699,-0.5810644,4
-8.390627,9.039956,5
19.856209,-0.12338374,4
-9.099032,8.275486,5
-8.153907,18.578901,4
3.3083746,16.894667,4
-12.335631,1.7819663,2
6.2421002,-1.1390306,5
-0.9354963,2.3998973,1
6.518643,-1.559893,5
3.3599439,16.950733,4
14.162623,4.756679,5
-5.3607616,5.307167,5
-0.8433697,14.634783,4
10.025364,-8.902508,3
-0.36203173,20.47264,5
19.491802,-0.24467899,4
2.980356,-1.3723443,5
0.46220487,19.521458,5
-12.34306,-2.4483442,0
3.648382,-0.54460025,5
-8.8822365,12.491383,4
10.488482,-2.6411767,1
-0.23184203,14.392285,4
3.3298397,16.91705,4
2.8709855,-1.9200038,5
4.029367,23.901459,5
19.94302,-0.7229615,4
9.834856,-8.591614,3
-4.6836395,-0.41122398,6
3.7372763,-0.8961313,5
-5.4793973,-11.333031,0
6.9315014,7.7210717,4
2.9562044,-1.8796667,5
2.8095243,-1.133261,5
2.0511816,4.8262467,4
11.310465,-4.1248317,1
1.5894959,9.726673,2
14.80936,-1.0218242,4
-4.156075,-1.835552,6
16.665064,9.832792,4
3.815066,0.3920631,5
13.624579,16.037868,3
7.6958537,5.675646,4
3.689408,-0.4425957,5
5.5271535,-1.5601233,5
19.823812,-0.66661024,4
4.6642613,0.6218827,5
18.127691,-5.1394486,5
14.640075,-0.5403211,4
-4.2403517,6.330022,5
-4.4423013,24.241716,2
-1.1555475,-11.488356,0
9.150169,15.400909,4
-0.71904755,2.713252,1
13.381088,17.147718,3
7.057781,5.2856474,4
17.61555,10.26448,4
-6.951182,12.896207,2
17.310432,10.803011,4
14.462221,4.906905,5
6.4163327,24.465769,4
6.3907514,6.0506625,4
10.882301,-3.723356,1
19.553513,-0.42258185,4
6.9970655,4.8487706,4
6.2490635,3.8578925,0
0.7562895,28.732409,4
3.2265081,-2.0418003,5
3.1282508,-1.1259921,5
6.291186,-1.252125,5
-7.0466223,-7.461374,0
-6.153538,-11.8686695,0
5.162303,-2.161255,5
4.160445,-1.9027965,5
-5.1112514,-1.9886892,6
2.984349,-1.8956728,5
-8.835667,12.48196,4
-5.5472193,5.658834,5
-4.925609,17.680693,6
-1.2481457,20.652563,5
19.72846,-0.5939047,4
-10.080444,2.5997832,4
-12.704892,1.6976715,2
2.5300972,10.377699,2
-2.884176,-2.050322,6
-4.1170115,24.554232,2
-9.444755,8.420199,5
2.6740782,-10.566592,0
1.0347775,9.036224,2
4.5588818,-0.3561964,5
4.6078334,-0.1354784,5
-12.564051,1.7322149,2
0.9660088,10.394043,2
17.377619,-5.9104033,5
3.5581188,23.630894,5
13.251881,16.857746,3
8.847473,15.099409,4
-10.435037,2.2992125,4
7.3953342,17.582127,4
6.966135,6.511592,4
16.495558,10.169207,4
-0.86098117,2.9021904,1
7.2848954,-9.994782,3
6.3736043,17.663725,4
10.653922,-2.5517876,1
6.15819,4.6437206,4
17.63862,9.857596,4
11.31347,1.8691964,4
-0.91880333,3.5494199,1
18.397373,-5.303861,5
7.0563545,-9.950071,3
2.8707228,-1.9250202,5
6.551806,-0.9209672,5
-6.8239264,-8.206327,0
-6.262934,-11.807166,0
10.810709,-3.9232807,1
6.47328,24.370787,4
3.8668602,-2.4111505,5
-6.836195,-8.215185,0
6.7850018,7.440155,4
5.8854127,-2.1358037,5
-4.5749855,-0.54258394,6
16.948433,11.168195,4
6.932034,6.661635,4
-1.083197,20.573374,5
3.9572067,24.020256,5
21.502878,5.5190897,4
-9.056209,7.9311595,5
-0.5936358,20.479109,5
1.9386173,9.44415,2
16.401886,10.707031,4
6.2592497,-1.7326874,5
7.898199,6.309011,4
3.6246014,-0.1614097,5
7.438527,17.486435,4
-0.7628706,14.722115,4
3.044498,-1.6896334,5
3.855288,23.818243,5
10.711275,-8.908314,3
-3.4155507,-1.9772571,6
-8.895687,12.680413,4
17.024136,11.193616,4
5.5208974,-0.4735734,5
4.0217543,0.5319432,5
14.8255205,-1.0251505,4
18.598663,-5.7798567,5
23.17569,2.6315243,2
1.4569733,9.823552,2
-10.403595,2.7264104,4
17.787138,-5.369811,5
-1.1368843,20.590286,5
-5.9006505,-11.993726,0
-4.002623,-1.5985788,6
5.416348,-1.5721921,5
4.3069277,-2.0115511,5
-4.7853456,17.827951,6
-4.6474047,-0.51087457,6
4.248476,-1.4885976,5
4.427639,-0.0535337,5
11.349176,1.8358377,4
-4.958906,5.351865,5
3.9565508,-1.8780062,5
0.6314076,19.931343,5
6.2597938,24.01738,4
-7.652634,8.506504,5
-2.988139,-2.0267484,6
18.73795,-5.744688,5
2.6726487,16.56588,4
6.3516374,-2.043642,5
4.5180216,0.62667644,5
17.39955,-5.8637495,5
4.0469613,0.3795028,5
19.491272,-4.9590807,5
-8.988328,12.958847,4
19.208475,-5.465854,5
17.794847,6.230223,1
-4.467732,-1.8971803,6
23.02597,2.480931,2
3.871523,24.055338,5
-11.908464,14.603703,3
13.88063,16.56854,3
2.7042499,-10.597113,0
6.865557,-10.284121,3
-1.5229357,2.885284,1
7.1549525,5.769822,4
-12.368468,-2.4205635,0
10.6542635,-2.5928268,1
3.4009156,-2.6947834,5
6.253827,5.374857,4
-3.168009,-2.009373,6
-4.9747853,17.6308,6
3.104294,-1.0413241,5
14.118326,-0.87201345,4
9.089959,15.340783,4
13.211427,16.873346,3
7.5161166,5.486334,4
-0.9150838,3.5320601,1
4.2553086,24.827986,5
-12.638147,1.6630813,2
19.182034,-4.7151494,5
1.4038466,9.925951,2
2.4495742,-10.336657,0
11.039993,21.93081,2
16.971077,10.076724,4
5.970043,24.508444,4
-4.3700686,24.311731,2
13.966636,16.062172,3
6.387098,-1.4954231,5
13.607249,-0.17502993,4
-7.563061,18.40143,4
2.723842,-10.616958,0
19.221943,-5.4580092,5
5.258476,-0.3733662,5
1.6100396,9.460346,2
-8.193071,12.829115,4
7.119435,-10.232054,3
2.1689234,4.6970654,4
-6.5569916,-7.4814854,0
6.88845,24.244854,4
-4.3030977,-0.11992008,6
1.206369,9.137696,2
-5.5758114,-2.4645379,6
2.86391,-1.9158843,5
-5.8942933,-11.534219,0
19.706316,-0.5464186,4
-1.0164088,2.4508293,1
4.8611083,-2.1832597,5
-12.565625,13.981286,3
-5.334449,-2.518437,6
6.3425083,-2.058423,5
1.94227,9.585059,2
-4.953249,5.1270037,5
8.303267,5.947222,4
16.812849,10.084051,4
-4.893702,4.9970064,5
1.2297311,29.203865,4
-0.93042403,-11.714533,0
17.498606,10.572332,4
3.124022,-1.4389687,5
6.9951506,5.2781715,4
18.942963,-5.5375924,5
-4.0051374,6.0052443,5
4.452484,-2.058721,5
-2.1225512,7.7880588,1
5.87181,6.5677285,4
2.1066191,9.320434,2
6.1197176,7.0069146,4
5.344016,-0.9663198,5
2.9751263,-1.0954565,5
17.73307,6.189992,1
-5.7238317,-7.421764,0
11.071446,-4.1462226,1
-12.353926,-2.4350188,0
-8.181154,12.661459,4
0.03717852,20.331644,5
15.195753,22.401846,4
-12.220175,1.8326492,2
1.1716492,10.641697,2
-4.977512,5.665492,5
5.9416766,5.1311336,4
-0.8347585,14.076535,4
-12.235346,1.83789,2
17.721207,-5.4275293,5
-8.974108,8.20176,5
1.9040178,10.807022,2
-10.6531515,21.217476,1
13.507743,15.608743,3
-1.4669923,5.208064,1
0.84466773,19.546286,5
20.869354,1.1451294,4
17.975119,18.736593,4
-3.4230757,-2.0935688,6
17.681084,10.240712,4
4.6173224,-2.2465103,5
-4.851036,5.903018,5
13.609602,16.539684,3
6.668161,5.6517725,4
3.688049,24.847242,5
11.359135,1.8258009,4
17.708755,10.293412,4
16.995493,11.218046,4
19.880857,-0.26796252,4
3.745033,-0.65034044,5
2.6653154,16.574926,4
-1.1317147,20.848158,5
2.8274248,-1.4484172,5
-1.8660377,7.176333,1
14.550073,4.759994,5
17.408335,-5.9351096,5
13.884978,-0.57393956,4
13.717603,4.829694,5
6.0805826,6.825243,4
-4.2466645,6.3213267,5
6.087263,17.68531,4
16.473324,10.261824,4
11.03923,-3.9950154,1
-0.98835164,20.718327,5
-5.6009097,-2.502799,6
2.1097033,9.335323,2
6.9444222,5.100019,4
-3.836993,6.210212,5
13.344033,17.060251,3
17.795935,6.2306895,1
5.8947687,23.761335,4
10.635373,-8.224334,3
-6.051966,-1.8639361,6
6.971559,17.475065,4
-0.036541283,13.928484,4
3.5404103,-0.6735566,5
5.3891234,0.14904833,5
-10.68862,21.253107,1
6.5725,6.747631,4
7.2665563,18.009693,4
11.334494,-4.1269217,1
6.499871,-0.90006423,5
-12.517152,14.02866,3
11.436504,21.53766,2
7.924715,6.4062614,4
21.84361,6.075851,4
17.398201,10.175038,4
5.172935,-1.2305461,5
6.197548,6.4116845,4
-4.8925757,5.0073643,5
-6.805629,12.954109,2
1.1735914,9.816389,2
-8.774019,8.690609,5
-12.710811,1.6986359,2
6.9673915,6.1582828,4
11.386807,-4.0289154,1
-7.014146,12.811002,2
-8.846445,7.9888864,5
3.7320256,-0.7393929,5
11.068727,-2.7444432,1
6.2234025,5.3569117,4
2.2815003,-10.165705,0
0.5501529,19.525866,5
-12.207409,1.8370044,2
13.12692,16.32837,3
7.6732693,6.3492584,4
-12.395648,14.151247,3
14.086855,-0.7466053,4
6.0411057,23.915257,4
6.6054144,24.252787,4
-8.066545,12.6925125,4
-6.57474,-7.7102065,0
7.8426957,7.300286,4
7.746641,6.221007,4
6.3742576,5.8561,4
0.62267697,10.69875,2
5.770907,5.5308056,4
14.246883,15.641399,3
-2.937959,-2.4657073,6
6.8904476,24.250566,4
4.0107484,25.10918,5
0.009503476,20.336016,5
4.7074046,-2.2191331,5
-1.626928,2.745134,1
-0.75190043,2.602534,1
6.0027285,-0.16514173,5
-5.83636,-11.448705,0
11.123641,-4.2789183,1
2.1251729,10.281773,2
6.198996,-1.7122843,5
5.702091,-1.8592637,5
6.886119,24.174662,4
4.358461,25.24982,5
-10.184924,2.897265,4
-4.603647,-2.3488204,6
-6.8079143,12.934408,2
16.856325,10.185813,4
10.986341,-4.0938025,1
-9.427493,8.348108,5
6.9029274,7.741091,4
2.6459038,16.560423,4
-6.06727,-11.885308,0
14.483298,-1.1406928,4
-10.686982,2.7228022,4
7.2914066,4.4439206,4
-7.084253,12.805355,2
6.700981,4.997542,4
13.899525,16.612188,3
-7.7526093,18.114086,4
4.1316347,24.562178,5
3.7585552,-2.4075558,5
4.311787,-1.8808842,5
10.783325,-3.931094,1
16.576628,10.806861,4
10.354242,-8.247019,3
-0.128057,14.329588,4
2.1457407,9.640665,2
3.6593242,0.15973991,5
2.3080437,9.391412,2
17.818266,6.252319,1
10.185281,-8.335767,3
-5.8023653,-7.3374076,0
-5.8076177,-7.915662,0
-12.720368,1.7515937,2
-4.6375985,-0.497118,6
1.1747442,9.502247,2
1.150429,9.553899,2
1.8236874,10.775104,2
5.4384584,6.0081515,4
9.965316,-8.737576,3
13.607124,16.862354,3
-10.45111,2.828275,4
11.447222,-3.3350623,1
14.525979,15.800027,3
-5.9323983,-11.951514,0
5.9094925,23.940191,4
6.9779496,17.46305,4
6.5290356,5.613225,4
11.133157,-4.260965,1
-4.48378,6.0462513,5
7.4041147,17.559076,4
-9.081599,8.082906,5
9.138211,15.388836,4
19.587677,-0.46332264,4
21.499603,5.514405,4
16.50838,10.500528,4
2.3764882,9.966419,2
11.016159,-8.21257,3
-0.838914,3.3020353,1
-4.864583,5.893485,5
-5.2290163,-3.113716,6
8.035822,6.377691,4
16.755632,10.42353,4
13.660394,17.089596,3
5.236392,-0.48613724,5
2.3359673,4.53133,4
6.867676,-10.424375,3
-8.690286,12.285354,4
5.7095823,24.045809,4
2.1217518,10.863443,2
18.289623,-5.768462,5
19.486727,-4.922458,5
6.9067373,24.153584,4
-12.355393,14.190091,3
6.218527,4.1496387,5
19.474485,-4.9567423,5
13.612302,4.2241764,5
17.79746,6.2382574,1
-9.048413,12.904439,4
-0.8709283,2.4473636,1
14.674669,4.8064504,5
-1.5355103,2.752131,1
-10.698645,21.263151,1
-7.671005,8.533532,5
-6.3196187,-7.1041927,0
6.6530733,6.7358418,4
-1.8914467,7.4033833,1
19.561598,-4.9320393,5
3.8695881,24.113361,5
-12.300022,-2.4874842,0
13.140147,16.027649,3
21.823442,6.041946,4
-5.7989016,-7.953833,0
-8.803938,12.666942,4
11.162728,-3.9689949,1
4.656195,0.15790308,5
10.621432,-8.994626,3
-12.724007,1.6922476,2
6.856852,-10.098511,3
5.869268,-0.87467176,5
6.851988,-9.910849,3
6.3481984,18.010637,4
-8.049924,18.039345,4
6.3338647,24.050678,4
1.534582,9.187795,2
16.481552,10.780734,4
6.8809924,5.984444,4
7.446912,17.478296,4
5.903078,-1.5325516,5
-4.912442,-2.993123,6
2.2898128,-10.174311,0
-6.6811786,-7.5865927,0
-1.4166654,2.8711033,1
13.755992,4.55069,5
-8.80732,8.281462,5
-8.817191,12.3010435,4
-8.858379,13.067769,4
4.9293604,-1.7413719,5
-4.676629,-2.531212,6
-8.122854,8.273701,5
3.2680557,16.863192,4
-4.646752,-2.3182657,6
-1.1511824,-11.492827,0
6.8600507,17.504745,4
2.0316207,9.360622,2
-10.654987,2.7780485,4
17.358456,10.834812,4
6.2088785,4.167941,5
-8.032595,18.124643,4
2.6862724,-10.578998,0
-6.823518,-8.053124,0
17.747417,10.134627,4
1.1676999,29.141647,4
-0.036007054,14.326196,4
13.57106,4.2016315,5
-6.2782865,-11.690573,0
6.5925007,-1.10897,5
17.650148,-5.7908735,5
-7.8729467,8.758098,5
8.724295,14.976127,4
3.6691408,-2.0958784,5
19.300835,-5.3618574,5
-1.0139534,21.076698,5
4.4226933,-0.84464335,5
3.232826,-1.6081368,5
-4.2488365,-1.2420465,6
8.392067,5.9845386,4
0.65133584,5.90639,2
17.77412,-5.342895,5
-8.043937,12.574336,5
6.509445,-1.541805,5
3.7691667,0.096816406,5
8.352625,5.9762893,4
19.873161,-0.24429621,4
0.22452375,6.3197136,2
11.00881,21.961767,2
-5.3818583,-1.9266686,6
0.0026609297,19.930569,5
7.0492887,5.1085596,4
19.769098,-0.6085276,4
7.8037887,7.3122287,4
10.603343,-8.619111,3
0.2815714,6.264411,2
3.5067854,-0.10598962,5
8.102664,6.865837,4
8.736586,14.988629,4
-5.55877,5.599873,5
-1.5121344,2.899501,1
-11.94909,17.55326,4
-12.686727,1.6654934,2
23.226633,2.6842952,2
13.316879,16.872183,3
13.61355,-0.17675133,4
-4.413742,24.26975,2
3.866325,24.08878,5
-8.140313,18.609608,4
-6.1729646,-2.08114,6
5.5652437,0.12421497,5
17.392046,-5.928768,5
-9.095547,12.887856,4
-4.158581,6.299933,5
5.348617,13.289611,3
-5.385244,-2.0589693,6
6.8644285,17.829348,4
3.47581,-0.19130537,5
13.482244,-0.18320578,4
6.3921475,5.505607,4
9.064506,15.31602,4
7.035377,5.0646544,4
19.498655,-5.029131,5
-9.475248,8.501844,5
4.6017685,-2.24752,5
13.547652,-0.16167712,4
-4.370915,-0.88865644,6
-5.805064,-2.1033552,6
-4.918119,5.7140684,5
15.151659,22.445679,4
3.412679,-2.7020001,5
-9.379615,8.31298,5
2.2939606,9.398575,2
7.861339,6.2655115,4
-1.097394,20.599266,5
10.895001,-4.0411043,1
11.379067,21.594603,2
6.3616138,-1.6291485,5
13.304293,17.023203,3
10.610406,-9.091742,3
6.3751416,-0.5017035,5
2.864222,-1.9273108,5
-4.312244,-1.003568,6
-5.253933,-3.1339033,6
11.211768,21.759695,2
-6.672896,-7.2640557,0
-3.962899,-0.1320098,6
6.0413814,-0.07317164,5
6.167138,5.34577,4
10.715265,-2.629673,1
-5.3196745,-2.876412,6
2.9710271,-1.4403397,5
11.132052,-3.5917146,1
-5.016845,6.0166936,5
3.5867789,-0.13258885,5
-16.043913,14.819606,4
0.28700876,6.2583528,2
3.225577,-2.0047994,5
14.770439,-1.0320693,4
9.0011835,15.253198,4
0.5207654,19.50279,5
17.35056,5.7823415,1
4.9332056,-1.7466507,5
-0.91161186,3.558209,1
6.8199577,-9.8979845,3
7.0582905,5.5855885,4
6.1881075,-1.526025,5
4.4940605,0.59991515,5
-6.3013473,-7.298077,0
6.073131,5.5147367,4
7.305439,7.2129006,4
5.657154,6.3184085,4
-12.296805,-2.4901786,0
4.603422,0.24850896,5
2.9647248,16.69486,4
-0.7930194,20.285202,5
5.5677404,-0.59709615,5
0.18903518,20.257662,5
18.688429,-5.6377354,5
17.898237,18.81459,4
-0.91746944,20.414898,5
1.5477393,9.1720085,2
1.113418,9.558379,2
-7.6273317,8.66334,5
-4.2171187,5.46066,5
2.2971556,-10.181212,0
8.73628,6.2569766,4
23.089806,2.5450144,2
3.5559921,-2.4659626,5
-5.741232,-11.644273,0
17.691145,-5.470264,5
6.813157,-10.438063,3
17.438799,9.946063,4
0.5508461,19.966738,5
2.1176832,10.333694,2
5.9185414,23.773869,4
1.6591398,10.712392,2
-7.1139402,12.776131,2
7.5492916,5.9410067,4
14.572641,-1.183252,4
2.1016836,10.312686,2
2.4674814,10.163141,2
-8.454563,12.946652,4
6.5150104,17.820303,4
-3.824867,6.531858,5
-11.9758625,14.541141,3
17.38088,9.821087,4
8.668673,6.1426363,4
5.680457,0.1225851,5
-5.756161,-2.8307798,6
0.5919223,19.416523,5
-4.73551,17.879103,6
-1.4705608,3.1761332,1
14.164317,-0.9236215,4
17.710526,10.009243,4
-7.716827,8.684784,5
-4.146606,6.6546016,5
-11.921069,17.591019,4
-0.49072543,20.087332,5
6.9764733,17.489292,4
-8.180262,12.812501,4
17.78507,-5.3823686,5
4.242785,-1.914149,5
-5.427103,-11.367538,0
-7.739279,8.568883,5
3.5244849,-2.09096,5
18.916788,-5.088554,5
-5.834313,-2.375564,6
-3.287593,-2.0082412,6
0.40879342,19.5876,5
8.792791,6.477959,4
2.0381346,10.425254,2
10.569408,-2.8859632,1
8.091345,6.5504193,4
-4.040694,-0.056441687,6
18.583277,-5.653787,5
-7.084871,12.785506,2
2.9379592,-1.012286,5
-0.24478689,14.391196,4
7.4913993,7.20538,4
19.543304,-4.8789454,5
-4.420921,6.118378,5
5.9649167,-1.3773983,5
17.853647,10.06595,4
1.2033824,29.17719,4
14.332012,-0.45958227,4
14.239105,15.749703,3
17.71239,6.150777,1
7.168443,4.3942924,4
2.401504,4.437513,4
5.640266,5.7698827,4
14.26298,-1.0278904,4
4.1057057,0.71785754,5
13.688477,17.051199,3
19.25184,-0.06294737,4
11.20937,21.762959,2
8.665797,6.0807023,4
17.67304,-6.006771,5
-8.737634,8.171536,5
3.9079065,-0.85649157,5
19.185553,-0.14748314,4
-4.009696,-0.049123593,6
7.0183144,5.1495104,4
7.2016816,4.3999104,4
-7.0158877,12.851719,2
1.0623354,9.059044,2
1.500427,9.204725,2
17.340778,9.783766,4
-7.8490486,8.3229,5
5.9936047,24.283842,4
19.234325,-0.16703548,4
21.572515,5.5920916,4
5.575681,-1.5665714,5
6.350249,-2.0664911,5
16.90819,11.151838,4
8.800556,6.505964,4
23.237148,2.694976,2
5.945784,-0.032198347,5
-5.07687,5.909169,5
1.5030062,10.923339,2
-6.2578535,-11.686752,0
-1.2805436,4.3792486,1
-3.9789188,6.161263,5
-10.215057,2.5572262,4
3.3375673,-1.5170342,5
3.858306,24.970364,5
-1.972436,7.6047063,1
16.845987,11.030298,4
-3.868261,-0.51898974,6
0.6172649,19.974678,5
-6.7598133,12.971136,2
7.000295,-10.332647,3
-0.6472513,20.58673,5
-2.1210647,7.778722,1
19.989838,-0.7357443,4
6.3504276,17.608976,4
-12.366887,-2.4219804,0
3.9544857,25.131369,5
-7.16043,-7.6260223,0
6.135774,4.760272,4
16.609001,10.923675,4
16.799713,10.779454,4
-4.538167,-0.27650377,6
-4.064945,6.109338,5
-4.979883,5.960121,5
-9.319185,8.546984,5
17.528051,10.793512,4
-4.1957555,6.627648,5
-8.926437,12.324906,4
4.4895215,-0.90546656,5
13.495789,17.255447,3
-9.277786,8.688377,5
-6.198346,-7.116874,0
-10.650554,21.214813,1
-9.286325,8.75474,5
10.983282,-8.233325,3
-1.3957705,4.881333,1
6.3586135,17.622074,4
1.1509905,9.571115,2
1.0243182,10.701098,2
-4.3967476,24.284971,2
19.25198,-0.19195214,4
-7.9837933,18.670277,4
17.957857,18.754066,4
-6.0678377,-1.8443791,6
17.691027,10.224979,4
-4.4297,-0.2216989,6
-10.318283,2.9057822,4
-12.1766205,1.844961,2
-5.551533,-7.827408,0
-9.413954,8.312014,5
4.1262116,0.6305498,5
13.361939,4.611134,5
5.8201222,5.222406,4
3.7849915,-2.0783165,5
1.077973,9.072018,2
17.907835,18.805054,4
-4.8947477,-2.9711864,6
17.673788,-5.4739895,5
-4.037209,-1.8541292,6
6.175338,-1.6624844,5
3.5158174,-2.773653,5
3.1456053,-1.1025343,5
-1.2244718,4.138142,1
-4.2217264,24.43455,2
1.0060879,10.435241,2
4.5011077,25.243109,5
19.956017,-0.7300623,4
-10.146901,2.872543,4
-0.9704568,2.9905884,1
14.527148,4.854333,5
1.015015,10.68979,2
10.693507,-8.706955,3
3.504681,23.711958,5
-10.631652,21.195913,1
5.642192,-0.9967022,5
0.5806488,5.972844,2
2.2842753,-10.168876,0
2.6090906,10.391205,2
18.471521,-5.703649,5
16.719221,9.766274,4
7.326329,4.494353,4
6.9294357,-9.982564,3
0.022803474,19.946272,5
3.6908557,-2.4257092,5
-9.322921,8.255915,5
5.888631,-1.6296751,5
5.78342,0.32756814,5
-7.124424,-7.9016914,0
7.35822,5.5324073,4
10.586491,-3.045922,1
-5.6593833,-11.201168,0
0.7932468,28.769318,4
7.582008,5.4612045,4
13.417839,-0.14974764,4
-0.9129493,2.39194,1
0.49335587,19.615145,5
-6.173,-2.312198,6
13.554626,16.129055,3
-5.4901824,-7.866991,0
6.9142013,-10.209725,3
14.082238,16.278742,3
-1.6000811,2.5767286,1
-4.891304,4.999875,5
7.7785363,6.1736846,4
1.1220176,29.096151,4
-5.1311407,-2.13805,6
1.5562491,9.217387,2
5.1019735,-1.6889349,5
-12.22256,1.8413286,2
13.736691,16.90439,3
-0.036991794,14.314011,4
-4.334148,24.342455,2
19.600464,-4.9036894,5
-4.065311,0.0088539375,6
0.9736335,10.575501,2
14.109728,4.887609,5
6.3046827,5.738617,4
-0.32142714,20.253311,5
-5.052121,17.547222,6
-4.984114,5.706983,5
-1.9230322,7.584038,1
7.0295954,17.4432,4
5.983357,6.559938,4
4.8360496,1.3525333,5
-4.3403263,-0.3930099,6
7.5473433,5.3859305,4
-9.971295,1.8569098,5
-1.0066501,14.348978,4
-4.2727785,-1.9280366,6
3.182382,-1.0908226,5
5.710689,-1.0251738,5
17.8025,-5.564053,5
13.7734995,-0.21939811,4
1.1761429,9.980277,2
18.506592,-4.6279144,5
2.2198918,9.663532,2
6.8162203,6.4779935,4
8.0331135,6.8099756,4
17.584864,9.95114,4
8.803165,15.055136,4
6.8762727,7.430618,4
1.4579701,10.564939,2
-5.648324,-3.008682,6
3.0379167,-0.70811975,5
6.095029,-1.4965161,5
4.414093,-0.19051789,5
1.1876923,29.161606,4
6.3044147,7.03971,4
3.6499476,-0.21434614,5
-2.1191452,7.770546,1
6.0810394,-0.764432,5
7.083588,18.35154,4
-1.2942735,20.818169,5
-2.122193,7.775291,1
4.4880037,0.6633681,5
7.446555,5.4523926,4
5.238166,13.382689,3
7.3918624,-9.834844,3
18.483822,-5.585848,5
5.5707493,0.059107244,5
-1.2606368,4.2923555,1
10.595503,-3.1395915,1
2.1569614,-10.039558,0
14.438075,-1.2028048,4
3.0940318,-0.91409594,5
1.0788013,29.053308,4
10.160493,-9.100169,3
-4.402856,-0.118956104,6
4.518632,-2.1624177,5
3.9397876,23.997263,5
-4.2313094,6.5680494,5
6.7266364,17.748907,4
-6.7011766,-7.2499075,0
-7.7020683,8.507275,5
2.655322,16.559,4
6.5277576,-1.5763102,5
-5.8009562,-11.143496,0
-5.4491644,-11.378015,0
3.1484475,-1.0928475,5
6.202458,-0.9813616,5
2.3766973,-10.263551,0
-1.1292723,20.607838,5
-7.0732656,12.791906,2
7.3308787,4.484439,4
3.5547838,23.678833,5
17.380608,-5.8785696,5
8.776405,6.513359,4
1.8235282,9.821979,2
5.8743534,-1.2744768,5
2.270782,9.412428,2
1.6941352,10.645287,2
13.525833,4.7215796,5
3.5995758,-1.4612286,5
7.9968977,6.1168385,4
3.6762652,-2.3155367,5
4.3395343,-1.86213,5
-6.2938676,-11.821018,0
-3.8407228,6.603015,5
6.790587,7.475197,4
-7.6429176,18.48968,4
6.712178,5.0213614,4
6.841067,-9.994713,3
2.3413873,4.5122914,4
-6.8777895,-7.445162,0
-1.2705522,4.058917,1
1.3222501,9.178748,2
-4.941098,-3.0812545,6
6.3479757,17.595875,4
6.9169564,24.173717,4
-10.443838,2.3120785,4
-10.616392,21.180658,1
11.019943,-8.223289,3
19.012667,-4.981513,5
-4.0427046,24.632519,2
6.0116277,-1.4775798,5
7.4311404,17.485361,4
11.471522,21.502453,2
-5.461258,-7.946578,0
-8.100556,8.736226,5
17.39074,-5.9084625,5
-12.215492,-2.5695732,0
11.012367,-3.510728,1
5.7405925,6.3772936,4
7.1489973,17.998768,4
5.8080297,6.503238,4
6.401049,17.665155,4
5.517177,0.12769368,5
5.804289,-0.449095,5
-10.476868,2.3846917,4
17.626032,10.157116,4
11.403086,-3.6039476,1
11.1239195,-4.0277762,1
6.2100096,5.28863,4
3.9492986,24.903196,5
6.499725,5.7882414,4
-12.105314,14.421824,3
4.326446,0.58227307,5
-6.011232,-1.9708464,6
-9.229263,8.928692,5
2.1080482,10.103306,2
-4.8480854,5.9340296,5
10.425714,-2.7414358,1
5.7004895,24.109098,4
6.526067,17.856932,4
1.6529491,10.150931,2
3.74662,0.10235327,5
4.2747307,-1.5351094,5
16.584908,10.467236,4
7.0812507,-10.094813,3
4.5396357,-0.022908542,5
-5.9700775,-2.1352344,6
0.8988503,28.874287,4
14.964267,-0.5955812,4
19.279821,0.04015514,4
10.998615,-2.6930826,1
4.0737247,-0.688102,5
0.7583035,19.470377,5
0.6267708,20.056894,5
0.022426121,20.233406,5
-9.253219,8.191725,5
0.9082963,28.8839,4
2.7376955,-10.630835,0
6.1593494,17.664131,4
4.220425,25.531277,5
6.1522355,7.0241723,4
13.559757,17.169086,3
-0.84177816,14.237985,4
5.328455,13.309155,3
6.856089,18.231699,4
-3.8715572,6.132377,5
-1.6211171,2.5998435,1
13.167601,16.769928,3
5.546999,0.08312001,5
5.594735,-1.3645208,5
8.142234,5.8713517,4
17.437773,-5.9569902,5
-7.745751,18.17567,4
21.832497,6.053907,4
1.7179363,9.794368,2
9.174071,15.424416,4
3.037219,16.7111,4
18.500252,-5.6016817,5
-5.7452826,-2.5952134,6
13.625989,4.263018,5
18.107475,-5.934284,5
5.73622,-2.110897,5
6.5763316,5.957473,4
3.7035487,23.593336,5
2.3918185,4.4467196,4
6.127929,-1.0621319,5
17.295633,9.747662,4
1.4642575,10.920227,2
-2.9432056,-2.4556153,6
0.8958949,10.424595,2
3.7072453,24.446356,5
-7.845345,8.751418,5
1.4691811,9.17764,2
4.2247014,0.96312517,5
-0.84852046,2.4452107,1
-4.4949837,6.458158,5
5.1901417,-1.6061432,5
-6.7958474,12.923074,2
2.051802,9.28799,2
-0.7911374,20.372538,5
5.820436,5.1974554,4
-0.7285504,20.532413,5
1.0665042,29.041082,4
14.0494795,4.462028,5
14.196191,15.83373,3
14.246743,-1.0412852,4
3.8647084,-1.7974654,5
6.82278,-10.43485,3
10.958494,-2.703438,1
4.9788995,-0.32199818,5
5.5732307,0.26639205,5
6.6043987,-1.2737451,5
13.792991,4.53702,5
2.0444205,4.8340073,4
-12.149101,-2.6337101,0
8.884739,15.137362,4
13.4687605,15.637737,3
0.6554345,5.9001355,2
-5.868996,-7.7312307,0
17.484694,10.718195,4
11.328803,-4.042388,1
-8.741821,12.741111,4
3.9504263,-2.2240071,5
5.815246,23.829111,4
5.9987025,-0.8450399,5
14.86961,-0.5075582,4
2.1654818,9.805059,2
-1.5424109,2.8102918,1
9.790088,-13.963991,6
8.033645,6.363133,4
5.3955026,13.247207,3
10.587983,-2.8922696,1
7.1450086,6.797845,4
7.8668895,6.4142833,4
1.9781832,10.843618,2
-12.144573,-2.638155,0
-5.9976144,-7.933707,0
4.3661156,24.812464,5
5.7774453,-2.0203552,5
6.0293818,0.043771505,5
0.7428723,19.353764,5
13.544252,17.022007,3
4.4317193,0.27145484,5
11.362274,-3.7658875,1
5.8831716,23.75062,4
10.589432,-3.1120172,1
16.904348,9.754517,4
13.560121,15.572261,3
6.8523135,24.139868,4
6.0273714,-1.6817111,5
-4.848036,5.828126,5
7.5855784,7.3872066,4
3.1959412,-1.6359204,5
-6.2042303,-11.74597,0
6.016417,23.895468,4
6.4895005,-1.9833473,5
6.7626014,7.4352818,4
6.21804,4.1225533,5
3.526762,-2.7908936,5
14.1833725,-0.9798585,4
16.958288,11.133981,4
-1.359476,3.7184098,1
3.5081592,23.677721,5
-4.9814644,5.5823445,5
6.414852,-0.57838756,5
1.1686434,10.727799,2
-1.3480422,4.6999636,1
-0.060384337,14.309859,4
3.330157,-1.8562124,5
5.692369,5.479062,4
6.7707663,24.218561,4
16.726297,9.778517,4
6.4148316,-1.5675087,5
4.038942,-2.2464726,5
3.9216282,25.436777,5
-8.305007,9.034947,5
13.386442,4.416334,5
17.814491,6.2468405,1
6.158733,6.286034,4
13.834378,4.738262,5
14.298364,-0.3956061,4
10.994162,-2.6590784,1
-7.538521,18.3673,4
6.2157955,4.2811136,4
3.5687852,-2.4196353,5
8.749631,15.001354,4
-1.41248,4.9270597,1
-5.886267,-1.9078361,6
6.071028,4.9050326,4
7.12572,18.357027,4
-6.700699,-8.221187,0
-0.8541156,14.127067,4
3.4554436,-2.34376,5
3.636285,24.013613,5
5.948709,-2.1432748,5
-8.942712,12.312725,4
-10.219572,2.1590242,4
1.7073464,10.589899,2
13.770299,-0.23505074,4
-10.248989,2.2441723,4
14.493018,15.779991,3
3.982341,24.91036,5
-0.11233278,14.281765,4
-5.065115,17.535212,6
-0.74767125,2.6568882,1
0.72431225,19.38168,5
-10.718065,2.5868382,4
8.74297,6.1182127,4
-0.06639951,14.094756,4
6.1204176,17.676481,4
-9.383578,8.81416,5
-3.862544,-0.29474542,6
3.749383,-1.3391641,5
7.1345177,4.665693,4
-0.8715988,2.4307907,1
-5.011927,17.59057,6
13.156196,16.734484,3
13.565461,15.593657,3
19.75832,-0.35104337,4
-4.7470646,17.867407,6
13.302829,16.871689,3
16.875164,10.884848,4
-3.8798347,-0.6194004,6
13.365988,4.5764914,5
-8.035892,18.049583,4
17.769184,6.209234,1
-4.222112,6.40179,5
-11.848752,17.65199,4
1.5362208,9.162766,2
2.100663,9.360718,2
7.0423274,5.2313256,4
23.042706,2.4978726,2
-1.4627303,5.1859474,1
4.480456,25.280766,5
5.834458,0.28526497,5
-8.622275,8.097135,5
10.92552,-3.6288333,1
7.989263,6.7647424,4
-8.984629,9.133707,5
6.5743055,-1.2441146,5
0.7683743,28.74445,4
1.6851636,10.28735,2
-0.94611067,-11.69891,0
10.447951,-9.152763,3
-5.6052136,-3.0458324,6
14.81365,-0.9607996,4
6.2186284,-0.13797149,5
-1.0317333,14.410221,4
-5.5245886,-11.369902,0
14.22556,16.09241,3
-8.804589,12.294396,4
5.0791926,-0.82581836,5
6.571525,-1.3525305,5
3.903623,25.443268,5
13.804816,16.158316,3
13.62647,16.53169,3
-4.787505,5.7611685,5
7.686899,5.6774445,4
-0.9695207,20.420023,5
0.30192086,6.243594,2
1.0801957,9.583506,2
-7.99652,18.145174,4
6.1589613,-0.7557798,5
3.5254722,-2.7912924,5
19.459747,-5.049757,5
3.3118143,-1.0672028,5
5.6670055,-0.74799037,5
17.434507,5.8686724,1
5.3022814,-0.9069977,5
-9.088922,12.872692,4
-8.356071,9.0300045,5
2.3957632,4.4524646,4
6.971745,-10.360503,3
-4.836202,5.8953056,5
6.3875465,18.052544,4
-8.046017,18.174788,4
14.628987,5.1220856,5
-4.907236,4.996647,5
4.7886577,-1.3027209,5
7.9817033,6.6123195,4
-12.724086,1.6925166,2
-1.4381053,5.039811,1
-1.4713522,5.2293487,1
8.180455,5.6400003,4
14.324635,4.695978,5
-12.264349,-2.5236962,0
6.879201,7.740379,4
-6.2664156,-11.743976,0
11.364561,1.8203843,4
19.846357,-0.5972954,4
-6.3405805,-11.698771,0
4.2562613,0.16977903,5
1.0654886,10.712013,2
1.547635,10.606748,2
2.1401658,4.7304773,4
6.891312,6.499218,4
16.737894,11.12852,4
-1.0241592,14.387179,4
0.7846803,28.76073,4
2.3273838,9.990741,2
10.754509,-2.5886862,1
14.278663,5.152579,5
14.612495,-0.98440033,4
8.733063,14.984638,4
7.052424,-9.910325,3
0.2240949,6.3199725,2
6.2426124,6.0355897,4
-0.6833711,14.054711,4
-4.0567756,24.618776,2
14.491945,4.7219753,5
-5.5734477,-11.194389,0
16.73525,10.909328,4
-5.92117,-7.6460257,0
-12.34485,14.19919,3
11.297188,-3.271127,1
4.111234,24.842682,5
-3.9538434,5.7872734,5
3.6922157,-2.4207065,5
-4.7793927,17.8343,6
-4.9979553,17.60672,6
11.38637,21.587416,2
-5.310535,-2.6489944,6
7.6293497,7.3460984,4
13.571683,17.158136,3
6.8591495,7.787423,4
1.9256179,9.3495035,2
7.637768,5.512102,4
9.814791,-13.988318,6
1.8549293,10.773119,2
18.318022,-5.3423576,5
-3.4666169,-2.026573,6
-12.358785,-2.4309103,0
3.6723902,0.17211819,5
11.364298,1.8207644,4
5.510152,-1.0395365,5
3.6896143,-1.2401364,5
7.943792,6.242047,4
10.245505,-8.482842,3
4.160508,-1.0681304,5
6.3255467,5.3399024,4
19.11981,-5.12282,5
7.8110986,6.2490697,4
17.371643,9.719385,4
5.685173,5.331329,4
7.2621264,17.883682,4
5.914498,5.4215517,4
-8.123696,12.73934,4
17.826235,10.064326,4
-5.254542,-2.6221135,6
-1.1675289,-11.476143,0
-3.5239816,-2.0664825,6
-0.92991936,-11.714793,0
9.130482,15.380715,4
3.818661,0.035361122,5
6.4557643,-1.9906802,5
5.588796,24.198961,4
13.570611,4.2012105,5
-8.811589,12.608419,4
4.3160605,-0.7260672,5
5.994961,-1.9549756,5
-5.4449453,-11.234928,0
7.1334553,4.675416,4
-5.26038,-2.9242334,6
-9.450836,8.743582,5
6.862969,-10.451345,3
1.1813666,10.755968,2
-6.7961893,-7.9245257,0
17.798325,6.2383823,1
-9.475085,8.7179,5
20.88406,1.1627274,4
-5.5962768,-3.0484822,6
-4.985775,5.236639,5
-4.3191376,24.359764,2
13.479271,-0.1550564,4
6.110575,6.5575023,4
-12.549096,1.7423055,2
6.945999,6.5858936,4
2.468681,9.826678,2
2.4769876,10.395855,2
19.807684,-0.64376247,4
-5.1432614,-3.2527847,6
3.7515798,24.418262,5
-5.5318184,-7.835716,0
-7.656312,18.508625,4
-5.8853693,-7.6919336,0
-3.9317148,6.626417,5
1.4708083,9.264723,2
3.064286,-0.7204028,5
-4.0395594,24.634485,2
6.5607066,5.9997087,4
14.212365,4.602276,5
6.8419623,-10.297648,3
14.362962,15.766684,3
1.480805,10.909206,2
-2.9478004,-2.0293484,6
11.315812,1.8675071,4
5.0153894,-0.8237781,5
4.734178,0.055038884,5
7.292618,7.1052527,4
18.122211,-5.5998244,5
10.7188,-8.879252,3
6.542704,-1.243102,5
0.70977455,19.940979,5
-3.8398962,6.594788,5
-12.154423,-2.6284668,0
-0.17461264,20.174768,5
1.8243741,9.370244,2
-0.85975367,2.473048,1
-6.1067824,-11.701753,0
5.393329,0.34706426,5
-5.805467,-1.8569204,6
-7.7247243,8.6696205,5
7.464545,-9.8451,3
-4.674603,-0.42486274,6
21.680693,5.81918,4
-7.1189604,-7.663363,0
-4.3437266,24.337942,2
4.474626,25.27809,5
14.886169,-0.49587697,4
16.675724,10.891274,4
23.083387,2.5385697,2
-12.193006,14.340282,3
10.938049,-8.248827,3
16.98412,10.56295,4
3.3235915,-1.3660712,5
-12.371077,-2.4180677,0
7.9591484,6.580503,4
-2.9703763,-2.1406,6
5.5056562,-1.8069849,5
18.07772,-5.105102,5
4.4463387,0.27640575,5
5.267634,13.356042,3
3.8621697,23.754559,5
6.3204226,5.3020396,4
-12.403987,1.7587053,2
18.341105,-5.406262,5
-4.217932,5.5547147,5
3.8107352,-0.31707582,5
6.2572694,-1.9024289,5
1.5798753,10.732104,2
-4.576064,6.1780944,5
2.126695,10.342025,2
16.974466,9.828084,4
1.8153343,9.83808,2
-0.2538554,14.0249,4
4.8018684,-2.1890118,5
7.3151145,4.5754943,4
-3.8378036,6.233343,5
-1.1553552,-11.48854,0
15.146058,22.451128,4
-4.409767,6.0493383,5
-4.908548,17.699959,6
1.3276613,9.202866,2
0.2856298,6.2607,2
6.491882,-1.6133662,5
-5.5319595,-7.7755547,0
-10.684301,21.248774,1
11.265225,-3.8901906,1
16.637966,9.849715,4
10.648611,-2.5846448,1
11.223273,-3.9572277,1
-4.3846316,5.896228,5
4.394072,0.2676847,5
-6.7841873,12.962172,2
2.7404625,16.560743,4
5.97076,-0.8334363,5
-6.427317,-7.346536,0
3.5394552,23.843763,5
1.1890271,10.627529,2
-0.83608973,14.7267885,4
-6.2039933,-7.137674,0
5.7378945,-2.1363835,5
17.181911,10.4696245,4
8.349395,5.6077394,4
-12.687692,1.7162277,2
-12.405127,1.7675722,2
3.9915981,25.335537,5
20.881666,1.1570337,4
2.0323668,9.829833,2
7.066569,5.1948004,4
1.2283052,10.674987,2
3.9534583,24.875957,5
10.319922,-8.250627,3
2.866006,-1.9165666,5
5.147726,-0.5712055,5
-0.91175264,14.626258,4
6.0487547,6.6472116,4
0.62150353,10.693609,2
0.9320298,10.446317,2
0.23230346,6.3129616,2
6.6223927,6.2336106,4
-3.8283622,-1.8908617,6
15.190168,22.40709,4
-8.147541,8.271051,5
14.615068,-1.3890029,4
18.544197,-5.703966,5
2.708796,-10.601907,0
5.3875804,-1.7427939,5
2.31744,-10.202573,0
-5.210091,-2.658739,6
19.245167,-5.4110503,5
18.507189,-5.816893,5
-5.7443314,-2.8294592,6
-4.51056,6.489716,5
3.1898336,-2.0511487,5
-5.0539594,17.548416,6
3.2130992,16.835068,4
3.3274136,16.920055,4
-0.9298099,2.467625,1
5.322894,-0.76280266,5
-8.969006,12.987201,4
16.536848,10.658874,4
14.723023,-1.1658316,4
16.395369,10.728915,4
-8.761886,8.045091,5
6.2408047,24.041073,4
4.613959,-1.7226225,5
5.397681,-0.7618289,5
6.1483836,7.0284443,4
2.8103514,-1.1344831,5
-4.0838375,-0.004256837,6
2.8999557,-1.4402958,5
3.7847555,-2.0533085,5
6.4191513,24.428331,4
0.3556373,6.19152,2
3.7521815,0.098482676,5
-6.8722067,-7.9460993,0
-1.0990418,2.4526043,1
-4.0781484,-1.743495,6
-8.97329,12.97317,4
4.1503115,24.676882,5
2.055196,9.301933,2
5.623753,-1.8292755,5
18.565655,-5.7716966,5
20.880653,1.1713413,4
6.9954634,18.229723,4
-4.4347386,24.249178,2
-5.883796,-11.908123,0
17.034304,9.7408,4
6.7999625,24.2782,4
-1.0826212,-11.561816,0
-6.264376,-11.633295,0
9.804727,-13.9786415,6
7.1752205,6.866938,4
19.184782,-4.7189736,5
-7.731415,18.48212,4
19.270664,-4.7634907,5
-5.3098836,-3.0681136,6
4.7764273,1.308039,5
-5.726183,-2.8887393,6
1.4035455,10.935663,2
-5.7669897,-7.9731164,0
6.3240404,24.063442,4
5.39806,-0.22865947,5
-4.6361046,6.1878,5
-4.435029,-2.1281133,6
6.439235,5.1313295,4
6.409251,5.670016,4
7.419977,5.7485886,4
13.824229,16.739069,3
-7.6381335,8.562029,5
8.820237,15.072012,4
17.474174,5.920578,1
1.0471976,10.281722,2
-4.939007,-3.3414605,6
3.5681021,-1.3856144,5
-8.071718,18.663193,4
5.8899302,5.14562,4
-12.53065,14.015511,3
-4.404798,-0.7738941,6
4.2780104,-1.4501826,5
1.6461306,9.544093,2
-8.919819,12.352495,4
16.608883,10.570874,4
4.1280847,24.804201,5
23.152996,2.6090765,2
3.3299978,16.920937,4
-1.0079771,2.5697079,1
-12.220974,1.8321555,2
3.4513447,-0.80641997,5
13.342229,15.765629,3
4.617377,-0.14908239,5
1.7066066,9.231325,2
6.532778,5.3507633,4
0.4927479,19.561495,5
7.3273993,5.7473392,4
4.526747,0.68703204,5
-8.817774,12.404272,4
6.0869975,24.559946,4
-1.0496225,2.6130629,1
5.610245,0.70768666,5
19.434484,-5.05403,5
-12.380543,-2.408951,0
-12.496839,14.051602,3
19.176004,-0.09842321,4
11.039899,-4.200891,1
-10.707501,21.272223,1
-6.1724224,-11.538743,0
6.291099,-2.0414474,5
1.0330083,10.259473,2
-5.6060143,-11.548758,0
6.370154,-0.36600837,5
6.088197,-1.9164151,5
17.309456,5.7368665,1
-5.247742,-3.004625,6
-0.93172586,2.9676154,1
-1.0380433,21.093964,5
-5.948544,-7.266801,0
2.4779558,10.398779,2
7.048629,18.307886,4
14.013484,4.4752216,5
0.9102069,10.438404,2
2.3083892,10.619704,2
0.8265289,19.524704,5
4.068285,25.304077,5
6.8834567,7.717149,4
-4.2228184,6.5042644,5
6.5126815,24.44538,4
-1.2964437,20.814734,5
6.058305,-1.4189217,5
-7.5431943,18.365362,4
-7.1338825,-7.892121,0
19.306637,-0.061615843,4
5.761763,6.5265274,4
-8.265302,8.780942,5
6.9405017,6.9197674,4
2.4753633,9.826993,2
-0.83347297,2.4704132,1
3.9822648,-2.390995,5
5.5293674,0.14585172,5
10.143675,-8.393741,3
10.318936,-8.889313,3
-11.892883,17.61896,4
23.052187,2.507399,2
14.524207,-1.168763,4
-8.845258,13.042742,4
-5.6921797,-11.50097,0
11.316951,1.8662319,4
4.494052,-2.2390473,5
10.943969,-2.674692,1
6.73682,5.2887034,4
-8.192699,12.559543,4
-5.5581837,-11.227284,0
-6.816984,-7.274828,0
6.474877,-1.696255,5
-4.0382347,0.0075547434,6
19.173483,-5.189786,5
2.6500006,16.555466,4
-3.3019373,-2.2359078,6
13.133161,16.302982,3
3.6790626,-2.4170103,5
4.7094646,-0.66320896,5
1.4321635,9.87674,2
14.004928,16.654282,3
17.6681,-5.4502606,5
-4.9309983,-3.3389304,6
6.073103,5.3582587,4
-6.8344207,-8.138449,0
-4.97636,-3.3056145,6
13.47512,17.244892,3
-9.871403,1.7751404,5
-12.402334,14.144973,3
5.968023,23.87097,4
1.1542702,9.574648,2
-5.4111495,-2.5190475,6
5.9304876,23.762897,4
-8.374801,12.435801,4
-4.7093673,-2.5984952,6
4.511556,-2.1997826,5
6.8404317,-10.450102,3
3.2695024,-1.2013929,5
-10.134707,2.851009,4
-5.656623,-7.5282707,0
6.788561,17.528872,4
-8.005335,18.053406,4
4.925527,-2.1327503,5
2.6833134,16.591276,4
-6.005322,-1.9636256,6
5.6619363,-0.6159215,5
3.937522,25.408005,5
6.8521466,-10.213286,3
17.375935,-5.9252086,5
14.434883,5.21364,5
-6.128537,-2.2912407,6
3.2512074,16.863876,4
-1.2058988,20.709301,5
19.55581,-0.42584062,4
-10.423217,2.340382,4
-5.364865,-3.0746384,6
0.29028502,20.147367,5
11.124199,-3.5658906,1
1.3709049,10.354562,2
7.1776204,18.003345,4
14.405064,15.684963,3
-4.9756923,17.629387,6
6.5317583,-1.4805378,5
6.226701,17.624683,4
7.7068954,6.0746865,4
-3.933559,5.4736476,5
0.78811884,28.76428,4
13.6198845,4.3306746,5
17.421892,10.406317,4
3.9002976,24.022179,5
16.939497,9.676279,4
13.556881,4.579743,5
5.524481,-0.9407662,5
4.9754333,-0.5661978,5
-1.0736002,21.010916,5
0.46693826,6.0842104,2
-5.921217,-11.493917,0
-6.7975335,-8.228435,0
-6.947611,-7.3563356,0
8.786637,6.4489264,4
1.7849557,9.491811,2
-3.9051356,-1.7678944,1
-1.5551286,2.613322,1
2.081564,9.673636,2
16.6599,10.258408,4
17.277021,9.996787,4
19.581192,-4.90522,5
2.6557858,16.555286,4
-0.080602854,14.26733,4
5.8947687,23.865547,4
-10.432766,2.6601927,4
-3.9858334,-1.8444257,6
-4.1941786,6.577523,5
3.1497078,-1.0931754,5
-7.5928144,18.289097,4
-11.850123,17.640932,4
13.650217,16.336973,3
6.8515353,-10.034666,3
-7.773135,8.60233,5
17.979275,18.732256,4
11.317206,21.655695,2
13.511571,-0.16610034,4
2.4288242,10.145232,2
4.3216314,24.045403,5
4.0250483,25.513273,5
3.6293385,-1.3644462,5
-9.145129,8.660721,5
0.2885329,6.258887,2
-1.9186918,7.476673,1
6.12073,-0.8078385,5
11.06268,21.909342,2
-0.1331777,14.250188,4
13.92263,16.55391,3
-0.9993765,14.482037,4
9.437352,-8.460577,4
2.9530559,-1.9004703,5
4.084223,24.833694,5
19.313637,-4.9486938,5
6.516016,-1.6687553,5
13.886555,15.50768,3
-7.0106573,-7.812908,0
1.9670169,9.81827,2
5.4544063,0.8438988,5
5.5655813,0.74458885,5
2.2755382,9.971541,2
10.920789,-2.6555681,1
-1.388317,4.8848295,1
5.8951836,0.23662758,5
-9.010589,9.21156,5
14.372863,15.765834,3
-3.6274374,-1.9998119,6
0.4623877,6.0857787,2
-0.09535342,14.508783,4
-12.715331,1.7033138,2
-4.9905176,5.148783,5
5.6183786,0.509204,5
-9.16146,9.028081,5
6.104624,-1.534671,5
5.666952,24.41929,4
2.0766761,10.789672,2
0.5281606,6.0227857,2
-4.805177,-2.817496,6
1.4901997,9.7363615,2
-8.471412,12.95412,4
-5.0714164,-2.9202845,6
-8.565844,12.970258,4
9.05302,15.304313,4
-3.9497976,5.717394,5
11.15387,21.817278,2
6.3358645,5.155079,4
1.3841296,10.832722,2
11.450162,21.523878,2
19.208492,-5.083704,5
-6.8449535,12.885104,2
17.423716,9.805791,4
2.4927318,10.003203,2
2.9600577,16.69993,4
19.31556,-0.13333723,4
7.0839615,5.277983,4
-3.397775,-1.9826949,6
-3.9385471,6.680963,5
-1.9585378,7.5973344,1
-2.1061592,7.763442,1
8.307849,5.636067,4
23.152962,2.6089413,2
9.775265,-13.949054,6
18.306568,-5.862192,5
0.13600673,19.99172,5
3.2293215,-0.8105314,5
-0.23320895,14.013183,4
-7.8139324,8.494355,5
6.342138,24.07778,4
-9.074179,9.149158,5
2.055993,9.472417,2
13.627453,4.7116847,5
16.914476,10.045515,4
19.553816,0.12319473,4
-1.278805,4.0481777,1
16.637432,9.870011,4
3.329078,16.917648,4
-5.0041723,17.598558,6
-1.2220231,4.1424203,1
16.928411,11.150029,4
13.754005,4.73559,5
1.1993318,29.17311,4
-1.0122045,14.355734,4
4.083329,0.81865203,5
-1.178176,20.699013,5
8.227053,6.450627,4
-2.9952316,-2.0954719,6
10.971093,-3.4809465,1
-10.608246,21.17224,1
-7.6215215,8.555245,5
14.272081,-1.0572739,4
6.875202,5.664984,4
13.296699,16.877075,3
-5.000087,5.565851,5
8.42157,6.434225,4
-3.9224634,5.4271193,5
23.17744,2.6335998,2
14.040641,4.4802732,5
7.2562275,6.115285,4
-7.6708956,8.71554,5
-8.040396,18.20441,4
-4.0915937,6.3225446,5
3.9070213,24.914787,5
-7.644112,8.500104,5
7.064102,18.31776,4
3.6906788,24.819944,5
3.7870312,24.298714,5
5.605612,0.22221105,5
3.700758,0.26955172,5
7.0261617,-10.04668,3
-12.180452,1.8414251,2
2.9669287,-1.721791,5
-7.876314,8.622958,5
6.881146,-10.032174,3
-7.9136515,8.786766,5
17.04335,11.080076,4
2.0899336,10.087111,2
5.635838,-0.8588084,5
6.583047,5.785429,4
10.542749,-2.5899184,1
3.3104851,-2.0911553,5
17.447298,5.878579,1
-0.039336763,13.933853,4
-12.040375,14.482063,3
-9.5032215,8.683453,5
-0.8796308,14.664127,4
9.161221,15.411448,4
6.463711,6.227431,4
-5.0520725,17.548487,6
5.802434,-1.134282,5
17.39148,-5.9094505,5
-2.9586072,-2.5074024,6
18.85423,-5.272223,5
6.0825567,-0.602621,5
-1.4899557,5.3152847,1
-8.068785,18.612226,4
0.26704106,6.278531,2
4.2685523,25.422144,5
-9.84597,1.7617695,5
-12.527435,14.018629,3
0.7952121,28.771454,4
19.524292,-0.37420118,4
-0.4933667,20.1411,5
17.845163,10.005995,4
-1.060939,21.061089,5
-5.7591896,-7.5519037,0
0.45094883,6.0998054,2
14.07492,16.296734,3
6.401067,-0.61119217,5
17.910427,18.802351,4
-12.510338,14.037056,3
-6.055825,-7.303794,0
-10.68997,2.659522,4
11.444483,21.529713,2
17.4973,5.939648,1
3.528537,-2.7426968,5
-8.58704,8.681702,5
6.8788867,24.19697,4
-0.07354186,19.932987,5
4.0166087,0.3705139,5
6.3838267,-0.9131553,5
-9.296846,8.244782,5
2.8794782,-1.678085,5
-5.9689426,-7.2486486,0
14.347838,5.1120906,5
-5.9663777,-2.5985029,6
17.645704,-5.868531,5
-4.772157,5.9852176,5
3.3419485,16.929266,4
2.0902793,10.473622,2
-9.306887,8.221152,5
5.9612007,5.4225903,4
19.260561,-0.17501761,4
-8.713055,8.68346,5
0.80497617,28.78102,4
6.2885633,-1.8413608,5
-8.462161,8.728926,5
-5.244553,-2.6925347,6
-4.874228,17.734848,6
-12.149646,14.38039,3
2.1407046,9.360751,2
-4.5681157,-0.33412105,6
6.327564,3.965502,4
4.0108337,0.35645285,5
4.9379377,-0.69184643,5
3.6946082,0.21485789,5
3.6130269,24.144205,5
11.288945,-3.906636,1
10.060257,-8.407646,3
1.3297586,10.782279,2
4.742805,-0.83585364,5
-1.9926137,7.633379,1
6.305363,24.099407,4
1.8017585,9.888169,2
-1.0143728,14.413914,4
8.695602,6.1433835,4
8.428062,5.672931,4
2.3124368,9.414281,2
-6.0514116,-11.9227915,0
16.786339,10.362527,4
10.699189,-9.115784,3
6.417447,17.97511,4
-5.3116198,-2.0314,6
-5.513853,5.5168943,5
-4.05251,-0.12657943,6
11.3208885,1.862574,4
11.081133,-3.593675,1
4.4921923,25.25551,5
7.109697,6.168053,4
11.136636,21.834621,2
13.499151,16.098492,3
18.476683,-4.6212687,5
-10.031655,1.9090964,5
1.1085342,10.699063,2
-4.9778986,-3.0538201,6
-1.5220705,2.8850436,1
2.280272,10.01547,2
-8.173337,12.824533,4
-5.9667525,-11.461597,0
-9.070656,7.961578,5
3.5322657,-2.7197511,5
17.704021,10.256476,4
-3.8626184,-0.4359833,6
-0.24921127,14.429392,4
2.7053666,-10.598322,0
-12.458276,1.7553693,2
-8.133419,18.67652,4
14.161718,5.0428166,5
7.067399,7.282176,4
0.7379721,10.660106,2
-6.664348,-7.849582,0
1.4031237,9.979746,2
-10.164531,2.8399034,4
4.281133,-1.145383,5
17.814096,6.2471504,1
-0.7324826,2.7849069,1
-6.138396,-1.8262696,6
9.775256,-13.94933,6
3.766112,24.549799,5
10.924321,-2.6289954,1
3.5268795,-2.8167229,5
-6.787874,12.938789,2
-5.140941,-3.2979574,6
-3.0700254,-2.3539252,6
6.115068,6.99926,4
-1.418926,4.9568014,1
6.330865,5.776674,4
2.26068,-10.144537,0
-9.3715925,8.756718,5
-6.7350397,-8.251931,0
-7.18299,12.7731495,2
4.48072,25.270508,5
5.582208,-1.5629305,5
17.394342,10.829164,4
-5.408925,5.4147844,5
16.724258,11.146951,4
-4.86167,5.077377,5
-10.607172,21.171274,1
10.735047,-2.589868,1
13.163202,16.20862,3
18.826382,-5.034995,5
13.578947,16.948608,3
11.128151,21.842642,2
-1.1273724,-11.516869,0
-6.047194,-11.907899,0
10.730537,-8.209655,3
-2.0334258,7.6794677,1
-12.328724,14.212628,3
17.305548,5.7319927,1
5.2494254,13.3565855,3
3.0629098,-1.79805,5
5.6791315,-0.745584,5
-8.213939,8.655243,5
14.187898,4.580965,5
4.3999486,24.88943,5
4.3350716,0.67737144,5
3.1915615,16.810205,4
-12.538231,14.008949,3
11.103502,-4.037785,1
4.681225,-1.5885781,5
0.67886573,19.317081,5
8.770926,6.227539,4
-0.15384154,14.241484,4
10.964937,-3.8110893,1
13.588723,17.133816,3
6.562616,5.2645493,4
16.38277,10.644144,4
-8.875991,8.264868,5
-10.645123,2.7762904,4
8.299921,6.134025,4
14.340416,5.230784,5
11.044231,21.927443,2
2.194907,4.670153,4
18.797215,-5.6232495,5
-3.9787192,-0.447376,6
-9.496856,8.653048,5
13.139379,16.01493,3
-4.0318046,-0.039302602,6
-4.3390436,24.336874,2
1.5615528,9.955342,2
14.765265,-1.0098464,4
-7.1459985,-7.887595,0
16.577133,9.934255,4
2.8823729,-1.4434109,5
-7.7980604,8.51471,5
16.47398,10.47776,4
8.826094,6.4728627,4
15.193197,22.404242,4
13.140879,16.017977,3
-8.629776,8.633316,5
2.648725,16.558779,4
8.149447,6.5472927,4
17.136694,11.085321,4
6.1447845,6.712082,4
18.437687,-5.7964573,5
-9.008726,8.275045,5
3.8467329,-2.1012812,5
10.652362,-3.2007,1
6.3958583,17.630007,4
17.490341,5.9283595,1
11.20684,-4.2135277,1
2.0414822,4.835771,4
1.0290667,10.7021,2
0.33046395,19.992085,5
9.809751,-13.983397,6
6.169096,24.535007,4
17.808672,10.022683,4
-6.2210054,-11.844948,0
7.1411233,4.6120596,4
4.348811,0.46093333,5
6.265897,-1.0850852,5
5.724018,-1.489197,5
5.9404755,23.846092,4
6.5676413,-1.4067225,5
17.902111,18.810804,4
10.52121,-2.6162624,1
19.795624,-0.25132573,4
-5.2911825,5.854555,5
16.751808,11.011807,4
3.3892152,-2.6630325,5
1.4531343,10.614108,2
0.74963474,10.640351,2
-7.933557,8.332957,5
2.1154635,10.7092495,2
-0.89885044,2.3842933,1
5.8967156,-0.9018633,5
4.228104,-1.5147719,5
-7.680047,8.736494,5
2.9146087,-0.9673378,5
0.9235671,10.695454,2
17.984755,18.727251,4
-6.0697384,-11.4454975,0
-1.0278418,14.390861,4
7.9787183,6.794543,4
-8.320343,8.787837,5
16.965036,9.758794,4
-5.6182466,-7.78857,0
2.550735,-10.439588,0
11.298072,-4.1710505,1
6.504324,6.7443914,4
-4.8856077,5.807926,5
-2.935932,-2.0294936,6
11.009364,-4.1029363,1
19.548708,-0.44487658,4
14.338277,5.2267013,5
3.4946914,-2.3523889,5
-4.9610276,5.272598,5
11.35863,1.8262212,4
-1.3172694,4.623002,1
18.5843,-5.544788,5
13.460895,-0.16208619,4
-6.7875247,-8.237763,0
6.9066854,5.4729304,4
-4.5315685,6.3121066,5
-4.2908154,-0.95242894,6
17.983734,18.727827,4
0.40497425,20.09215,5
3.2958512,-1.0573725,5
15.152221,22.444689,4
5.878682,23.967365,4
-2.9497373,-2.1582816,6
-4.9430623,5.4591694,5
-4.836489,17.77509,6
4.794356,-1.0450939,5
0.60903686,5.9459634,2
5.7424445,6.338721,4
18.66768,-5.1135373,5
0.3231196,20.014034,5
-6.788925,-8.230108,0
14.435611,15.741423,3
7.8876543,6.2906823,4
6.108483,-0.33979326,5
5.5531535,5.843849,4
3.450277,-2.57464,5
-12.08265,14.441457,3
4.280602,-0.5299494,5
7.31877,4.585878,4
-4.9578915,5.160895,5
17.595926,10.740464,4
6.6586194,7.128021,4
-5.7272177,-11.257168,0
8.483803,6.0715194,4
8.718909,14.969993,4
-4.3574147,24.320778,2
-12.20819,-2.5770419,0
7.273334,4.5064635,4
5.6441994,-1.2637523,5
-5.5020957,-7.824469,0
-5.0758834,-2.470533,6
2.4751482,10.110524,2
5.1774354,-2.157451,5
4.5483603,-0.3648385,5
5.333844,-0.9790679,5
3.6813543,-0.37287864,5
-11.86846,17.640726,4
-1.8879925,7.4220886,1
19.472776,-4.937882,5
5.46437,5.7861385,4
9.110353,15.361854,4
7.72654,7.142319,4
-8.347781,9.01098,5
4.368017,0.4241147,5
18.454592,-4.6418266,5
-0.967398,14.25877,4
13.419132,4.6961255,5
1.3262309,9.5045395,2
4.0875535,-0.7055732,5
5.462898,-0.28282988,5
3.329483,16.916325,4
-5.3829603,5.3700047,5
13.939233,4.8781123,5
2.5586567,10.368532,2
-1.441175,4.9912043,1
5.5756187,-1.5531722,5
-5.2934623,-2.0165856,6
10.713703,-8.840049,3
-0.9419194,-11.703146,0
-0.9087599,2.4320724,1
-10.6132,21.177315,1
-7.921952,8.491702,5
0.5566448,19.922075,5
-0.9450698,14.3449135,4
-4.34514,-0.61513054,6
5.395572,13.248082,3
7.478899,-9.838338,3
8.250056,5.7044754,4
-11.861967,17.642048,4
17.395485,10.5234165,4
6.1175528,17.70867,4
-12.373928,-2.414722,0
13.362112,16.858282,3
-5.531142,-7.6766877,0
-4.417609,-0.31882018,6
-8.8551035,12.68361,4
-9.119462,9.117266,5
-8.8165865,12.675051,4
-10.61627,21.18041,1
3.5854154,-1.0490592,5
-0.71922606,20.614532,5
-8.573336,8.210279,5
5.237904,13.380141,3
-6.106496,-7.3219595,0
-5.8081017,-7.3485594,0
5.654948,5.6804056,4
17.58586,10.41316,4
16.619543,10.535406,4
-9.20735,8.815217,5
6.18512,6.168659,4
13.142057,16.300804,3
0.591097,5.962507,2
8.587924,6.1623397,4
3.8449457,0.036378697,5
-4.677197,6.0850925,5
14.006864,16.548119,3
7.7157454,7.2590637,4
6.183705,17.634996,4
-8.341587,12.943013,4
-12.454025,1.7604756,2
-1.0336393,14.403249,4
3.327064,-0.4873672,5
6.471503,7.0647554,4
-1.2261145,4.178171,1
21.635628,5.7230124,4
0.7097655,10.654401,2
-5.0983033,5.6769,5
13.902743,16.29269,3
6.9924603,5.4650645,4
1.8467517,9.803561,2
-0.62146986,20.478344,5
9.8885765,-8.571335,3
18.96192,-5.2091255,5
19.593147,-0.46237245,4
13.740483,16.510298,3
-5.320459,-3.0859168,6
-0.83763975,20.303514,5
13.381064,4.374453,5
17.697607,6.153088,1
8.051704,6.7287235,4
19.16645,-5.3230567,5
6.8724446,-10.443066,3
-3.9533503,-0.47577837,6
-1.5565367,2.695768,1
-4.0141497,-0.11552514,6
2.1738403,9.359797,2
-4.667957,-0.42198372,6
8.289655,6.467772,4
6.6836486,7.2371335,4
0.32757756,20.207266,5
2.7308793,-10.624151,0
-0.037500728,20.24071,5
1.2906091,9.142606,2
7.886761,7.2466016,4
0.35061425,19.905836,5
4.5896516,-0.6744083,5
2.099386,10.40939,2
11.072639,-2.8178012,1
-6.7518897,-7.948415,0
8.555075,6.1959577,4
-5.0342236,-2.383367,6
7.1848865,18.195265,4
2.4559855,9.820621,2
14.353208,15.949009,3
16.914482,10.874165,4
-6.2947936,-7.1205735,0
6.239514,4.134152,4
7.8104563,7.2408504,4
-8.748611,8.299607,5
-1.1267494,-11.517708,0
3.2851796,-0.63216704,5
-4.2154055,6.617452,5
-4.040417,24.635023,2
6.916191,24.194756,4
7.8440604,5.6755943,4
-12.36533,-2.4244475,0
5.710379,-1.7844337,5
11.252165,-3.9903674,1
17.90478,18.807865,4
-8.79419,12.36967,4
21.727533,5.89999,4
-6.1649985,-7.1357675,0
-1.2243903,20.674742,5
-0.012996586,20.275059,5
13.636563,4.1975474,5
6.138795,24.543776,4
3.8102868,-2.366248,5
-3.8492205,-0.5133568,6
17.760952,9.965066,4
-12.429987,14.114947,3
8.323156,6.0661306,4
-9.105435,7.9379687,5
5.934949,-0.09692633,5
0.5282956,20.115171,5
-0.90585715,3.5176666,1
19.87591,-0.5812176,4
-12.445561,1.7570046,2
-4.6651464,-0.41123602,6
-3.8931985,6.6134067,5
1.2672726,9.159007,2
10.065498,-8.943399,3
-0.88165003,14.612991,4
0.1798463,19.982555,5
6.2060695,-1.2071517,5
13.786625,-0.21221007,4
-3.8749306,-0.35316527,6
-5.688261,-7.436065,0
16.99598,10.485475,4
4.2972,25.082476,5
6.8245087,6.763069,4
8.725763,14.977689,4
-2.92779,-2.0366664,6
0.86735755,10.499403,2
-5.3868294,-1.9377459,6
7.466743,5.230489,4
1.1642549,9.50019,2
5.371279,1.1092155,5
-1.0783744,20.571974,5
-4.4863744,6.139468,5
4.409957,25.24776,5
3.7433283,-2.5594134,5
19.176573,-5.3577013,5
-6.8155813,-8.233508,0
17.588894,-5.528897,5
-5.991655,-7.3187284,0
4.3797503,-2.0424597,5
10.740582,-9.061661,3
-0.31417888,14.007161,4
6.498949,-1.7045438,5
17.306314,9.8145895,4
-0.47309464,14.000874,4
-8.867551,13.104707,4
5.1055784,-0.32733306,5
16.716743,11.035686,4
0.038192812,20.328232,5
2.0016253,9.273379,2
0.5181883,19.577492,5
2.1802258,-10.063008,0
0.72940713,19.888126,5
6.586683,-1.4224347,5
-1.4875356,2.9299312,1
-9.012472,9.033067,5
0.7855338,19.636549,5
-5.864516,-7.303604,0
-4.9746795,5.1735888,5
-9.170682,9.080289,5
9.147384,15.397837,4
5.235355,-1.0396274,5
14.572835,-1.3420131,4
0.25860825,6.2865634,2
4.2374063,25.725262,5
1.1962341,9.904943,2
7.423891,17.513565,4
5.678469,5.6630464,4
13.781716,4.541423,5
10.453519,-2.7411954,1
17.770376,9.985753,4
18.432804,-5.5013666,5
5.771874,-1.9690619,5
21.70563,5.8596597,4
-4.123607,6.212791,5
10.086868,-8.418254,3
19.19467,-5.3229084,5
10.92392,-3.5731366,1
-1.0218145,3.83997,1
-1.5540704,2.5611343,1
-0.9793153,3.722056,1
11.358559,1.8259202,4
-12.378302,-2.4111178,0
-4.0775037,24.590544,2
-0.91487384,2.4001646,1
-10.388223,2.7614994,4
-5.2080517,-2.7275243,6
19.715986,-0.11730845,4
11.38106,-3.732325,1
7.828051,7.3279943,4
-12.539623,1.7455971,2
-5.8392754,-11.075056,0
-8.698996,12.289164,4
3.5492463,23.692112,5
-4.311952,-0.41116074,6
9.797119,-13.970978,6
14.057403,-0.81849426,4
-11.85184,17.614054,4
3.749713,23.663338,5
2.298642,4.5518293,4
-5.6603208,-2.9692204,6
-6.355901,-7.3532796,0
0.79823077,19.465906,5
4.4512725,24.885603,5
14.830942,-0.48221874,4
0.003390919,14.254313,4
1.9324907,9.370665,2
-8.8474865,12.371149,4
10.435981,-8.228959,3
1.4942998,10.885436,2
-0.63033664,20.156515,5
17.914793,18.798168,4
13.355088,4.579115,5
-5.6697965,-2.5054643,6
-9.301058,8.224421,5
1.2865313,10.82624,2
4.388096,-2.0289652,5
-8.022205,18.076283,4
7.4534616,-9.892762,3
17.15967,10.862377,4
-1.0937825,20.821848,5
13.925882,5.0244637,5
-4.34544,24.332142,2
6.9613976,-10.157047,3
6.3415456,17.9939,4
2.373384,4.4772997,4
-6.288922,-11.634244,0
-8.753235,8.4709,5
3.8300207,24.20415,5
-10.298743,2.1501882,4
1.9294455,9.354656,2
4.1655483,-2.190524,5
0.5334721,19.561907,5
-2.8807008,-2.3383756,6
-4.4367814,-1.8605082,6
-1.4490321,3.2644885,1
2.0463598,10.899626,2
-7.1155643,12.767697,2
-4.199952,6.290429,5
5.551074,5.723106,4
6.043856,17.712387,4
4.867418,-0.6637694,5
-4.4474125,-0.53154105,6
6.6723666,17.911821,4
8.110837,6.565371,4
13.184037,16.213587,3
-8.289561,8.674642,5
-6.543729,-7.7181525,0
1.5231023,9.211659,2
8.282478,6.484501,4
17.614208,10.740855,4
10.661831,-8.625295,3
-0.86465687,2.4410741,1
4.165603,-1.5838202,5
17.904018,18.808716,4
-0.97223836,14.386898,4
10.796934,-2.5820131,1
-4.129004,6.2881703,5
2.1680725,-10.050724,0
5.212642,-0.46028236,5
4.3379674,25.24515,5
-4.330646,-0.93443173,6
1.1983806,9.901489,2
-10.655613,2.780355,4
2.8753483,-1.0166974,5
19.158697,-5.068964,5
2.1899252,4.6766934,4
-7.824366,8.680375,5
1.2018746,10.02587,2
4.228127,-1.5499231,5
6.099663,-1.9520665,5
8.114125,6.884861,4
19.826126,-0.6497227,4
2.6394231,10.381579,2
5.707435,-0.72173357,5
11.132316,-4.014246,1
-2.0016732,7.673399,1
-5.760408,-2.8404393,6
1.042977,10.186785,2
5.5570893,6.085705,4
-7.5484433,18.364538,4
-8.124395,18.651798,4
-4.386243,24.295948,2
-11.849364,17.642757,4
3.752479,24.533953,5
3.7401607,24.534353,5
3.620075,-0.72719944,5
-1.474736,3.1492312,1
6.152719,24.551346,4
-6.3818035,-7.8477235,0
11.352647,-4.0093565,1
5.3573856,13.28365,3
14.257356,4.70586,5
2.756577,16.568775,4
1.1898252,29.163702,4
3.914068,25.507978,5
6.6606936,17.89005,4
3.8930745,24.103998,5
8.096949,6.7327466,4
6.025709,24.005249,4
-5.6640286,-7.5566425,0
1.122145,10.630904,2
-6.9803424,12.859269,2
2.737418,-10.630439,0
4.5866466,-2.2451255,5
1.0458223,9.969554,2
3.3253484,-1.3760871,5
7.0578227,17.8241,4
-5.871352,-2.6716485,6
-9.528182,8.681861,5
10.275498,-8.284612,3
19.229712,-5.447017,5
13.759315,15.728256,3
5.695392,0.15408291,5
15.1442995,22.45299,4
3.9270847,25.385626,5
-5.083961,17.516731,6
19.597422,-4.8568583,5
2.5840724,10.362143,2
-8.263501,12.485969,4
1.4019177,10.83738,2
18.606373,-5.7788835,5
-6.856538,-7.518234,0
-0.82245135,2.5019157,1
17.383389,10.788961,4
-10.191904,2.9042857,4
16.673395,10.435256,4
-9.070635,12.875893,4
18.520018,-5.658086,5
-5.1634684,5.81793,5
2.6097326,-10.500827,0
0.049075108,19.940216,5
-7.774445,18.11882,4
11.3396225,1.8441607,4
-9.138915,9.10422,5
-4.167803,-0.32376298,6
6.5343285,24.429815,4
-6.798753,12.939436,2
5.980513,-1.349268,5
-6.0066667,-11.945008,0
5.5785875,0.5703504,5
-5.2852006,-2.6390545,6
4.367872,25.207378,5
-6.016708,-7.602817,0
-1.0245775,14.405916,4
7.256969,7.663793,4
17.268332,10.451279,4
-0.11079506,14.501262,4
17.52816,10.347864,4
5.384116,0.36434424,5
-2.9333441,-2.4982865,6
14.378263,-1.1271421,4
-12.566623,1.729114,2
0.6898562,5.8711424,2
-11.867806,17.631136,4
9.970298,-8.774436,3
-12.718171,1.692381,2
5.727027,5.3668265,4
0.272348,20.22374,5
0.8766863,19.540667,5
10.80981,-3.9511063,1
7.3714976,7.0330734,4
13.895666,16.770433,3
6.179463,-1.9113839,5
-4.6279225,-2.4048183,6
6.3879766,-0.3911566,5
-1.4107786,4.9225917,1
14.313069,-0.570151,4
2.6310062,16.542435,4
-3.8030317,6.519022,5
-7.03051,12.832548,2
15.03342,-0.7016333,4
1.4567206,9.90069,2
-5.086949,17.513866,6
19.276394,-5.3014054,5
11.354233,1.8304794,4
17.350704,5.780209,1
-10.602386,21.166563,1
10.947527,-4.0478697,1
-7.0511494,12.81045,2
6.156721,24.143404,4
-1.1125373,20.526308,5
4.517246,-2.1982205,5
5.9160957,23.933779,4
6.831358,-9.900269,3
3.9217794,24.750578,5
3.566354,25.342232,5
6.9756427,17.456976,4
3.2481678,16.854206,4
3.6739035,-2.214944,5
1.4060558,9.20218,2
6.4205785,4.9407754,4
-12.70331,1.7056408,2
6.465072,-1.2918096,5
5.474411,0.88579965,5
9.76398,-13.938094,6
-8.571771,8.831403,5
17.391018,-5.9237046,5
-4.8653603,5.902109,5
3.485539,-1.1064913,5
6.041933,-2.1128635,5
0.73033947,19.560015,5
-5.295392,-3.0695472,6
5.92746,-1.5258052,5
3.7717543,-0.7606291,5
-5.5142527,-7.75632,0
21.854939,6.083763,4
17.65941,9.807652,4
13.443417,16.982086,3
-7.1333694,-7.91558,0
17.852743,10.03201,4
-6.3192964,-11.776259,0
-1.0345026,14.489857,4
6.4409475,-1.7591853,5
10.977033,-8.232415,3
5.688983,-2.0949197,5
14.042416,4.52511,5
-4.286785,-0.38876182,6
11.183696,-4.227845,1
11.053646,-4.00645,1
-1.1885145,4.103261,1
-8.014817,8.21181,5
4.5744085,0.59642565,5
-4.581913,-0.3448129,6
4.258907,0.38170195,5
3.507574,-2.804431,5
1.5336306,9.186716,2
-10.60386,21.16794,1
19.235317,-5.1284842,5
20.883112,1.1597726,4
6.3622494,24.26407,4
5.233763,-1.2588831,5
17.223576,10.676444,4
-3.857705,-0.4243268,6
9.147649,15.398552,4
2.506631,-10.39611,0
-7.150215,-7.7871213,0
14.757879,-0.6355831,4
7.9460845,6.2661,4
17.403955,5.840459,1
-5.543585,-7.6984944,0
8.278024,5.821771,4
3.7785375,-2.5300767,5
2.1733568,4.694274,4
2.6939735,-10.586584,0
7.517625,-9.80593,3
1.3144985,9.204789,2
13.921135,16.632896,3
2.3834565,9.887045,2
5.98736,5.207247,4
13.978054,16.43911,3
3.0565088,-1.1912309,5
8.0882435,6.488404,4
14.614199,-1.111839,4
6.8575463,-10.454608,3
8.594163,5.9148026,4
-6.046586,-2.0536356,6
16.965837,11.204118,4
5.39412,13.249604,3
6.5692534,5.7239704,4
-4.332986,6.2354174,5
1.0060697,10.70524,2
1.2271222,10.61588,2
-4.7271433,-2.5497556,6
11.452424,-3.3208156,1
-4.900956,5.872452,5
6.404428,6.1455646,4
0.77744824,28.753843,4
-1.3508451,4.704509,1
-10.604396,2.786695,4
7.937243,7.1716337,4
0.23649615,6.308376,2
11.160073,21.81103,2
13.8500805,15.499246,3
13.908575,16.640469,3
-5.4787936,-7.8912444,0
-4.7966285,17.815165,6
5.907031,5.072723,4
6.5923257,17.928963,4
6.159035,-1.4229105,5
3.6091766,0.15127085,5
17.3051,10.687525,4
-8.188684,8.281649,5
11.169223,-3.959194,1
-9.274453,8.121004,5
16.764883,9.778426,4
-6.8226256,12.94109,2
3.881951,24.080963,5
1.9304047,9.917632,2
5.9648604,23.81023,4
6.227887,5.404913,4
3.714367,23.902592,5
6.064575,17.705858,4
18.480488,-4.6206036,5
0.8389471,19.584236,5
10.856618,-3.8550606,1
6.629747,5.3918657,4
-3.9226382,5.4225993,5
14.517691,-1.1943905,4
-6.7374854,-7.2750635,0
13.986441,15.763589,3
-4.5514727,-0.62492436,6
-7.598665,18.46251,4
3.2180202,-0.73473936,5
-4.7779555,17.83583,6
4.230095,25.652107,5
4.3992534,-1.8486316,5
17.671047,10.265311,4
13.474807,17.228159,3
1.7104522,9.787534,2
2.2845702,9.45226,2
2.048744,4.8286357,4
6.175437,-1.7954512,5
4.54791,24.82988,5
7.15736,5.729429,4
-8.966229,12.946323,4
7.962998,6.142713,4
17.93367,18.778751,4
-6.154662,-7.582043,0
16.414406,10.49225,4
3.0074556,-1.0947716,5
16.755781,11.153361,4
10.95761,-8.238664,3
-9.406717,8.606129,5
14.91993,-0.5078804,4
14.218733,16.09733,3
-4.6282635,5.3824277,5
7.8741436,7.29528,4
8.467901,5.882369,4
11.133857,-3.5999756,1
-5.415434,-11.289911,0
-0.2563112,14.015409,4
10.994338,-3.4893,1
11.071714,-4.1589746,1
19.201635,-4.7249384,5
3.9190018,25.461023,5
6.0579762,6.418123,4
17.41293,10.7985735,4
3.690653,23.614424,5
-4.282322,6.565427,5
10.676023,-8.207789,3
-8.029831,18.05728,4
4.11308,-1.5419724,5
0.40661198,19.975458,5
6.8370523,-10.013175,3
-10.682092,2.7667055,4
-7.053904,12.791775,2
-4.745663,17.86895,6
-7.1417246,-7.800156,0
-4.572879,5.747219,5
5.609413,6.155727,4
-6.8145213,12.913299,2
23.157682,2.6135757,2
-1.5703305,2.8119545,1
-1.0448005,20.74296,5
-4.8253627,5.2009706,5
-0.5581048,20.087696,5
-1.3388405,4.6537857,1
0.6163052,5.9384174,2
11.299373,1.8842758,4
-10.591285,21.155365,1
19.840014,0.09184195,4
3.8926218,0.0066739856,5
-4.128878,-1.7989686,6
-9.110203,7.926593,5
2.154267,-10.036826,0
-0.7280951,2.664072,1
5.0774493,-0.3865507,5
11.144324,-3.6015067,1
-6.9626975,12.8737955,2
-12.06648,14.457945,3
3.6037207,-0.72746027,5
6.2382054,6.9786515,4
23.174984,2.6306121,2
3.5683632,-0.15466379,5
5.8072863,-0.45715937,5
7.932392,6.621658,4
1.7688252,10.021704,2
-9.974804,1.8614088,5
11.075243,-3.4547398,1
-5.572211,-7.9610057,0
10.6865635,-9.121734,3
-8.239229,8.830701,5
5.910399,-1.882721,5
-9.082809,12.884209,4
6.4198194,6.654486,4
7.9923263,6.607785,4
14.269103,16.098436,3
16.581045,10.9248,4
-1.0544436,21.070213,5
5.4477344,0.9441729,5
14.591139,-1.3624498,4
7.8929114,6.0527463,4
1.2101215,10.616716,2
14.234313,15.806008,3
7.98107,6.816309,4
6.5815067,24.354837,4
2.3215778,4.525576,4
18.89738,-5.0046897,5
4.4948463,-0.168914,5
-8.056147,18.18504,4
-8.838009,12.452486,4
3.3158326,-2.129918,5
2.8750994,-1.7405881,5
0.0140779475,14.22912,4
-1.2745491,4.0808697,1
19.852715,-0.19841553,4
6.0640016,-0.8616165,5
16.828392,9.808921,4
11.00612,21.964664,2
17.54455,10.316808,4
-8.496566,8.728881,5
18.54536,-5.6536493,5
5.5470657,0.5702407,5
7.4286103,7.441299,4
6.443884,4.037001,4
4.3126755,0.22630584,5
2.1330159,10.298377,2
17.154417,10.72421,4
13.397578,15.690832,3
6.8129215,5.88632,4
-5.0856004,5.7158213,5
13.579448,4.2279134,5
0.06176674,20.290567,5
-6.1489925,-7.8876467,0
3.0895653,-1.3417643,5
5.414685,-1.2764881,5
-5.486635,-7.86627,0
-6.1147623,-7.4749184,0
6.3000927,-1.3946662,5
14.1147175,-0.7384762,4
3.6879673,-1.3296751,5
4.491195,0.70892316,5
-0.97688866,3.7044406,1
4.0002384,-2.1983411,5
6.197808,-1.3650767,5
5.6969604,-1.9689475,5
5.021964,-0.3567366,5
3.2438397,-0.7374137,5
7.4553175,17.48602,4
4.470641,25.272959,5
10.176248,-8.341733,3
-6.955132,-8.050256,0
11.326404,1.8579609,4
6.5612035,-0.8861786,5
-10.52395,2.3494341,4
8.226408,5.9496155,4
-5.938408,-11.986469,0
19.738243,-0.59076756,4
-11.9126005,14.600053,3
13.534973,15.58779,3
2.294505,9.433235,2
-5.803315,-11.718493,0
7.21605,4.3949976,4
1.1690894,9.507251,2
0.72399974,5.844789,2
-6.918638,12.8362665,2
-8.4982605,12.959125,4
19.903147,-0.5216832,4
-16.033703,14.809534,4
-2.0866892,7.706359,1
5.601249,-0.67631835,5
13.407331,4.6674147,5
-6.930159,12.830327,2
-6.7836776,-8.17807,0
-3.6762323,-1.9330139,6
-6.89133,12.846501,2
-12.20978,1.8412424,2
19.56738,-0.44314364,4
-3.1865957,-2.005518,6
6.3434653,5.1975756,4
10.731924,-8.997243,3
-12.519222,1.7523609,2
6.017054,0.21909747,5
6.0063696,-0.394181,5
-11.87825,17.609741,4
-4.3440742,-0.34957296,6
2.6587322,16.551199,4
3.6151385,-0.647165,5
-10.4986515,2.3099966,4
-4.6985397,5.0946994,5
-4.5009117,5.580463,5
7.113631,5.5640645,4
-5.4150524,-1.9769027,6
14.0645275,16.281528,3
-8.812505,12.366295,4
6.071363,5.530536,4
17.912693,18.800062,4
-5.0875564,17.512648,6
5.2605762,-2.1669133,5
17.90821,18.804907,4
3.8169405,24.288519,5
-8.396577,12.410845,4
-5.734965,-2.8802958,6
-9.075794,7.9290886,5
-7.0224366,-7.893671,0
-0.65431356,2.5254753,1
14.508804,15.754496,3
-1.225806,20.663763,5
-4.885707,17.7232,6
-10.702026,21.266504,1
-7.134464,-7.562748,0
-7.935039,8.272264,5
3.5497155,-2.0882506,5
3.7510567,24.52766,5
-5.8029704,-2.0625312,6
-7.9020452,8.547412,5
0.022851842,20.28646,5
11.229161,-3.9449978,1
3.533286,23.662977,5
3.9520075,24.961845,5
6.3421717,5.1819406,4
3.8074834,24.849846,5
13.492126,17.251513,3
3.9904456,25.462511,5
-0.7585091,2.7888181,1
-1.3475615,3.7772756,1
-12.396402,14.151317,3
7.3213124,-9.845551,3
-6.7754507,-8.139073,0
4.123476,-1.6810693,5
2.0340176,10.907085,2
4.52903,-1.5239376,5
-1.1677356,20.761314,5
-4.2254925,-1.9072994,6
8.436125,6.0751314,4
16.70528,11.0823,4
-7.5709453,18.334269,4
5.694609,-0.9582233,5
-4.057445,0.03254427,6
9.132612,15.383709,4
6.7129164,5.0543227,4
-10.112258,1.9871244,5
-10.692292,21.256802,1
5.438608,6.034842,4
2.5361032,-10.42589,0
13.837206,16.750582,3
1.0175267,9.039021,2
16.645355,10.942082,4
17.889187,18.823717,4
17.464954,10.418534,4
6.8395295,5.7290716,4
-5.7346663,-1.9644828,6
13.372582,17.116444,3
-6.1599975,-2.3343503,6
5.5168366,-1.4774799,5
6.164793,17.660936,4
-10.13197,2.8131635,4
10.7441635,-9.061828,3
-4.1348395,6.3230333,5
8.457749,5.8414326,4
7.9811435,6.2476106,4
-11.855891,17.636837,4
-5.374776,5.794574,5
13.659991,17.032711,3
17.293905,10.794991,4
-4.839089,5.011584,5
14.1755085,5.0583134,5
3.1989024,16.82203,4
19.045479,-5.1701827,5
-11.923557,14.58975,3
13.581378,17.184954,3
17.458387,10.18608,4
5.8959284,6.4937844,4
-5.6171966,-7.525682,0
-12.357599,-2.4312253,0
-6.125267,-11.777631,0
-4.1976485,6.03887,5
17.325008,10.102479,4
3.7263732,-0.24480169,5
14.58513,-1.4056488,4
16.609394,10.576769,4
17.266977,10.833462,4
6.4880447,6.9941363,4
5.8533063,23.812704,4
-4.363199,6.6114707,5
14.425678,15.717707,3
4.6562166,-0.47417775,5
5.593507,6.1231627,4
-4.0802135,24.596107,2
6.92835,7.710965,4
-6.8164153,-8.1546545,0
14.054539,-0.32222316,4
1.1998304,29.173824,4
-2.945001,-2.0292213,6
-8.046934,12.619996,4
17.898748,18.814287,4
-9.473637,8.722944,5
2.7493172,16.557795,4
11.009363,-8.235834,3
-4.41477,24.268435,2
19.570154,-4.936025,5
-5.444214,-7.8976264,0
-10.141862,2.844757,4
1.2004429,29.17457,4
11.380333,-3.7480798,1
-6.035155,-11.927981,0
6.2074485,-1.2684934,5
-0.14899024,14.296359,4
-7.8422136,8.707733,5
2.6510105,10.381471,2
17.864035,10.0652485,4
-16.027021,14.803022,4
-5.953198,-7.686781,0
6.1881623,3.974118,5
-5.8361926,-7.6400447,0
14.598213,-1.0627265,4
-10.638452,21.202702,1
-6.293608,-11.658072,0
7.769992,6.3178306,4
10.851966,-4.027946,1
6.971679,6.661279,4
14.668105,5.066696,5
13.901612,16.57374,3
-1.5534087,2.8210878,1
18.140991,-5.0578938,5
-5.7953143,-1.9873112,6
0.6010973,10.710323,2
13.5912895,15.566394,3
15.0017,-0.7068277,4
4.700943,1.2633115,5
20.880562,1.1620914,4
-7.722851,8.503614,5
-0.93294144,2.6825514,1
6.3156033,24.078552,4
2.4844794,-10.373206,0
-0.7511834,2.792753,1
7.129737,6.86388,4
10.7185545,-8.789231,3
2.015683,9.315178,2
3.3988483,-2.7259052,5
14.499418,15.671993,3
4.424558,25.059237,5
6.7020383,5.153411,4
17.538542,10.777425,4
-5.0595875,-3.1408782,6
-3.0697174,-2.1541088,6
5.8083906,-0.43468228,5
6.5278435,-1.811807,5
-4.209053,24.46811,2
15.198528,22.399033,4
19.514952,-4.927406,5
3.518066,-0.7444697,5
-4.255528,-1.2251222,6
-4.9437943,5.1311026,5
14.619598,4.748253,5
11.045005,-3.3481312,1
3.3379302,16.924763,4
-12.232894,1.8344635,2
3.9422114,-1.6103212,5
0.069460034,20.293415,5
-0.6065853,20.131428,5
16.882706,11.218046,4
16.917805,9.892312,4
15.181123,22.416014,4
-1.0386813,21.085482,5
-1.1271888,-11.517008,0
-10.677062,21.241415,1
-5.077196,17.521381,6
5.3738027,-0.7386618,5
18.332674,-5.806822,5
6.5004144,-0.90288717,5
9.120636,15.371094,4
-9.310768,8.608521,5
9.149198,15.399862,4
1.186257,29.160118,4
-5.6951094,-7.977209,0
-4.350197,-0.9362929,6
21.534397,5.5613103,4
4.51021,0.6265521,5
10.655249,-2.5705519,1
11.419185,-3.6714022,1
-5.0751815,-2.4394526,6
-6.747043,-8.252719,0
-12.081142,14.442588,3
6.001838,-0.084224336,5
-5.8269014,-11.074207,0
7.084387,7.3589234,4
14.342623,-0.4493169,4
-5.537306,5.6274414,5
8.293721,6.245669,4
6.36862,24.484552,4
-9.337347,8.22945,5
14.445517,-1.1443667,4
3.4989374,23.660805,5
5.7560234,-2.1384392,5
-12.135796,-2.6467779,0
8.718781,14.970489,4
6.70691,6.5530825,4
-10.504755,2.3439565,4
5.9855165,-1.3608724,5
11.286776,-4.169327,1
3.024912,-0.71588504,5
-12.506872,14.038558,3
6.959188,-9.929886,3
-4.8458247,17.765265,6
-4.479053,-0.19329044,6
-11.88449,17.626963,4
-6.0132594,-11.955956,0
6.460385,17.534533,4
19.258488,-5.156484,5
0.7631607,19.377314,5
8.019252,6.731884,4
-0.76386935,2.7471561,1
-6.8144355,-7.2831717,0
17.678097,-5.433846,5
-8.491839,12.95626,4
10.610711,-2.5603907,1
14.604364,-1.2093164,4
-5.9313135,-1.9082416,6
-10.150132,2.873357,4
7.3448405,7.204672,4
14.336902,16.01213,3
5.991595,0.21091025,5
5.7117577,5.6237535,4
-4.979897,-2.425818,6
18.134056,-5.149264,5
-5.0662465,17.533443,6
-4.5964837,6.3624926,5
-5.342763,-2.008211,6
4.2267303,25.706345,5
-7.7016926,18.174694,4
14.656705,5.0696793,5
-12.372323,14.174453,3
6.395381,-0.42430517,5
8.727706,6.494658,4
-7.671019,8.722239,5
-9.413359,8.316613,5
-0.8944182,3.5167365,1
3.5169353,23.650093,5
-6.0222163,-11.167979,0
5.8993464,-1.8983465,5
0.7229492,19.30171,5
19.22046,-5.3187227,5
23.135294,2.5910234,2
4.1694326,25.269737,5
6.5376287,-1.2712998,5
14.057971,-0.7541795,4
10.191714,-8.379631,3
-1.4177761,3.0615017,1
5.642546,-0.68523616,5
3.811304,23.767956,5
-1.2814077,20.798365,5
-0.01254293,13.889996,4
11.009136,-3.614107,1
9.812303,-13.985849,6
8.75676,6.0925117,4
2.4417293,9.813162,2
-1.9922824,7.623334,1
2.6387074,10.399726,2
-0.7984381,20.683985,5
-9.074746,8.167256,5
-12.720321,1.6961539,2
-4.912558,-2.9107623,6
13.335474,16.867352,3
13.704814,16.93725,3
11.106532,21.86413,2
8.762765,15.015005,4
10.734115,-2.5520952,1
19.973083,-0.7521388,4
0.04048649,20.301773,5
-1.3073356,20.805431,5
23.233065,2.6905632,2
0.822996,28.798742,4
14.818552,-0.4839228,4
19.881044,-0.20568204,4
17.963598,18.748423,4
-4.788557,5.9601007,5
-3.916889,5.4196835,5
5.7342434,5.5170565,4
-6.784869,-8.047946,0
13.430656,-0.1578193,5
-0.24744879,14.465638,4
3.702733,-2.4206233,5
-7.8942585,8.481158,5
6.536964,17.521755,4
13.757271,15.981258,3
-3.97627,5.7860165,5
4.0184755,0.374749,5
-8.754602,8.28918,5
-8.028754,18.058317,4
17.906572,18.80632,4
-2.0907848,7.759695,1
23.112738,2.5683012,2
19.27572,0.019327844,4
-0.22438055,14.178454,4
-0.8571721,2.4744697,1
-7.913684,8.707515,5
-9.912222,1.8113027,5
4.566968,-2.152514,5
17.83949,-5.6052012,5
-6.910668,-7.543275,0
3.580234,25.363688,5
-5.932327,-12.000286,0
14.215728,-0.9955865,4
-7.5832343,18.463005,4
-6.0020337,-7.6626325,0
3.1843932,-1.0775454,5
16.468863,10.793416,4
6.5129247,-0.91076607,5
21.71411,5.8763165,4
-5.616785,-3.0655675,6
4.354894,-2.0671103,5
6.83364,-9.924565,3
5.816579,5.1412454,4
16.733671,9.771665,4
7.1770525,7.0217686,4
-3.9744964,6.1001844,5
7.366205,5.832192,4
0.7438936,19.862299,5
17.324986,9.783606,4
-4.7786875,17.835274,6
-4.3181214,6.5769773,5
6.1882505,6.2577305,4
16.596375,9.87402,4
7.89253,7.15764,4
-5.7908206,-7.813309,0
-12.320925,1.8146758,2
16.611137,10.476282,4
-6.718424,-8.232993,0
2.2727487,-10.156994,0
3.979031,24.833744,5
-5.074765,17.527205,6
19.956635,-0.6948837,4
-1.6394508,2.6245763,1
-5.2334194,-2.6486113,6
16.657516,10.173245,4
17.661821,-5.9709215,5
6.8020935,7.2486753,4
20.884476,1.1622219,4
2.0116227,9.848919,2
10.6858,-9.127828,3
16.977362,9.782137,4
-2.937657,-2.486301,6
-3.9596,6.6765666,5
11.429825,-3.8704462,1
16.90762,11.129112,4
-1.6330197,2.6013634,1
8.078561,6.555915,4
6.907929,7.7588253,4
-2.9094932,-2.4098527,6
11.414086,21.560034,2
6.1024885,-0.8795687,5
7.990594,6.658605,4
0.98499596,10.264297,2
-3.993484,5.4099665,5
7.592567,5.698949,4
-12.277043,1.8163035,2
-10.715441,2.646917,4
4.057017,24.224897,5
-4.86577,5.961826,5
3.9127655,24.714449,5
15.181718,22.415592,4
6.9922557,7.758797,4
11.350037,-3.1991696,1
19.472116,-5.051455,5
5.230455,13.389686,3
6.025448,4.9090886,4
-5.998047,-7.4276733,0
-1.8741724,7.19186,1
11.101184,-2.7729406,1
14.4906435,4.6490045,5
17.480042,9.911855,4
-11.912332,17.602116,4
6.3097405,6.185152,4
-1.2099457,20.632378,5
-7.5966673,8.558426,5
3.0339086,-1.1499228,5
14.648573,4.763898,5
11.332151,1.8522382,4
-8.994425,9.160866,5
6.8262105,17.622433,4
-1.0570866,2.4657128,1
-1.463244,3.0698202,1
-1.0314667,-11.613305,0
8.74386,6.113319,4
6.4525814,-1.4244887,5
7.068108,17.999851,4
-10.426177,2.8674867,4
-7.998249,18.408173,4
7.8651853,7.289844,4
6.297295,24.538427,4
1.0354975,10.674097,2
17.787619,-5.3114567,5
13.666457,4.5842648,5
10.844093,-4.020006,1
-6.100173,-2.0842807,6
1.3352956,10.662425,2
-5.1108594,17.488707,6
5.975654,6.615099,4
5.3405633,13.29901,3
-0.68653476,20.544931,5
-4.7156305,-2.6597905,6
0.6160109,5.9387536,2
16.675745,9.931235,4
1.1673671,29.14123,4
5.9419055,23.786259,4
7.3393416,4.953489,4
16.660387,9.838111,4
-12.470664,1.789587,2
5.8087068,5.5263653,4
0.006578115,14.26956,4
0.6811397,19.968767,5
11.199442,-4.012154,1
-6.8136487,12.908472,2
10.827061,-2.7771313,1
7.2905307,4.4578085,4
-1.0373921,14.382884,4
13.610263,4.2053027,5
13.150356,16.194178,3
3.8164203,23.745817,5
7.310718,6.360863,4
0.51502717,19.544985,5
-4.114918,-0.039054304,6
-6.9702697,-7.3716054,0
6.0780063,-0.031863216,5
-5.47608,-7.90116,0
13.879859,4.8471932,5
3.5791466,23.604992,5
3.6675856,23.599182,5
-4.0062127,6.2996874,5
-0.80661464,14.444507,4
-7.5885534,8.578039,5
3.1385903,-1.1203682,5
6.117196,-1.0873404,5
4.1973877,0.9426816,5
8.720934,6.3200493,4
-8.6516695,8.690832,5
2.886339,-1.9202901,5
-3.77725,6.312262,5
7.193575,4.3695283,4
10.282137,-8.912502,3
18.115524,-5.2107506,5
-4.6485806,-0.39649284,6
2.3412273,9.510526,2
3.1601512,-1.1617179,5
-12.138591,-2.6439514,0
-7.695964,8.672678,5
6.4648523,17.870758,4
5.6334553,-1.3223431,5
4.437504,-1.7283722,5
10.665585,-8.204973,3
3.3406444,-1.580175,5
17.846987,9.992424,4
14.043625,4.5321684,5
5.6685762,-1.2706395,5
-3.4782805,-2.0904388,6
13.866899,16.664356,3
1.211522,29.185678,4
4.7928505,1.2506286,5
11.108917,21.86209,2
7.2868304,17.950981,4
-5.0469394,17.55218,6
17.288975,5.716373,1
14.953026,-0.75968754,4
8.649148,6.2118573,4
16.620987,9.858303,4
0.79392445,19.782484,5
3.1954603,16.819975,4
4.6006465,-2.221169,5
11.11884,21.852463,2
6.1361437,17.673021,4
3.006938,-1.2069135,5
11.317034,1.8659859,4
10.172846,-8.3294115,3
6.2107024,4.168329,5
-10.692848,21.257406,1
2.1396568,-10.022291,0
8.875458,15.128034,4
-2.958392,-2.0323026,6
-7.0491476,12.805942,2
3.2248616,-0.703871,5
-0.9827525,14.501283,4
13.719128,4.300391,5
8.592321,6.3530016,4
-3.5633307,-2.0420613,6
17.796944,-5.873839,5
-5.4075356,-2.6299448,6
-6.983152,12.865745,2
2.146482,-10.029192,0
1.0578495,9.9629345,2
1.5882456,10.753387,2
21.84815,6.072597,4
18.834677,-5.6040387,5
7.1523414,18.279924,4
-3.9895585,-1.8164078,6
-8.046761,18.087086,4
-5.308271,5.2556453,5
6.195462,5.2806296,4
-6.9044333,-8.171636,0
-1.991948,7.657217,1
17.317852,10.835574,4
5.738479,-1.1143283,5
11.387531,1.7974061,4
-5.011924,17.590267,6
-8.147832,18.641953,4
6.0438323,24.516733,4
-11.866213,17.628689,4
-10.712039,2.6218927,4
19.721802,-0.32133,4
-6.7,-7.9725785,0
7.6442614,6.2568803,4
10.621156,-2.978085,1
17.082937,10.358156,4
10.874248,-4.0353026,1
-6.1591525,-1.7893463,6
-5.6072106,-7.5716314,0
13.713947,-0.29121986,4
23.195656,2.6525404,2
-12.718578,1.6984079,2
14.566321,-1.2265906,4
-10.690131,2.6776516,4
3.852309,24.11531,5
2.4943426,10.039772,2
13.492447,4.253574,5
3.6862066,-0.9558584,5
17.557184,10.084842,4
-0.0019361826,14.284826,4
18.405363,-5.3094444,5
19.794209,-0.5881987,4
10.697188,-9.141136,3
5.4524717,5.976195,4
6.732241,5.2256055,4
11.016974,-8.2150755,3
-1.5137404,2.846479,1
18.416292,-5.4382634,5
10.628537,-9.1283865,3
-5.465617,-11.251782,0
-9.394879,8.704735,5
-10.073773,2.4641683,4
14.233481,-0.80862236,4
-6.1208982,-7.167162,0
18.148197,-5.8256187,5
5.6541734,0.5978233,5
-1.0619845,21.084137,5
0.15288855,19.940226,5
14.930842,-0.5340588,4
6.3057895,5.530059,4
-5.714784,-11.605937,0
19.523146,-4.972866,5
-7.609613,8.578023,5
-9.804843,1.7524313,5
10.333311,-8.243985,3
14.651529,4.792807,5
-1.5680436,2.7884462,1
7.2849245,7.608169,4
6.6204276,-1.2937028,5
-4.2838135,-1.0620805,6
7.2986627,5.9820166,4
7.1837935,4.3609567,4
3.6423903,0.18353361,5
-6.9247503,12.822712,2
1.5165937,10.840848,2
1.960632,9.556143,2
4.1362643,-1.1965772,5
14.99474,-0.7072679,4
14.622263,4.7569375,5
1.2010398,10.6279,2
13.4821415,17.22182,3
2.4686716,9.8208275,2
-6.0736446,-7.494823,0
-1.243423,4.142271,1
5.752211,-1.7072123,5
17.635717,10.2325,4
-7.758541,8.703921,5
6.065243,-1.5454701,5
14.668719,-1.266879,4
2.4083607,4.4624023,4
5.735883,24.021173,4
5.5117383,0.12524408,5
10.582968,-8.557991,3
-1.8502164,7.0859213,1
3.8574622,-0.81444454,5
-8.010085,8.705727,5
17.840206,-5.428925,5
0.67594796,19.820902,5
2.5171878,10.087248,2
5.5431266,5.6488857,4
-2.9500737,-2.475072,6
3.3802145,-0.61031836,5
-1.1297042,-11.514096,0
-3.8146727,6.577191,5
19.348562,-4.997149,5
1.5220716,10.939083,2
3.698663,23.61731,5
3.5818155,-2.7313347,5
5.8230643,-1.2309121,5
7.0493097,18.338696,4
6.1947675,4.1314907,4
19.205915,-5.2604504,5
-8.371998,8.928808,5
4.078401,23.841145,5
6.7154403,5.0267673,4
-1.275785,4.0480266,1
-4.240804,-1.921893,6
8.018333,6.1001244,4
0.6966821,19.308271,5
6.5339313,6.5427003,4
9.812744,-13.986238,6
6.452333,24.448519,4
-4.286715,6.3621917,5
15.179911,22.417255,4
4.1776485,24.863066,5
17.611362,-5.796945,5
-3.9697275,-1.7905009,6
1.2296845,29.203844,4
10.412383,-8.223368,3
-1.0418881,21.000183,5
4.3924594,25.09984,5
2.9145539,-1.7075087,5
-0.96365976,14.557342,4
6.8543425,-10.446433,3
10.4121475,-8.233999,3
-3.919863,-0.22545199,6
-3.976843,-1.8425837,6
8.731288,14.982531,4
10.834753,-4.0080647,1
2.8381796,-1.4812977,5
21.599422,5.6280766,4
-5.384456,-11.26199,0
7.2211657,17.808346,4
4.3484297,25.298498,5
-0.8851889,2.440908,1
-3.8905437,-1.849777,6
-12.434596,1.7611403,2
-1.6255751,2.5936005,1
-1.8616296,7.1886797,1
14.615569,-1.1267262,4
10.600252,-2.6130085,1
16.865376,10.175934,4
14.747843,-0.48399842,4
-6.549151,-7.616214,0
4.4603505,24.987669,5
7.0991764,17.449867,4
3.3291514,16.917181,4
21.850636,6.0877748,4
17.805822,6.238125,1
17.01976,9.935196,4
-0.05105819,13.931382,4
8.000826,6.7841597,4
6.5504675,6.498654,4
5.379495,13.262596,3
4.229547,0.8603454,5
14.437306,15.6714115,3
17.324118,5.7519336,1
14.408633,-1.1881478,4
-5.5531135,5.589299,5
4.028873,0.74617165,5
-5.916656,-7.3032312,0
-5.5784826,-11.183901,0
5.386592,-0.7471083,5
5.656604,0.18326236,5
6.6734376,24.350756,4
3.4773808,-1.0567756,5
10.615821,-2.9072773,1
8.350646,6.108341,4
5.4681926,-0.25033408,5
5.2475753,13.370422,3
3.3021502,-1.177399,5
6.125042,17.706234,4
10.16142,-9.110313,3
14.517942,4.8405414,5
14.784738,-0.6626123,4
-1.1585364,4.1137652,1
-0.7385414,14.713905,4
-4.374823,-0.89074606,6
13.569852,16.874266,3
10.121495,-8.831794,3
11.340986,1.842789,4
4.3369417,0.9604931,5
13.442226,17.148273,3
5.9083085,6.654391,4
11.442207,-3.4623907,1
10.172941,-9.100029,3
-1.4686804,5.2136583,1
5.8482018,5.090206,4
6.791711,-10.480529,3
13.1735115,16.773766,3
19.48775,0.017447973,4
7.9863334,6.4715395,4
3.5164542,-2.80322,5
6.9767976,5.4878616,4
-5.4548936,-7.937458,0
-2.8861182,-2.0566125,6
2.3882744,4.461939,4
7.807121,7.214572,4
10.465775,-8.223065,3
13.602705,4.1699314,5
6.5299377,-1.1665888,5
-5.296999,-3.1067612,6
-5.2409606,-2.629799,6
10.359703,-8.279642,3
13.823793,-0.27774596,4
10.652507,-8.205189,3
1.1364479,9.130648,2
13.739228,16.56309,3
15.159113,22.43809,4
6.127681,-1.8881078,5
-8.368859,12.444956,4
16.869959,10.868431,4
10.043639,-8.860519,3
10.739339,-2.577114,1
-1.007125,-11.637648,0
13.5953455,4.270725,5
-4.2924924,5.8785634,5
10.11653,-9.021984,3
10.575629,-8.578214,3
-4.8543735,-2.982782,6
-0.5383112,20.431393,5
11.41085,21.563313,2
1.1497201,10.557269,2
3.6019356,23.655521,5
5.2979894,13.336232,3
5.622699,0.6005078,5
-5.504066,5.686976,5
17.50509,-5.7816663,5
-12.388858,-2.401143,0
0.011020183,20.27479,5
6.5416102,24.38939,4
8.792501,6.320651,4
7.457568,-9.82263,3
3.928326,25.489056,5
-10.675724,21.240192,1
0.84955996,28.82524,4
6.1015916,-1.0627822,5
-3.8793259,-0.44443893,6
-4.454881,-0.7541314,6
6.502044,5.582535,4
-5.710841,-11.5948515,0
-1.6450856,2.6564264,1
-5.9667344,-11.920747,0
6.3496943,-1.2590166,5
-6.822275,-8.0938015,0
2.6349835,16.54677,4
3.7515233,-1.5760493,5
6.4209604,6.9779453,4
-9.374144,8.2534895,5
8.182035,5.67582,4
14.606098,-1.1038148,4
19.95669,-0.743431,4
4.4470453,-2.0296917,5
-10.525961,2.418968,4
-1.397866,4.8815784,1
2.0991738,10.1770935,2
6.0412016,-1.42265,5
0.8397198,19.49676,5
14.07358,15.730635,3
21.642612,5.72631,4
-10.0697155,2.561586,4
-12.682204,1.7234751,2
5.379544,13.262721,3
-9.10577,7.932543,5
6.193982,4.041967,5
2.9869843,-1.2296649,5
-4.399435,-0.4187057,6
-8.114133,12.743561,4
-4.5903516,-0.5599467,6
6.0935025,6.955995,4
4.6975436,-2.2287486,5
-5.690262,-2.667022,6
-1.8489543,7.09902,1
-1.122795,-11.521649,0
8.397297,6.1178904,4
-12.553856,13.993419,3
2.160795,10.179303,2
-0.061884787,13.961209,4
-5.93987,-11.963395,0
6.130545,-1.0024468,5
-8.382519,12.410108,4
10.629353,-3.0598247,1
-0.88733584,3.4688482,1
0.23263249,6.312316,2
2.3508909,4.5032277,4
14.408033,15.592336,3
14.480486,15.682728,3
-4.041169,0.014291249,6
-5.3973494,5.485909,5
17.130737,11.131389,4
-5.646401,-1.9331428,6
6.449737,17.475073,4
3.34123,16.928207,4
-5.967734,-11.96461,0
-5.361335,-2.840855,6
-6.8539886,-8.205766,0
15.021878,-0.6564346,4
-0.9761837,21.057863,5
2.3867075,9.721352,2
-8.501578,8.836591,5
8.677368,6.1661987,4
-12.369342,1.8146391,2
13.673458,-0.28337306,4
5.8352857,6.4739304,4
0.5141167,19.67782,5
4.095079,25.226665,5
5.5194926,0.1270249,5
-3.8021681,6.4950385,5
5.639534,-0.984663,5
7.9143105,7.235912,4
-10.395389,2.2606328,4
7.9119716,7.23486,4
19.829906,0.08132734,4
-1.2399783,20.670092,5
5.231109,13.376192,3
0.7522169,19.326618,5
3.2298255,-0.81721455,5
5.6626906,-1.4510965,5
3.9231343,24.836208,5
14.051974,-0.7629232,4
-6.0649104,-7.2355466,0
-0.93975765,2.6432006,1
10.991495,-3.583053,1
0.40841007,20.113453,5
1.8611606,10.773607,2
19.491282,-5.045297,5
16.903444,9.735075,4
0.100438505,20.134449,5
-8.35285,12.732645,4
6.8941636,7.8549356,4
-8.371906,12.403148,4
-6.7799163,12.943601,2
-10.25202,2.1403534,4
6.7741694,5.6541095,4
7.6838765,7.281284,4
3.7219586,24.004612,5
6.0620885,23.98213,4
19.56597,-0.3811308,4
14.5829525,4.7038198,5
6.116351,-0.9777057,5
7.562143,6.159197,4
19.143177,-0.105416074,4
6.1230206,-1.0714442,5
-10.713496,21.27804,1
-6.218809,-11.590487,0
-6.2196317,-7.577156,0
3.3054066,16.906683,4
-8.495387,9.002211,5
4.303004,0.29342088,5
13.403893,-0.13701862,4
17.906782,18.806263,4
-0.836345,14.080641,4
-8.139945,18.615599,4
1.45884,9.921812,2
13.602429,16.7604,3
-6.485901,-7.163283,0
3.249118,-0.6661839,5
-4.718526,17.895992,6
-8.802482,12.787302,4
8.035758,7.032386,4
3.8640423,24.697472,5
-0.9270261,14.590099,4
3.5341587,23.681875,5
13.565295,4.190824,5
6.4418416,-0.5257044,5
17.539501,9.8125305,4
6.3848224,-0.46263573,5
19.498436,0.087634064,4
-1.595576,2.5461032,1
10.144524,-8.415061,3
1.0836394,29.058016,4
6.5747285,-1.4232082,5
-4.2969604,24.380636,2
19.4997,-4.9965477,5
8.234582,6.6396546,4
8.051215,6.7447352,4
19.173862,-0.13642189,4
7.6860447,5.665747,4
0.71306354,19.295698,5
5.7404366,5.603026,4
3.8829906,24.061737,5
18.890854,-5.5783367,5
1.9297061,9.6073065,2
13.450862,17.190119,3
-5.810786,-1.9600902,6
5.638605,-1.6529013,5
1.2965151,10.815777,2
15.144651,22.452648,4
6.2674737,-2.0368624,5
6.62088,-1.2856878,5
-5.9881144,-11.39204,0
14.561591,-1.3131928,4
19.396368,0.022593936,4
6.165494,-2.1050022,5
6.840345,6.235937,4
0.5045755,19.50546,5
-6.679091,-7.5555344,0
-4.943249,5.809995,5
5.4491224,0.5161715,5
2.858821,-1.5319235,5
3.5188904,-1.9849371,5
0.56741,19.510452,5
13.7639675,-0.4342138,4
3.4966226,-1.0664955,5
19.360327,-5.148722,5
14.813065,-1.067683,4
-5.050831,5.0778127,5
-3.9389727,-0.4576782,6
-4.9880185,17.615341,6
1.4424791,9.848779,2
-7.6938066,18.180168,4
-4.4342074,-1.9372908,6
4.5931373,-2.257098,5
-5.9280577,-7.723551,0
13.514999,17.212069,3
-5.36877,5.7049947,5
6.85016,5.113296,4
17.784119,-5.392385,5
17.599665,10.056012,4
3.3248544,-0.64342606,5
-6.353047,-11.778003,0
5.5783567,0.7422372,5
5.555544,5.853466,4
13.863995,16.465885,3
-4.7620707,5.075802,5
1.3977922,10.865953,2
0.49308625,6.0593405,2
9.717077,-8.576289,3
7.3567457,4.52336,4
19.187191,-4.7224073,5
8.3117075,6.178452,4
-4.8937216,5.0389643,5
14.521346,15.759466,3
6.5643926,24.409376,4
21.685453,5.8268642,4
6.8682184,24.261623,4
-12.1497,-2.6331632,0
-0.68417925,20.481413,5
6.23804,-1.9813575,5
6.4419293,-2.026324,5
21.85301,6.0875998,4
3.3173807,-0.61976445,5
6.852673,-10.463024,3
11.301692,21.671251,2
7.868535,6.106797,4
-5.8186193,-2.1723719,6
19.543406,-4.904861,5
-5.0975957,5.9642186,5
6.562451,6.743757,4
4.038113,24.73779,5
-1.0434473,21.086935,5
5.7811284,-1.9416777,5
-5.499637,-7.7818794,0
19.711462,-0.5397771,4
19.369503,-4.970013,5
8.037062,6.5359087,4
10.668311,-3.2127783,1
-2.0947173,7.7262096,1
-0.94615024,3.6278105,1
10.744641,-9.052009,3
4.4308243,-1.9603924,5
-5.9108744,-11.983078,0
3.269417,16.873981,4
-4.049643,0.024907596,6
19.20745,-0.16490282,4
4.501011,-2.0532632,5
-1.3562298,4.731759,1
17.746859,-5.3717074,5
2.062945,10.744757,2
14.7045145,-0.717743,4
8.663948,6.255184,4
6.2015576,-0.07643153,5
7.9054837,7.222412,4
19.899738,-0.6411396,4
10.626391,-3.1321495,1
-1.0119915,20.746582,5
14.962476,-0.7049808,4
14.193415,-0.8182971,4
2.2488322,9.388501,2
0.5932469,10.7214575,2
6.853817,-9.90702,3
19.28564,-0.14451556,4
-12.491946,14.056091,3
-5.7250085,-7.6005616,0
-6.9781528,12.864192,2
14.261038,15.667308,3
5.491836,5.871016,4
-7.538961,18.362547,4
8.14039,5.8510103,4
-6.7772045,-8.266853,0
21.840128,6.065084,4
17.900185,-5.243767,5
16.66466,10.614653,4
-16.034842,14.81063,4
0.40893963,19.634535,5
-7.1512938,-7.577445,0
-9.089115,7.972094,5
3.5473735,25.35016,5
9.791439,-13.965024,6
17.555212,-5.9251776,5
-7.673302,8.630903,5
1.9711636,10.230012,2
5.5870466,5.516203,4
-6.2427487,-11.639177,0
-6.786916,-7.4084754,0
6.2904468,5.2438965,4
5.9077196,-1.6619396,5
1.9320749,10.243773,2
16.384401,10.627024,4
-5.487339,-11.227013,0
2.5243473,-10.413938,0
7.986298,6.504423,4
-8.209117,8.758127,5
-1.1282573,4.0414796,1
13.7158785,4.655381,5
-16.030748,14.806531,4
1.9867114,10.8406515,2
7.1054754,18.34522,4
-0.13299692,20.389631,5
-11.908348,14.603948,3
0.6871582,19.385416,5
4.455207,-2.0772185,5
-4.947944,5.7104335,5
5.5951777,0.17540435,5
-6.012074,-1.9941521,6
16.37661,10.594859,4
6.387924,17.509098,4
16.562672,10.10144,4
4.1761675,24.907042,5
2.6964133,16.55126,4
0.62099427,5.933904,2
6.7184925,6.608959,4
-11.90433,14.60851,3
-7.985808,8.322028,5
7.474464,-9.841115,3
10.73876,-9.079701,3
8.860398,15.112185,4
-6.0697937,-11.239249,0
11.0218725,-2.7344296,1
9.771884,-13.945906,6
-10.301891,2.7749627,4
6.471386,24.460209,4
5.538738,-0.19590351,5
2.1132553,4.75895,4
8.292716,5.530542,4
6.6600866,17.517931,4
6.0520587,-0.04187572,5
-8.061491,8.200877,5
16.958708,11.160192,4
-5.729737,-11.665461,0
3.7708416,24.553032,5
-9.034836,8.287925,5
-8.363131,8.701732,5
0.7301868,10.63403,2
-8.097164,8.249075,5
6.998263,7.6031833,4
-12.481488,14.067279,3
8.750732,15.00203,4
2.6678388,16.552717,4
-1.1573722,-11.486761,0
7.0787406,5.767551,4
-6.320636,-7.1030135,0
14.343314,5.268294,5
-1.8735574,7.3914027,1
13.914452,16.669363,3
4.249212,-1.8398435,5
11.347277,1.8376515,4
-1.2513179,4.096912,1
19.109364,-5.0888433,5
19.173326,-4.718137,5
1.4197669,9.161458,2
-8.168995,12.811837,4
6.888917,-10.4281025,3
6.9837728,5.1014805,4
1.2670438,9.604776,2
4.23374,0.3055096,5
7.6228423,6.120682,4
-1.8988657,7.442838,1
0.032340214,19.94621,5
1.4787024,10.820365,2
-8.918669,12.314095,4
-8.692276,8.102896,5
-4.747514,-2.7538657,6
10.826171,-3.5944622,1
14.499466,-0.57880443,4
13.414149,16.626755,3
2.976012,-1.2758719,5
5.685273,24.116638,4
-1.0422287,21.07686,5
5.6939654,24.140182,4
-2.8920906,-2.0448477,6
17.780787,-5.808172,5
6.11564,17.738707,4
6.4354467,6.648721,4
6.787625,5.511288,4
-5.0931582,17.506586,6
6.453526,6.0289364,4
5.886791,23.907425,4
6.1766243,-0.7864627,5
7.1840863,-9.848894,3
-8.96838,9.110696,5
2.709501,16.5968,4
19.230423,-5.4461455,5
6.1223073,7.00482,4
3.2323673,16.84308,4
-5.87796,-2.6684546,6
20.854656,1.127193,4
14.336323,15.574544,3
20.879791,1.1540241,4
11.121776,-4.272162,1
7.116914,5.590356,4
-5.4327044,-1.9120915,6
-4.264234,-0.9447948,6
14.618276,-1.1143831,4
-7.6214066,8.566129,5
2.049466,4.828218,4
16.425325,10.7426,4
8.857578,15.11035,4
6.2054524,6.3616405,4
6.676526,5.072041,4
14.888924,-0.49907735,4
6.945168,6.754558,4
-4.7980504,17.816893,6
-8.347225,12.403601,4
14.022259,16.312424,3
1.2572404,10.458316,2
-4.3545556,24.322897,2
-0.7926762,20.658484,5
4.640823,0.038225293,5
1.1023755,10.721484,2
10.328851,-8.910591,3
2.5507348,10.354777,2
4.819366,0.56578904,5
18.718357,-5.7626452,5
4.757868,-1.2972233,5
17.361702,-5.9333706,5
-0.8732862,14.644905,4
4.50943,-1.6693035,5
-5.515503,-11.338405,0
17.481958,10.06829,4
4.6905155,-1.461687,5
6.447977,-0.6313063,5
-1.4133444,2.7391794,1
6.5822515,5.241529,4
-12.36198,14.181175,3
13.49263,4.7268453,5
-4.4271016,24.25645,2
3.7093267,24.006586,5
-10.242779,2.1984618,4
6.0000153,0.20653379,5
17.795012,10.06019,4
14.373393,15.584601,3
16.99315,10.187213,4
10.298395,-8.878817,3
13.420208,4.318026,5
1.5347668,10.685858,2
8.159438,6.616279,4
-7.9349747,18.648695,4
10.967701,-3.471053,1
8.556263,6.078678,4
4.640583,-2.2299116,5
17.617956,10.151936,4
-0.2508311,14.016856,4
0.6251616,19.961523,5
23.210766,2.6675,2
19.323046,-0.05247719,4
-3.9285247,-0.19601123,6
-8.0101,18.076393,4
4.1222563,-1.8318169,5
-1.1939965,20.785713,5
18.83783,-5.6119676,5
-0.56479216,20.118692,5
3.7654307,24.519373,5
21.521502,5.539584,4
23.034243,2.4894042,2
-5.4615397,5.471781,5
2.206342,-10.08941,0
-5.4619584,-7.9533496,0
19.29301,0.048365764,4
14.813194,-0.6742371,4
14.512096,-1.1250731,4
3.8411875,-0.46667722,5
5.448047,0.98090816,5
-7.85367,8.642992,5
3.925407,-0.86624175,5
-4.2482285,-1.23931,6
-7.7140675,18.134138,4
13.820042,16.83304,3
3.4391851,-2.3180926,5
0.2409532,6.304279,2
18.289694,-5.192581,5
19.832376,-0.1604306,4
2.3051894,9.754602,2
10.754107,-8.985442,3
5.7349467,-1.862335,5
-3.9234662,5.4550195,5
2.1121552,10.802457,2
-7.960431,18.045538,4
14.633282,5.1369243,5
7.0389233,-9.909573,3
6.4019265,-0.5283187,5
5.7267275,-1.351155,5
-8.827333,12.707676,4
13.760272,-0.21146493,4
2.2311587,-10.11452,0
-0.88784975,3.4994922,1
6.0379987,5.1645374,4
17.790178,-5.4577246,5
-4.9016004,-2.9454885,6
5.861339,5.4184227,4
23.20232,2.6589367,2
-4.6939425,6.0703716,5
-4.4028587,-0.8446246,6
5.8169174,23.855083,4
-5.108378,17.491623,6
-8.574602,12.979003,4
17.072853,10.1421585,4
-1.3311045,20.812433,5
0.6236543,10.69679,2
5.9846115,23.800552,4
7.029851,17.52178,4
6.324555,24.171778,4
-4.8890967,5.8427362,5
18.781591,-5.061193,5
8.3138685,6.6502,4
4.870306,1.3170046,5
14.435861,15.751856,3
7.1404767,-9.835387,3
3.7861018,0.24887554,5
10.406259,-8.948078,3
6.4720573,5.6975503,4
8.149568,6.489713,4
-9.27629,8.20604,5
14.810278,-0.66692954,4
14.78129,-1.0545422,4
4.056944,0.40864545,5
-4.277118,-0.3722796,6
4.2286425,25.688705,5
10.748736,-9.0711775,3
19.364521,-0.1770318,4
4.2222605,25.725586,5
-6.066823,-2.033698,6
5.396904,13.24446,3
14.028375,15.537782,3
13.691232,16.498356,3
17.214022,9.782525,4
-5.216782,-2.5858335,6
-5.560549,5.625178,5
0.37552795,20.093813,5
23.174467,2.630596,2
5.759146,-0.9299614,5
-2.964989,-2.4683716,6
10.860104,-8.387385,3
3.5517154,23.63392,5
-8.355605,12.427466,4
-7.714803,18.142216,4
-5.836503,-7.307461,0
6.0695376,-1.1445749,5
8.855435,15.107627,4
-6.792579,12.934137,2
21.593576,5.6225185,4
-10.652641,21.216803,1
8.477104,5.747106,4
5.401018,-1.2680541,5
7.609512,6.200174,4
-8.641517,8.651765,5
-5.23217,-2.6679485,6
-1.5120281,2.846843,1
6.00212,24.515963,4
9.766182,-13.94022,6
-10.120362,2.6825936,4
13.603057,15.546893,3
2.3820512,9.741192,2
4.0839376,0.85580903,5
6.3259807,24.51471,4
4.0814433,0.7806366,5
-0.9272461,3.574354,1
-5.108378,17.492014,6
8.7626705,15.013909,4
-4.143285,6.341219,5
7.517523,6.2157526,4
-8.932127,12.306539,4
10.28973,-8.940745,3
13.795781,16.67042,3
11.072984,21.898184,2
-11.901584,17.608498,4
5.622347,5.491624,4
5.69926,5.427628,4
3.3448622,-1.0560669,5
8.000888,6.6122894,4
7.5434723,-9.7933,3
7.230395,6.872193,4
1.2716733,9.231256,2
3.8883564,-0.8063095,5
3.7540834,-2.0959175,5
5.381804,-1.3014612,5
6.4101505,-0.56297356,5
7.6190495,7.334593,4
6.5973125,-1.1365143,5
-5.753886,-7.4870996,0
3.605251,-2.4160535,5
-0.050879024,14.144254,4
6.1678767,5.2460036,4
-5.573605,-11.191415,0
-1.1561816,-11.487674,0
6.388796,-0.48290938,5
17.420311,10.839804,4
13.926172,4.534806,5
-4.090665,-0.033492137,6
5.6215324,24.342764,4
6.2438817,-1.8146143,5
4.627856,-0.177437,5
1.5634427,10.566359,2
-4.686015,-2.50258,6
8.698464,6.1533036,4
-4.1474633,6.636778,5
-0.92490005,-11.720096,0
-8.88349,12.375815,4
8.93925,15.190988,4
-9.249897,8.973582,5
5.980306,23.834223,4
-9.834232,1.7513968,5
6.9208307,7.7974844,4
1.1336751,9.567374,2
19.54348,-4.9720273,5
6.933178,24.145397,4
-16.036238,14.812149,4
3.8812194,-0.6620941,5
-4.136462,5.5962787,5
7.156215,6.8518634,4
17.458158,10.449457,4
6.3837037,-0.42165142,5
-6.9575386,12.800061,2
2.0906746,9.298855,2
-12.148203,-2.6347156,0
2.3095543,9.392707,2
17.560661,10.761338,4
-5.6496954,-2.9915912,6
21.703573,5.8459916,4
5.598091,24.227694,4
-12.394689,14.151955,3
3.2987797,16.89123,4
4.0745616,23.874447,5
5.4982452,0.7585885,5
7.1554923,7.234822,4
17.781828,10.194932,4
10.941333,-8.232939,3
16.879179,10.179709,4
17.338099,9.724052,4
2.123984,10.318664,2
19.448706,-0.36910874,4
-10.411614,2.420864,4
8.725825,6.1935406,4
5.368825,-0.799758,5
6.4681783,24.466991,4
-6.831519,12.930287,2
2.3394163,4.514769,4
4.618224,24.82932,5
4.5451417,-0.8137247,5
3.2737954,-0.7288711,5
0.63507426,19.904705,5
-4.3738074,-0.13742958,6
6.891651,17.847277,4
10.7205305,-9.100934,3
6.1803517,17.712418,4
8.168031,5.8571568,4
-5.119553,17.480242,6
11.291174,21.681171,2
0.22245817,6.3192983,2
6.317428,-1.6943095,5
13.412387,4.5292063,5
-6.9342175,-7.762977,0
10.530507,-8.176028,3
8.327797,5.7747946,4
3.2363443,-1.0756578,5
17.245243,10.613094,4
-4.458392,5.5737762,5
4.0279965,-1.516557,5
-8.786685,8.059039,5
10.57652,-8.513011,3
3.0750825,-1.0501786,5
-6.8008533,12.954268,2
-5.755926,-7.619648,0
-8.036155,8.2226715,5
-3.3581228,-1.9733422,6
4.0251255,-0.21383786,5
-5.936324,-7.2656283,0
13.439099,4.6896462,5
9.114568,15.365815,4
3.8378878,24.599037,5
-4.3988843,24.283976,2
4.4923043,-1.7938355,5
-0.80042326,2.8881128,1
5.7896814,-1.1003515,5
6.2909627,5.213841,4
-12.24346,14.292306,3
11.403281,21.570574,2
6.2934995,-0.496051,5
-8.083678,18.61412,4
13.474982,17.269049,3
6.1401434,5.6340575,4
-10.6846895,21.249233,1
6.8222847,5.3353567,4
18.24085,-5.3356476,5
7.667496,5.6747894,4
5.5539446,-0.7783232,5
-0.28250876,14.484982,4
-1.3021694,20.801956,5
17.437962,9.756685,4
-0.9406546,-11.704462,0
-10.672187,21.236727,1
18.362507,-5.369661,5
20.86976,1.14234,4
0.40022695,20.182045,5
6.673679,5.7189198,4
8.752307,15.0039,4
0.251339,6.293921,2
8.15361,6.214927,4
10.658141,-9.075804,3
13.374767,16.9758,3
6.568835,24.413523,4
-0.9069525,20.740562,5
0.6246887,10.7069645,2
11.327844,21.645033,2
13.15258,16.137691,3
19.143494,-0.100615755,4
15.023151,-0.7079202,4
1.1900696,29.164135,4
16.825329,9.720208,4
0.79552,28.771833,4
13.646496,-0.21485388,4
7.0263457,5.090483,4
2.5428925,-10.432851,0
10.0681,-8.826201,3
-4.286508,24.389732,2
-1.8800646,7.3121066,1
-1.1050249,-11.539431,0
1.0207015,9.893953,2
18.477688,-4.6211195,5
19.822243,-0.46497023,4
-1.1967883,20.916191,5
-3.840841,6.607428,5
4.0570564,-0.49746546,5
2.695277,-10.588227,0
-5.6345167,-11.2396965,0
-6.7190466,-7.612536,0
3.5568268,25.324339,5
4.5211744,24.96486,5
-6.0822916,-11.282471,0
11.002242,-8.244582,3
3.629388,-0.11945192,5
-5.989827,-2.1110806,6
19.166065,-0.1370354,4
-7.9490542,8.259373,5
3.6855776,23.600124,5
8.146033,6.7338767,4
-8.826033,9.165963,5
18.787554,-5.756641,5
7.106945,17.42443,4
7.367098,17.574059,4
-8.580331,12.994558,4
-12.361271,14.183823,3
7.078164,-10.258532,3
-1.3038087,20.686298,5
13.578182,16.358292,3
13.553598,17.14933,3
6.15834,-1.7413071,5
6.846662,-10.436312,3
3.9906526,0.511554,5
6.515717,17.866776,4
17.79993,-5.309628,5
-4.8376164,-2.3442092,6
-4.4751863,5.6152825,5
4.5533676,-2.0013711,5
-8.834066,12.741268,4
13.707103,4.2473745,5
-2.9886024,-2.0457366,6
-6.061391,-11.203614,0
-4.9667373,17.639124,6
3.8989213,25.503302,5
13.377952,4.6351004,5
1.5758905,10.929131,2
17.750711,-5.7975187,5
6.072769,-1.0228006,5
-5.464547,5.440356,5
6.2101374,4.1262317,5
-0.9454652,-11.699672,0
4.121088,-0.30960304,5
17.302574,5.7292542,1
4.4579415,-1.8668451,5
3.7268357,23.96766,5
13.9107065,15.526929,3
-3.7972813,6.4806547,5
19.560053,-0.4525485,4
-8.522189,8.692901,5
-0.9096063,2.4029002,1
-6.030711,-7.245997,0
5.698675,-0.75767654,5
-5.082702,5.970082,5
4.0378866,-1.1029624,5
10.591083,-2.6038325,1
4.102024,-1.5660781,5
-8.53419,12.745685,4
-12.360977,1.771588,2
-4.103185,5.8913827,5
-6.720077,-7.4405923,0
-8.1710415,8.720816,5
17.39721,-5.8603086,5
-5.4448953,-1.9043205,6
3.7516668,24.441116,5
2.0575726,10.867392,2
17.50458,5.943671,1
10.28833,-8.740838,3
17.36357,9.805871,4
14.751915,-0.69341904,4
5.409006,13.234521,3
6.556712,17.86189,4
5.8196626,-0.44215864,5
2.6449983,16.55819,4
-4.8763013,17.732649,6
-12.350576,1.7774304,2
-8.28492,8.627969,5
-6.8126473,-8.242752,0
-12.155398,-2.627513,0
-5.7366033,-2.838782,6
-5.221533,-2.5392435,6
0.49241084,19.514093,5
17.494946,9.940671,4
-3.0712364,-2.06399,6
-0.038912367,13.922922,4
-4.2992525,5.6072826,5
11.152071,21.819014,2
6.451149,17.523634,4
-1.0577406,14.333858,4
-3.7753527,-1.9137504,6
21.60304,5.633777,4
10.909153,-8.255024,3
-1.2412394,20.67882,5
19.191355,-0.13715008,4
5.8849754,5.4536057,4
10.826155,-2.8063061,1
-5.5223665,-7.954974,0
7.014897,6.7584615,4
-6.196158,-7.373554,0
-4.7528443,-2.4771433,6
10.1076765,-8.885806,3
-8.422,12.402481,4
17.207384,10.46801,4
0.60552645,10.711872,2
18.37593,-5.508953,5
17.66495,-5.874003,5
7.7996125,5.5901456,4
11.295816,-3.2771926,1
17.455915,10.007961,4
1.0955396,10.055433,2
6.1595144,4.6871862,4
-4.333839,-0.9516914,6
13.612113,4.3225665,5
1.8827738,10.882062,2
-5.6961627,-1.9220006,6
0.64405435,5.9131403,2
1.398208,9.616238,2
-12.546217,1.7473962,2
-4.177972,24.499495,2
-0.65696937,14.069501,4
19.478071,0.10396821,4
-3.9979563,0.0531698,6
16.808163,10.197853,4
5.312259,-1.291474,5
-0.7974401,2.7845612,1
6.1740627,-2.135017,5
18.474304,-4.621673,5
7.058012,7.285591,4
14.770055,-0.7140546,4
17.709974,-6.010233,5
5.6995807,24.07882,4
1.0674148,9.189018,2
6.088265,6.9736233,4
17.384953,9.719364,4
7.001793,5.289083,4
3.6984515,-0.70561755,5
0.25044778,6.295507,2
4.0176377,-0.00067665376,5
2.724803,-10.617973,0
-5.0659337,17.536163,6
4.811271,-0.34787872,5
17.637352,6.1023455,1
13.826676,16.909483,3
9.123309,15.374648,4
-3.03675,-2.4170473,6
-1.0355555,14.4055395,4
-1.919026,7.577413,1
0.51438266,6.038361,2
-12.506298,14.042722,3
13.413815,-0.14805241,4
-0.34565338,20.252075,5
2.712104,-10.605171,0
-8.250863,8.68496,5
4.4187775,-2.00407,5
21.605541,5.6376247,4
13.419534,-0.15898933,4
11.149549,-4.2436595,1
19.531889,0.08468264,4
-2.9249446,-2.4719987,6
6.9020534,24.248135,4
16.477894,10.790189,4
21.705446,5.8684826,4
9.812487,-13.986035,6
7.276159,17.956945,4
7.207085,6.350007,4
17.726933,6.1773443,1
9.965973,-8.564766,3
13.33588,4.590026,5
3.6689315,0.2068145,5
-0.07795281,13.9662285,4
-4.5267735,5.849721,5
4.2010508,-1.5728974,5
-5.305378,-2.836227,6
14.509783,-0.8300264,4
17.913326,-5.534142,5
0.8157471,28.79174,4
6.098683,4.9146657,4
6.080493,24.529072,4
4.0724106,-0.46215096,5
-7.8943853,8.600102,5
19.215158,-4.7554593,5
7.592949,6.1564374,4
-8.426405,9.03492,5
7.067176,6.103574,4
8.094249,6.606014,4
4.241019,-1.59969,5
-1.6220522,2.5913467,1
-3.99677,-1.5914415,6
5.96582,0.18736131,5
23.031084,2.4862673,2
4.1857414,25.246983,5
-4.823327,5.1556373,5
2.3876476,4.4640026,4
-10.173024,2.4066954,4
5.461427,6.0771656,4
-6.7761154,12.963438,2
6.105079,6.9984803,4
-5.906643,-7.2715673,0
4.5364056,-0.62976795,5
15.037936,-0.66519016,4
10.804335,-8.80682,3
4.531483,-0.5022534,5
10.909726,-2.9040623,1
17.724121,6.1815166,1
-4.435482,6.510452,5
-0.069637395,14.344794,4
16.982016,9.955121,4
6.3612175,17.51122,4
-4.68029,-0.40567565,6
2.2605724,9.933471,2
-9.363719,8.261109,5
8.402249,5.916708,4
-1.2808294,20.751566,5
1.3028278,9.224323,2
3.2917929,-2.100133,5
7.2201347,7.098491,4
3.6441498,0.1809168,5
7.1937375,4.364087,4
0.3503409,6.197325,2
-8.657697,12.982689,4
0.39803755,20.001867,5
-4.0386643,5.7355366,5
13.429333,16.378405,3
19.41318,-0.1812825,4
-10.698168,21.262665,1
6.2930555,24.102314,4
2.2573993,9.962072,2
6.95691,5.7537904,4
8.735731,14.987233,4
15.15964,22.437733,4
9.935901,-8.548734,3
2.015978,9.722317,2
19.28256,-0.1394685,4
3.6884534,-1.3313446,5
7.0745273,-10.262556,3
5.9043455,23.765919,4
-1.2534593,2.9301314,1
13.330371,16.216635,3
9.052077,15.30361,4
0.5561768,19.990221,5
3.2874038,-1.3238937,5
8.306517,5.870878,4
-5.654646,-2.763576,6
1.95029,9.757682,2
3.5419543,25.333477,5
6.7863193,5.789785,4
-7.56742,8.5808935,5
17.810505,-6.007717,5
13.685766,4.722566,5
3.252348,16.863178,4
17.7384,10.236782,4
11.134639,-3.5903945,1
14.310803,4.7032137,5
5.9055066,-0.6117124,5
-4.719077,17.895329,6
0.6112946,10.709571,2
-6.7841477,-8.252877,0
14.381915,15.685738,3
8.395423,5.6580276,4
6.001427,-0.04121983,5
-8.786786,12.268674,4
17.627762,-5.83556,5
7.160532,7.294966,4
10.910589,-2.6036155,1
6.095704,7.021772,4
6.646446,5.5117865,4
7.057584,5.961075,4
-10.3738,2.7673864,4
-6.5887456,-7.4547076,0
-10.451973,2.642616,4
19.857718,0.0475945,4
-8.769255,12.829983,4
5.401789,-1.2507426,5
-4.0415606,24.633736,2
-3.8113322,6.5449085,5
21.81523,6.034929,4
15.03506,-0.7329887,4
13.67575,16.605597,3
5.681016,24.087254,4
6.4927015,-1.606355,5
10.90673,-3.7559586,1
5.99982,-1.4881319,5
-12.510795,14.037393,3
17.454128,-5.8342957,5
-0.21555698,14.170509,4
-2.106842,7.7709403,1
23.059155,2.514553,2
2.2349923,-10.118411,0
-4.2351093,5.8490534,5
6.950835,7.836693,4
0.7207476,19.29653,5
10.718092,-8.25543,3
10.635255,-2.5755532,1
3.995582,25.548405,5
-2.9633603,-2.4210038,6
6.8929434,24.148964,4
5.3952923,13.248777,3
7.463069,6.1800303,4
5.5804477,-0.65436655,5
-10.703032,2.5759146,4
5.6272893,-0.5829433,5
1.4346361,10.869742,2
2.303663,10.428967,2
5.4994783,-1.5115238,5
-11.942598,14.572135,3
4.2229652,25.635408,5
21.723602,5.88193,4
3.724874,24.542635,5
7.0000515,-9.884144,3
6.599867,-1.2579294,5
-1.216412,20.78763,5
10.167988,-9.100722,3
4.6139245,-2.2443495,5
-5.466476,-2.6569188,6
18.373163,-5.7929034,5
-9.405004,8.648734,5
18.98475,-4.9636,5
-6.251159,-2.323653,6
6.1894712,6.1561217,4
6.9014874,24.149626,4
-6.060868,-7.566242,0
-3.8885472,-0.5832323,6
17.810335,6.243528,1
6.1592407,6.156687,4
-0.7129548,2.7659578,1
11.028205,21.94246,2
2.5007422,10.106744,2
2.8597586,-1.4871031,5
3.6916656,23.60258,5
2.194869,4.672161,4
2.108913,9.330634,2
-3.8236315,6.5797443,5
-0.93586165,14.290079,4
-11.918427,17.57719,4
17.5941,10.737034,4
2.8706436,-1.9144713,5
3.2354684,16.844807,4
-1.5360715,2.831148,1
11.052023,-4.0305185,1
6.9279795,6.0881114,4
3.6171653,23.575956,5
8.753993,6.0933294,4
7.188812,4.3865643,4
-6.0301023,-2.1616857,6
4.9068084,-0.65854573,5
3.2359521,16.850231,4
-4.0912104,24.563074,2
14.347161,-0.48632604,4
14.307241,5.2053123,5
-6.787696,-7.933594,0
15.189356,22.408047,4
4.438987,-2.0278084,5
6.169283,-1.934161,5
-4.0923533,6.650556,5
2.3246531,4.5346355,4
3.5023656,23.686155,5
-2.0097094,7.6272097,1
13.314129,4.586499,5
11.047965,-4.0670013,1
1.5350963,10.836219,2
6.3082385,-1.5381938,5
8.068728,6.2745404,4
3.7684345,24.532064,5
10.86717,-2.8292694,1
11.440565,21.533745,2
11.236591,-4.221889,1
14.226419,4.6471014,5
-9.423074,8.399416,5
-12.3653145,-2.4249117,0
5.692842,24.455418,4
-1.5425636,2.554177,1
14.051663,4.483203,5
-4.6464114,-0.38454974,6
17.878984,-5.3424907,5
-10.67805,21.242592,1
6.195234,6.2053847,4
8.23221,6.128125,4
8.806457,6.467263,4
-9.48836,8.516827,5
-5.598365,-7.5449615,0
6.8692017,24.152864,4
7.392493,7.4878345,4
-7.1595726,-7.8250737,0
-4.1600623,6.3307586,5
-4.8732014,-3.0325909,6
-10.536994,2.3539274,4
10.579422,-2.8438752,1
-2.9379907,-2.027676,6
0.6405016,10.686109,2
4.423659,-2.0350251,5
4.2240725,0.28948584,5
-5.639966,-2.4154632,6
11.010546,21.960335,2
6.0957823,17.695713,4
-6.9592166,-8.101177,0
-2.9319956,-2.0260437,6
-5.907708,-11.923545,0
5.779642,5.558965,4
3.2660453,16.868649,4
5.4822087,5.9214983,4
10.457146,-2.7354066,1
7.440746,17.47177,4
-5.5678477,5.603435,5
5.2339134,13.389747,3
19.2146,-0.18363616,4
5.3414598,13.297731,3
-5.0645022,17.537615,6
5.450916,-1.2878833,5
7.3282313,5.75041,4
6.2270803,-0.16263594,5
2.7516959,16.560585,4
-9.134502,8.2094755,5
-6.2439814,-2.3087504,6
17.0334,9.851109,4
-12.192931,1.8404282,2
-1.091905,3.964091,1
0.49923873,6.050761,2
0.22383241,20.170166,5
23.23447,2.6916716,2
3.9289916,24.6917,5
3.9283154,24.07225,5
7.0181346,17.989834,4
-9.0309725,9.15804,5
16.867716,10.219507,4
15.147155,22.449978,4
6.2319613,-0.2520615,5
-6.0778484,-11.234234,0
-9.033359,7.9811697,5
5.7906427,0.33916792,5
-7.874003,8.783662,5
7.3764253,4.860744,4
3.6223893,25.377214,5
2.055826,4.8211446,4
14.328648,4.6019998,5
6.5943704,5.7060065,4
-0.18530376,14.250412,4
-9.841877,1.7541325,5
-4.7310867,17.883406,6
13.498639,16.811424,3
5.8265953,23.871752,4
6.1681447,-1.0792117,5
4.618647,0.19545148,5
-10.421834,2.8393874,4
-5.407119,-1.9232432,6
6.438027,-1.9344126,5
-11.929028,17.57531,4
-4.489029,-0.35149568,6
16.615543,9.923452,4
13.975952,16.444698,3
10.701572,-2.598913,1
3.2264335,-2.0473936,5
5.333303,13.305046,3
-8.684126,8.099229,5
-1.2929567,20.70611,5
6.435842,6.6500645,4
-10.010803,1.8945137,5
-6.120499,-7.4735994,0
13.148172,15.999978,3
-0.44370854,20.153063,5
4.2034287,0.31283316,5
5.3937716,-0.73968124,5
6.8767014,-10.298531,3
14.23524,15.724556,3
11.063609,21.90847,2
14.398528,15.7402315,3
6.1562862,6.4568033,4
14.219454,16.129482,3
-1.0347142,21.084057,5
4.6224856,-1.9969792,5
6.6108007,6.2157435,4
17.557032,9.81295,4
4.268046,24.895113,5
17.07742,10.700605,4
11.317782,1.8656952,4
7.342869,17.734867,4
8.173555,5.947073,4
6.796504,6.5282416,4
-11.951846,17.550339,4
3.8668344,-2.3496792,5
2.0744247,10.780847,2
-7.147789,-7.7947907,0
18.453543,-5.562971,5
-3.9507024,6.6737313,5
11.334002,1.8505188,4
14.421837,-0.39674348,4
5.442561,0.94983286,5
13.713146,15.694133,3
14.904418,-0.5126071,4
1.4033881,10.8691,2
-3.1807613,-2.0059204,6
-8.646848,8.252781,5
-6.9506326,12.894592,2
3.6104827,-0.6551509,5
-0.7237578,2.714222,1
-8.445956,12.945874,4
-1.177348,20.570953,5
13.444664,4.6830072,5
-5.5233693,5.549032,5
-5.516265,-7.924134,0
4.383353,-2.0304987,5
-10.17025,2.8648064,4
-3.8736484,-1.8735123,6
-5.503546,-11.33876,0
5.9265366,-0.6202763,5
0.5142097,19.6067,5
8.834059,15.086048,4
17.700644,-5.497425,5
17.736475,9.929149,4
14.220035,15.863193,3
6.466639,6.0707936,4
18.248999,-5.9051256,5
8.28352,6.560068,4
0.0010461642,13.917173,4
17.479942,10.791408,4
-12.222742,-2.5627842,0
-0.18538445,14.384891,4
4.1217775,0.83927,5
7.8555965,6.2442217,4
6.2396216,24.146677,4
-4.969963,-2.9030962,6
3.871026,24.060694,5
2.9339345,-1.8830003,5
6.4549155,5.5795674,4
23.21675,2.6733909,2
3.9235759,24.095661,5
14.004656,15.769944,3
6.868873,7.2785244,4
4.037578,-1.2828518,5
-16.0283,14.804419,4
3.0078635,-0.72511053,5
-4.6435475,-0.46210468,6
4.2295957,25.722479,5
1.5358003,9.215445,2
7.18372,4.3916836,4
18.289,-5.6863313,5
17.649548,-5.9732456,5
6.470743,6.2160654,4
3.1227963,16.756105,4
-8.16933,12.78983,4
-4.4839253,-0.26534873,6
-9.072947,8.299577,5
19.573223,-0.3597019,4
-6.6061883,-7.205118,0
13.194959,16.858185,3
4.2031865,-2.065157,5
4.0501566,-1.6557336,5
5.8614855,5.1018543,4
3.2271478,16.843561,4
-0.8788933,20.552925,5
-6.629875,-7.991931,0
-0.0012321713,14.274351,4
1.5156354,10.927291,2
3.9317114,24.058846,5
-1.0318534,14.376322,4
4.016482,25.544916,5
0.59930205,5.954608,2
-7.8099155,18.461628,4
-4.940193,5.103838,5
-5.294634,-2.4517205,6
-3.9896379,-1.6455028,6
4.2240405,25.724571,5
4.252092,-1.507615,5
7.3066483,7.3445573,4
-0.9896695,21.048384,5
16.368692,10.607497,4
-4.357908,24.324348,2
17.327314,5.7566485,1
-0.04064961,13.938625,4
5.9050503,23.756914,4
6.3847837,24.488932,4
5.9233527,23.776373,4
23.092405,2.5476131,2
5.4854183,6.0241427,4
2.867226,-1.5538577,5
-3.9768188,-0.11217522,6
14.427235,15.713737,3
2.299152,4.5514736,4
-12.158537,14.37156,3
14.14308,15.932657,3
-0.944126,14.495876,4
0.29603294,6.249691,2
3.6903944,24.187778,5
6.389176,24.41081,4
21.604414,5.6380463,4
2.2363951,9.749932,2
14.189294,15.668558,3
0.86057967,19.526161,5
13.975411,-0.7036983,4
15.195118,22.402388,4
-1.9306273,7.564036,1
6.1371326,5.41816,4
13.644883,16.987345,3
7.3483415,6.8272543,4
10.851741,-3.501648,1
14.511287,15.794835,3
5.304991,13.328972,3
2.4086218,10.1700325,2
-0.91102463,14.631087,4
-4.7640033,5.825494,5
23.137144,2.5929294,2
6.062349,6.7361627,4
13.476631,16.869947,3
10.163064,-8.875418,3
-5.7114744,-2.8178523,6
-11.910963,14.601738,3
7.112425,18.352844,4
15.011075,-0.6695143,4
23.078398,2.533686,2
0.47114667,19.601562,5
-8.504547,8.666594,5
7.9894595,6.1140246,4
-4.9600053,5.094948,5
5.548459,0.17519695,5
-6.7510257,-7.270187,0
-0.3328162,20.435347,5
6.039826,-0.8127059,5
-6.0713453,-1.8211619,6
-6.773462,12.958765,2
10.513548,-8.4416065,3
6.0406,-1.9137115,5
-1.4910235,3.0042064,1
19.455156,-5.0032506,5
2.1570697,4.710991,4
-0.29858774,20.428402,5
2.3364391,9.984615,2
0.62947476,19.900517,5
2.2765388,9.427977,2
2.2779708,-10.162272,0
-5.9543333,-1.8099145,6
-6.8595304,-8.20292,0
-10.477061,2.4361005,4
1.4393269,9.878292,2
11.445952,-3.244346,1
7.212415,17.919304,4
3.9011416,-1.5152266,5
9.777288,-13.951308,6
-6.951411,12.880013,2
3.2980468,16.898294,4
14.277942,15.827889,3
3.9021337,23.738863,5
6.624053,5.690999,4
16.57771,10.455684,4
3.1656518,16.802979,4
6.0187087,24.509045,4
0.52432626,19.625216,5
-5.854778,-11.692397,0
17.637402,-5.79191,5
-0.18281269,14.341621,4
-4.490683,5.558234,5
10.74246,-9.03615,3
-12.614044,1.7134182,2
5.355961,13.284575,3
17.977844,18.733927,4
1.1865189,29.160362,4
9.82526,-8.5660515,3
0.012379217,14.22504,4
11.416271,-3.5902677,1
3.7437112,0.117000215,5
5.4691052,-0.35571977,5
19.79396,-0.6140048,4
7.29092,6.209334,4
16.973225,11.194301,4
6.9428444,5.613985,4
-10.667012,21.23165,1
6.9161453,24.161818,4
-3.3668873,-2.1527345,6
4.5293264,-1.5467252,5
9.81844,-13.9920225,6
-4.675364,-2.36373,6
11.283608,-3.5350792,1
6.594719,5.0385337,4
3.8931608,0.42902014,5
4.363159,-2.20198,5
10.232594,-8.596108,3
17.600176,10.728897,4
-9.128838,9.134712,5
5.712503,5.65799,4
16.583466,10.543627,4
-8.864312,8.215993,5
19.856455,-0.10622229,4
-9.384916,8.793635,5
-8.144919,12.792618,4
-5.767183,-11.140986,0
4.067201,23.878572,5
-5.554145,-11.373769,0
-1.4483776,3.159583,1
6.2930274,-1.2702435,5
-0.5539157,20.491116,5
7.035517,17.457632,4
7.0710554,17.674507,4
1.8052418,10.92117,2
-12.43266,14.115764,3
5.791216,-0.96669066,5
16.6633,10.953315,4
2.2431474,-10.126248,0
6.8686237,7.6920934,4
6.252353,-1.3090417,5
-10.226515,2.2849789,4
-6.564263,-7.776214,0
0.7924582,28.768618,4
10.61434,-8.2217045,3
-7.899928,18.13549,4
-4.0263777,0.01934341,6
-9.503023,8.664537,5
3.7971349,-2.4644473,5
9.846826,-8.623947,3
10.7634325,-3.6159146,1
1.1162329,9.545833,2
0.7841996,28.760735,4
17.083992,9.955297,4
5.63796,-1.593434,5
-9.26276,8.200469,5
-4.402457,-0.8560053,6
-8.885145,13.0501375,4
-1.004698,14.373936,4
19.784235,-0.44257075,4
5.4432483,-0.27442512,5
14.583437,4.699004,5
2.8795795,-1.0313417,5
7.0184894,6.6929965,4
6.436755,6.971775,4
0.017388865,20.202093,5
7.462807,-9.845275,3
19.574284,0.12220519,4
-12.383756,-2.4068723,0
-8.033352,18.05191,4
-10.056626,2.530776,4
-9.091588,8.728583,5
-8.43245,12.372349,4
7.0135736,5.53815,4
-8.092529,12.631362,4
2.8662705,-1.9233543,5
-1.3133098,3.9529984,1
15.205039,22.39265,4
-9.175092,9.010739,5
6.530614,-1.1911112,5
-9.993771,1.8701783,5
-12.058205,14.465756,3
6.194968,24.534508,4
4.125687,0.33721688,5
1.5637372,10.570126,2
11.019283,-3.7421434,1
17.316317,5.7435064,1
-0.8830008,2.4276822,1
21.844582,6.074772,4
-4.8210034,17.79165,6
14.198658,4.5855904,5
-4.8855233,5.624769,5
-7.724904,8.713657,5
6.4365487,-1.415755,5
17.383507,-5.8781505,5
19.852928,-0.24033326,4
13.876657,16.28242,3
-4.5743494,-0.31779233,6
6.842441,6.2960215,4
7.429402,17.504322,4
-10.608663,21.172735,1
2.5075576,-10.396411,0
14.006881,-0.70683616,4
14.182417,4.594866,5
2.7518106,16.629272,4
0.7451533,19.321337,5
10.130025,-9.051263,3
-4.1024446,5.7604713,5
-4.086375,-1.7583919,6
7.0319357,7.2117724,4
6.7971563,5.880641,4
-12.367145,-2.423297,0
-6.2574253,-7.124886,0
-4.9833627,5.542753,5
-2.933673,-2.4672997,6
-5.4625077,-11.370711,0
14.404885,15.586914,3
11.012844,21.95777,2
17.722834,-5.4930167,5
5.743796,0.3174474,5
6.6926637,5.02106,4
-7.9104176,8.65515,5
-4.775727,-2.7668397,6
19.860518,-0.21809447,4
17.597979,-5.9021597,5
-2.9736938,-2.0305827,6
3.0098112,16.712769,4
5.533969,0.549511,5
13.412019,4.4457755,5
10.681394,-8.218583,3
13.493547,4.256578,5
-11.942657,14.573173,3
-12.340369,-2.4483745,0
3.595527,-1.4009461,5
2.141323,10.777074,2
-0.094936535,13.96932,4
-4.927384,-2.9336824,6
-8.707187,8.4706545,5
3.87207,-2.4222212,5
1.6566539,10.651278,2
0.5901868,10.726559,2
14.579361,4.693467,5
-5.177476,-2.9006524,6
7.0272603,5.063498,4
10.601075,-3.0806808,1
6.4697356,-1.5976932,5
0.029177155,20.245733,5
5.720025,-1.2848303,5
-5.9384766,-7.367925,0
17.653698,9.828636,4
-0.8112852,2.5187564,1
3.4053288,-2.1922534,5
7.284578,7.239779,4
21.61987,5.6801114,4
1.8330177,10.791797,2
4.0880036,0.34167027,5
6.4217534,-1.6270666,5
19.864077,-0.5716568,4
-6.7599707,-7.987774,0
-5.451906,-7.926091,0
14.360847,5.2538238,5
-9.081015,12.778607,4
-1.2848157,20.694935,5
4.0603876,-2.0789514,5
-8.688657,8.678225,5
-1.3342297,3.8625755,1
6.094683,5.6050367,4
-5.6633925,-2.9861715,6
6.091436,5.185188,4
2.3445914,-10.230679,0
11.440651,-3.4754953,1
17.371632,-5.9242754,5
-5.1325073,-3.3016765,6
2.329531,4.517867,4
-4.9138594,5.1628785,5
-0.009132808,14.278372,4
6.3767157,-2.0446017,5
5.339307,1.0136167,5
10.9396,-8.352218,3
-10.4418,2.8080835,4
-3.9614668,6.6949024,5
6.4636064,17.50287,4
-7.8647733,8.622432,5
4.571437,-1.7686073,5
15.009688,-0.72095954,4
-12.64787,1.7283894,2
17.588919,-5.7649174,5
13.573083,-0.25139892,4
4.020681,0.3366316,5
16.948719,10.29679,4
-5.941116,-11.590446,0
17.006666,10.861257,4
13.983169,16.561394,3
11.082935,21.888836,2
-12.544086,1.7405332,2
5.6156316,0.50993055,5
-6.8274875,12.907253,2
-1.982123,7.6238747,1
6.4701953,-1.7752918,5
6.4864244,-0.98916644,5
-9.410227,8.314212,5
8.495705,6.3250375,4
17.462381,5.90834,1
17.688911,10.267333,4
4.4390907,-1.5314345,5
-4.290231,-0.5454369,6
17.439976,10.835555,4
18.86057,-5.1396923,5
2.2748702,-10.158695,0
2.3907442,-10.277749,0
4.1896944,25.691002,5
9.032915,15.284411,4
-6.1901116,-11.735602,0
17.501057,-5.829871,5
-9.161535,9.097052,5
10.759867,-9.102985,3
6.3810697,17.51821,4
-5.533933,-1.9600732,6
2.4035828,4.44364,4
5.992106,0.25497034,5
2.3336446,10.498576,2
7.7759795,5.6717825,4
-6.325811,-11.698413,0
6.2109995,6.2072864,4
14.630514,-0.7707948,4
2.2449224,9.970236,2
3.0603015,-1.7392054,5
14.520411,5.225084,5
10.606881,-8.278498,3
14.854952,-0.47803274,4
-6.0529327,-7.5167165,0
0.39184722,19.9374,5
13.534134,16.637577,3
-1.2001587,3.2129824,1
5.483275,-1.2107155,5
6.1890354,5.4135895,4
-7.965282,8.266133,5
19.670202,-0.5181243,4
16.610386,10.470055,4
-0.84571475,14.09153,4
-0.11597644,14.281721,4
1.0777127,29.052153,4
13.143619,16.159472,3
6.9489884,17.496712,4
8.034852,6.711666,4
9.774542,-13.948618,6
-2.9310448,-2.5146384,6
3.62777,23.612434,5
-0.3301857,20.461823,5
3.9234447,-0.285938,5
6.683388,5.438467,4
-4.72298,-2.5442202,6
-1.3608677,4.781289,1
4.2200975,0.7018931,5
6.247385,6.242721,4
5.6514697,5.371818,4
-10.518778,2.3584404,4
-5.3990827,-11.286673,0
-12.15716,-2.6257343,0
-10.390761,2.8992548,4
17.793758,6.226342,1
3.0158782,-0.689953,5
6.1684246,6.9483767,4
21.834862,6.063315,4
6.263304,4.172698,5
11.451478,-3.3659744,1
6.95116,5.477352,4
6.142412,5.257956,4
6.4458427,5.528137,4
5.9996123,0.20104654,5
-8.562621,8.8418455,5
6.5248075,5.9222636,4
13.805661,16.433481,3
5.7509723,-1.6688854,5
-4.8260655,5.1452303,5
-4.424292,6.176052,5
10.381542,-8.897889,3
6.0338225,24.522425,4
1.023264,9.023533,2
1.4230887,10.896065,2
16.885916,11.205495,4
6.7318463,5.7072153,4
3.8136961,-2.1714277,5
-10.419203,2.347672,4
-6.0694366,-11.22583,0
-2.0099382,7.684181,1
3.539084,25.340366,5
23.23387,2.6911168,2
18.185713,-5.2705016,5
-1.072127,21.063437,5
6.5922303,-1.2492465,5
5.6638474,5.702069,4
-5.773903,-2.1677194,6
-12.743664,1.676517,2
4.705691,-1.0931218,5
2.327809,9.976858,2
5.931076,23.764385,4
5.3425364,-0.9620808,5
-6.653114,-7.575544,0
-5.839672,-11.151671,0
1.3770157,10.646514,2
-4.7964687,-2.3256607,6
2.842552,-1.9540527,5
-10.691518,21.256063,1
3.660239,-0.746105,5
17.367487,-5.9288564,5
5.3672733,-1.3088027,5
5.970227,6.512883,4
-1.1702166,2.46525,1
16.978107,11.191216,4
6.7793775,7.4197817,4
-8.8374815,12.563366,4
21.611809,5.6651435,4
-6.906522,-7.893225,0
7.1648154,5.677222,4
0.6558446,19.93601,5
5.4401445,-0.24854845,5
3.7895336,0.019608729,5
5.455182,5.852549,4
13.73882,15.530405,3
2.4090128,4.429169,4
16.732298,11.146973,4
-1.4200327,2.5417075,1
16.860924,9.882515,4
10.924863,-2.787049,1
-5.030463,-1.955385,6
-0.55384225,20.144516,5
-1.5613809,2.8018289,1
17.782913,10.000006,4
-8.125755,8.321982,5
-5.6274214,-7.5410686,0
-4.9183574,5.3396444,5
19.374617,-4.9288807,5
-4.106707,5.7577,5
-6.956485,-7.4698396,0
5.7147703,5.362086,4
-0.891709,14.669663,4
-16.03659,14.812379,4
6.504109,-1.4043725,5
-4.917835,5.383318,5
7.0509024,6.146157,4
16.37295,10.645614,4
10.921713,-3.5287826,1
5.054464,-2.1973448,5
6.0299845,-1.3691322,5
7.334625,-9.852352,3
-7.0822935,12.7971115,2
4.0541506,23.872288,5
10.690709,-8.253748,3
5.848842,23.817366,4
17.802774,6.2378206,1
17.36678,5.8000073,1
5.6198306,5.5489736,4
6.2263093,6.2027164,4
-10.352836,2.1840365,4
14.579253,15.76735,3
7.200278,5.6238275,4
-4.672808,-2.530983,6
9.100406,15.351487,4
4.146032,0.9567063,5
-4.04674,-0.038409483,6
0.8229909,28.798775,4
10.017972,-8.474801,3
-6.19947,-2.2607615,6
-4.4610944,-0.29006878,6
5.978285,-0.85593027,5
-5.130873,5.9845924,5
-5.121292,17.47918,6
-5.550398,5.58131,5
10.86054,-3.7587006,1
5.0422797,-1.9726834,5
6.3109202,24.114132,4
-1.1546456,-11.489381,0
10.7101755,-3.3085687,1
-8.08231,18.601727,4
23.04526,2.5004692,2
11.004928,-2.6911917,1
-1.4520556,2.8086312,1
8.371767,6.150366,4
19.247019,-0.03830263,4
-4.381337,24.30147,2
2.0304708,9.289362,2
-7.159082,-7.8096967,0
4.298692,-1.5400269,5
13.563027,4.266399,5
10.049448,-8.866514,3
6.9369416,17.476938,4
7.0430202,5.3196163,4
7.222452,18.168415,4
17.641535,10.68087,4
11.174517,21.79678,2
10.726568,-8.840156,3
14.333755,-0.463428,4
7.0656962,4.6849356,4
16.53638,10.110164,4
19.151371,-4.7279963,5
5.8130956,-1.3498648,5
-5.8389716,-1.9055082,6
7.078001,18.350637,4
2.9861715,16.69885,4
7.208128,17.945398,4
-0.7735703,14.718004,4
3.749619,24.461895,5
-1.2466335,4.0959134,1
19.293598,-0.2564986,4
-12.053842,14.4693775,3
10.912019,-8.287425,3
-8.744067,12.330198,4
-5.966285,-7.472298,0
11.012025,-8.234574,3
-8.2303295,8.590956,5
8.804817,15.056878,4
17.795206,6.2319083,1
-0.52926755,20.074902,5
-0.004965698,20.261099,5
7.652278,7.383225,4
10.305547,-8.25632,3
7.107348,18.347763,4
6.1985736,-2.1013825,5
10.691424,-9.098852,3
0.7011434,19.93519,5
10.906896,-3.7344167,1
4.0641694,0.48009524,5
5.888836,-0.7054035,5
7.2049294,6.8794384,4
-10.648403,2.5350573,4
-6.2436295,-2.333746,6
7.9598904,6.5969453,4
-1.4968748,2.8443983,1
5.8855867,-2.1205616,5
-8.851198,13.1080475,4
6.350431,18.062798,4
5.983443,-0.073270306,5
5.781905,0.33672923,5
13.860599,-0.5367355,4
4.929264,-1.7318562,5
14.75123,-0.6416154,4
-12.403075,14.144161,3
-8.406029,12.9570055,4
-1.4547545,5.150568,1
1.0043784,9.893872,2
-8.839401,12.708654,4
16.966236,9.7415905,4
-10.530272,2.746797,4
4.496288,-1.8423812,5
-4.4181266,6.048401,5
3.6498816,24.016415,5
6.3488145,-0.71941876,5
-10.092278,2.6715724,4
19.044613,-5.157907,5
-3.800446,6.5314875,5
14.038373,16.389341,3
11.34733,-4.082141,1
1.4044676,9.233893,2
-5.624368,-7.4805355,0
18.816275,-5.606484,5
3.4703546,-0.70916057,5
8.115493,6.815354,4
6.900973,6.6221223,4
-0.5593765,20.071198,5
-3.957752,-1.7124163,6
14.090541,-0.77454233,4
7.4028378,-9.892158,3
13.133327,16.32036,3
6.431095,5.582569,4
7.0446467,17.437328,4
14.465893,15.669523,3
-4.868724,5.88625,5
-11.860382,17.635675,4
13.398953,4.4220753,5
4.2927713,0.5510381,5
2.3363898,4.510635,4
6.328689,18.00765,4
6.899052,5.89949,4
5.505168,-1.61329,5
-3.8442805,-0.502677,6
6.57379,-0.9554317,5
-4.255841,6.3197203,5
6.27283,6.074762,4
-7.072059,12.791651,2
-10.374418,2.8046403,4
-3.0038564,-2.3737707,6
-1.8663667,7.18034,1
4.0641975,-0.6877823,5
15.111956,22.48558,4
16.74562,11.050656,4
-4.3247466,24.35166,2
-6.907613,12.8466835,2
-8.279891,8.726253,5
-12.332709,14.21024,3
13.528304,-0.20587516,4
4.635822,0.29323298,5
11.077087,21.894724,2
-0.83678615,3.3505917,1
14.881808,-0.76456577,4
2.0158744,9.824907,2
6.1200237,3.860043,5
4.955831,-0.8704761,5
6.4406176,5.877309,4
-1.0388596,14.386576,4
-6.186085,-2.0989225,6
14.307789,-0.8174923,4
7.019131,17.603043,4
13.486022,17.259844,3
11.11407,21.85683,2
3.201788,16.824121,4
-4.3345118,24.343067,2
0.41718808,19.615274,5
-3.8440785,6.22012,5
10.63722,-3.170256,1
17.185478,10.496882,4
-3.0015476,-2.0303688,6
4.683713,1.2467148,5
-6.247784,-11.794056,0
-7.966397,8.260412,5
6.9031053,6.28032,4
4.8984933,-1.3192966,5
-4.9932656,5.644474,5
-5.379401,-1.9114349,6
10.277395,-8.7605915,3
-4.357983,24.321758,2
2.109605,10.299053,2
-4.6774025,-0.37664098,6
8.721201,6.1688066,4
-1.4472468,3.2639816,1
3.737769,24.427902,5
-0.18724893,20.206371,5
5.927363,5.080834,4
2.4934137,-10.382569,0
4.080399,0.34642428,5
14.303369,-1.0646389,4
18.225224,-5.605427,5
14.623495,4.7224493,5
4.774404,1.2955594,5
17.861038,9.983608,4
14.571417,15.750438,3
3.0672045,-0.9447243,5
5.5535703,-0.69189614,5
6.1658506,17.686035,4
9.020076,15.271269,4
7.877097,7.1844034,4
6.033674,23.9212,4
21.606628,5.6351757,4
0.9790279,28.954256,4
-8.323749,9.03693,5
4.4676986,0.6843136,5
8.279554,5.979032,4
-0.93845385,20.732748,5
-10.580761,2.5209434,4
-8.603773,12.31054,4
6.9257917,24.217005,4
3.5244067,23.716225,5
7.149888,6.017028,4
16.596237,10.49398,4
6.192171,6.2061186,4
4.204005,25.233622,5
-1.3187745,20.799349,5
6.373315,6.8832345,4
19.581623,-4.9258776,5
-5.8661838,-7.782689,0
17.379747,-5.944342,5
2.789831,-1.1559542,5
5.503415,0.16203138,5
6.694605,5.750849,4
16.534943,10.110459,4
-4.9627185,17.643417,6
13.590715,16.93978,3
-3.3172927,-1.9935216,6
8.017784,6.616646,4
6.993422,6.611512,4
1.0056428,10.608551,2
1.8520927,9.707458,2
0.45929688,20.124586,5
4.2395306,0.72689384,5
16.841215,11.052095,4
6.8079667,-10.474846,3
8.040911,6.6381764,4
14.350868,5.2651644,5
17.288477,9.771953,4
5.698717,24.08702,4
7.6396413,7.4078517,4
17.65686,9.870094,4
1.8725808,10.884366,2
6.813838,-10.460568,3
-12.384011,-2.405727,0
7.2323303,17.911268,4
6.826883,-10.35849,3
-1.4635808,3.2425308,1
-5.563824,-11.522733,0
-8.756663,12.942645,4
-8.147833,18.630844,4
3.6732008,23.997507,5
6.363209,18.018095,4
2.186923,9.918154,2
-1.2617395,20.74168,5
17.77826,-6.011927,5
14.033747,16.352016,3
-1.2014087,20.567999,5
9.159412,15.410285,4
-1.0346373,14.387472,4
18.817173,-5.6202626,5
-3.935007,5.4722977,5
0.007012118,14.243208,4
7.7268395,5.673288,4
-1.3115166,3.9527354,1
-8.529637,8.7188015,5
16.620544,10.971178,4
17.309238,5.735864,1
17.682238,-6.0015492,5
2.0443804,4.832266,4
1.0678173,10.701005,2
17.79363,6.2294893,1
-7.1278505,12.768315,2
7.373432,-9.84799,3
0.6045558,10.723299,2
-4.888502,-2.3849006,6
14.614266,4.688271,5
1.3673042,9.959171,2
3.7186246,24.831587,5
-4.361363,-0.90934235,6
-6.1364675,-1.8501105,6
-10.492097,2.6140318,4
14.808614,-0.59310263,4
3.836002,-0.23648474,5
-6.040183,-11.803905,0
1.0833936,29.057766,4
21.502115,5.5173526,4
1.0355757,9.041841,2
2.402222,4.4465766,4
0.568835,5.9845834,2
6.7378116,5.005973,4
-4.7075477,-2.4815512,6
6.4030423,18.04695,4
4.5175037,0.4395113,5
2.0908077,10.6718025,2
9.790532,-13.964176,6
17.944239,18.768103,4
11.039774,-4.1180277,1
6.0702615,23.89138,4
6.477317,5.0542636,4
13.622611,16.210615,3
1.8803259,10.80407,2
6.0507174,-1.2218314,5
4.998521,-0.3297208,5
1.050222,29.02447,4
-1.1279383,20.80041,5
10.799217,-3.8565915,1
19.615183,-0.39087257,4
2.5307796,-10.420214,0
17.398918,5.8352013,1
-5.436993,5.694648,5
11.113367,-4.2707925,1
11.36918,21.604628,2
7.1742435,4.3770785,4
-1.6219116,2.6904633,1
-10.145793,2.4533918,4
23.11355,2.5690024,2
-4.520365,-0.26073918,6
-5.802871,-1.900207,6
-7.095866,-7.981435,0
6.2301965,6.2176604,4
-10.614195,21.178377,1
6.401275,-2.0926192,5
11.019863,-8.219671,3
7.958522,6.241624,4
3.7316082,-1.0820018,5
13.905606,15.748728,3
16.920248,10.672861,4
19.29275,0.047750946,4
-9.371193,8.786013,5
-11.946328,17.559088,4
13.567992,17.114725,3
13.821755,-0.5024051,4
17.777094,10.213862,4
4.7418838,1.2243508,5
7.466704,17.48006,5
6.8776884,-10.426651,3
17.911766,18.801218,4
6.4746847,5.2569695,4
-1.9758626,7.6235523,1
-5.5627856,5.6565185,5
2.4039052,4.442755,4
-2.9754207,-2.4176748,6
9.781924,-13.955855,6
4.2154408,-1.5159185,5
-5.8557634,-11.090764,0
-11.911835,14.601971,3
3.3987377,-2.11507,5
19.502033,-5.029078,5
6.328434,5.2968745,4
6.3599796,5.5344615,4
-5.790999,-2.2455323,6
7.0562553,5.393939,4
-12.196667,-2.5879805,0
-1.4987853,3.0063906,1
-4.3793883,5.8983626,5
13.566385,16.653482,3
3.6723921,-0.6901136,5
14.535866,4.668636,5
-11.9449625,17.562712,4
5.466368,5.9781804,4
-1.5638431,2.8016932,1
-8.849681,13.042211,4
16.90257,10.0275545,4
14.533353,15.802477,3
-8.13126,18.584576,4
-8.085976,8.675135,5
6.541977,6.505829,4
-5.121926,-3.3047638,6
7.277919,6.978633,4
-3.7820528,-1.900392,6
-10.603863,21.168072,1
-5.8564644,-2.3466575,6
-0.64143455,20.456108,5
6.8828874,6.512061,4
7.1188226,-10.200647,3
6.1360807,-1.1884409,5
9.888573,-8.5514765,3
-0.8953486,14.623462,4
8.762309,6.2366405,4
5.8421264,0.30253437,5
17.666636,-5.968243,5
14.466047,15.654808,3
2.8294516,-1.132359,5
10.646974,-9.087277,3
19.166378,-5.315256,5
-3.9345179,5.9487004,5
7.0293293,17.47888,4
-5.612967,-11.532091,0
1.0505307,29.02501,4
10.917624,-8.242191,3
3.62181,25.238163,5
-1.3483377,4.7088,1
11.438564,-3.35556,1
2.4943328,-10.383349,0
2.9996474,-1.9101608,5
-0.6444327,14.030634,4
3.5657592,-0.6916347,5
5.773663,0.2539112,5
-8.01516,18.048813,4
-1.9931878,7.6470284,1
17.82508,6.262149,1
10.997289,-4.055517,1
16.817501,9.765996,4
17.35548,10.482013,4
13.739322,-0.18872623,4
-5.113631,5.8921003,5
7.3461905,5.628534,4
2.0906045,10.279718,2
6.2700667,4.193083,5
-5.0939026,17.506317,6
5.339311,-0.26645914,5
-4.9050007,5.298452,5
16.989693,11.1646,4
5.833167,6.589523,4
21.700535,5.8502593,4
16.841763,9.675436,4
7.0155406,-10.301674,3
-3.830422,6.4928837,5
17.304316,9.736761,4
1.5345656,10.019407,2
-10.055225,2.5690334,4
6.2203407,-2.0671787,5
5.429903,-0.32627442,5
1.8670223,10.875562,2
10.651595,-2.6073663,1
-12.335784,-2.4527843,0
11.024232,-4.106944,1
-3.9336917,5.4753017,5
7.4693055,-9.840828,3
-9.300329,8.227316,5
2.7464628,16.587048,4
0.38236853,19.611004,5
3.6186805,-1.3528786,5
4.3895783,0.59486735,5
-6.0279126,-2.0657222,6
14.089543,15.816323,3
-1.0338612,20.74281,5
-0.06411993,13.966289,4
10.901699,-8.291109,3
-1.3070055,20.810394,5
7.166702,-9.84645,3
-8.049846,18.486317,4
-12.213691,1.8336512,2
6.988096,5.592565,4
17.312147,10.766503,4
10.729022,-9.103748,3
14.022729,-0.72806406,4
11.032293,21.938692,2
8.077723,6.923269,4
7.0534844,-9.938845,3
14.651528,-1.3899295,4
5.2481213,0.086265415,5
17.805662,6.238181,1
-3.9311516,-0.6019615,6
3.8336225,24.120655,5
4.5276284,24.964714,5
16.384302,10.687421,4
-5.747031,-2.8223424,6
7.0865607,18.078588,4
-4.8698053,5.185853,5
7.415457,17.483788,4
5.927299,23.766066,4
6.8424926,6.581621,4
-0.8348978,2.4587045,1
-0.07113266,14.341152,4
-11.991863,14.52677,3
-16.031322,14.807071,4
6.2107906,6.58627,4
5.699345,-1.3013037,5
13.454137,17.206,3
2.0446372,4.8331237,4
6.849842,24.236086,4
3.6493425,23.594685,5
13.585863,4.6032896,5
11.480703,-3.486899,1
6.319259,5.212524,4
6.498072,-1.6810242,5
13.3168745,16.097898,3
-8.255603,8.752222,5
10.616753,-3.1105485,1
5.2339344,13.3830385,3
3.7017741,0.13256393,5
6.802783,5.404507,4
3.9894145,-0.71273476,5
6.9064493,7.7862267,4
7.1667213,4.3614335,4
-1.4664013,5.2008615,1
-4.3710213,-0.89907974,6
14.392036,5.254483,5
-0.30541036,14.483778,4
7.512803,6.0210543,4
-12.329692,14.213392,3
-6.3467307,-11.640805,0
-0.8992962,2.397971,1
7.0507755,17.701403,4
11.045207,-2.7896676,1
-8.782933,8.686983,5
-4.341425,-0.95034117,6
2.3170319,10.57466,2
6.2319436,-0.5602325,5
-0.7446488,14.443645,4
8.063981,6.9018908,4
10.655374,-3.1045625,1
8.564112,5.9094577,4
-5.055396,-2.4040785,6
-5.2169313,-2.940498,6
-1.162241,-11.481767,0
1.852004,9.386028,2
8.802169,15.0534525,4
-4.4231296,24.26023,2
3.4513967,-2.3292553,5
2.7498426,16.564117,4
9.061722,15.311593,4
6.2886543,-1.5867436,5
4.3992343,-1.9109961,5
4.732176,1.2084198,5
-7.6274443,8.5846815,5
2.3390856,9.439584,2
5.2421145,13.374619,3
-12.444692,14.104646,3
-5.7894764,-11.700586,0
-1.0470854,21.079834,5
-0.042166978,13.922008,4
20.878933,1.1589338,4
2.0432687,4.8343363,4
-3.0194187,-2.3968747,6
14.634142,-1.3673638,4
6.585627,-1.4315877,5
2.4809978,9.801038,2
-12.439515,14.109642,3
14.0323105,16.313795,3
11.364661,-3.738672,1
13.386053,4.564444,5
-8.683163,8.698869,5
4.1830564,0.7403057,5
3.7160475,-2.5772748,5
-4.0344033,-0.058452565,6
6.42889,-0.67089343,5
6.0781503,6.4483333,4
7.138225,18.27106,4
3.9923701,-0.3488856,5
-4.8707128,-2.9794688,6
4.500035,25.203867,5
13.135758,16.440353,3
6.5722504,24.282742,4
16.964231,11.156732,4
4.591612,0.17193826,5
7.317879,5.7303815,4
3.8678026,-2.4715004,5
-0.40932396,14.097038,4
7.4963307,5.9605374,4
3.2929978,16.889084,4
6.4329143,-1.986519,5
6.8655887,-10.283064,3
6.091117,17.689844,4
7.875689,7.1460576,4
8.798942,15.050251,4
6.046154,6.5512543,4
7.316002,5.4658604,4
-5.562976,5.605874,5
-1.046063,14.427401,4
-7.6521873,8.601196,5
17.924025,18.788538,4
7.1957583,5.581801,4
7.3269114,4.482007,4
-5.4488482,-7.905047,0
14.655207,4.7934513,5
-1.5046234,2.8295856,1
6.5273685,5.4404774,4
11.41358,21.560555,2
7.3735967,5.773524,4
-12.399588,1.7587222,2
17.675653,-5.9664,5
1.5335159,9.588941,2
6.8495116,-10.461752,3
6.1840477,-1.7328229,5
3.728798,23.616045,5
4.067143,-2.1040633,5
-1.3670716,4.776327,1
6.053845,6.668644,4
1.8065027,9.872378,2
-2.991046,-2.094963,6
-5.5482426,5.5983186,5
-5.4961925,-2.7280703,6
17.404675,9.953107,4
-8.481441,12.881153,4
7.717247,6.2355614,4
8.343388,6.493229,4
10.12391,-8.998515,3
-16.033766,14.809574,4
-12.168098,-2.6149452,0
19.560457,-0.4351851,4
-1.0489768,-11.595818,0
14.407665,4.620029,5
-0.8318248,14.707798,4
9.771062,-13.945246,6
13.920061,16.6115,3
-1.3458457,4.6863666,1
-1.412629,3.3376532,1
-10.668789,2.7602563,4
10.346489,-8.261074,3
4.2345386,25.53343,5
-10.47307,2.8410537,4
1.582843,10.451359,2
1.3189669,9.1687765,2
3.80238,-2.429482,5
-4.3446755,-0.37563497,6
-2.007209,7.6402125,1
-0.3525623,2.3161283,1
-0.14483991,20.092459,5
-6.129391,-1.8011287,6
4.469199,25.27463,5
8.773326,6.2169414,4
-9.296219,8.150386,5
17.561792,10.775972,4
16.69377,10.019299,4
11.18979,-2.9389937,1
8.825118,15.077252,4
11.057522,-4.2042994,1
4.519173,-0.026605995,5
-7.670215,18.198141,4
-5.121569,5.9009027,5
15.13791,22.459597,4
-7.7728963,8.7013235,5
6.9290686,6.653198,4
-4.00346,5.640774,5
-0.981638,14.444137,4
13.597393,4.6730266,5
21.584688,5.616374,4
7.2351522,6.1145387,4
3.149696,-1.6660305,5
-5.4135685,-1.9243616,6
3.4488463,-1.0256941,5
5.6612883,-0.09924945,5
-10.371819,2.1881778,4
3.9713728,24.825272,5
17.80991,10.021785,4
-6.036653,-11.916153,0
4.1807704,24.329384,5
-11.94551,17.561754,4
3.8165998,25.462692,5
-12.37736,-2.412332,0
-12.261045,-2.5261142,0
-10.433806,2.2521825,4
-8.855776,13.070072,4
1.0739852,9.061491,2
6.096434,-0.8835695,5
-8.648177,12.295601,4
5.5780616,-1.5509567,5
6.2911687,24.114914,4
-5.157225,-3.267942,6
-0.82451475,2.4781606,1
19.571884,-0.45621666,4
11.315963,1.8675721,4
11.2787895,21.693851,2
18.584373,-5.782814,5
2.064713,10.251437,2
17.54204,9.826957,4
5.614843,-1.5973887,5
14.064081,-0.79185355,4
-6.6167727,-7.683246,0
6.3858504,-2.0419645,5
7.169312,6.192006,4
4.0963564,24.786148,5
-6.162217,-2.4262218,6
2.1576579,-10.04042,0
13.741557,15.507352,3
-5.069825,-3.0046828,6
5.407532,5.8930707,4
6.8497777,7.2778835,4
3.0079432,-1.3175697,5
-1.2976253,4.0071917,1
2.32679,4.5206,4
17.823774,-5.2533126,5
1.168283,29.14198,4
2.7233682,16.569334,4
11.4465275,-3.3415716,1
-5.705197,-2.0066037,6
-10.084,2.4394634,4
-8.09607,12.610386,4
-5.897071,-7.2862215,0
1.3997421,9.212413,2
-4.3826437,-0.77405226,6
-8.722531,8.074919,5
5.0826254,-1.0791795,5
7.0337896,5.094389,4
3.854229,-1.4677,5
0.97861665,10.382281,2
-4.414744,-1.9096693,6
5.762809,-1.6344193,5
1.2065808,9.590715,2
-1.6532111,2.6363382,1
0.98465216,10.551055,2
4.6981187,-1.0759617,5
-6.1009517,-11.363229,0
-4.0282545,24.647224,2
3.716665,0.2951877,5
8.3944435,6.4548683,4
5.891195,-0.8034794,5
18.18156,-5.8888083,5
-6.213522,-7.274139,0
13.487403,4.7514324,5
5.9663935,-1.2724719,5
6.98667,7.826222,4
4.07794,-1.8246096,5
6.804139,-10.482274,3
-4.03041,-1.5872844,6
9.075949,15.327014,4
10.72324,-8.221111,3
-12.085234,14.439941,3
-12.053748,1.8656062,2
14.638592,4.8169346,5
-1.2189001,20.647491,5
17.87865,18.83439,4
10.841904,-3.9687014,1
5.9557505,23.887693,4
-5.383212,-11.305128,0
-4.3690267,-0.90956026,6
18.460548,-4.6695085,5
3.926536,25.491928,5
-1.0341227,21.110102,5
17.814543,10.026012,4
-0.26944906,20.267357,5
18.46963,-5.433772,5
-0.06937363,13.956922,4
7.3934064,5.55041,4
-7.9686007,18.090939,4
18.304686,-5.174316,5
16.512808,10.83771,4
-4.4878564,-0.38090587,6
-6.219948,-2.289144,6
8.733857,14.985694,4
19.253342,-5.336328,5
-0.35595956,2.3175533,1
-6.746204,-8.224809,0
-1.1580507,-11.485803,0
8.183371,6.7282243,4
17.2212,10.869082,4
2.9611566,-1.7983979,5
-4.9962983,17.605686,6
18.9927,-5.1742835,5
-0.78711456,14.297377,4
2.060197,10.890747,2
-1.8714162,7.171376,1
6.2354884,7.100163,4
10.375865,-8.27679,3
-0.7784634,20.656342,5
5.433631,-1.539783,5
-2.9454424,-2.482212,6
2.3902605,9.83892,2
-5.828117,-11.716461,0
-7.142584,-7.920356,0
14.748817,-0.64388794,4
-12.069026,14.454402,3
23.168346,2.6243825,2
7.004807,18.292217,4
6.5184298,-1.4991859,5
10.872326,-3.5727465,1
3.8129218,0.40399826,5
7.280275,17.945738,4
5.381113,-0.2634284,5
14.812319,-0.8165164,4
-4.9640503,6.067435,5
2.3239093,9.837981,2
11.057494,-3.3159714,1
-4.08439,24.585472,2
13.4407015,17.150246,3
-9.075963,7.929061,5
23.222755,2.6800766,2
4.228144,25.680313,5
-3.2536798,-2.01333,6
-3.021816,-2.3759394,6
1.9275908,9.366633,2
6.9308057,6.1576557,4
11.074869,21.897175,2
6.0684886,-1.4593161,5
-6.7594943,-7.2947373,0
2.7596881,16.580687,4
16.806509,11.165446,4
-1.313915,20.823217,5
-7.8932905,8.30389,5
14.483074,15.842384,3
4.3792562,25.171835,5
7.827266,6.329394,4
-4.1316104,-1.8059067,6
0.047106367,20.299757,5
5.662781,-0.7840432,5
2.2323256,-10.115571,0
6.4363217,-0.60272396,5
-5.8023834,-11.594899,0
-5.137748,5.815176,5
4.3454046,-0.18992646,5
14.344853,15.576782,3
14.365543,5.2317514,5
-10.609957,21.174078,1
-3.98631,-1.466557,6
-7.9498816,8.239302,5
7.3305244,4.4950967,4
-2.9872806,-2.02263,6
5.455526,6.0285397,4
-4.4408817,6.5234666,5
-5.1981688,-2.5523012,6
-6.7673655,12.956259,2
8.438021,5.8154297,4
19.452364,-5.0379624,5
6.296631,24.125954,4
14.604345,5.133962,5
17.657406,-5.868278,5
-4.0230646,6.2219357,5
3.1271446,-1.7159288,5
23.107033,2.5622332,2
8.2767935,5.7349,4
5.9835734,23.853676,4
2.3857882,4.4637933,4
13.88037,4.831612,5
9.813743,-13.98733,6
0.32639024,19.998484,5
-8.419498,9.064207,5
6.565079,-0.96645766,5
1.667888,9.657609,2
-3.2406664,-1.990308,6
10.89644,-3.7089336,1
7.912656,5.602766,4
-0.9915695,20.480936,5
7.0617046,5.09349,4
10.693429,-9.116747,3
8.208536,6.6722417,4
17.743183,-5.3777304,5
-1.9714849,7.6100307,1
6.0656295,6.4252615,4
3.6298695,-1.3691429,5
3.7022843,24.952236,5
17.690964,-5.9538484,5
2.3807793,9.509666,2
7.77086,7.3396816,4
-4.0995803,24.57287,2
8.11677,6.0348325,4
6.9323606,7.785329,4
0.46600926,20.064816,5
4.236371,0.309148,5
-5.9098034,-11.495162,0
-6.6095386,-8.224818,0
8.388921,5.9776106,4
-0.8292865,14.096868,4
-12.493857,1.7745334,2
-5.9499507,-7.247352,0
1.6879746,10.795943,2
14.199143,-0.99881744,4
-8.299707,12.9185295,4
4.15295,24.744776,5
-0.86310226,2.445207,1
-5.6637797,-11.61497,0
-9.941976,1.8288027,5
14.267832,4.6271515,5
3.553275,-2.6939566,5
-5.3031526,-2.9928243,6
-8.6304035,12.285463,4
19.275421,-5.082298,5
-8.403356,12.522372,4
8.811022,6.366369,4
18.092077,-5.1180663,5
13.610149,15.551653,3
-7.883129,8.591088,5
-0.79715896,20.238115,5
19.60791,-0.16968398,4
-4.872322,-3.0653293,6
17.70683,-5.413767,5
16.813467,11.142494,4
-10.147222,2.8724263,4
6.3835263,-0.5182944,5
11.467674,21.506529,2
5.7524962,5.3909907,4
6.427079,-0.40081385,5
3.0572,-1.2412262,5
6.3289704,3.9681382,4
4.0306716,0.003503363,5
-9.059253,9.163042,5
-5.5864296,-11.41353,0
11.2235155,21.74915,2
1.3054942,10.805566,2
-12.389398,-2.4004984,0
3.8145287,-1.9439087,5
-16.036274,14.81203,4
4.558689,-0.39746138,5
5.3866267,-0.28933147,5
-9.468089,8.631848,5
-1.0122001,14.389158,4
-5.296329,-3.0539012,6
5.940024,6.5948863,4
16.91921,11.198101,4
-5.4138637,-11.290239,0
6.601626,24.24308,4
19.751852,-0.19767521,4
-6.039225,-2.2670012,6
6.9157863,5.951673,4
10.661567,-2.6500301,1
-4.9560084,5.7562504,5
2.5269697,-10.416813,0
6.5548043,5.80574,4
2.1148138,9.310159,2
-0.005059506,20.25375,5
-5.906064,-1.9133134,6
3.7910466,-0.68000394,5
6.4503565,17.58928,4
-6.3198442,-7.1744795,0
1.1710682,9.831555,2
14.543604,4.7670603,5
6.6411276,5.421311,4
0.7494369,19.328146,5
14.769173,-0.7409236,4
0.65259105,19.934706,5
-5.554013,-11.205454,0
19.870546,0.03070158,4
5.548961,-0.552294,5
19.602745,-0.27087238,4
3.2059476,-0.78976905,5
-12.1434555,-2.639348,0
2.406355,4.4320893,4
-7.978358,8.212407,5
-12.50191,14.044183,3
11.047819,21.924307,2
3.8660808,0.3738519,5
2.7337537,-10.626796,0
2.9506276,-1.0951159,5
-7.690806,18.171505,4
5.6193275,-0.74112976,5
-4.762875,-2.4302232,6
-4.456619,24.227598,2
6.7152658,6.5449967,4
0.9225534,10.443745,2
5.989245,-1.484462,5
17.35891,10.695887,4
13.640559,4.631042,5
-5.771794,-7.999054,0
-4.7412825,17.873375,6
14.067418,-0.73705816,4
2.8748498,-1.1646686,5
19.22155,-5.453176,5
3.3391335,16.921257,4
20.881712,1.1578615,4
19.5724,-0.31505916,4
3.2492454,-1.070631,5
4.0026717,25.111385,5
6.390284,17.6796,4
8.692906,14.944622,4
7.233952,17.433123,4
8.069546,6.903779,4
13.611649,4.2164845,5
17.544199,10.647231,4
-3.953614,-0.19960782,6
2.1386487,-10.021337,0
6.686185,6.515032,4
8.69761,6.088489,4
10.486384,-2.634087,1
14.45388,15.847488,3
-8.295759,8.880043,5
2.7348235,-10.6277075,0
3.181505,16.812603,4
-4.4851894,5.63675,5
14.409372,15.573086,3
-0.094058014,14.515149,4
17.967575,18.744349,4
8.809949,6.522105,4
2.2774622,9.441203,2
9.145521,15.395768,4
-9.185049,8.994185,5
-0.8061739,3.1521254,1
6.2237945,4.160169,5
7.1351256,-10.199281,3
11.086946,21.88493,2
-11.8654,17.642296,4
5.087935,-0.6239358,5
-4.887703,-3.3512285,6
-1.4102416,3.2897213,1
-0.9065665,14.502663,4
11.122099,-4.2717896,1
6.9985776,5.5904818,4
17.619946,6.055108,1
19.292747,-5.2008786,5
-5.3594666,5.3027563,5
-8.141594,18.615482,4
13.463593,17.252893,3
0.58610314,10.726425,2
7.066941,17.455835,4
6.825117,6.120175,4
-4.767387,17.846832,6
6.507663,6.3266106,4
-7.561786,18.453375,4
7.834292,7.232005,4
6.4636254,5.3308034,4
-0.9357391,3.6040664,1
-4.3774495,-0.81029135,6
4.0099635,-2.3587348,5
4.678554,-0.4291203,5
3.7571418,24.52074,5
-4.909664,17.696856,6
5.8792796,23.860466,4
5.567314,6.079828,4
2.1272056,10.372523,2
2.0671482,10.6181,2
-7.090354,12.775754,2
6.344243,24.54464,4
-5.3118157,-2.8196735,6
-1.2536949,4.0972414,1
13.378429,4.378084,5
-1.060654,14.353427,4
10.695748,-9.11276,3
3.7668166,-0.6379924,5
2.6679401,16.57886,4
19.493727,-0.37801853,4
-7.928769,8.307489,5
4.640309,0.115599245,5
-3.9695911,-1.8292413,6
-5.3908787,-2.6742573,6
10.697327,-8.212039,3
3.801954,24.588732,5
1.8687841,10.803565,2
5.3754153,13.267672,3
3.5505745,25.32932,5
-3.8861046,-0.32310715,6
-10.629448,2.5856788,4
14.028367,-0.74313617,4
-6.020689,-1.8520697,6
-0.8314584,14.235287,4
-5.956893,-11.288423,0
17.724546,6.1764455,1
16.97448,9.688629,4
3.5462139,25.342434,5
-6.636664,-7.630047,0
2.9314127,-1.5170678,5
1.1074367,29.081593,4
10.022901,-8.845844,3
19.219864,-5.0983458,5
4.118501,0.87929565,5
-10.508089,2.3106754,4
19.974789,-0.7354158,4
4.699473,-1.3755591,5
-4.7262864,-2.7173257,6
7.891066,5.698868,4
-3.9784794,5.620512,5
3.030968,16.727772,4
8.655255,6.2768426,4
5.475921,-1.892884,5
14.598015,5.174146,5
16.852112,10.208137,4
-5.5970488,-3.0545888,6
5.2492113,13.372317,3
11.295149,-3.9644997,1
4.0576353,0.22349513,5
-8.29906,12.908384,4
6.218359,4.1461673,5
6.346079,5.883172,4
-6.155932,-11.848482,0
10.623795,-3.1684499,1
-10.149055,2.5048964,4
6.8605022,-10.375225,3
7.398593,17.47929,4
17.724926,9.915818,4
10.813435,-8.726445,3
3.8507485,24.696213,5
-2.0553305,7.7043066,1
1.6189969,9.532034,2
2.1175816,9.362466,2
-10.278714,2.2430716,4
6.760567,5.283982,4
-1.1849325,20.58458,5
-12.373892,-2.4165742,0
6.335445,17.526123,4
-4.976577,5.238512,5
19.83143,-0.5372366,4
11.463467,-3.2320209,1
5.6654334,-1.6346247,5
-7.1125226,-7.945377,0
7.9514136,6.7849364,4
4.285851,25.144472,5
5.6593823,-1.0676675,5
1.630614,9.987369,2
-6.8535957,-8.108022,0
6.522667,-1.2488011,5
8.588977,6.08326,4
14.556737,-1.1756966,4
-0.6411374,14.041222,4
-6.40863,-7.4372168,0
17.085548,10.898424,4
13.394833,4.3668847,5
11.068182,-3.2553744,1
6.7115984,5.042737,4
-6.3302546,-11.682497,0
5.9535375,-0.6903548,5
18.202223,-5.219049,5
8.500716,6.048825,4
9.0671015,15.318522,4
10.145537,-8.341715,3
13.697447,4.691687,5
2.246442,-10.12989,0
-10.375577,2.9043963,4
-5.7411885,-2.8302906,6
-5.8917813,-11.905941,0
14.693091,-0.6577177,4
16.968493,10.013573,4
8.33135,5.793216,4
6.4355993,5.476919,4
14.505818,4.848353,5
3.7979882,23.709597,5
-0.10487486,14.524577,4
3.9665003,24.863373,5
3.4789307,-2.2596116,5
-8.778624,8.32043,5
11.305899,21.667042,2
11.1111965,21.860058,2
2.4209332,10.214042,2
-2.1094565,7.772254,1
10.476704,-2.6724992,1
-10.173064,2.853888,4
3.8168795,-1.9107629,5
6.830195,6.629828,4
21.496778,5.5106936,4
-4.529239,5.699891,5
-8.026592,18.644764,4
-3.9170532,5.4364805,5
4.889819,-2.1818638,5
13.783293,15.50913,3
-3.8197255,6.2121763,5
23.066845,2.5218773,2
0.5112168,19.96075,5
2.1538517,-10.036575,0
7.0059266,18.29087,4
-6.863882,12.869219,2
-5.820717,-7.688054,0
-3.9787133,5.7784805,5
5.460324,5.940341,4
10.938557,-2.794125,1
0.25797126,6.287959,2
-7.8295856,8.629864,5
-7.7569857,8.600901,5
13.33818,4.357387,5
19.327843,-0.27689403,4
17.33135,10.904072,4
-5.152866,-3.2416613,6
17.312817,5.7394905,1
14.133956,15.884297,3
-6.3640957,-7.3497562,0
6.1803174,3.9594197,5
-4.0899096,6.195505,5
-6.7799315,12.95309,2
19.924356,-0.52155674,4
-5.656285,-7.568876,0
3.0371072,-0.7339391,5
14.449269,15.573751,3
10.712216,-8.889821,3
-5.951011,-1.8616444,6
-0.8068236,14.710707,4
8.645412,6.4805374,4
19.372503,-5.1015644,5
6.4558506,-1.9758986,5
6.956063,6.268424,4
13.598252,15.591049,3
7.301131,5.535568,4
-5.1810966,-3.3022952,6
-5.364988,5.415597,5
6.2404847,-0.26270202,5
17.18297,10.5762205,4
1.8612866,9.793677,2
8.293779,6.115349,4
-5.8801026,-7.275088,0
-7.085035,-7.604942,0
19.177334,-0.12100907,4
5.848975,-0.757277,5
4.1722455,0.94908065,5
-5.1290717,-2.8953748,6
3.0759308,-1.7949768,5
7.2814217,4.4310265,4
5.5542126,-0.16830628,5
-1.4626787,3.039176,1
2.307436,4.543563,4
8.304615,6.0491967,4
3.7575173,0.2690206,5
-5.820639,-2.0442562,6
-8.375695,12.413497,4
11.317116,1.8663871,4
-1.6326717,2.699374,1
6.082595,17.694845,4
6.4912148,5.9002557,4
11.394272,21.579384,2
-10.057335,2.4981139,4
-12.384129,-2.4053402,0
3.9812894,25.489721,5
-5.528434,-1.8964157,6
8.707315,14.958896,4
-0.9432798,14.384557,4
6.215427,-0.7399462,5
5.3979273,13.246046,3
9.144637,15.395462,4
-16.044477,14.820244,4
-1.3444157,4.6785626,1
-6.3192782,-11.762306,0
7.4646845,5.4294252,4
6.2020855,6.0651097,4
19.171602,-0.11757208,4
-5.159754,-2.907261,6
7.7128115,5.6532054,4
-4.071846,0.021140832,6
3.7181916,24.15038,5
14.660726,-0.98025435,4
-0.8329593,2.9371839,1
17.388205,10.612932,4
3.4291253,-2.7390788,5
-4.2639422,-1.1957161,6
-5.373608,5.7814436,5
13.657719,16.87638,3
-4.058586,24.614182,2
1.1670321,29.141253,4
17.512419,-5.844711,5
-12.069608,14.453868,3
-6.187008,-2.4181187,6
21.780235,5.973987,4
7.8271914,7.125268,4
6.6576433,6.3733463,4
8.436021,6.2298036,4
16.483585,10.562802,4
3.5153685,-2.792656,5
4.5677276,-1.360332,5
-6.112809,-2.4375565,6
-10.24204,2.135121,4
17.192814,10.909583,4
-4.0295086,24.646257,2
-8.368421,12.952695,4
10.094158,-8.392052,3
2.4028182,-10.289929,0
-11.957538,17.5452,4
1.7525582,9.818268,2
13.357046,16.872768,3
1.4618107,10.835101,2
0.6762576,19.335922,5
3.3725572,-0.69957674,5
-5.678019,-7.598646,0
8.870295,15.1228,4
-3.9972396,5.7104797,5
23.163752,2.6199982,2
13.400927,-0.14920075,4
-1.0390077,14.402396,4
-4.929601,17.678186,6
3.621823,-0.20100668,5
6.0948625,5.5941133,4
2.2524366,10.105564,2
4.1979303,0.9675289,5
23.127693,2.5832548,2
19.433363,-0.32822612,4
13.6014385,4.728548,5
6.485671,5.320067,4
-6.182526,-11.849826,0
13.791391,4.513819,5
7.019382,5.3355236,4
-9.849947,1.7660056,5
7.391076,17.594923,4
5.9861264,24.511585,4
7.7583942,7.3076577,4
8.031223,6.729321,4
17.288368,10.827966,4
-2.9425702,-2.0698614,6
2.6724908,-10.565143,0
14.211591,-0.9888661,4
11.142466,21.82885,2
-10.141068,2.3869383,4
7.9371095,7.2234,4
13.642081,16.953646,3
20.001045,-0.7825793,4
-3.9429734,-1.8207159,6
-9.3303385,8.33691,5
1.8193685,10.409199,2
11.027348,21.94351,2
13.151433,15.978163,3
8.775691,6.429389,4
4.4388957,-1.4747902,5
17.952263,-5.972085,5
1.4432166,9.921284,2
-1.5240147,2.9276931,1
-12.485662,14.063275,3
0.043110427,19.92502,5
14.058863,15.537291,3
6.3247223,17.60305,4
3.326572,-0.48882517,5
10.5593195,-8.577358,3
0.59155196,19.998617,5
11.435663,-3.36589,1
6.6954875,7.031713,4
-0.92202336,2.393391,1
14.27402,15.801731,3
14.000661,16.353006,3
14.554086,4.708323,5
3.7424026,-2.566579,5
8.883215,15.135741,4
5.8334103,23.83033,4
23.075628,2.5307229,2
5.913118,-1.5632504,5
2.1005127,4.7729025,4
6.201486,-1.0991473,5
11.33939,-4.08676,1
13.615717,15.538312,3
11.35716,1.8277041,4
5.6689057,0.6079732,5
6.1108794,5.558282,4
6.109545,-0.16734082,5
3.2897587,16.879244,4
7.046809,6.738976,4
3.401551,-1.9996847,5
-5.404559,-11.305716,0
14.454645,15.687714,3
-6.773799,-7.260637,0
-0.9501288,3.4495225,1
0.47040814,6.080374,2
-8.853844,12.488343,4
17.47045,5.9176335,1
-5.395349,-2.8183959,6
19.543251,0.10012033,4
10.598913,-3.1465578,1
4.1091914,25.295933,5
7.387116,5.6917,4
16.637487,10.892499,4
7.600009,6.2085776,4
10.18948,-8.894643,3
3.6218164,-0.19901219,5
-4.567669,6.226493,5
17.852304,6.2869067,1
6.692189,17.784092,4
-2.1086524,7.7731705,1
6.4250655,-0.91539365,5
-9.400123,8.768863,5
7.0259295,17.788158,4
-0.79585725,3.0428975,1
7.0686603,6.344907,4
4.049918,0.6293779,5
6.0452805,-1.5689429,5
-9.509322,8.646358,5
8.736883,6.5731134,4
13.271741,15.841333,3
4.940729,-0.69601667,5
11.289204,21.683489,2
13.905359,4.881366,5
-6.7038507,-7.484568,0
-4.8829036,-2.8479698,6
-8.08454,8.915902,5
17.617876,10.261021,4
-8.788036,12.766671,4
3.6024559,25.380863,5
14.228928,-0.9973399,4
7.1614695,7.7358217,4
-5.2185903,-3.2821338,6
-4.7257385,-2.6570442,6
3.9030516,25.30626,5
17.594337,10.148805,4
-4.0935183,24.577824,2
7.2686768,-9.828878,3
-7.1389556,-7.9093246,0
13.592979,4.186069,5
2.642568,16.555069,4
7.273648,17.918814,4
6.6967764,5.1991715,4
-8.025658,8.233513,5
-12.41295,14.134963,3
-1.0580868,2.470766,1
3.9309602,24.104708,5
17.704887,6.152436,1
3.7681546,-2.0005827,5
5.450191,-1.8770291,5
4.702176,-0.83877736,5
4.6232305,0.18359958,5
-10.693053,21.257654,1
-1.8745233,7.3955855,1
21.823566,6.0399575,4
6.898682,7.724845,4
4.7626615,0.15857969,5
19.603052,0.13522394,4
17.337206,5.766246,1
14.354168,5.262379,5
-5.9847,-1.8322984,6
19.511988,0.0730098,4
-9.002799,12.967508,4
-8.990433,8.162174,5
16.539148,10.121106,4
7.5409575,5.538465,4
-8.76444,8.26128,5
2.7349737,-10.627663,0
0.5354112,20.095518,5
5.6447163,5.396723,4
-4.896704,17.71251,6
-1.9352727,7.4886475,1
17.903187,18.809816,4
-7.1136756,-7.5429935,0
5.5327573,0.13511118,5
17.043774,10.168834,4
-7.714927,18.487928,4
-3.8912516,6.0836005,5
3.7671413,0.070029035,5
0.64458096,5.912132,2
3.5288923,23.660265,5
6.990023,5.486566,4
21.845253,6.074233,4
-7.1446037,-7.8336253,0
-8.33316,12.800139,4
5.471419,6.1089797,4
7.247536,5.4616995,4
3.950205,23.931305,5
-0.55332834,20.072195,5
3.9817262,0.36394265,5
2.2910123,4.5610094,4
14.673295,5.07525,5
3.488114,-2.1587944,5
3.0594406,-1.6767286,5
6.448033,7.037076,4
-5.525536,-11.215787,0
-8.823109,12.652965,4
-5.0024576,5.3439236,5
17.278194,10.819256,4
1.1145024,9.545692,2
4.2568707,0.24396968,5
10.6629,-2.965558,1
7.95037,7.162258,4
14.065078,-0.78553104,4
14.270402,4.9224844,5
3.9661856,25.525465,5
16.886353,11.233327,4
10.91242,-2.7422776,1
23.10521,2.5606928,2
-1.3098371,20.824846,5
-5.2666564,-2.6657572,6
5.7888365,5.2555523,4
16.686687,11.013115,4
5.3826513,-1.606374,5
16.829256,10.208039,4
-4.6782484,-2.3947523,6
-2.9577463,-2.4831083,6
4.3198133,0.21582666,5
-7.98058,18.104193,4
6.7908807,5.322102,4
7.010785,6.718531,4
-5.582923,-7.619993,0
2.4261057,4.413733,4
14.737946,-1.1535165,4
-8.653796,8.291718,5
6.396524,24.193117,4
-10.210112,2.2688675,4
1.218057,29.191967,4
5.4988523,0.47350964,5
-5.5599504,5.639182,5
1.6340871,10.127054,2
-4.1301627,6.335917,5
17.808823,-5.8501053,5
-6.2570133,-2.3014858,6
-0.36232483,2.3194737,1
7.099264,-10.257371,3
-11.887845,17.650047,4
-1.2534832,4.0978003,1
-2.0060654,7.673962,1
-0.84034365,14.30456,4
1.8581938,9.430081,2
13.554686,-0.242805,4
-4.0520844,24.623688,2
6.9104185,5.514116,4
-6.190827,-7.709495,0
11.410749,21.563356,2
6.9101863,17.518732,4
11.028236,-8.223056,3
19.274641,-0.02987647,4
19.02425,-5.1992784,5
-4.2748427,6.370362,5
-4.919884,5.52238,5
11.03949,21.931728,2
11.273913,-3.9625337,1
10.982756,-8.21151,3
8.059246,6.092756,4
-5.437168,-7.925002,0
-8.035011,12.697886,4
-4.580672,6.4179916,5
7.2557364,5.538791,4
-0.79789877,20.506165,5
-5.7695646,-1.9718496,6
-6.8319683,-7.598226,0
6.8338046,5.0255537,4
-5.8463383,-11.4032,0
-8.022529,8.213007,5
-4.9064,5.074421,5
19.97908,-0.75471896,4
2.6553416,16.580564,4
13.437309,16.057682,3
-16.027287,14.803365,4
0.4718076,6.0789943,2
19.975939,-0.7557871,4
6.190054,-0.0741609,5
-0.40239143,14.338567,4
-6.18386,-2.1104279,6
-5.732569,-2.109361,6
-0.90605575,14.428271,4
-12.223821,1.8303186,2
17.29691,5.7237005,1
-0.3592155,2.3168702,1
8.185579,5.6738386,4
-6.4720016,-7.176178,0
-7.647158,18.501896,4
-0.8213763,2.4810069,1
19.558302,-4.910293,5
16.880165,9.663022,4
-7.0569625,12.789834,2
6.193006,4.3085475,4
3.5753763,23.611155,5
6.5509014,6.328318,4
1.4914758,10.898412,2
0.22768259,6.317033,2
5.792458,6.5466337,4
6.0454326,6.105727,4
11.0952425,-4.058604,1
-9.303071,8.674427,5
3.7401922,-1.6572849,5
13.532161,17.042881,3
11.398008,21.575687,2
5.6142254,5.793157,4
6.531349,-0.91610557,5
-7.5513225,18.419712,4
-8.027058,18.12999,4
4.3633785,25.286755,5
4.9095674,-0.34958497,5
10.586014,-2.5992734,1
6.405433,17.982178,4
2.6364727,-10.528042,0
1.8101543,9.362139,2
-6.8152757,12.945152,2
-10.620042,21.184336,1
3.2486942,-1.0783635,5
-6.170518,-2.3642275,6
4.8897285,-1.6765296,5
5.562922,6.037637,4
0.64779824,10.679569,2
-12.033108,14.488449,3
-8.28354,8.648392,5
-10.492427,2.3069973,4
-8.006049,18.509912,4
0.099569395,20.324663,5
-9.166894,8.033616,5
6.0152235,6.6074967,4
17.796335,6.2311163,1
5.286512,0.12409108,5
19.885942,-0.6222487,4
-16.033077,14.808807,4
-0.9474134,14.417003,4
-8.965913,8.223005,5
-5.422137,-11.294983,0
4.2758517,0.31092253,5
3.4676836,23.681461,5
-4.6762033,5.749522,5
-0.05448914,13.931668,4
13.885336,16.635801,3
-1.900453,7.4403124,1
6.211519,-2.1137903,5
10.96677,-2.8975246,1
-4.763524,5.838397,5
4.4617276,0.21293405,5
1.2691807,9.568314,2
-4.4200716,6.1262755,5
6.0979657,5.402377,4
-5.3642178,-1.925346,6
7.430454,7.286599,4
3.3792694,-1.596729,5
5.90174,-1.4767833,5
5.580187,-0.74624896,5
-6.858608,-8.118317,0
7.534511,5.5031486,4
2.4051874,4.4328785,4
-4.281896,6.5900793,5
-4.8227034,5.01027,5
6.8776217,7.746579,4
19.180897,-5.0632405,5
-6.0844936,-1.8126535,6
8.229623,5.847493,4
-4.6744146,-0.40430194,6
2.746334,-10.640053,0
6.9728827,5.2870803,4
-5.439675,-11.3639555,0
1.5806605,10.571061,2
7.3397245,4.4679046,4
-9.135188,8.007266,5
14.621339,4.727074,5
7.171562,-9.847347,3
8.583145,6.345355,4
13.584688,17.14915,3
2.4228144,9.854609,2
-8.816418,13.088081,4
6.1161633,7.011538,4
-3.0052712,-2.0378304,6
6.36172,-2.0207846,5
3.5841274,0.017936694,5
16.838072,9.782723,4
2.286563,10.125231,2
-2.9277682,-2.4996903,6
10.548262,-2.8023024,1
19.915796,-0.6737059,4
10.256477,-8.871681,3
17.303318,5.7294087,1
-8.635618,12.885836,4
6.195028,5.306649,4
0.74840194,19.313335,5
6.911143,7.7466984,4
-7.136129,12.766587,2
6.3549805,24.14643,4
4.391613,-0.17469296,5
-10.233647,2.174067,4
13.461756,17.243467,3
13.571918,4.7748938,5
10.663715,-9.124413,3
4.8198357,-0.6903413,5
10.687213,-2.6132164,1
17.5848,-5.771719,5
-6.3200426,-11.707479,0
6.0291142,6.643529,4
1.118704,9.557472,2
0.7495055,10.656226,2
5.580883,-1.1179368,5
3.7474496,-2.0556223,5
17.860033,10.136077,4
-8.231946,12.509567,4
-1.4214798,5.0004964,1
23.211054,2.6672032,2
6.8039417,5.895633,4
-1.5620359,2.5407906,1
7.150688,6.8437133,4
5.2751174,13.351001,3
5.7476068,5.4499145,4
6.3607993,5.3001266,4
7.1750884,4.371432,4
2.2498026,9.395573,2
3.5200849,-2.8421245,5
5.4690275,6.0868273,4
-1.9211785,7.589091,1
0.45386615,6.095216,2
11.060864,21.911144,2
1.1746697,10.375305,2
16.817308,9.787344,4
11.475651,-3.4527066,1
11.097284,21.873665,2
2.956996,-1.109125,5
-5.6909056,-2.8151295,6
11.345263,1.8396262,4
14.170054,4.6389427,5
13.91588,16.694178,3
-12.544404,14.002641,3
17.342741,9.756345,4
10.106175,-8.887155,3
6.2473526,6.2008514,4
17.717936,10.006807,4
-4.305708,24.372099,2
-0.53328884,20.099886,5
13.408394,17.065777,3
13.337053,16.130503,3
9.910196,-8.532866,3
6.8063035,-10.427425,3
3.9848738,24.973047,5
5.510277,0.16180354,5
7.229472,4.401095,4
1.8528734,10.847627,2
0.8597668,28.835506,4
13.694314,4.7265067,5
6.9015193,24.15494,4
5.4991546,5.8585677,4
-5.265223,-1.9092885,6
-9.079731,12.861416,4
4.326912,-1.869196,5
14.558514,-1.2889357,4
-2.9432802,-2.0252414,6
-0.35346028,20.227674,5
6.4236465,24.42725,4
11.013697,21.957138,2
3.7069473,-2.4195273,5
-8.37736,12.413555,4
-0.7123913,2.7631164,1
16.867386,9.821275,4
13.661871,16.863636,3
-12.347776,-2.4426877,0
7.095557,18.321096,4
17.655134,-5.9944673,5
-7.16731,-7.6441464,0
14.021387,15.531877,3
3.514775,-2.0509074,5
-12.034446,14.487486,3
3.826811,24.904188,5
5.3346853,-1.4255916,5
6.5171914,5.575766,4
-0.44551277,14.537276,4
6.5464835,24.39284,4
-10.151436,2.8310592,4
4.2321796,-0.23497567,5
-5.6713133,-11.233908,0
-4.3158793,24.364717,2
-12.040928,14.481207,3
3.6340122,-2.4097927,5
-8.721488,8.262827,5
23.16339,2.6193826,2
17.775724,6.217997,1
-5.410162,-1.9948577,6
3.6722703,-0.31268665,5
-6.0053315,-2.1614544,6
4.0926065,-0.58078206,5
1.8340491,10.8843,2
-1.3216285,20.850397,5
-0.8325593,2.4805777,1
1.8074818,10.605422,2
11.095857,21.87495,2
7.182754,18.057041,4
-7.979412,18.67115,4
3.1093905,-2.0716121,5
13.47616,17.053244,3
-6.1494265,-2.1118753,6
15.147849,22.449356,4
4.188894,-1.9095492,5
-4.4346604,24.24926,2
-8.531362,12.960539,4
6.1764035,3.960279,5
5.842662,-1.9295573,5
6.140365,-1.0648295,5
-9.094582,8.044956,5
7.7723083,7.30824,4
6.474958,-0.8176192,5
18.22789,-5.5761585,5
8.78631,6.497185,4
5.9523897,5.5174203,4
1.8905694,10.869311,2
4.7177534,-0.6929472,5
-12.689802,1.7190715,2
10.436095,-8.206003,3
13.34637,4.60131,5
1.5884079,10.931348,2
23.081882,2.536922,2
3.9554093,-1.8965626,5
14.621768,4.7474194,5
3.1799338,-0.97613096,5
-12.399227,14.145339,3
6.236004,17.623661,4
18.000523,-5.287788,5
6.315792,-1.2495599,5
6.1391916,5.8904915,4
14.020716,16.641426,3
9.8464775,-8.553992,3
3.6890998,0.24830732,5
-8.143466,18.64325,4
10.57983,-2.9332566,1
13.698228,-0.3069494,4
14.587592,15.711783,3
5.2636447,13.324081,3
-4.500606,6.4469447,5
17.690151,-5.5158243,5
-0.075124845,14.484187,4
5.730535,5.7222543,4
17.65869,10.211332,4
5.549381,0.2388965,5
2.8682344,-1.6567059,5
5.382543,13.2606325,3
-0.091148235,14.515904,4
13.763758,4.5570836,5
9.514095,-8.580551,3
5.3356094,-0.6885773,5
3.4974806,23.719767,5
0.6297854,19.97385,5
2.801971,-1.1460444,5
14.14899,-0.763519,4
0.70066285,19.931368,5
-8.106649,18.652586,4
-6.292586,-11.652141,0
-1.0575682,2.5235615,1
17.54377,10.420878,4
17.544596,9.767096,4
10.58435,-2.9818232,1
2.3631625,10.00449,2
-4.777913,17.836155,6
14.586609,15.779234,3
7.7888994,7.315444,4
14.490863,5.2263794,5
-5.448898,-11.379385,0
10.748327,-3.5770469,1
-0.9115702,14.612898,4
10.02823,-8.874515,3
2.4979742,10.045327,2
-7.627689,18.264835,4
-0.35563305,2.3102899,1
-1.0511117,14.336284,4
11.388707,-3.595916,1
-1.0146334,14.409414,4
-6.754591,-7.5975113,0
6.239331,-1.9369386,5
-0.9066617,14.541972,4
-0.32600763,20.260353,5
6.4330735,-0.6790868,5
-0.12065748,14.324216,4
5.9028783,23.862123,4
2.056652,10.908569,2
-4.2795987,6.5897436,5
-0.723432,20.629023,5
8.640054,6.223994,4
4.6041894,0.1356451,5
3.312607,16.898987,4
-12.088064,14.436284,3
-1.0393734,14.441954,4
-12.460519,14.08838,3
-3.0103834,-2.0176485,6
-11.940358,17.560617,4
11.048741,-4.217602,1
4.9187684,-0.6882572,5
18.467693,-4.654935,5
19.283257,-0.036360893,4
10.926785,-4.0436487,1
-5.9557576,-2.104697,6
2.1138875,9.368095,2
8.001602,6.0936117,4
-3.9192772,5.4249907,5
6.610756,-1.2652895,5
2.7053022,-10.598468,0
-10.614806,21.179026,1
18.69738,-5.771213,5
14.640598,-0.69814914,4
-12.345052,-2.444761,0
-4.7289023,17.885857,6
-1.6283277,2.614185,1
8.1995,5.7265067,4
1.0524641,10.628293,2
17.152256,10.018413,4
4.823143,-0.68227136,5
11.054746,21.917318,2
17.61825,10.059231,4
3.2247245,16.836908,4
-7.1277704,12.765383,2
16.509695,10.798276,4
-1.19494,20.751991,5
-4.1935706,6.3165393,5
6.0231867,-1.7064784,5
7.525055,7.4388466,4
3.408328,-2.7124693,5
2.8705218,-1.910798,5
13.369094,4.3996816,5
4.3543954,25.324072,5
1.5233392,10.452966,2
17.747536,6.200269,1
-8.855372,13.097788,4
-0.8121993,14.7174225,4
10.306003,-8.891515,3
16.818909,11.026655,4
2.0531318,10.772098,2
5.7633777,-0.41935432,5
6.0034738,0.052880954,5
-4.8969774,-2.2688382,6
6.407578,5.6335425,4
7.527963,7.360132,4
7.4475493,5.155759,4
-0.19547704,14.315345,4
7.851177,7.303371,4
16.716774,9.775034,4
1.1098334,9.106872,2
1.5521451,9.677561,2
19.266886,-0.03820895,4
13.132676,16.406498,3
7.2119603,4.3970647,4
-0.725255,2.691145,1
10.689121,-2.5807908,1
4.5200667,0.061961554,5
3.2565815,16.86101,4
3.7710016,24.508507,5
6.3993773,24.154007,4
-5.1144304,17.483988,6
13.528295,15.590385,3
1.0248734,9.9017315,2
-1.1058338,20.846636,5
4.772453,-1.2536886,5
-10.477369,2.4132252,4
-5.28235,-2.592034,6
-4.874569,-3.2692292,6
5.447218,6.0164075,4
2.0333688,9.316395,2
17.761059,6.2062116,1
5.3139772,-1.8704008,5
0.6680673,19.942665,5
6.2096334,-1.8931334,5
1.6752486,9.693016,2
6.5507445,5.8088913,4
-7.6338844,18.474947,4
16.839647,9.770047,4
6.4178257,-1.8919566,5
0.381475,6.1674123,2
21.826187,6.046117,4
8.609895,6.1987014,4
3.7902846,-0.77597106,5
14.590888,-1.1161933,4
9.991642,-8.472606,3
-10.5292015,2.3200169,4
-5.24029,-3.1612444,6
1.3635488,9.548618,2
-1.5682511,2.5472546,1
6.72381,7.243602,4
6.068298,-1.1940131,5
10.326236,-8.299983,3
-5.0461793,-2.9206634,6
3.766595,24.128101,5
-9.10059,12.855155,4
3.574134,25.334263,5
1.2463181,9.195463,2
-1.2279544,4.1271935,1
3.982041,25.45457,5
-11.845619,17.661118,4
8.804034,15.055095,4
-5.5483227,-7.7182627,0
0.19259827,20.17575,5
17.707058,9.9945135,4
1.6936529,10.1457,2
-5.596476,-3.0514805,6
17.862478,-5.7130666,5
2.323472,9.465105,2
-5.764554,-11.204128,0
1.5048349,10.6748,2
-5.571787,-7.652911,0
-0.76286745,2.7918594,1
5.5166726,-1.8487557,5
-7.656167,8.680552,5
-4.676777,-0.3963743,6
17.526545,-5.90394,5
17.454535,10.426426,4
7.272692,17.986902,4
-3.8438647,-0.409901,6
2.7493923,-10.642552,0
1.8220266,10.921461,2
2.3499882,9.901602,2
19.15016,-5.1994257,5
3.5419002,-2.0185583,5
13.256098,16.926252,3
0.57674176,5.9765024,2
-4.435076,-1.9084907,6
8.178363,6.666274,4
4.045751,23.85393,5
7.4224253,7.420747,4
-4.919379,5.017027,5
8.149903,6.617908,4
6.7412767,7.334703,4
6.523132,-1.9677483,5
17.687454,-5.9957747,5
5.8497176,-1.1141561,5
9.888524,-8.674228,3
-1.0578488,14.422862,4
4.2830625,-2.2984626,5
2.9364305,-1.4932423,5
8.036144,6.7148314,4
-9.216481,8.083071,5
-5.4409885,-11.305759,0
2.6701074,-10.562068,0
14.610685,-1.3701322,4
5.8522644,23.867786,4
-9.125042,9.131716,5
18.062788,-5.9431014,5
10.547698,-2.6152072,1
3.1147144,16.765024,4
-4.2147436,-0.35980427,6
10.545323,-2.8542573,1
8.022074,6.7215457,4
10.981398,-8.234825,3
-4.852321,-2.847637,6
13.48862,16.875847,3
3.6987975,0.26163626,5
8.085793,6.8830647,4
-10.695706,2.776812,4
14.559794,-1.2523674,4
14.586704,4.7576585,5
-4.9040165,-3.3410892,6
20.880808,1.1625273,4
-4.03206,24.643188,2
5.4985538,0.85231775,5
-0.9279117,14.564745,4
-8.9994955,9.2052765,5
-0.96575856,2.627088,1
-5.0062294,5.702809,5
14.2688055,-0.7721853,4
-12.723421,1.6973995,2
19.123835,-5.0676956,5
-9.094524,12.890225,4
-0.37288997,2.328996,1
-5.5473766,-7.6826625,0
6.0657763,17.710257,4
-5.0528173,17.551142,6
19.862736,-0.5519175,4
6.6715975,5.6967907,4
-4.5611067,-0.31929725,6
6.571584,-1.2237648,5
3.7457137,-2.2149358,5
-4.4325027,24.25139,2
8.072581,6.535049,4
6.990824,18.287,4
-4.0306945,-0.03528256,6
4.252285,25.608154,5
-6.182148,-2.400036,6
-5.8076186,-1.9697529,6
19.272774,-5.222619,5
14.4473,5.091778,5
6.6155114,-1.2800784,5
5.811177,-2.1291192,5
7.923842,6.348584,4
4.150696,24.731878,5
-0.16230138,14.397153,4
13.807997,16.444414,3
-1.0080693,3.2807164,1
-1.0423025,21.083979,5
-5.9528646,-2.1434178,6
-7.0927806,12.77688,2
10.634066,-2.8196635,1
8.903423,15.15487,4
0.5081667,19.783459,5
-12.261946,14.274013,3
4.1186094,24.794329,5
-4.36084,-0.28836685,6
1.7668443,9.312016,2
-8.838823,12.704306,4
0.063357145,19.87183,5
17.740795,10.161724,4
-6.173941,-2.3455696,6
21.763454,5.949383,4
19.215115,-5.322597,5
16.68856,11.003547,4
5.619097,-0.8481511,5
7.1094203,18.287302,4
9.178515,15.42922,4
-12.197967,-2.5872939,0
-5.7686067,-2.8639739,6
5.4262557,5.9847546,4
19.5098,-0.23230179,4
3.2462354,-1.1133392,5
5.895845,6.457762,4
-2.99265,-2.0446894,6
-1.1271445,-11.516991,0
-3.9748433,5.727428,5
-5.4878483,-2.4638653,6
6.110892,6.707997,4
17.217266,9.720958,4
17.362762,5.7937064,1
3.7773526,24.550962,5
0.6307804,5.924771,2
-8.098905,18.496155,4
23.216703,2.6733985,2
-10.111227,1.9805409,5
4.1094723,0.81268346,5
14.389321,5.2371936,5
-3.839805,-0.50121623,6
0.83576953,19.4581,5
0.62018985,19.357643,5
3.655308,-0.7290635,5
-8.046163,18.081388,4
5.5021453,5.8732777,4
13.6529665,16.777452,3
-2.1063929,7.7702456,1
14.10834,-0.95563364,4
17.754906,10.131057,4
-6.788575,12.969294,2
-0.7297561,2.6451921,1
-5.7538886,-11.171698,0
-4.926249,5.827873,5
1.1436772,10.74712,2
-5.1354756,5.9032383,5
-10.396031,2.899881,4
14.143255,-0.90847284,4
-2.8857548,-2.3039834,6
5.502549,0.8665524,5
-6.9668465,-7.426328,0
5.9035726,23.869522,4
-10.058751,2.4930193,4
0.55653054,19.858442,5
19.844547,-0.65544343,4
4.9699354,-0.5681775,5
14.562414,15.772765,3
8.793564,15.045067,4
2.7673328,16.564016,4
15.196296,22.401386,4
-0.24727537,14.075935,4
-3.1764529,-2.0144997,6
-10.116323,1.9864699,5
-4.6119475,5.9785175,5
-8.040691,18.140398,4
-5.793698,-11.549723,0
6.8726344,-10.43966,3
8.038394,6.740672,4
3.3139114,-2.129331,5
-5.663236,-2.982158,6
0.86430913,19.528353,5
10.62692,-2.6691675,1
-0.815266,2.9807394,1
0.95770854,10.4052,2
3.615831,-1.3691275,5
3.8244057,23.754988,5
-2.981094,-2.1431754,6
1.5138676,9.179255,2
3.4229484,-0.66293883,5
13.912956,4.919804,5
6.556258,24.378325,4
-8.877069,12.348797,4
4.5016537,-0.0048165177,5
0.5532758,19.973022,5
-3.8360982,-0.53095716,6
19.435335,-4.898911,5
-6.1882358,-11.571208,0
3.6223867,-0.1720584,5
1.1829801,10.516307,2
10.598875,-2.629912,1
4.223017,25.674517,5
4.50179,-1.2269903,5
5.344829,13.292728,3
3.9793205,-2.4392009,5
5.8726373,23.729368,4
14.291367,4.930479,5
17.662247,-5.8581123,5
6.19405,6.1651607,4
5.9921436,0.21800108,5
-3.8833282,-0.3376349,6
7.204232,17.793148,4
5.7731276,6.430663,4
7.528005,-9.806916,3
6.0611544,-1.2406785,5
-4.3274055,24.35001,2
4.3344436,-2.0238976,5
-4.0501814,5.722671,5
10.955538,-8.242654,3
-4.7774487,17.836464,6
7.4097295,7.462328,4
14.5874405,-1.3541778,4
-3.8639781,-0.58210295,6
8.797797,15.048924,4
-4.6726255,-0.45472002,6
14.536523,-1.2871109,4
5.719862,24.077433,4
-4.158077,24.5159,2
6.3435903,-1.8251287,5
3.672827,-0.2082478,5
-0.8875752,14.649294,4
19.43848,-5.0097313,5
10.289424,-8.277458,3
0.66703916,10.676468,2
-0.8804458,2.481355,1
5.3440623,-1.5740708,5
-9.040306,9.181791,5
9.776574,-13.9507475,6
3.3014984,-0.6209312,5
7.0658283,-10.232741,3
2.5171366,-10.406947,0
-8.216549,12.85745,4
16.921478,9.859629,4
-5.954846,-7.249574,0
15.060346,-0.70479476,4
14.547294,15.865905,3
7.333148,-9.8148155,3
-0.90421104,3.5255888,1
16.922762,9.68469,4
18.130018,-5.1171904,5
-5.990341,-7.2996407,0
2.1191115,10.880583,2
3.7834744,-2.5289464,5
-10.465844,2.2775733,4
13.263587,16.800121,3
6.8270965,-10.260389,3
-4.691174,-0.39900982,6
-0.95356673,2.4222682,1
4.8819404,-0.36419794,5
-0.88020724,14.664988,4
8.701481,6.196192,4
-1.1545122,-11.489636,0
17.802803,10.1421795,4
-1.3296027,20.807539,5
0.42261553,19.935915,5
0.8757404,28.851494,4
0.29516482,6.2518206,2
6.3435364,17.52273,4
13.423589,4.5325603,5
7.013407,17.426178,4
2.3734105,4.4704843,4
4.223646,25.710987,5
13.97482,4.9254856,5
3.9374058,25.369444,5
-8.6246395,8.618152,5
-5.046223,5.8647027,5
-3.0201805,-2.033,6
6.9072547,6.557602,4
5.573978,-1.8713765,5
2.3696868,-10.257125,0
13.109557,16.337986,3
18.414116,-5.450339,5
-3.7904742,6.300328,5
-10.162472,2.8756716,4
-5.945188,-11.958677,0
-0.21993683,14.029146,4
15.1968355,22.400875,4
-6.3281364,-11.757486,0
6.2742867,24.106333,4
0.6450888,10.687952,2
16.870615,9.678168,4
-3.8693306,-0.55097365,6
-7.628319,18.452305,4
3.5593026,-2.7565594,5
17.788393,9.978651,4
-10.392466,2.2199214,4
-4.4369526,6.5274773,5
1.0355396,29.010557,4
-5.115131,17.483715,6
3.9564145,23.970085,5
21.866997,6.0982094,4
-3.4056118,-2.0972698,6
7.451832,-9.8797865,3
6.201399,17.650755,4
2.7389786,-10.631862,0
4.762639,-0.3864312,5
-8.129216,8.646835,5
-5.96255,-11.477027,0
6.9498496,6.770468,4
17.410645,5.8356853,1
4.2555013,25.548985,5
-0.88996553,14.574037,4
-5.870538,-7.303039,0
7.010337,18.315111,4
10.830737,-3.8086288,1
-8.159298,12.799629,4
-5.458464,-7.9419847,0
6.450434,24.395447,4
2.314121,4.532537,4
1.0460848,10.432456,2
6.6797023,4.306466,4
6.558023,6.9232464,4
13.140507,16.083374,3
13.328491,17.090866,3
-7.028986,-7.804534,0
19.599466,-4.876612,5
-6.9218936,-7.8642874,0
3.0251102,-0.9036802,5
11.115048,-4.0222325,1
3.7611556,-0.047129955,5
14.219413,15.755798,3
-4.995914,17.607233,6
6.573886,-1.459824,5
16.983988,10.1737795,4
13.441173,17.14517,3
7.608765,7.2923837,4
-1.3030452,20.806429,5
6.531402,-1.0980585,5
-0.03931297,13.920633,4
5.99576,23.886986,4
5.3953924,-0.8446032,5
-0.3027733,13.995919,4
5.62523,0.20452988,5
9.985184,-8.792631,3
-8.041599,18.165522,4
6.235099,-0.27764237,5
6.505373,-1.6834745,5
8.3270445,6.0459533,4
-0.9503505,-11.694664,0
23.106956,2.562485,2
20.813818,1.0833021,4
-4.488779,-2.1724594,6
17.554977,10.466866,4
-5.1874676,-3.0435421,6
-0.93322474,20.701618,5
2.36626,10.336142,2
-6.2393103,-2.3528738,6
6.5494924,-1.2340574,5
2.4045205,4.4344482,4
11.080023,21.892075,2
2.9610868,-1.871414,5
11.341094,1.8434796,4
17.532772,5.9913383,1
-8.517981,8.693928,5
19.277594,0.033832822,4
23.191547,2.6478484,2
-8.844334,12.638212,4
-6.8066974,-7.820822,0
-5.3128467,-3.0895152,6
-6.80952,12.932325,2
14.402933,-0.7917317,4
-3.9141393,-0.23259157,6
2.3401701,4.513526,4
0.2959623,20.228783,5
3.585784,-0.13427266,5
-1.1152294,-11.529389,0
-6.145739,-2.3253002,6
4.0157685,-0.9917789,5
6.0385613,-1.4579291,5
4.4971976,-0.09883562,5
-7.092935,12.767504,2
-4.754573,17.860443,6
-7.5633783,18.337421,4
2.1250956,9.853986,2
10.740938,-8.475705,3
17.511282,-5.9470105,5
-5.3071513,-2.9391155,6
-5.525184,5.6749754,5
8.621104,6.0281177,4
0.5641955,19.51479,5
-7.732862,18.494015,4
-5.4967217,-3.114994,6
-5.6198454,-3.0455484,6
4.1464653,-1.6052984,5
3.9646752,23.909214,5
-5.2536945,-2.6168473,6
17.497114,10.719771,4
-6.3950195,-7.1412177,0
6.545868,5.7552443,4
-6.0695224,-7.6218076,0
16.87786,9.671699,4
3.3378434,-1.3171837,5
0.040957738,19.935316,5
-8.138686,12.569672,4
19.260595,0.027809413,4
4.5830903,24.840132,5
17.941088,-5.2017064,5
6.0572476,6.4481378,4
14.4723215,4.826979,5
17.372894,5.8022637,1
14.541898,5.2200665,5
5.3321576,0.6982564,5
-0.561095,20.077404,5
2.6545439,16.56045,4
3.7333267,24.096918,5
-10.677698,21.242182,1
14.342022,-0.4615945,4
5.8909893,23.78541,4
8.1004505,6.858106,4
-4.4038982,6.141656,5
-5.965533,-11.962377,0
-6.3235493,-7.516918,0
5.833058,-0.45596993,5
11.358107,1.826566,4
2.8679051,-1.9219972,5
4.608467,-0.6714417,5
6.6650853,5.710827,4
3.8986592,-0.49365148,5
3.8489287,23.7843,5
-4.3452125,6.5389304,5
-10.247843,2.132513,4
19.248577,-0.08574547,4
6.0278363,-1.0776665,5
-16.033846,14.809531,4
-7.6517105,8.58738,5
-7.9312606,8.691208,5
-12.36673,1.7602823,2
7.3577924,5.7794476,4
3.7087321,23.617481,5
5.5505223,5.8314357,4
6.472233,-1.4999282,5
5.52627,-0.030543953,5
-8.008533,18.157988,4
2.2642946,-10.148476,0
13.634786,4.482036,5
6.9161773,-10.300187,3
-10.661714,2.6691418,4
21.502499,5.5181537,4
5.673129,24.07578,4
3.8388445,-0.44918826,5
3.1828432,-1.7231812,5
-9.0132,7.8607774,5
-0.75432724,14.719588,4
11.001059,-8.230715,3
-10.209735,2.1987236,4
10.699196,-9.052595,3
-4.725336,17.889387,6
3.013977,-0.7123681,5
-5.785671,-7.976899,0
9.764765,-13.9389,6
-5.8477745,-2.1967807,6
15.204682,22.39286,4
-5.098863,17.505342,6
13.479642,-0.17347641,4
0.9866874,10.329159,2
-5.825832,-7.931146,0
16.77828,9.736534,4
13.8529625,4.807376,5
3.5897152,-2.4595644,5
19.418121,-4.8931923,5
6.146903,3.9423358,5
2.4494102,9.799213,2
-1.045966,20.581057,5
11.358616,21.614815,2
6.9125586,24.232397,4
-4.8468533,-2.9673908,6
10.958521,-2.7753408,1
-6.1413083,-11.4689,0
-0.088117436,14.379418,4
7.5478716,6.0755877,4
2.3340905,4.5177665,4
-5.684495,-11.595058,0
-5.995426,-1.9985752,6
14.420827,4.66436,5
16.983454,11.097632,4
1.8813859,9.817696,2
7.0306396,6.053667,4
8.200938,5.6803823,4
17.396,5.837362,1
7.064487,18.334888,4
-9.446916,8.573714,5
-12.069443,14.454555,3
17.54752,10.522926,4
-12.425642,14.123152,3
19.922815,-0.6507087,4
7.8537984,7.159859,4
5.8519464,-1.0238365,5
20.883564,1.1621059,4
1.6148297,10.547489,2
6.355055,24.536724,4
7.7846045,5.680685,4
-4.975759,5.183011,5
3.628745,-0.33393118,5
18.337523,-5.7950835,5
18.830585,-5.609887,5
16.72891,11.196783,4
19.36145,-0.03506016,4
5.8100886,-2.2004719,5
-9.491447,8.555668,5
3.6354113,25.400846,5
2.3139853,9.420857,2
4.138026,-0.9274118,5
-7.0332727,-7.4343543,0
7.9852304,6.4255567,4
0.028703848,20.281147,5
11.421026,21.553207,2
16.365122,10.507282,4
1.401837,9.249316,2
-0.040349185,13.986797,4
0.7844523,28.76073,4
-6.306406,-7.1068335,0
10.936739,-3.4729733,1
-4.0931387,24.574795,2
2.8839266,-1.0073851,5
-12.346334,-2.4439683,0
2.0779312,10.265936,2
13.617462,-0.18449298,4
-3.9891856,5.9539123,5
6.9738116,18.319204,4
-8.84613,13.11487,4
-4.61733,-0.4220928,6
4.472974,0.68489677,5
13.472516,17.053598,3
3.7544537,24.415466,5
-6.9631844,12.87523,2
-6.0470986,-2.0856009,6
-8.662557,8.684485,5
6.317903,6.2366424,4
1.6673436,9.705981,2
17.423138,10.006937,4
-2.9490976,-2.461208,6
-5.2522984,-3.137254,6
-6.6136603,-8.252051,0
-10.114316,2.7683358,4
-7.0624137,12.79884,2
7.054147,6.9375234,4
5.8722234,5.070783,4
11.102027,21.869324,2
13.372173,4.56184,5
-10.356641,2.7811265,4
1.2306768,29.204927,4
3.9281945,-1.6204742,5
6.002758,23.867292,4
11.112412,21.85854,2
14.402093,-0.7569271,4
13.1397915,16.801722,3
7.85813,6.282814,4
-0.9344011,-11.710863,0
3.0160184,-0.7498951,5
-0.94173485,20.450764,5
6.124238,-0.56249523,5
-9.845874,1.7626866,5
13.727665,16.989254,3
13.982585,16.649038,3
11.308665,1.8749263,4
-8.740085,12.311997,4
5.9814277,5.1486077,4
5.928186,23.77828,4
3.9480503,-2.2677984,5
19.412907,0.058776703,4
-0.34686983,14.373101,4
5.5802097,5.945217,4
-0.16771907,13.955874,4
-16.027115,14.803254,4
11.251771,21.720062,2
17.867,9.9680605,4
17.787987,6.2205443,1
8.328554,6.0050426,4
17.780931,6.2236953,1
13.558047,-0.24592492,4
3.8136218,24.771059,5
11.307967,-4.1600895,1
18.486446,-4.6226993,5
6.0112853,0.006367915,5
-11.990706,14.526268,3
21.502092,5.5187473,4
-10.403366,2.860487,4
2.9550502,-1.1890794,5
-8.211538,8.687254,5
7.267187,17.968912,4
4.573031,-2.0336459,5
-4.881885,-3.3593292,6
-5.090944,17.508036,6
3.805937,23.806168,5
2.7386065,16.605955,4
-0.87664,3.5145984,1
-6.2649255,-11.623099,0
6.8851542,24.243435,4
17.020136,10.858739,4
-2.939256,-2.4789405,6
17.436604,10.121071,4
9.795282,-13.969579,6
-10.690512,2.5867944,4
-12.735404,1.6867557,2
3.0728593,16.745735,4
-4.891178,-3.360447,6
14.849083,-0.4745788,4
13.209295,16.7202,3
17.540537,10.070384,4
17.623507,-5.7524896,5
6.485396,-0.91843855,5
6.4940395,5.6220193,4
17.227652,10.669572,4
16.427132,10.748024,4
5.053434,0.19803265,5
3.9345758,23.997894,5
2.6451995,-10.536883,0
-9.505467,8.655498,5
14.572251,-1.3231843,4
19.386745,-5.0880427,5
9.911427,-8.576899,3
7.080842,18.345535,4
1.464486,9.852781,2
5.820566,-0.9984282,5
19.963173,-0.75101876,4
7.089822,6.20698,4
10.976354,-2.8368833,1
10.643212,-2.748515,1
3.7541747,24.530666,5
-10.604903,21.169079,1
-9.144109,9.121018,5
-5.1396217,-2.9073207,6
6.3304114,5.4311657,4
19.2566,-5.4003925,5
-6.811845,-7.248597,0
6.199387,5.1942186,4
2.5295432,10.406217,2
17.314726,5.7412715,1
-7.926023,8.570126,5
6.845564,24.218893,4
6.654454,6.301486,4
2.154848,9.880343,2
7.0138135,5.048217,4
10.9619055,-2.7756002,1
5.8444386,-1.7685072,5
6.9650297,17.473473,4
-5.9544187,-11.924747,0
21.510397,5.527387,4
6.069072,-1.4749286,5
7.9513664,6.12318,4
7.094961,-9.884243,3
-12.344239,14.199407,3
1.7287853,10.932167,2
8.728843,14.980755,4
6.3266077,6.6292605,4
16.633457,10.862429,4
7.324691,6.284326,4
18.2444,-5.8523154,5
-0.8716424,2.4086843,1
5.86426,23.871094,4
11.018639,-8.228096,3
8.4856,6.110997,4
9.083892,15.335586,4
-5.8248615,-7.307183,0
1.219042,10.639659,2
14.805057,-0.6289637,4
16.860186,9.935118,4
-10.077749,2.450736,4
4.3954244,-0.41694564,5
6.4730844,17.508127,4
17.901148,-5.923012,5
0.29236093,6.2543964,2
17.657438,6.0931535,1
3.5463476,-2.7791321,5
-0.8463248,14.084038,4
-12.146151,-2.6366916,0
4.2681656,0.28924036,5
-0.18874122,14.199544,4
5.925212,-1.4253335,5
-5.0279756,-1.963767,6
-0.8033213,14.113637,4
4.085642,-1.6309658,5
17.70014,-5.4280744,5
9.799151,-13.973352,6
18.327837,-5.2317724,5
2.3202736,4.527852,4
13.629831,4.2772093,5
2.1059315,10.8899145,2
21.50067,5.517808,4
19.137173,-4.692706,5
-7.043288,12.813156,2
10.627521,-3.1711638,1
17.464699,-5.9159894,5
7.9810395,7.1594715,4
5.7130976,5.6394124,4
-0.88706255,14.681684,4
4.2978373,-1.6351916,5
-2.891807,-2.0276213,6
-4.7802444,5.0820675,5
17.44211,5.884916,1
11.377349,21.596476,2
4.043734,-2.2380438,5
13.467334,17.232487,3
6.308838,17.639471,4
10.438103,-8.202367,3
2.358148,10.253004,2
13.488502,17.244438,3
13.807918,-0.22085209,4
2.4654841,10.402726,2
-9.056722,8.278664,5
-6.956752,12.886517,2
6.2014737,-2.1104054,5
19.970463,-0.7092836,4
-5.942303,-11.96259,0
-0.9068605,2.437473,1
5.6597614,5.4441466,4
-12.483027,14.06599,3
1.1431253,10.613219,2
6.75839,7.4176764,4
-4.085426,6.1499934,5
-8.929112,12.30646,4
14.699211,4.931307,5
5.7806907,23.904436,4
13.1912365,16.812977,3
0.055097733,20.267706,5
1.5696064,9.721874,2
6.5095286,7.00268,4
8.27278,5.7528977,4
-0.19161448,14.314907,4
6.067837,-2.1105468,5
1.4768149,10.858341,2
9.855887,-8.54131,3
6.2413206,4.166633,4
-3.0873008,-2.07171,6
-4.912688,5.3019547,5
17.903217,18.809925,4
18.253363,-5.887537,5
-3.835592,-0.43404624,6
6.7111936,17.878134,4
4.846306,-1.9552845,5
1.5991057,10.685175,2
17.897463,18.815859,4
-10.633298,2.803487,4
6.3860164,-2.056803,5
21.522987,5.543733,4
4.592815,-1.7729303,5
3.0414028,-1.8509995,5
-1.3102599,20.857864,5
14.6488495,5.047213,5
5.9970827,-1.093281,5
0.4128103,6.136718,2
-0.13947888,19.968704,5
1.17873,29.15259,4
6.3319507,17.970394,4
-5.600128,-11.577461,0
19.184921,-4.694277,5
7.0600867,17.811348,4
-4.4477625,6.5511346,5
7.0872455,17.70933,4
7.289408,4.427609,4
8.781591,6.210691,4
-8.783307,12.317888,4
-12.15199,-2.6310647,0
2.4983752,9.76765,2
-0.89536977,3.531871,1
17.799826,6.232671,1
5.940578,5.1539283,4
3.7175026,23.621664,5
1.0152832,10.6593685,2
7.481105,-9.84548,3
-7.972748,18.247335,4
6.3788877,-0.44325635,5
-1.5786947,2.5504978,1
-5.10846,5.8775077,5
7.008472,18.288,4
-4.439055,-0.18189673,6
2.3675811,4.4831843,4
-4.6836424,6.071831,5
10.143907,-9.102882,3
10.6012535,-2.8619032,1
0.80482996,28.78114,4
4.2307253,-0.13881129,5
3.313589,16.907297,4
6.402503,-0.6184173,5
-4.0512595,6.2567043,5
-8.106402,18.483332,4
6.8653355,7.78134,4
-10.341469,2.8416786,4
11.361531,1.8233685,4
-4.2585807,-1.2161878,6
14.582115,15.771249,3
5.2449985,13.371107,3
13.706979,4.720936,5
5.3980546,0.35448012,5
17.030745,11.082878,4
1.0368079,9.038984,2
-5.721406,-2.6880126,6
10.908145,-8.388771,3
16.872412,9.895046,4
6.383474,18.027351,4
4.28334,-0.8943269,5
6.1869125,24.00082,4
-8.041771,18.061102,4
-12.34815,-2.440981,0
-5.354138,5.798594,5
-0.99732584,14.34456,4
6.4077735,17.757868,4
0.22111101,6.3240166,2
14.671517,-0.5978812,4
16.690584,10.0879755,4
14.042175,5.047073,5
4.75749,1.3084594,5
-4.892215,5.0386744,5
-4.7427287,17.872236,6
-8.856174,12.596896,4
-5.270016,-2.9008336,6
-5.487968,-11.283876,0
3.7041016,-0.41363385,5
21.569845,5.600407,4
-9.093304,12.850848,4
10.420768,-8.23611,3
-1.3673241,3.0090714,1
14.510241,-1.2911894,4
-12.370483,-2.4200847,0
-7.615453,8.660853,5
10.058317,-8.898621,3
2.10926,10.878166,2
-10.04425,2.4898696,4
17.757402,-5.759339,5
-12.344112,-2.4459536,0
-1.3997281,2.8015008,1
7.0793924,4.6583405,4
13.271478,16.806732,3
10.84211,-3.3827028,1
-10.084001,2.6587641,4
13.189172,16.847181,3
10.431122,-8.435629,3
14.007522,16.649805,3
3.5816143,-0.65831286,5
-6.067277,-7.288467,0
2.1280656,9.987181,2
4.2348228,25.754856,5
-7.683305,18.48589,4
-4.2513947,-1.2351367,6
-3.9856124,5.7344065,5
1.5951216,9.862023,2
19.475534,-0.47108093,4
6.9579453,17.864546,4
0.2731868,6.2728553,2
6.0608716,5.335941,4
18.209007,-5.1771455,5
7.1213202,4.345134,4
9.73254,-8.587357,3
10.902002,-4.0474224,1
5.445222,5.7824216,4
2.183046,4.6827426,4
6.094525,24.540827,4
-10.620044,21.184307,1
5.8677726,-0.7174881,5
14.321398,5.198068,5
18.329088,-5.4582443,5
5.568604,0.12286811,5
-5.06035,17.539179,6
-7.7277045,8.461654,5
-7.086587,12.776227,2
-3.8417287,6.138734,5
13.145715,16.711718,3
4.0323668,23.910791,5
-2.8930445,-2.2859156,6
-6.1197715,-1.8061138,6
-8.317156,8.396131,5
13.601187,4.6405187,5
6.672119,6.188557,4
6.967672,5.4606705,4
10.724884,-8.837517,3
3.5448353,23.832571,5
10.524927,-2.6184747,1
-1.0413413,21.113958,5
5.699389,-2.0535758,5
-4.823464,5.007782,5
3.1018195,16.758154,4
7.19185,-9.840213,3
-4.0208364,-0.0018725252,6
-8.012845,18.655546,4
1.1097462,9.093569,2
2.475029,10.2795925,2
-6.1347356,-1.7905736,6
-5.535763,-2.8301115,6
13.438908,17.08669,3
-7.9937677,18.309244,4
13.521212,15.886214,3
-4.9257298,17.680439,6
3.8509445,-2.3405697,5
2.0452666,4.8322062,4
13.825193,16.43546,3
14.170875,5.1353035,5
-6.9860277,-7.841779,0
17.858835,9.973553,4
10.840183,-2.5603812,1
8.773654,6.5064387,4
-5.627474,-7.5351887,0
-3.9712965,6.6599584,5
8.137478,5.875347,4
19.2839,-5.3520226,5
6.335169,-1.2641474,5
4.436274,-1.4488232,5
-0.8146236,14.728773,4
-0.7395268,14.136517,4
9.773903,-13.948031,6
-6.9911766,-7.783596,0
8.711369,14.962935,4
6.2313323,6.551188,4
-4.9106884,5.5653896,5
19.256727,0.048001204,4
-0.90604883,3.5082963,1
7.1063724,-10.240269,3
-6.1451335,-2.1334615,6
4.4312406,0.5909225,5
-5.0848556,-3.2863576,6
6.6313276,24.247051,4
-0.8164963,14.079078,4
3.281621,-2.0920503,5
-6.356506,-7.099979,0
5.926679,-1.5377742,5
6.7533336,6.105878,4
-7.7117186,18.158058,4
16.398264,10.687422,4
6.0156965,0.19341916,5
-6.640482,-7.587689,0
4.0855274,-1.3251231,5
5.473174,5.993211,4
4.225808,25.729654,5
-4.032569,24.642815,2
10.607328,-2.7624145,1
17.80956,-5.8609214,5
3.0557282,-1.164367,5
-3.9988582,5.6420703,5
3.2790458,16.884497,4
11.09897,-4.2615848,1
10.576109,-2.5788255,1
0.74186337,19.31553,5
0.59215444,10.723611,2
6.664418,5.3968077,4
2.0999856,4.7739983,4
18.585154,-5.7862043,5
5.9636664,6.5167875,4
2.039522,4.8388534,4
-1.9111377,7.4655886,1
11.068551,21.9035,2
5.710049,24.06552,4
17.539507,10.183036,4
6.3181696,-1.4186032,5
-4.037729,0.009737211,6
14.923373,-0.75707316,4
8.39941,6.0907025,4
5.3237653,13.3142605,3
6.1259084,17.684233,4
6.2963634,5.3226066,4
0.4475071,19.888046,5
-4.856254,5.033415,5
6.6226387,5.890188,4
8.792475,6.53372,4
-1.3331056,3.824837,1
13.997337,4.444207,5
-1.5283118,2.90721,1
-8.017661,18.081934,4
2.0713322,10.3457155,2
-9.977595,1.8647081,5
11.404847,21.569277,2
13.84045,16.469282,3
10.859189,-4.037187,1
-1.4055147,4.9000053,1
-8.546075,12.950631,4
6.221368,4.1291947,5
3.1552162,-1.7953082,5
1.835902,9.397246,2
-8.109702,12.72608,4
19.265684,-5.379252,5
4.119011,-1.566979,5
10.730138,-2.9189482,1
1.1772866,29.15149,4
0.3806635,19.700508,5
17.673464,10.273087,4
-0.43320486,20.266615,5
3.8137422,-1.5846453,5
-8.063927,12.755808,4
4.5432844,24.869148,5
-8.986069,9.1313715,5
19.066961,-5.5312586,5
14.163685,4.524321,5
5.704243,5.7434893,4
-3.4707897,-1.9465221,6
14.945773,-0.82285,4
13.572472,-0.27774182,4
17.866358,-5.2695236,5
6.119649,-1.2801067,5
-5.1153426,-3.1753926,6
-8.047143,8.21474,5
-11.879237,17.609676,4
1.1122998,29.086863,4
14.443954,4.9444046,5
-8.114501,18.549253,4
3.3011334,-1.0341817,5
19.195028,-0.13383748,4
6.4718075,-1.9893777,5
13.718937,4.7588797,5
6.424803,17.562874,4
10.685656,-8.83593,3
19.841282,-0.48026004,4
3.9556916,24.73382,5
17.35142,-5.929258,5
-0.084979944,14.334151,4
13.410756,17.188751,3
6.2398415,6.090261,4
-9.016343,9.179418,5
-3.93536,6.32591,5
14.571809,4.783728,5
-11.946282,17.560984,4
11.291517,-3.976699,1
20.880966,1.1579584,4
6.230067,5.6498017,4
8.158268,6.111007,4
-4.0280795,-0.065171026,6
-3.9915469,5.99771,5
14.734088,-1.0140431,4
19.20749,-5.463382,5
17.754868,-5.576283,5
1.4507843,10.853005,2
19.610262,-0.4954278,4
9.813511,-13.987126,6
18.24546,-5.5757008,5
17.861843,9.997057,4
-3.9681973,5.767445,5
-4.899652,-3.3542502,6
2.7412682,-10.634456,0
-7.835289,8.47486,5
10.690596,-2.5918236,1
-11.963324,17.54371,4
6.171239,17.655735,4
18.803164,-5.7064176,5
3.970414,24.848612,5
-4.002713,-0.06114273,6
19.812101,-0.5495291,4
-9.965237,1.8537399,5
4.41143,0.5571575,5
17.211697,9.914329,4
7.0722284,18.083284,4
-1.125977,3.0389888,1
6.248619,5.9540033,4
-5.7800174,-2.1088529,6
7.8992815,7.211563,4
4.827487,-1.9975162,5
8.054301,6.7342973,4
14.581129,5.1929626,5
1.9565198,9.345996,2
18.839466,-5.6047945,5
3.5026467,23.692093,5
-3.4692283,-1.9512731,6
11.066524,-2.9129455,1
-9.077584,9.149514,5
-0.88282794,14.6873455,4
16.778202,9.725345,4
6.199233,-2.0943193,5
11.436429,-3.2618825,1
-4.004774,-0.027369186,6
-6.7860675,-8.029551,0
6.762607,6.2304263,4
4.0450864,25.524778,5
15.034329,-0.6341857,4
1.0461788,10.666781,2
3.141125,-1.6755894,5
11.036309,-4.131084,1
10.115624,-8.575343,3
4.0555267,-1.6966121,5
-4.0159974,24.656712,2
-4.2882543,24.39178,2
13.674841,-0.2886511,4
23.218935,2.675982,2
8.767063,6.176399,4
-8.205938,8.554357,5
-4.171822,6.6694927,5
10.145559,-8.338608,3
7.33629,4.4973326,4
-5.027212,17.576944,6
-0.7832496,14.701154,4
4.014742,-1.9271219,5
-4.0410337,-0.42889318,6
4.7508316,-2.1583083,5
4.1892285,24.852098,5
-5.697968,-2.8365638,6
13.643228,-0.31390062,4
-3.6076925,-2.0049698,6
-1.1954767,2.5247974,1
23.045416,2.5004413,2
4.5777144,-2.0485694,5
23.059595,2.51477,2
7.056323,7.7728076,4
4.543141,0.6863148,5
-4.7509017,17.863293,6
3.596794,-0.70253193,5
6.4783297,6.3581157,4
19.975773,-0.7538565,4
6.2613254,-1.1106907,5
-0.71147215,2.7735608,1
-8.112874,18.629246,4
11.105857,21.86506,2
-9.3583145,8.235925,5
6.1221685,-0.04848918,5
-8.60158,8.78584,5
-12.505298,1.7575681,2
-5.979367,-11.974969,0
4.3564496,25.242098,5
8.007108,7.0608053,4
1.5700493,10.922516,2
13.666666,15.523439,3
0.3555225,6.1918893,2
0.625182,5.9301944,2
4.716599,-0.4106537,5
4.6392303,-1.003907,5
4.080537,25.258373,5
11.025483,-4.1540766,1
7.2689514,17.925161,4
4.4377904,1.0744586,5
-9.134114,8.068716,5
21.598652,5.632035,4
-1.296379,20.701807,5
9.753295,-13.927514,6
14.344343,5.266433,5
-1.12466,20.991507,5
6.383272,5.8476915,4
-5.8926425,-7.2748523,0
-1.5434196,2.7984471,1
-12.684414,1.7050815,2
-0.3509877,20.456316,5
10.063493,-8.846786,3
16.697498,9.815987,4
5.7782803,-1.8754375,5
-0.108146735,14.207475,4
-2.894057,-2.043324,6
19.59183,-4.906736,5
14.478371,15.721419,3
-10.125378,2.7786212,4
-1.3253721,4.573638,1
23.222866,2.679869,2
10.770349,-3.9049397,1
-0.764265,2.5280406,1
-6.679995,-8.20233,0
-6.320262,-7.6224923,0
1.9645256,9.34414,2
-12.4446,14.104367,3
6.0810494,23.992826,4
-8.938323,12.309434,4
6.8558683,24.126917,4
7.2183943,17.8368,4
2.7495162,-10.642926,0
4.022617,0.38135505,5
-7.999705,8.465847,5
10.837093,-2.6042318,1
19.877584,-0.5220896,4
4.2770877,-1.5289361,5
-8.602736,12.292082,4
18.180223,-5.620264,5
5.840428,5.6557384,4
-4.3790874,5.895088,5
4.5912485,-1.6222401,5
4.5946183,-0.71823984,5
-0.09124392,14.479548,4
5.973929,-1.6222328,5
-10.043667,2.4677885,4
13.88408,15.497448,3
-7.1315923,12.757948,2
10.3624325,-8.242563,3
-12.462086,1.7754048,2
17.970364,18.741638,4
11.163891,-3.9913166,1
10.779132,-3.8383515,1
-1.0049247,14.36672,4
3.3452148,-1.7316487,5
4.2113204,25.651085,5
17.401262,-5.942904,5
6.3035316,24.0618,4
-7.0771956,12.781051,2
4.305673,-1.6302658,5
4.341886,-0.77905416,5
4.304887,-0.7042911,5
13.483749,16.826172,3
4.2715325,25.53135,5
13.611471,-0.30987805,4
17.992344,-5.9402566,5
7.3758364,17.50338,4
1.0679595,9.982086,2
17.782967,6.2190957,1
-6.839254,-7.5751452,0
6.4977465,3.9950314,4
11.319622,1.8640548,4
2.5288017,10.077733,2
14.488312,15.692944,3
8.305364,5.991644,4
8.262419,6.584137,4
17.446573,10.82106,4
-2.9563127,-2.44428,6
-9.802091,1.7252991,5
2.3353784,9.415701,2
-5.4620442,-7.9528666,0
-6.2573833,-7.6308475,0
2.632343,16.599628,4
6.076322,17.697378,4
13.677001,17.007072,3
6.6805725,6.355304,4
5.548175,-0.06896734,5
4.5245843,25.147423,5
3.0370607,-1.8017017,5
4.9122562,1.3720647,5
-12.611023,1.7157435,2
6.7066298,5.037712,4
-5.859549,-7.3558865,0
-16.033203,14.808915,4
-5.0168962,5.15575,5
6.061363,0.18239854,5
6.828059,-10.428318,3
1.5752858,9.697137,2
14.621823,4.763996,5
-7.7478642,18.117891,4
-12.55977,13.987228,3
-10.257627,2.0908835,4
-1.1308036,20.608564,5
17.3866,10.239859,4
-10.247487,2.1070948,4
13.799384,4.5743294,5
-7.748501,18.121677,4
-0.31586075,20.115059,5
2.402844,4.442268,4
6.08336,6.9651446,4
14.776785,-0.6322006,4
7.1876755,4.3721266,4
17.437742,10.482346,4
14.566313,-1.3088539,4
14.557771,-1.32867,4
4.877676,-1.6815803,5
3.3061438,16.89424,4
-3.8400548,-1.8861761,6
6.970551,17.871647,4
14.269457,5.177293,5
6.8351297,-9.9244795,3
20.8818,1.1636959,4
10.969518,-8.281588,3
5.460804,6.0357814,4
3.743585,24.430046,5
-1.3288156,20.806002,5
19.53838,-4.9941254,5
19.46152,-4.918798,5
7.1610155,4.3915863,4
13.273,16.328075,3
-8.191357,8.661523,5
-3.924671,6.08269,5
17.139942,9.851483,4
17.26053,10.9023,4
-6.1695337,-2.451805,6
2.6788154,16.553654,4
13.915574,15.523037,3
-5.6433024,-11.179807,0
7.87678,6.081152,4
5.959202,-2.021047,5
6.178333,24.543386,4
5.0486817,-1.4809315,5
15.142637,22.454672,4
17.97393,18.73789,4
-12.384899,-2.4043386,0
-4.8046784,17.806381,6
3.5484061,-0.17476605,5
17.455265,5.90116,1
6.7538714,5.2981534,4
4.5549912,-2.1672409,5
4.3338556,-0.19920406,5
-4.3328686,24.344723,2
4.1674895,25.272295,5
-5.329589,-2.0290418,6
-12.400107,-2.3893132,0
11.239458,-3.5427933,1
2.6502178,16.567509,4
-5.9467163,-11.973133,0
-0.8915859,14.662942,4
14.6001835,4.7399173,5
4.725702,1.214556,5
10.944043,-2.6539578,1
5.6096826,-1.8472034,5
-5.0804925,-2.4915211,6
3.9872127,0.7143324,5
11.296366,-3.1259913,1
6.3953767,24.508606,4
11.338978,21.63435,2
5.310585,-1.3173141,5
2.9194834,-0.90962183,5
-12.582681,1.7226301,2
14.164421,16.176796,3
11.337239,21.6359,2
6.2625027,-1.8616483,5
14.05891,15.542328,3
3.2216928,16.83175,4
8.208702,5.6710515,4
5.3138566,-1.2875085,5
6.877154,5.471983,4
16.841516,11.191237,4
-12.491982,14.05668,3
10.8925,-8.420237,3
0.61820096,20.040598,5
-6.3377333,-11.681296,0
14.504713,4.839387,5
-5.0846543,17.514456,6
-9.110372,8.274724,5
-5.324748,-3.0527527,6
8.039355,6.7329397,4
4.0045476,24.796593,5
-5.3150716,-2.9746804,6
-1.4142275,4.925648,1
14.500392,4.9401255,5
4.6147094,-1.8820417,5
11.027576,-2.7459319,1
-8.144344,8.779822,5
-4.3499203,-0.9363381,6
7.300036,4.458529,4
-7.983976,8.221637,5
-4.746033,17.868607,6
19.508993,-4.9818835,5
2.6773996,16.583935,4
7.134713,-9.85343,3
19.997097,-0.7207414,4
3.849039,24.934126,5
14.817542,-0.68267995,4
6.3632913,5.2247863,4
-5.8220863,-11.093946,0
7.341843,7.180443,4
-5.6615715,-7.6006007,0
-10.062293,2.456294,4
17.398228,10.201617,4
-4.0063415,-1.5979246,6
6.860561,-10.452341,3
6.74819,4.9767547,4
6.310629,5.6527157,4
13.375284,4.5740814,5
-12.050434,14.472665,3
8.741184,6.146162,4
11.115389,-3.609592,1
7.8276057,7.2660275,4
-4.4267254,6.5546265,5
-6.81496,12.890354,2
3.904617,-0.012635389,5
8.463556,6.390627,4
5.2355027,13.38448,3
11.402241,21.57178,2
-0.8369093,14.205463,4
-4.3976407,-0.84858143,6
-5.6420584,-11.53893,0
5.531353,6.180221,4
-3.9878523,6.6718946,5
4.018711,0.38382643,5
-4.469014,-0.6717142,6
17.536188,10.317127,4
6.2350755,6.9656887,4
3.6952739,0.18341853,5
17.324795,10.868903,4
-8.060839,18.459778,4
7.297775,4.818548,4
6.1679854,-0.088010736,5
-4.924998,5.0114236,5
-4.9778447,5.7370467,5
-1.6434486,2.6411984,1
5.542079,0.15668729,5
7.493639,6.0815315,4
4.065478,23.879192,5
-10.207538,2.2532573,4
13.585845,4.2105365,5
16.713232,10.863448,4
-12.001738,14.51726,3
7.9794164,6.6624207,4
2.9211676,-1.1331049,5
-0.10689177,14.400564,4
6.4047265,6.227067,4
1.6255724,9.526631,2
5.3223276,-1.0280201,5
-5.5843434,-11.221939,0
-6.242195,-2.3339684,6
3.2707925,-0.8462699,5
0.46015084,6.089914,2
10.847714,-4.0287094,1
-6.583058,-7.581594,0
13.604176,4.1886854,5
-9.264002,8.176613,5
-11.984559,17.520044,4
2.0514653,9.398222,2
13.632145,15.562014,3
16.93127,10.05653,4
14.127698,16.215073,3
9.164294,15.414459,4
0.3857074,19.667032,5
13.43861,-0.14488763,4
23.132229,2.5878959,2
4.202286,-1.3272973,5
6.3018494,5.3948617,4
0.16180663,19.838585,5
23.080431,2.535467,2
1.6399015,10.628524,2
10.595769,-8.609389,3
19.245432,-5.4347425,5
-4.9683995,17.637428,6
14.641945,-0.59583426,4
5.450572,5.9866285,4
1.5540491,9.160098,2
17.796286,6.2346864,1
-4.985136,5.1103535,5
13.897242,15.831548,3
18.58346,-5.730551,5
3.3954372,-2.0908082,5
3.8550415,-0.82177067,5
7.133031,18.226473,4
17.121632,10.104263,4
14.5599985,-1.143196,4
3.8972182,-0.27334574,5
17.40781,5.849291,1
8.75477,15.006443,4
-4.843763,17.767809,6
-7.07915,12.781077,2
8.076932,5.668516,4
8.88328,15.135608,4
-6.030758,-7.6866674,0
2.3022227,-10.187244,0
4.719837,0.13339666,5
17.754381,6.1917496,1
-0.16834563,14.382012,4
7.5391717,-9.80362,3
3.6874785,24.095736,5
2.953247,-0.9198323,5
-12.388135,-2.4013567,0
5.540568,5.857641,4
14.653094,4.792607,5
-9.03637,8.0718565,5
5.620523,0.06061977,5
-2.9060743,-2.3951256,6
-1.1676317,4.0912213,1
0.44672588,6.102665,2
17.867956,10.098668,4
-3.9426866,5.8452687,5
7.237767,17.464645,4
20.878206,1.157636,4
1.9857638,10.893097,2
-4.872888,5.0550404,5
18.375689,-5.7768416,5
5.493123,-0.5343715,5
-1.8788223,7.3931046,1
-4.0000367,-0.039423987,6
-5.570698,-11.525134,0
-7.0971594,12.796343,2
5.8651237,-1.8657714,5
-6.05428,-2.121387,6
13.496627,4.713892,5
11.019611,-8.2436,3
14.220647,-0.90884537,4
17.118843,10.799917,4
5.8479643,-1.6009492,5
3.6821487,24.029474,5
14.426564,15.781819,3
-5.575279,-11.528727,0
13.184066,16.762503,3
-4.031495,6.153258,5
5.428183,13.2156,3
-8.909481,8.217412,5
11.0349,-4.000609,1
2.7392797,-10.6328335,0
18.157974,-5.6129427,5
-3.992751,-1.6293228,6
-7.158241,-7.5647006,0
-9.475638,8.557355,5
15.144721,22.452625,4
-7.5820312,18.454191,4
14.600722,5.1547937,5
19.522806,-0.41593763,4
-6.399023,-7.299015,0
-7.7046905,18.13856,4
-12.5269,14.021791,3
5.438018,-0.27580687,5
-5.9613886,-11.376482,0
6.619054,-1.2566128,5
4.4031963,0.241629,5
-4.4217916,24.261482,2
11.138999,-3.6023922,1
-0.027711239,13.915394,4
4.2092133,0.98223877,5
-5.2873397,-2.8880246,6
-1.9908772,7.595284,1
0.7228645,19.298386,5
-10.592223,21.156265,1
1.1098682,29.083866,4
-4.8842826,-3.342616,6
17.463594,5.895773,1
14.833373,-0.7721388,4
17.410906,-5.8912864,5
14.621501,4.719642,5
-1.8828608,7.4099298,1
-4.061333,5.561922,5
-8.797972,13.000885,4
8.355461,5.753315,4
-0.25134316,20.407894,5
1.7297814,10.903689,2
3.6908653,-2.567536,5
23.25714,2.7145195,2
-5.357749,-1.9087564,6
-7.03158,-7.408528,0
-8.657569,8.08356,5
7.817446,7.150726,4
-1.1095792,2.4782045,1
6.557646,-1.2496488,5
-9.211829,8.951231,5
7.0113487,18.299103,4
-6.77968,12.965169,2
6.3662963,6.8497987,4
-7.690043,8.563932,5
8.229664,5.6677356,4
11.02447,-8.2306795,3
5.6280475,24.160593,4
19.600138,-4.9453707,5
-1.2242396,20.798758,5
-0.9705402,14.338559,4
4.5518956,-0.4713693,5
3.9432526,-2.1371424,5
10.560294,-2.5653226,1
18.158146,-5.5726585,5
11.025264,21.946835,2
-0.8960754,14.683776,4
4.2234416,25.716608,5
13.697239,4.5942445,5
3.5169806,-2.8088675,5
15.211565,22.386147,4
4.0832973,0.820072,5
-0.9374479,2.650031,1
14.338624,5.1932864,5
16.582441,9.928905,4
18.745613,-5.413306,5
-3.8919744,-0.4823472,6
-2.1132898,7.7747316,1
7.350758,-9.83017,3
-5.5670834,-11.447937,0
-5.9949007,-7.295811,0
14.616915,-1.2642713,4
-1.454658,2.7519102,1
-5.7599773,-2.5916839,6
2.042241,4.8356824,4
20.862734,1.1371788,4
3.3003216,-2.0465975,5
-5.551564,5.6661325,5
6.8846536,7.772336,4
-6.9471273,12.900921,2
8.782825,6.505673,4
19.352167,-4.9601984,5
7.0269384,5.0974298,4
-5.6018457,-11.183343,0
0.4534124,19.993387,5
9.150218,15.401158,4
9.126509,15.376977,4
-1.9087853,7.440037,1
3.296431,16.884962,4
20.880373,1.1627468,4
11.0668745,-3.5775335,1
6.288343,17.63044,4
-12.397653,-2.3919456,0
1.9963453,10.905377,2
19.384937,-5.050491,5
-7.013089,-7.9708242,0
6.050427,0.20191213,5
3.6797993,-2.333968,5
-10.589112,21.15243,1
16.984842,11.113206,4
-1.1063745,2.44686,1
11.151546,21.820112,2
-8.92456,12.343988,4
-3.8119938,6.5004478,5
5.9435306,23.788475,4
0.94276524,28.918083,4
-5.4506373,-7.94335,0
14.219846,4.6433606,5
2.4110818,4.427349,4
-4.45554,-2.1602714,6
-5.9815607,-2.141862,6
5.4343257,6.0345187,4
-7.8836703,8.280245,5
-4.0016866,6.154732,5
-8.804756,12.278151,4
-8.93098,12.313391,4
13.720978,16.865332,3
2.135254,10.295675,2
-0.046144307,14.254102,4
6.2069783,5.1778836,4
5.9125,23.764076,4
-8.276904,12.836986,4
16.903288,10.013345,4
6.8255877,-10.108963,3
13.909936,4.981863,5
8.790622,15.042442,4
7.0745697,-9.841464,3
-4.61294,-2.3735976,6
4.066288,-1.7393732,5
14.311768,-1.0619197,4
-5.6886206,-11.6403055,0
8.088178,6.0053825,4
-8.940946,12.279762,4
17.858913,9.977026,4
4.5066786,25.234276,5
6.0813723,-2.0083919,5
-3.9577708,6.693427,5
-10.125148,2.3690276,4
-8.548598,8.730799,5
17.958391,18.75395,4
-0.84209305,2.6608672,1
11.411528,1.7733188,4
-8.672447,8.996727,5
3.990228,-2.1974382,5
13.613843,15.575119,3
5.820774,0.13449153,5
4.117543,0.6216449,5
7.4565535,-9.850843,3
3.8161368,23.7435,5
-7.7456117,18.112415,4
10.707017,-8.706256,3
17.497179,5.935636,1
-4.2020793,24.476116,2
3.0067742,-0.8832507,5
-8.300722,8.694962,5
-6.825999,-8.146107,0
11.43027,-3.2370887,1
-12.154018,-2.6291091,0
6.4739633,-1.6115597,5
2.481607,10.395316,2
1.8803604,10.81122,2
-8.299251,8.435268,5
5.562114,6.017235,4
-1.0229957,14.426261,4
-8.936277,12.29409,4
-5.8190293,-1.9319738,6
-5.8474174,-7.316358,0
6.0161266,-0.23028551,5
14.4073515,-0.76806504,4
5.869778,5.0472,4
-2.032466,7.65429,1
-4.3112035,-0.11609579,6
2.8409483,-1.470176,5
-4.2605085,6.633328,5
-10.3974495,2.88237,4
16.419598,10.733377,4
6.3280525,-1.9589902,5
13.471102,17.08709,3
-6.2483406,-8.056428,0
-7.7209616,8.579912,5
5.895276,-0.7875469,5
10.718471,-2.5785975,1
8.498177,6.272935,4
10.938136,-2.6832085,1
10.485077,-2.6419053,1
17.383461,-5.8939066,5
-7.6518817,8.500037,5
13.614528,4.1772575,5
16.438005,10.477223,4
0.89573365,28.871685,4
14.868992,-0.54991245,4
4.450055,25.277815,5
-4.350256,24.327364,2
-5.568059,-11.399968,0
14.182696,16.211016,3
6.0492563,17.68519,4
-6.1305456,-11.442131,0
10.656227,-3.1919706,1
1.5816746,10.588698,2
-9.395417,8.390761,5
-5.3877273,-11.329084,0
17.26232,10.988423,4
4.5967937,0.6320004,5
6.0669303,17.69291,4
4.5999064,0.7249481,5
17.619135,10.400495,4
3.4540315,-2.4350708,5
-12.061048,14.462893,3
4.684638,-1.3375968,5
3.6264243,-2.4463048,5
-5.4472146,-11.377145,0
-5.5587015,5.65835,5
17.337524,9.787418,4
5.5954447,-1.8875215,5
13.479579,17.216673,3
3.8652263,-0.8647523,5
-4.850612,5.683187,5
4.2670565,0.74276,5
7.2305026,7.6891093,4
0.6945198,19.34106,5
-3.9220173,-0.2188728,6
-4.347153,-0.32106748,6
-1.8666495,7.3118806,1
6.4075885,17.977406,4
-0.015462501,14.144765,4
4.0938053,0.8390596,5
-5.4257603,5.3926687,5
-5.8865423,-11.086199,0
6.260241,-1.2334827,5
-4.4223676,24.261152,2
6.6629686,5.7945666,4
13.202981,16.862564,3
-9.845579,1.7556835,5
-8.446425,8.761884,5
17.795359,6.230499,1
-6.297143,-11.665455,0
17.972738,18.739292,4
-5.979358,-11.928398,0
-1.0152098,14.45914,4
3.672223,-0.723858,5
6.8904357,7.7629156,4
4.161088,-1.2828232,5
4.53782,-1.5994964,5
7.060508,5.5953317,4
-3.7724876,-1.9042832,6
-1.2496482,20.655752,5
11.3366,21.63662,2
-4.961176,5.2475214,5
-6.1662016,-11.847459,0
-1.2527474,20.686552,5
4.601205,24.822012,5
-6.959857,-7.7541313,0
-4.9201593,17.686703,6
-4.959484,5.0903907,5
1.0869673,10.059021,2
16.820889,9.777081,4
6.574324,17.719141,4
-0.85702074,20.327755,5
18.315403,-5.8078055,5
17.707653,-6.0090294,5
-4.538517,-0.28768477,6
-4.3276086,24.34903,2
7.5165863,6.2033567,4
-4.7966213,5.8422174,5
5.4607944,5.9658127,4
2.411414,4.4372854,4
-6.8679323,-7.2772484,0
8.750767,6.566195,4
-8.728794,12.279981,4
1.0142362,9.015619,2
20.874178,1.1480024,4
-8.723125,8.069904,5
4.792993,1.3168508,5
14.4741,15.76824,3
-5.725788,-7.531325,0
-1.9322451,7.485824,1
-12.070656,14.453926,3
-5.533753,-11.3242655,0
-0.27899086,20.414108,5
3.0008693,-0.9242746,5
6.871205,24.192974,4
6.584169,17.917215,4
0.7121833,19.937016,5
3.2956767,16.885511,4
6.5436807,-0.92110467,5
-5.117271,17.479042,6
13.538983,4.7664933,5
-9.507335,8.576932,5
6.777535,7.405112,4
6.0091624,-1.943321,5
-4.3497567,-0.9509382,6
-1.1922351,20.57722,5
-16.031418,14.806561,4
13.609528,17.061186,3
-0.99449706,14.306691,4
0.59438753,10.714267,2
-1.1909965,4.1313715,1
9.817385,-13.991131,6
16.805016,10.179005,4
13.370072,-0.15445808,2
2.4022303,4.448001,4
5.617245,5.4525957,4
-0.21654148,14.3844795,4
5.5763884,-0.32755458,5
3.975934,-0.15087084,5
6.243557,6.475095,4
-0.20111203,14.172027,4
6.4055896,6.674428,4
5.9789085,23.813457,4
2.358831,-10.245332,0
1.7792858,9.461611,2
-1.3499249,3.6780143,1
-12.223954,1.8392022,2
4.224285,25.647024,5
3.8595839,24.111898,5
4.263469,-2.2808743,5
13.565799,17.071392,3
23.112848,2.5684714,2
-0.9115877,14.458774,4
17.643696,10.188864,4
14.114314,15.89797,3
14.786525,-1.0905079,4
-1.8750868,7.3984604,1
4.223928,25.686905,5
6.4013953,24.149319,4
3.290897,16.879808,4
14.68059,5.0641236,5
4.169849,25.545843,5
17.643145,10.679075,4
9.057517,15.308413,4
0.84757334,28.823292,4
-8.092912,18.684725,4
-9.076361,9.153192,5
19.38974,-5.155836,5
-4.7747946,17.839703,6
-5.332098,5.2601266,5
4.1478586,-1.8523049,5
2.3480473,-10.234427,0
6.21974,4.1298523,5
8.721932,6.113571,4
6.243541,-0.23861101,5
-11.872448,17.639307,4
1.8212066,10.873325,2
2.462875,9.832951,2
16.969555,10.108098,4
-8.841873,12.37255,4
1.1119134,29.086428,4
-1.491372,5.317729,1
13.767049,-0.23173384,4
-7.776374,8.560327,5
13.195933,16.227247,3
-12.19812,14.3327875,3
7.4674807,17.48179,4
8.393841,5.640675,4
13.674013,16.492977,3
-4.786733,17.82703,6
-10.664361,2.7739081,4
6.5378337,24.385878,4
-0.3499276,20.295408,5
3.7989924,-2.5421605,5
5.9759665,-0.0062298616,5
1.955262,9.330132,2
4.079842,23.896927,5
3.8158453,-0.7805889,5
2.3956041,4.4563036,4
-0.33343542,20.447498,5
1.1580893,9.501929,2
0.48584372,19.889095,5
0.5240137,19.92763,5
8.701683,6.3959804,4
-5.6250772,-7.547807,0
4.5081916,1.1317941,5
-6.835892,-8.109271,0
5.8082414,-2.04089,5
7.185387,4.380852,4
13.181123,16.232561,3
1.3057623,9.242006,2
10.534707,-2.8235524,1
-12.379547,-2.4107146,0
3.6752071,-2.249157,5
4.4038835,-0.12953466,5
5.035135,-0.7219164,5
13.242685,16.789085,3
2.1624749,9.365067,2
-7.0902114,-7.5608187,0
6.177315,24.530098,4
-10.160636,2.8765342,4
7.7766476,6.379874,4
-5.2616057,-2.7207556,6
4.5700345,24.687073,5
7.1656084,18.05257,4
-4.0265384,-0.0032369457,6
6.5340247,4.9630866,4
-6.7501683,-7.9093757,0
6.4585104,-1.6135318,5
-11.941696,17.560131,4
6.391438,5.256653,4
7.1138325,4.7237654,4
14.652591,-1.3783147,4
-7.6525965,8.573528,5
-1.2490987,4.1004133,1
7.83722,6.100086,4
-5.940666,-11.962007,0
14.355748,15.640332,3
-5.5230017,-7.7843122,0
-5.1402597,5.8966413,5
4.5545545,-1.2874601,5
13.131441,16.325636,3
-4.750088,17.864252,6
-2.0617821,7.7170844,1
19.836117,-0.63217664,4
2.9217775,-1.917614,5
11.084841,21.887178,2
9.146231,15.396883,4
2.54859,10.346488,2
19.84544,0.07766777,4
-5.9766726,-2.0080514,6
-10.678712,2.5896842,4
6.944303,7.735726,4
-4.432059,6.1009297,5
5.8518343,23.811298,4
6.2593184,6.1289783,4
10.703558,-8.870708,3
3.3525546,16.937248,4
10.223408,-8.331421,3
-7.526168,18.38629,4
-0.53520054,20.059471,5
0.63249934,5.922845,2
-0.10136002,14.519916,4
6.057876,-1.8687701,5
-11.861264,17.64304,4
-6.1541533,-7.59585,0
0.3245134,6.2221713,2
-11.864643,17.615469,4
3.8482041,-2.5233102,5
3.9725294,24.763338,5
16.86157,9.688114,4
6.225585,5.175882,4
-10.140053,2.8483174,4
11.221911,-3.9461114,1
-1.1244794,20.831318,5
21.60981,5.6418643,4
-8.781695,12.318408,4
-8.995503,9.193329,5
6.4904013,5.1547036,4
4.3745794,0.27184427,5
7.275862,7.06733,4
19.132406,-4.964263,5
3.7552314,23.845621,5
13.554562,16.647173,3
6.598045,6.2588835,4
7.9214225,7.1896057,4
-6.8594713,-8.047851,0
3.900607,25.472006,5
0.4963988,6.0537953,2
19.827276,0.065164894,4
23.167625,2.6236126,2
11.298079,-4.1907177,1
-9.501276,8.544906,5
17.694162,9.961496,4
16.610502,10.92622,4
17.836622,6.2724576,1
-1.3384148,4.643219,1
6.9842515,5.323671,4
0.4679286,6.083675,2
1.7096053,9.738836,2
-8.314105,9.02525,5
10.325112,-8.24148,3
13.649279,15.539101,3
6.8114133,-9.899776,3
6.5826406,24.357563,4
7.4079905,6.1902876,4
-12.733381,1.6907185,2
7.1090918,4.663989,4
5.321517,13.315124,3
-9.447081,8.745095,5
-8.360619,12.93561,4
-12.404498,-2.3852942,0
14.891722,-0.70081806,4
19.20087,-0.12699841,4
-1.6427146,2.6328094,1
6.8472385,5.988124,4
3.6506867,-1.3543477,5
13.901617,4.4438753,5
-8.632936,8.996433,5
8.210239,5.6844893,4
4.606774,0.18526714,5
7.1332297,17.437122,4
0.4492079,19.902502,5
5.211022,0.46375832,5
4.2541003,25.714035,5
19.86452,-0.57637936,4
21.841444,6.0671573,4
7.0270576,18.292278,4
16.614746,9.859092,4
7.788343,7.1915736,4
14.391397,15.725297,3
2.7382004,-10.631658,0
21.606464,5.6415277,4
17.400934,10.175942,4
17.014315,11.112178,4
1.198744,29.172766,4
-8.3537655,9.057025,5
-2.9473627,-2.4654884,6
-5.466131,-3.0218556,6
19.921774,-0.56912667,4
19.628315,-0.29611853,4
-4.1071234,-1.8160404,6
7.880396,7.28626,4
3.8550315,24.111324,5
3.2914448,16.877493,4
-8.084516,12.634528,4
7.376654,4.5059853,4
6.0534344,0.05352912,5
4.1324673,0.91263723,5
4.0682125,0.8188344,5
19.303753,-5.278125,5
4.971853,1.4239444,5
-0.5091435,20.409979,5
18.600946,-5.0702596,5
21.495583,5.5072656,4
-8.017364,18.07272,4
13.647189,15.566408,3
6.1270127,5.584675,4
-3.4168801,-2.0845578,6
-5.0644183,5.9532204,5
-5.1020923,17.498943,6
10.219979,-8.346067,3
2.7594104,16.58097,4
2.0831819,9.503183,2
0.683173,10.6783495,2
2.637752,10.385322,2
7.3944254,-9.899917,3
1.4625894,9.903792,2
3.1652021,-1.0638008,5
19.126348,-5.424288,5
6.4099865,17.945988,4
4.594601,-0.7903871,5
-6.295192,-11.621221,0
7.034751,5.73581,4
3.8447914,-2.0746245,5
-3.9432428,6.679952,5
-4.1623893,24.511324,2
3.2002833,-1.4251981,5
-10.4522505,2.260192,4
-6.82102,-7.905103,0
-7.148066,-7.566548,0
13.169062,16.90166,3
13.619011,4.2125964,5
-6.7828913,-7.291574,0
14.281662,15.755603,3
4.2501535,25.522339,5
10.929768,-4.0101557,1
19.818108,-0.6197231,4
-4.730987,5.8509502,5
23.165684,2.6217132,2
1.2110572,29.185255,4
2.6014118,-10.492259,0
-6.3563366,-7.1276665,0
-9.09664,7.939881,5
-3.0271223,-2.031109,6
-7.7280807,8.701016,5
-3.224771,-1.9948248,6
-4.0895467,-0.043890674,6
-8.048668,18.18522,4
4.052711,0.8649809,5
4.663311,-2.24945,5
4.4326525,25.263895,5
-0.51254463,20.110144,5
14.308842,15.667012,3
6.113444,23.96154,4
16.57264,10.171981,4
21.859308,6.0899625,4
1.1155119,9.102511,2
-10.398879,2.7596455,4
-4.667053,-0.39766234,6
6.208314,-1.0969865,5
-8.832218,8.180956,5
6.386027,17.508184,4
-4.959081,5.7228513,5
2.6493163,16.555117,4
-9.418309,8.5258465,5
4.579202,-0.82450724,5
-6.7845426,-7.523418,0
6.3285875,17.515186,4
-9.470504,8.661774,5
6.1576333,-2.0364313,5
-8.687275,8.093124,5
4.971888,-0.32857648,5
21.498327,5.5118446,4
19.540258,0.10861694,4
-8.313743,12.861485,4
-5.744107,-11.138822,0
13.910698,-0.61802554,4
-8.74413,8.202121,5
7.5069895,5.788871,4
2.2078578,9.339693,2
6.9890532,5.851812,4
-12.216901,1.833382,2
4.531474,-0.1525576,5
1.7157296,9.900803,2
-1.6000158,2.5602257,1
17.666222,6.102093,1
8.652837,6.109138,4
7.0382314,5.376626,4
6.9655843,6.6798997,4
11.221595,-3.567453,1
5.952456,-0.9265783,5
2.9702778,-1.2084181,5
-11.866842,17.644783,4
4.641791,-0.8903295,5
5.5819488,-1.5777051,5
17.563004,6.022816,1
-4.0635133,24.609015,2
17.684418,10.244664,4
10.961771,-8.254561,3
-6.6453395,-8.250906,0
-6.2440453,-11.720593,0
8.662946,6.3961177,4
0.640263,5.9147406,2
-8.083003,18.247324,4
-7.6453624,8.580686,5
-6.777279,-7.3145404,0
6.2769623,-1.7606839,5
6.9020596,7.7907243,4
-0.38636854,20.238556,5
17.795824,6.230028,1
1.7147377,9.203066,2
9.809625,-13.983384,6
2.4977462,-10.387316,0
13.85174,4.3734365,5
4.364785,0.63794917,5
17.358479,10.494954,4
7.8296075,7.2565393,4
4.0885406,-0.6643041,5
2.4123397,9.767149,2
3.9516714,-0.65055513,5
16.906832,11.195928,4
-1.5012736,2.708293,1
7.5410633,-9.799114,3
5.716376,5.7588716,4
4.036153,25.498442,5
-1.6284628,2.5089052,1
3.1838856,-1.1135623,5
-2.1101673,7.77274,1
5.306764,-1.5501231,5
3.2947974,-2.0805454,5
1.5325567,10.743327,2
-12.000393,14.518988,3
1.0913177,10.350437,2
17.547678,-5.9577193,5
-4.669634,-0.43047324,6
7.833938,7.304359,4
-9.218437,8.40757,5
6.5017943,5.3320913,4
-0.36206785,20.300798,5
-0.043091834,13.931138,4
7.3297524,4.4510474,4
1.867991,10.89522,2
6.884767,-9.907471,3
-0.66131,14.025482,4
4.306632,0.5518233,5
16.697435,10.807831,4
7.7774487,7.332157,4
-7.550723,18.434244,4
1.0829067,10.100243,2
3.1079752,16.760298,4
1.4091313,10.874424,2
11.342066,1.8425173,4
6.176535,6.374818,4
8.795684,6.4277453,4
10.278825,-8.858548,3
-0.9281533,-11.716827,0
17.378468,9.827055,4
6.124304,-0.32689637,5
6.8006687,-9.906618,3
17.898165,9.93238,4
0.529624,19.538877,5
18.474463,-4.6210265,5
6.504255,5.642528,4
14.581581,-1.3558816,4
-3.8917017,-1.8609535,6
14.477991,15.684115,3
6.8903136,24.188957,4
-4.043766,24.631556,2
5.9743514,23.738789,4
-3.8055987,6.5611167,5
4.20003,-0.8769143,5
13.654639,16.956196,3
-0.68842185,20.503021,5
6.1497207,6.225042,4
18.371038,-5.322192,5
5.528413,-0.5430219,5
7.8548927,6.2479725,4
7.9856877,5.730367,4
3.321848,-1.0639114,5
1.5754573,10.735494,2
11.34546,1.8382189,4
-9.2732315,8.679718,5
16.683964,11.1096115,4
2.3341122,-10.220056,0
4.277768,24.882383,5
6.4634404,-1.6893618,5
2.8596547,-1.9206017,5
3.0111861,-0.9717047,5
-9.4394045,8.739368,5
6.8326426,-10.104368,3
6.114291,17.6812,4
-5.3123155,5.267851,5
3.0544324,-1.127101,5
17.92526,18.78697,4
3.616828,-0.16407524,5
8.811526,6.4992895,4
-4.411892,6.2109776,5
7.1042895,4.369429,4
17.34253,10.67958,4
0.84812623,19.460062,5
6.1088877,-0.555841,5
1.390938,10.825015,2
4.3762965,-2.0546603,5
-3.9903996,-1.6488353,6
17.394321,5.8347325,1
6.9224787,5.78956,4
3.7493036,24.512646,5
-5.7170067,-11.527563,0
5.6099334,-2.0481553,5
7.621829,7.289916,4
-10.345016,2.899735,4
11.31204,-3.9061022,1
-0.28324604,20.436035,5
6.3789434,17.6513,4
2.2107003,-10.093766,0
-7.1202555,-7.5709696,0
-4.9115934,-3.0755844,6
-12.176882,-2.6070533,0
-7.9692183,18.685457,4
-4.8282986,17.784462,6
-0.8862816,14.669889,4
19.650469,-0.37705746,4
2.5301843,-10.419978,0
-11.968466,17.536074,4
1.0406464,10.649311,2
-5.7395573,-2.8193407,6
6.3179574,4.955977,4
-1.0053457,2.406824,1
14.454027,-0.8003838,4
-8.156068,8.757996,5
1.4757224,10.70256,2
-10.154791,2.8475976,4
-5.655782,-3.0392816,6
14.417413,15.706434,3
7.973529,7.155254,4
14.00855,16.679316,3
13.657597,16.095703,3
14.364841,5.261563,5
8.566351,5.853635,4
6.1661158,17.788904,4
-5.509107,-7.9305925,0
-6.1376038,-7.468893,0
4.5463543,-0.68738765,5
19.510344,0.11128968,4
-9.208632,9.027795,5
4.002944,24.738806,5
6.0880437,6.980633,4
21.845966,6.0749607,4
7.371127,7.1587987,4
17.356205,-5.8803744,5
-5.9955945,-2.0052483,6
2.7433944,-10.636739,0
13.614362,15.5510025,3
-5.644404,-2.7682672,6
-5.7537756,-8.006644,0
5.9984603,6.457927,4
6.8193827,5.5823703,4
9.018516,15.269821,4
11.071675,-4.1853557,1
6.8614855,24.108564,4
10.262498,-8.843386,3
6.8986177,-9.952531,3
2.6274114,-10.518448,0
8.715185,6.1390014,4
17.145878,9.7147045,4
2.1203237,9.863529,2
6.248714,17.904898,4
6.6546865,24.368076,4
5.9928474,5.242248,4
16.892982,9.900445,4
5.394057,-0.64152944,5
8.605125,6.255842,4
-0.9417564,-11.703135,0
6.2079077,-1.5003783,5
8.238979,6.1593304,4
-4.5080237,6.464673,5
1.3419688,9.280062,2
11.07064,21.901419,2
4.543403,-1.7802576,5
-0.92671144,-11.718246,0
4.362643,-1.8550653,5
17.321632,5.74875,1
-8.528725,8.702274,5
17.546417,9.810812,4
7.420888,17.498568,4
10.56737,-2.725603,1
1.1097726,9.089571,2
11.449568,-3.2591355,1
6.9391856,7.7743897,4
6.282977,-0.34475854,5
4.5508413,-1.1953063,5
-6.254941,-7.1518826,0
5.6475406,5.4230804,4
-5.394458,5.4548955,5
7.32571,4.4784803,4
-7.583461,8.570522,5
10.599975,-8.581679,3
7.254953,17.488491,4
-4.625264,-2.3824856,6
17.896336,18.816751,4
-2.0903115,7.703168,1
-9.0424185,12.93051,4
16.812021,9.840768,4
4.2914147,-1.5789287,5
-5.569876,-11.168236,0
6.9811344,7.8263865,4
17.957872,18.754461,4
2.8166056,-1.1340756,5
-8.841405,13.12241,4
8.1871,5.7032485,4
16.838432,9.7567005,4
-12.521805,14.024131,3
7.6256485,7.266085,4
2.3347466,4.512706,4
0.38313198,19.615984,5
-4.622714,-0.5105463,6
17.404053,5.848872,1
-1.0797776,20.681217,5
21.49767,5.510626,4
-4.874089,5.1980014,5
10.715832,-9.125092,3
-12.163267,-2.6201682,0
-8.932149,8.135379,5
17.546974,10.774209,4
13.482453,-0.18251798,4
21.59719,5.617727,4
0.22206193,6.322859,2
13.895829,16.570549,3
6.9432373,6.5868945,4
-2.0459595,7.7191777,1
3.5465171,-2.4702694,5
-8.340402,9.041012,5
-0.24759401,14.408836,4
-0.9339712,2.5887513,1
19.179453,-4.7133403,5
-0.8594618,14.080015,4
14.292403,-1.1058003,4
5.4483876,-1.4665555,5
-4.4824185,-0.26922578,6
7.1314864,-10.144164,3
17.724987,6.1815653,1
1.4116389,9.94937,2
-0.94551253,14.315985,4
5.4588585,0.19875534,5
11.42732,-3.5579736,1
-5.563202,5.602862,5
-5.330233,5.7536163,5
16.531635,10.51437,4
-8.225138,8.993438,5
16.55902,10.382029,4
10.772676,-8.619575,3
21.503319,5.520011,4
-8.137902,18.547592,4
14.478313,4.8923454,5
-1.0189629,20.534742,5
-1.8784736,7.391965,1
10.577263,-8.231351,3
-4.268084,6.593045,5
-5.0170493,-3.3292992,6
-7.0205264,-7.9727235,0
21.844107,6.072401,4
-16.041986,14.817624,4
5.857517,6.569105,4
6.9232793,17.714815,4
-6.889773,-7.951922,0
-2.9506283,-2.496145,6
3.999789,-0.85928583,5
10.759558,-8.896027,3
3.4003067,-2.0753593,5
4.0321436,0.3853569,5
6.4226832,-0.5484236,5
-9.517833,8.652843,5
4.3798027,-1.4906323,5
-6.784488,-8.210448,0
1.2968059,9.160193,2
4.1894407,-0.8869626,5
-9.307965,8.777439,5
3.6586773,0.10472697,5
-8.049796,12.7491865,4
-8.905974,13.067558,4
7.2556925,18.052378,4
13.996177,16.672321,3
-4.484825,-0.27339825,6
-12.15183,1.8520546,2
1.1034937,9.501197,2
19.59268,-4.8697886,5
-3.0760927,-2.0622644,6
0.82612413,28.802143,4
8.728247,14.980574,4
16.755096,9.755691,4
-5.935747,-1.8467939,6
3.8394551,-1.4637796,5
20.882618,1.160335,4
-6.0319457,-11.165985,0
-3.98191,5.592802,5
18.156067,-5.9215436,5
11.322685,1.8615713,4
13.349304,16.865492,3
-0.9809098,20.736677,5
-4.8747234,5.022576,5
0.76263064,19.360403,5
17.793892,6.232548,1
16.953804,11.188542,4
2.6893125,16.542854,4
-10.663404,21.22787,1
23.035282,2.4903154,2
3.0668116,-1.1501541,5
6.243443,-2.1114278,5
6.9796453,17.473637,4
-6.5394998,-7.569922,0
19.129261,-4.8954697,5
5.7739625,0.3341007,5
-7.1548142,-7.827152,0
-6.021913,-2.1036136,6
14.532614,-0.53267306,4
-8.807189,13.095355,4
3.4812872,-1.0705391,5
10.335224,-8.278639,3
1.0166674,10.636555,2
-0.89189386,2.9209743,1
2.1044261,9.36678,2
0.8831569,19.519278,5
6.779911,5.5660195,4
-4.9856987,5.5568633,5
5.53749,0.7119287,5
-0.045320116,13.922828,4
-1.0199602,14.343983,4
-5.0736117,17.525772,6
6.2059903,6.2581344,4
2.3031113,9.414091,2
16.9142,10.161966,4
4.239065,0.29493636,5
4.7144885,-0.4209513,5
-3.7949877,6.5420876,5
-4.9875097,5.475895,5
11.148962,21.82213,2
14.912306,-0.47820678,4
17.410439,5.8490233,1
-7.9512177,8.281105,5
16.665749,10.366344,4
11.335161,1.8495699,4
17.968666,-5.4709816,5
-8.381522,12.872391,4
5.453202,0.55623907,5
-8.162952,18.662216,4
-10.112537,2.4180562,4
6.3302827,17.950422,4
-9.143339,8.1934,5
14.211066,15.688102,3
8.271877,6.5772476,4
0.49208665,19.63507,5
4.006727,0.38431826,5
6.957602,24.11369,4
4.500501,-0.33020902,5
13.553931,17.105223,3
18.545147,-5.5640273,5
10.56914,-8.180501,3
3.7630274,24.541744,5
19.852177,-0.23900735,4
2.9403548,-1.4911853,5
2.4476166,9.98519,2
4.619868,-1.4097496,5
17.471695,-5.823843,5
6.403586,-0.9657961,5
3.771448,-2.4887588,5
0.42123932,19.633036,5
3.7180073,24.1242,5
7.364544,4.8412123,4
3.3227189,16.910404,4
5.485387,0.8825101,5
3.900781,-1.8794037,5
10.602568,-3.1485856,1
6.796703,6.369076,4
2.3523755,4.4937415,4
-5.885407,-7.2933097,0
11.014636,21.956526,2
19.292343,-0.01886526,4
6.9763246,18.282608,4
13.509441,16.867725,3
-4.8935156,-3.3525395,6
-12.434981,1.8030571,2
0.0074706073,20.136238,5
14.089873,4.5661955,5
13.978185,-0.68525773,4
-7.694298,8.719438,5
6.9903574,7.8204293,4
-5.9397745,-11.9704685,0
8.754683,6.1334853,4
-12.371651,-2.4176228,0
17.75675,6.2014613,1
6.4341264,5.3306046,4
4.124999,0.35986108,5
6.2417073,6.1647363,4
3.9105883,0.430316,5
7.288789,7.645927,4
-8.124638,18.666975,4
-5.1187797,-3.2606235,6
-4.3299756,-0.9930309,6
-7.927486,18.6593,4
5.5803623,-0.5302022,5
-0.8512701,2.3866634,1
4.8629985,-0.36154222,5
-5.314113,-3.0411608,6
6.8301015,-9.906031,3
6.562099,-1.283494,5
-4.0637903,24.609282,2
6.3236713,5.225646,4
1.9558667,10.418578,2
0.67979884,10.661451,2
-4.9533024,5.42528,5
-10.282686,2.1241906,4
-5.977868,-2.0360622,6
11.128049,-4.27217,1
-5.862581,-7.2864923,0
7.1285176,4.7355595,4
-4.540055,5.648321,5
17.761309,9.915105,4
-8.393457,12.437761,4
17.507652,5.944593,1
3.8114617,23.73831,5
0.46682018,19.742527,5
4.4786506,-1.9795536,5
-4.5131617,-0.25197428,6
19.134085,-0.11779584,4
21.478197,5.4939833,4
-5.728467,-11.618858,0
13.681564,17.00414,3
5.108311,-1.7082208,5
1.8303992,9.827286,2
18.739033,-5.7439456,5
19.818579,-0.64656705,4
11.086108,-3.5745344,1
17.612642,10.201154,4
17.434986,5.877292,1
4.4201207,-2.0261788,5
14.960068,-0.7592404,4
-3.135171,-2.0238152,6
0.87135553,10.499586,2
18.28464,-5.843738,5
5.462164,5.9754167,4
3.2811174,-2.0462494,5
-1.0328113,21.080587,5
3.4968688,-2.06313,5
13.142333,16.06913,3
6.397756,18.030792,4
6.742327,6.0002227,4
-0.2172013,14.132737,4
2.750584,16.56127,4
5.5489573,0.104598686,5
17.335136,10.436179,4
4.0756392,-1.6863608,5
8.451219,5.9751534,4
11.318143,1.865196,4
4.246727,-1.8981613,5
-5.040715,-2.9783156,6
6.242496,6.1338964,4
-9.145833,8.02215,5
1.340657,9.381049,2
2.1297274,10.022018,2
10.6528225,-3.307948,1
-8.630408,8.9186535,5
0.2455271,6.299153,2
5.719309,23.986877,4
16.754242,11.079327,4
1.1257836,9.1100445,2
-8.040731,18.152588,4
-8.148008,8.306165,5
-4.5217085,5.737172,5
6.3742595,18.026815,4
10.370048,-8.317722,3
19.608164,-4.86718,5
1.5880294,10.928276,2
-0.77402914,2.890779,1
-6.1270857,-1.8248295,6
2.8414621,-1.4858748,5
-11.874952,17.636099,4
-9.027887,8.274982,5
13.881599,4.447354,5
11.392053,-3.327181,1
-3.9063673,-0.5511829,6
-4.3268743,24.350677,2
14.592593,-1.1919621,4
5.4861026,0.14900438,5
5.51904,0.10781218,5
5.2468266,13.372821,3
3.4577007,-1.0721996,5
-7.7794485,18.116804,4
11.008336,-8.2239275,3
-4.485797,5.9891315,5
3.7435865,24.442547,5
11.087194,-4.2448306,1
4.5484967,-2.0278025,5
14.410508,-0.8003757,4
-1.8920683,7.4517374,1
0.57129234,19.85142,5
9.827794,-13.999719,6
-7.134374,12.764514,2
4.2341156,0.50736254,5
10.622076,-2.906824,1
6.9554048,5.483186,4
-12.710008,1.6909403,2
3.6932948,24.85204,5
3.7609437,-0.75802314,5
-8.551379,8.20528,5
-8.534553,12.942011,4
-10.161861,2.8612714,4
1.684731,9.777032,2
6.8911715,7.7629237,4
17.96524,18.74693,4
-1.8779821,7.244187,1
14.308681,-0.7291642,4
7.5088277,6.2930107,4
17.396227,-5.9572115,5
17.67,-5.504618,5
-1.24897,20.682945,5
2.4731503,9.828126,2
10.759921,-8.951971,3
0.77500373,28.75153,4
5.9642606,23.7988,4
